repository_id,package_name,current_version
1,pkg-000001,2.1.1
1,pkg-000002,3.2.2
1,pkg-000003,4.3.3
1,pkg-000004,5.4.4
1,pkg-000005,6.5.5
1,pkg-000006,7.6.6
1,pkg-000007,8.7.7
1,pkg-000008,9.8.8
1,pkg-000009,1.9.9
1,pkg-000010,2.10.0
1,pkg-000011,3.11.1
1,pkg-000012,4.12.2
1,pkg-000013,5.13.3
1,pkg-000014,6.14.4
1,pkg-000015,7.15.5
1,pkg-000016,8.16.6
1,pkg-000017,9.17.7
1,pkg-000018,1.18.8
1,pkg-000019,2.19.9
1,pkg-000020,3.0.0
1,pkg-000021,4.1.1
1,pkg-000022,5.2.2
1,pkg-000023,6.3.3
1,pkg-000024,7.4.4
1,pkg-000025,8.5.5
1,pkg-000026,9.6.6
1,pkg-000027,1.7.7
1,pkg-000028,2.8.8
1,pkg-000029,3.9.9
1,pkg-000030,4.10.0
1,pkg-000031,5.11.1
1,pkg-000032,6.12.2
1,pkg-000033,7.13.3
1,pkg-000034,8.14.4
1,pkg-000035,9.15.5
1,pkg-000036,1.16.6
1,pkg-000037,2.17.7
1,pkg-000038,3.18.8
1,pkg-000039,4.19.9
1,pkg-000040,5.0.0
1,pkg-000041,6.1.1
1,pkg-000042,7.2.2
1,pkg-000043,8.3.3
1,pkg-000044,9.4.4
1,pkg-000045,1.5.5
1,pkg-000046,2.6.6
1,pkg-000047,3.7.7
1,pkg-000048,4.8.8
1,pkg-000049,5.9.9
1,pkg-000050,6.10.0
1,pkg-000051,7.11.1
1,pkg-000052,8.12.2
1,pkg-000053,9.13.3
1,pkg-000054,1.14.4
1,pkg-000055,2.15.5
1,pkg-000056,3.16.6
1,pkg-000057,4.17.7
1,pkg-000058,5.18.8
1,pkg-000059,6.19.9
1,pkg-000060,7.0.0
1,pkg-000061,8.1.1
1,pkg-000062,9.2.2
1,pkg-000063,1.3.3
1,pkg-000064,2.4.4
1,pkg-000065,3.5.5
1,pkg-000066,4.6.6
1,pkg-000067,5.7.7
1,pkg-000068,6.8.8
1,pkg-000069,7.9.9
1,pkg-000070,8.10.0
1,pkg-000071,9.11.1
1,pkg-000072,1.12.2
1,pkg-000073,2.13.3
1,pkg-000074,3.14.4
1,pkg-000075,4.15.5
1,pkg-000076,5.16.6
1,pkg-000077,6.17.7
1,pkg-000078,7.18.8
1,pkg-000079,8.19.9
1,pkg-000080,9.0.0
1,pkg-000081,1.1.1
1,pkg-000082,2.2.2
1,pkg-000083,3.3.3
1,pkg-000084,4.4.4
1,pkg-000085,5.5.5
1,pkg-000086,6.6.6
1,pkg-000087,7.7.7
1,pkg-000088,8.8.8
1,pkg-000089,9.9.9
1,pkg-000090,1.10.0
1,pkg-000091,2.11.1
1,pkg-000092,3.12.2
1,pkg-000093,4.13.3
1,pkg-000094,5.14.4
1,pkg-000095,6.15.5
1,pkg-000096,7.16.6
1,pkg-000097,8.17.7
1,pkg-000098,9.18.8
1,pkg-000099,1.19.9
1,pkg-000100,2.0.0
1,pkg-000101,3.1.1
1,pkg-000102,4.2.2
1,pkg-000103,5.3.3
1,pkg-000104,6.4.4
1,pkg-000105,7.5.5
1,pkg-000106,8.6.6
1,pkg-000107,9.7.7
1,pkg-000108,1.8.8
1,pkg-000109,2.9.9
1,pkg-000110,3.10.0
1,pkg-000111,4.11.1
1,pkg-000112,5.12.2
1,pkg-000113,6.13.3
1,pkg-000114,7.14.4
1,pkg-000115,8.15.5
1,pkg-000116,9.16.6
1,pkg-000117,1.17.7
1,pkg-000118,2.18.8
1,pkg-000119,3.19.9
1,pkg-000120,4.0.0
1,pkg-000121,5.1.1
1,pkg-000122,6.2.2
1,pkg-000123,7.3.3
1,pkg-000124,8.4.4
1,pkg-000125,9.5.5
1,pkg-000126,1.6.6
1,pkg-000127,2.7.7
1,pkg-000128,3.8.8
1,pkg-000129,4.9.9
1,pkg-000130,5.10.0
1,pkg-000131,6.11.1
1,pkg-000132,7.12.2
1,pkg-000133,8.13.3
1,pkg-000134,9.14.4
1,pkg-000135,1.15.5
1,pkg-000136,2.16.6
1,pkg-000137,3.17.7
1,pkg-000138,4.18.8
1,pkg-000139,5.19.9
1,pkg-000140,6.0.0
1,pkg-000141,7.1.1
1,pkg-000142,8.2.2
1,pkg-000143,9.3.3
1,pkg-000144,1.4.4
1,pkg-000145,2.5.5
1,pkg-000146,3.6.6
1,pkg-000147,4.7.7
1,pkg-000148,5.8.8
1,pkg-000149,6.9.9
1,pkg-000150,7.10.0
1,pkg-000151,8.11.1
1,pkg-000152,9.12.2
1,pkg-000153,1.13.3
1,pkg-000154,2.14.4
1,pkg-000155,3.15.5
1,pkg-000156,4.16.6
1,pkg-000157,5.17.7
1,pkg-000158,6.18.8
1,pkg-000159,7.19.9
1,pkg-000160,8.0.0
1,pkg-000161,9.1.1
1,pkg-000162,1.2.2
1,pkg-000163,2.3.3
1,pkg-000164,3.4.4
1,pkg-000165,4.5.5
1,pkg-000166,5.6.6
1,pkg-000167,6.7.7
1,pkg-000168,7.8.8
1,pkg-000169,8.9.9
1,pkg-000170,9.10.0
1,pkg-000171,1.11.1
1,pkg-000172,2.12.2
1,pkg-000173,3.13.3
1,pkg-000174,4.14.4
1,pkg-000175,5.15.5
1,pkg-000176,6.16.6
1,pkg-000177,7.17.7
1,pkg-000178,8.18.8
1,pkg-000179,9.19.9
1,pkg-000180,1.0.0
1,pkg-000181,2.1.1
1,pkg-000182,3.2.2
1,pkg-000183,4.3.3
1,pkg-000184,5.4.4
1,pkg-000185,6.5.5
1,pkg-000186,7.6.6
1,pkg-000187,8.7.7
1,pkg-000188,9.8.8
1,pkg-000189,1.9.9
1,pkg-000190,2.10.0
1,pkg-000191,3.11.1
1,pkg-000192,4.12.2
1,pkg-000193,5.13.3
1,pkg-000194,6.14.4
1,pkg-000195,7.15.5
1,pkg-000196,8.16.6
1,pkg-000197,9.17.7
1,pkg-000198,1.18.8
1,pkg-000199,2.19.9
1,pkg-000200,3.0.0
1,pkg-000201,4.1.1
1,pkg-000202,5.2.2
1,pkg-000203,6.3.3
1,pkg-000204,7.4.4
1,pkg-000205,8.5.5
1,pkg-000206,9.6.6
1,pkg-000207,1.7.7
1,pkg-000208,2.8.8
1,pkg-000209,3.9.9
1,pkg-000210,4.10.0
1,pkg-000211,5.11.1
1,pkg-000212,6.12.2
1,pkg-000213,7.13.3
1,pkg-000214,8.14.4
1,pkg-000215,9.15.5
1,pkg-000216,1.16.6
1,pkg-000217,2.17.7
1,pkg-000218,3.18.8
1,pkg-000219,4.19.9
1,pkg-000220,5.0.0
1,pkg-000221,6.1.1
1,pkg-000222,7.2.2
1,pkg-000223,8.3.3
1,pkg-000224,9.4.4
1,pkg-000225,1.5.5
1,pkg-000226,2.6.6
1,pkg-000227,3.7.7
1,pkg-000228,4.8.8
1,pkg-000229,5.9.9
1,pkg-000230,6.10.0
1,pkg-000231,7.11.1
1,pkg-000232,8.12.2
1,pkg-000233,9.13.3
1,pkg-000234,1.14.4
1,pkg-000235,2.15.5
1,pkg-000236,3.16.6
1,pkg-000237,4.17.7
1,pkg-000238,5.18.8
1,pkg-000239,6.19.9
1,pkg-000240,7.0.0
1,pkg-000241,8.1.1
1,pkg-000242,9.2.2
1,pkg-000243,1.3.3
1,pkg-000244,2.4.4
1,pkg-000245,3.5.5
1,pkg-000246,4.6.6
1,pkg-000247,5.7.7
1,pkg-000248,6.8.8
1,pkg-000249,7.9.9
1,pkg-000250,8.10.0
1,pkg-000251,9.11.1
1,pkg-000252,1.12.2
1,pkg-000253,2.13.3
1,pkg-000254,3.14.4
1,pkg-000255,4.15.5
1,pkg-000256,5.16.6
1,pkg-000257,6.17.7
1,pkg-000258,7.18.8
1,pkg-000259,8.19.9
1,pkg-000260,9.0.0
1,pkg-000261,1.1.1
1,pkg-000262,2.2.2
1,pkg-000263,3.3.3
1,pkg-000264,4.4.4
1,pkg-000265,5.5.5
1,pkg-000266,6.6.6
1,pkg-000267,7.7.7
1,pkg-000268,8.8.8
1,pkg-000269,9.9.9
1,pkg-000270,1.10.0
1,pkg-000271,2.11.1
1,pkg-000272,3.12.2
1,pkg-000273,4.13.3
1,pkg-000274,5.14.4
1,pkg-000275,6.15.5
1,pkg-000276,7.16.6
1,pkg-000277,8.17.7
1,pkg-000278,9.18.8
1,pkg-000279,1.19.9
1,pkg-000280,2.0.0
1,pkg-000281,3.1.1
1,pkg-000282,4.2.2
1,pkg-000283,5.3.3
1,pkg-000284,6.4.4
1,pkg-000285,7.5.5
1,pkg-000286,8.6.6
1,pkg-000287,9.7.7
1,pkg-000288,1.8.8
1,pkg-000289,2.9.9
1,pkg-000290,3.10.0
1,pkg-000291,4.11.1
1,pkg-000292,5.12.2
1,pkg-000293,6.13.3
1,pkg-000294,7.14.4
1,pkg-000295,8.15.5
1,pkg-000296,9.16.6
1,pkg-000297,1.17.7
1,pkg-000298,2.18.8
1,pkg-000299,3.19.9
1,pkg-000300,4.0.0
1,pkg-000301,5.1.1
1,pkg-000302,6.2.2
1,pkg-000303,7.3.3
1,pkg-000304,8.4.4
1,pkg-000305,9.5.5
1,pkg-000306,1.6.6
1,pkg-000307,2.7.7
1,pkg-000308,3.8.8
1,pkg-000309,4.9.9
1,pkg-000310,5.10.0
1,pkg-000311,6.11.1
1,pkg-000312,7.12.2
1,pkg-000313,8.13.3
1,pkg-000314,9.14.4
1,pkg-000315,1.15.5
1,pkg-000316,2.16.6
1,pkg-000317,3.17.7
1,pkg-000318,4.18.8
1,pkg-000319,5.19.9
1,pkg-000320,6.0.0
1,pkg-000321,7.1.1
1,pkg-000322,8.2.2
1,pkg-000323,9.3.3
1,pkg-000324,1.4.4
1,pkg-000325,2.5.5
1,pkg-000326,3.6.6
1,pkg-000327,4.7.7
1,pkg-000328,5.8.8
1,pkg-000329,6.9.9
1,pkg-000330,7.10.0
1,pkg-000331,8.11.1
1,pkg-000332,9.12.2
1,pkg-000333,1.13.3
1,pkg-000334,2.14.4
1,pkg-000335,3.15.5
1,pkg-000336,4.16.6
1,pkg-000337,5.17.7
1,pkg-000338,6.18.8
1,pkg-000339,7.19.9
1,pkg-000340,8.0.0
1,pkg-000341,9.1.1
1,pkg-000342,1.2.2
1,pkg-000343,2.3.3
1,pkg-000344,3.4.4
1,pkg-000345,4.5.5
1,pkg-000346,5.6.6
1,pkg-000347,6.7.7
1,pkg-000348,7.8.8
1,pkg-000349,8.9.9
1,pkg-000350,9.10.0
1,pkg-000351,1.11.1
1,pkg-000352,2.12.2
1,pkg-000353,3.13.3
1,pkg-000354,4.14.4
1,pkg-000355,5.15.5
1,pkg-000356,6.16.6
1,pkg-000357,7.17.7
1,pkg-000358,8.18.8
1,pkg-000359,9.19.9
1,pkg-000360,1.0.0
1,pkg-000361,2.1.1
1,pkg-000362,3.2.2
1,pkg-000363,4.3.3
1,pkg-000364,5.4.4
1,pkg-000365,6.5.5
1,pkg-000366,7.6.6
1,pkg-000367,8.7.7
1,pkg-000368,9.8.8
1,pkg-000369,1.9.9
1,pkg-000370,2.10.0
1,pkg-000371,3.11.1
1,pkg-000372,4.12.2
1,pkg-000373,5.13.3
1,pkg-000374,6.14.4
1,pkg-000375,7.15.5
1,pkg-000376,8.16.6
1,pkg-000377,9.17.7
1,pkg-000378,1.18.8
1,pkg-000379,2.19.9
1,pkg-000380,3.0.0
1,pkg-000381,4.1.1
1,pkg-000382,5.2.2
1,pkg-000383,6.3.3
1,pkg-000384,7.4.4
1,pkg-000385,8.5.5
1,pkg-000386,9.6.6
1,pkg-000387,1.7.7
1,pkg-000388,2.8.8
1,pkg-000389,3.9.9
1,pkg-000390,4.10.0
1,pkg-000391,5.11.1
1,pkg-000392,6.12.2
1,pkg-000393,7.13.3
1,pkg-000394,8.14.4
1,pkg-000395,9.15.5
1,pkg-000396,1.16.6
1,pkg-000397,2.17.7
1,pkg-000398,3.18.8
1,pkg-000399,4.19.9
1,pkg-000400,5.0.0
1,pkg-000401,6.1.1
1,pkg-000402,7.2.2
1,pkg-000403,8.3.3
1,pkg-000404,9.4.4
1,pkg-000405,1.5.5
1,pkg-000406,2.6.6
1,pkg-000407,3.7.7
1,pkg-000408,4.8.8
1,pkg-000409,5.9.9
1,pkg-000410,6.10.0
1,pkg-000411,7.11.1
1,pkg-000412,8.12.2
1,pkg-000413,9.13.3
1,pkg-000414,1.14.4
1,pkg-000415,2.15.5
1,pkg-000416,3.16.6
1,pkg-000417,4.17.7
1,pkg-000418,5.18.8
1,pkg-000419,6.19.9
1,pkg-000420,7.0.0
1,pkg-000421,8.1.1
1,pkg-000422,9.2.2
1,pkg-000423,1.3.3
1,pkg-000424,2.4.4
1,pkg-000425,3.5.5
1,pkg-000426,4.6.6
1,pkg-000427,5.7.7
1,pkg-000428,6.8.8
1,pkg-000429,7.9.9
1,pkg-000430,8.10.0
1,pkg-000431,9.11.1
1,pkg-000432,1.12.2
1,pkg-000433,2.13.3
1,pkg-000434,3.14.4
1,pkg-000435,4.15.5
1,pkg-000436,5.16.6
1,pkg-000437,6.17.7
1,pkg-000438,7.18.8
1,pkg-000439,8.19.9
1,pkg-000440,9.0.0
1,pkg-000441,1.1.1
1,pkg-000442,2.2.2
1,pkg-000443,3.3.3
1,pkg-000444,4.4.4
1,pkg-000445,5.5.5
1,pkg-000446,6.6.6
1,pkg-000447,7.7.7
1,pkg-000448,8.8.8
1,pkg-000449,9.9.9
1,pkg-000450,1.10.0
1,pkg-000451,2.11.1
1,pkg-000452,3.12.2
1,pkg-000453,4.13.3
1,pkg-000454,5.14.4
1,pkg-000455,6.15.5
1,pkg-000456,7.16.6
1,pkg-000457,8.17.7
1,pkg-000458,9.18.8
1,pkg-000459,1.19.9
1,pkg-000460,2.0.0
1,pkg-000461,3.1.1
1,pkg-000462,4.2.2
1,pkg-000463,5.3.3
1,pkg-000464,6.4.4
1,pkg-000465,7.5.5
1,pkg-000466,8.6.6
1,pkg-000467,9.7.7
1,pkg-000468,1.8.8
1,pkg-000469,2.9.9
1,pkg-000470,3.10.0
1,pkg-000471,4.11.1
1,pkg-000472,5.12.2
1,pkg-000473,6.13.3
1,pkg-000474,7.14.4
1,pkg-000475,8.15.5
1,pkg-000476,9.16.6
1,pkg-000477,1.17.7
1,pkg-000478,2.18.8
1,pkg-000479,3.19.9
1,pkg-000480,4.0.0
1,pkg-000481,5.1.1
1,pkg-000482,6.2.2
1,pkg-000483,7.3.3
1,pkg-000484,8.4.4
1,pkg-000485,9.5.5
1,pkg-000486,1.6.6
1,pkg-000487,2.7.7
1,pkg-000488,3.8.8
1,pkg-000489,4.9.9
1,pkg-000490,5.10.0
1,pkg-000491,6.11.1
1,pkg-000492,7.12.2
1,pkg-000493,8.13.3
1,pkg-000494,9.14.4
1,pkg-000495,1.15.5
1,pkg-000496,2.16.6
1,pkg-000497,3.17.7
1,pkg-000498,4.18.8
1,pkg-000499,5.19.9
1,pkg-000500,6.0.0
1,pkg-000501,7.1.1
1,pkg-000502,8.2.2
1,pkg-000503,9.3.3
1,pkg-000504,1.4.4
1,pkg-000505,2.5.5
1,pkg-000506,3.6.6
1,pkg-000507,4.7.7
1,pkg-000508,5.8.8
1,pkg-000509,6.9.9
1,pkg-000510,7.10.0
1,pkg-000511,8.11.1
1,pkg-000512,9.12.2
1,pkg-000513,1.13.3
1,pkg-000514,2.14.4
1,pkg-000515,3.15.5
1,pkg-000516,4.16.6
1,pkg-000517,5.17.7
1,pkg-000518,6.18.8
1,pkg-000519,7.19.9
1,pkg-000520,8.0.0
1,pkg-000521,9.1.1
1,pkg-000522,1.2.2
1,pkg-000523,2.3.3
1,pkg-000524,3.4.4
1,pkg-000525,4.5.5
1,pkg-000526,5.6.6
1,pkg-000527,6.7.7
1,pkg-000528,7.8.8
1,pkg-000529,8.9.9
1,pkg-000530,9.10.0
1,pkg-000531,1.11.1
1,pkg-000532,2.12.2
1,pkg-000533,3.13.3
1,pkg-000534,4.14.4
1,pkg-000535,5.15.5
1,pkg-000536,6.16.6
1,pkg-000537,7.17.7
1,pkg-000538,8.18.8
1,pkg-000539,9.19.9
1,pkg-000540,1.0.0
1,pkg-000541,2.1.1
1,pkg-000542,3.2.2
1,pkg-000543,4.3.3
1,pkg-000544,5.4.4
1,pkg-000545,6.5.5
1,pkg-000546,7.6.6
1,pkg-000547,8.7.7
1,pkg-000548,9.8.8
1,pkg-000549,1.9.9
1,pkg-000550,2.10.0
1,pkg-000551,3.11.1
1,pkg-000552,4.12.2
1,pkg-000553,5.13.3
1,pkg-000554,6.14.4
1,pkg-000555,7.15.5
1,pkg-000556,8.16.6
1,pkg-000557,9.17.7
1,pkg-000558,1.18.8
1,pkg-000559,2.19.9
1,pkg-000560,3.0.0
1,pkg-000561,4.1.1
1,pkg-000562,5.2.2
1,pkg-000563,6.3.3
1,pkg-000564,7.4.4
1,pkg-000565,8.5.5
1,pkg-000566,9.6.6
1,pkg-000567,1.7.7
1,pkg-000568,2.8.8
1,pkg-000569,3.9.9
1,pkg-000570,4.10.0
1,pkg-000571,5.11.1
1,pkg-000572,6.12.2
1,pkg-000573,7.13.3
1,pkg-000574,8.14.4
1,pkg-000575,9.15.5
1,pkg-000576,1.16.6
1,pkg-000577,2.17.7
1,pkg-000578,3.18.8
1,pkg-000579,4.19.9
1,pkg-000580,5.0.0
1,pkg-000581,6.1.1
1,pkg-000582,7.2.2
1,pkg-000583,8.3.3
1,pkg-000584,9.4.4
1,pkg-000585,1.5.5
1,pkg-000586,2.6.6
1,pkg-000587,3.7.7
1,pkg-000588,4.8.8
1,pkg-000589,5.9.9
1,pkg-000590,6.10.0
1,pkg-000591,7.11.1
1,pkg-000592,8.12.2
1,pkg-000593,9.13.3
1,pkg-000594,1.14.4
1,pkg-000595,2.15.5
1,pkg-000596,3.16.6
1,pkg-000597,4.17.7
1,pkg-000598,5.18.8
1,pkg-000599,6.19.9
1,pkg-000600,7.0.0
1,pkg-000601,8.1.1
1,pkg-000602,9.2.2
1,pkg-000603,1.3.3
1,pkg-000604,2.4.4
1,pkg-000605,3.5.5
1,pkg-000606,4.6.6
1,pkg-000607,5.7.7
1,pkg-000608,6.8.8
1,pkg-000609,7.9.9
1,pkg-000610,8.10.0
1,pkg-000611,9.11.1
1,pkg-000612,1.12.2
1,pkg-000613,2.13.3
1,pkg-000614,3.14.4
1,pkg-000615,4.15.5
1,pkg-000616,5.16.6
1,pkg-000617,6.17.7
1,pkg-000618,7.18.8
1,pkg-000619,8.19.9
1,pkg-000620,9.0.0
1,pkg-000621,1.1.1
1,pkg-000622,2.2.2
1,pkg-000623,3.3.3
1,pkg-000624,4.4.4
1,pkg-000625,5.5.5
1,pkg-000626,6.6.6
1,pkg-000627,7.7.7
1,pkg-000628,8.8.8
1,pkg-000629,9.9.9
1,pkg-000630,1.10.0
1,pkg-000631,2.11.1
1,pkg-000632,3.12.2
1,pkg-000633,4.13.3
1,pkg-000634,5.14.4
1,pkg-000635,6.15.5
1,pkg-000636,7.16.6
1,pkg-000637,8.17.7
1,pkg-000638,9.18.8
1,pkg-000639,1.19.9
1,pkg-000640,2.0.0
1,pkg-000641,3.1.1
1,pkg-000642,4.2.2
1,pkg-000643,5.3.3
1,pkg-000644,6.4.4
1,pkg-000645,7.5.5
1,pkg-000646,8.6.6
1,pkg-000647,9.7.7
1,pkg-000648,1.8.8
1,pkg-000649,2.9.9
1,pkg-000650,3.10.0
1,pkg-000651,4.11.1
1,pkg-000652,5.12.2
1,pkg-000653,6.13.3
1,pkg-000654,7.14.4
1,pkg-000655,8.15.5
1,pkg-000656,9.16.6
1,pkg-000657,1.17.7
1,pkg-000658,2.18.8
1,pkg-000659,3.19.9
1,pkg-000660,4.0.0
1,pkg-000661,5.1.1
1,pkg-000662,6.2.2
1,pkg-000663,7.3.3
1,pkg-000664,8.4.4
1,pkg-000665,9.5.5
1,pkg-000666,1.6.6
1,pkg-000667,2.7.7
1,pkg-000668,3.8.8
1,pkg-000669,4.9.9
1,pkg-000670,5.10.0
1,pkg-000671,6.11.1
1,pkg-000672,7.12.2
1,pkg-000673,8.13.3
1,pkg-000674,9.14.4
1,pkg-000675,1.15.5
1,pkg-000676,2.16.6
1,pkg-000677,3.17.7
1,pkg-000678,4.18.8
1,pkg-000679,5.19.9
1,pkg-000680,6.0.0
1,pkg-000681,7.1.1
1,pkg-000682,8.2.2
1,pkg-000683,9.3.3
1,pkg-000684,1.4.4
1,pkg-000685,2.5.5
1,pkg-000686,3.6.6
1,pkg-000687,4.7.7
1,pkg-000688,5.8.8
1,pkg-000689,6.9.9
1,pkg-000690,7.10.0
1,pkg-000691,8.11.1
1,pkg-000692,9.12.2
1,pkg-000693,1.13.3
1,pkg-000694,2.14.4
1,pkg-000695,3.15.5
1,pkg-000696,4.16.6
1,pkg-000697,5.17.7
1,pkg-000698,6.18.8
1,pkg-000699,7.19.9
1,pkg-000700,8.0.0
1,pkg-000701,9.1.1
1,pkg-000702,1.2.2
1,pkg-000703,2.3.3
1,pkg-000704,3.4.4
1,pkg-000705,4.5.5
1,pkg-000706,5.6.6
1,pkg-000707,6.7.7
1,pkg-000708,7.8.8
1,pkg-000709,8.9.9
1,pkg-000710,9.10.0
1,pkg-000711,1.11.1
1,pkg-000712,2.12.2
1,pkg-000713,3.13.3
1,pkg-000714,4.14.4
1,pkg-000715,5.15.5
1,pkg-000716,6.16.6
1,pkg-000717,7.17.7
1,pkg-000718,8.18.8
1,pkg-000719,9.19.9
1,pkg-000720,1.0.0
1,pkg-000721,2.1.1
1,pkg-000722,3.2.2
1,pkg-000723,4.3.3
1,pkg-000724,5.4.4
1,pkg-000725,6.5.5
1,pkg-000726,7.6.6
1,pkg-000727,8.7.7
1,pkg-000728,9.8.8
1,pkg-000729,1.9.9
1,pkg-000730,2.10.0
1,pkg-000731,3.11.1
1,pkg-000732,4.12.2
1,pkg-000733,5.13.3
1,pkg-000734,6.14.4
1,pkg-000735,7.15.5
1,pkg-000736,8.16.6
1,pkg-000737,9.17.7
1,pkg-000738,1.18.8
1,pkg-000739,2.19.9
1,pkg-000740,3.0.0
1,pkg-000741,4.1.1
1,pkg-000742,5.2.2
1,pkg-000743,6.3.3
1,pkg-000744,7.4.4
1,pkg-000745,8.5.5
1,pkg-000746,9.6.6
1,pkg-000747,1.7.7
1,pkg-000748,2.8.8
1,pkg-000749,3.9.9
1,pkg-000750,4.10.0
1,pkg-000751,5.11.1
1,pkg-000752,6.12.2
1,pkg-000753,7.13.3
1,pkg-000754,8.14.4
1,pkg-000755,9.15.5
1,pkg-000756,1.16.6
1,pkg-000757,2.17.7
1,pkg-000758,3.18.8
1,pkg-000759,4.19.9
1,pkg-000760,5.0.0
1,pkg-000761,6.1.1
1,pkg-000762,7.2.2
1,pkg-000763,8.3.3
1,pkg-000764,9.4.4
1,pkg-000765,1.5.5
1,pkg-000766,2.6.6
1,pkg-000767,3.7.7
1,pkg-000768,4.8.8
1,pkg-000769,5.9.9
1,pkg-000770,6.10.0
1,pkg-000771,7.11.1
1,pkg-000772,8.12.2
1,pkg-000773,9.13.3
1,pkg-000774,1.14.4
1,pkg-000775,2.15.5
1,pkg-000776,3.16.6
1,pkg-000777,4.17.7
1,pkg-000778,5.18.8
1,pkg-000779,6.19.9
1,pkg-000780,7.0.0
1,pkg-000781,8.1.1
1,pkg-000782,9.2.2
1,pkg-000783,1.3.3
1,pkg-000784,2.4.4
1,pkg-000785,3.5.5
1,pkg-000786,4.6.6
1,pkg-000787,5.7.7
1,pkg-000788,6.8.8
1,pkg-000789,7.9.9
1,pkg-000790,8.10.0
1,pkg-000791,9.11.1
1,pkg-000792,1.12.2
1,pkg-000793,2.13.3
1,pkg-000794,3.14.4
1,pkg-000795,4.15.5
1,pkg-000796,5.16.6
1,pkg-000797,6.17.7
1,pkg-000798,7.18.8
1,pkg-000799,8.19.9
1,pkg-000800,9.0.0
1,pkg-000801,1.1.1
1,pkg-000802,2.2.2
1,pkg-000803,3.3.3
1,pkg-000804,4.4.4
1,pkg-000805,5.5.5
1,pkg-000806,6.6.6
1,pkg-000807,7.7.7
1,pkg-000808,8.8.8
1,pkg-000809,9.9.9
1,pkg-000810,1.10.0
1,pkg-000811,2.11.1
1,pkg-000812,3.12.2
1,pkg-000813,4.13.3
1,pkg-000814,5.14.4
1,pkg-000815,6.15.5
1,pkg-000816,7.16.6
1,pkg-000817,8.17.7
1,pkg-000818,9.18.8
1,pkg-000819,1.19.9
1,pkg-000820,2.0.0
1,pkg-000821,3.1.1
1,pkg-000822,4.2.2
1,pkg-000823,5.3.3
1,pkg-000824,6.4.4
1,pkg-000825,7.5.5
1,pkg-000826,8.6.6
1,pkg-000827,9.7.7
1,pkg-000828,1.8.8
1,pkg-000829,2.9.9
1,pkg-000830,3.10.0
1,pkg-000831,4.11.1
1,pkg-000832,5.12.2
1,pkg-000833,6.13.3
1,pkg-000834,7.14.4
1,pkg-000835,8.15.5
1,pkg-000836,9.16.6
1,pkg-000837,1.17.7
1,pkg-000838,2.18.8
1,pkg-000839,3.19.9
1,pkg-000840,4.0.0
1,pkg-000841,5.1.1
1,pkg-000842,6.2.2
1,pkg-000843,7.3.3
1,pkg-000844,8.4.4
1,pkg-000845,9.5.5
1,pkg-000846,1.6.6
1,pkg-000847,2.7.7
1,pkg-000848,3.8.8
1,pkg-000849,4.9.9
1,pkg-000850,5.10.0
1,pkg-000851,6.11.1
1,pkg-000852,7.12.2
1,pkg-000853,8.13.3
1,pkg-000854,9.14.4
1,pkg-000855,1.15.5
1,pkg-000856,2.16.6
1,pkg-000857,3.17.7
1,pkg-000858,4.18.8
1,pkg-000859,5.19.9
1,pkg-000860,6.0.0
1,pkg-000861,7.1.1
1,pkg-000862,8.2.2
1,pkg-000863,9.3.3
1,pkg-000864,1.4.4
1,pkg-000865,2.5.5
1,pkg-000866,3.6.6
1,pkg-000867,4.7.7
1,pkg-000868,5.8.8
1,pkg-000869,6.9.9
1,pkg-000870,7.10.0
1,pkg-000871,8.11.1
1,pkg-000872,9.12.2
1,pkg-000873,1.13.3
1,pkg-000874,2.14.4
1,pkg-000875,3.15.5
1,pkg-000876,4.16.6
1,pkg-000877,5.17.7
1,pkg-000878,6.18.8
1,pkg-000879,7.19.9
1,pkg-000880,8.0.0
1,pkg-000881,9.1.1
1,pkg-000882,1.2.2
1,pkg-000883,2.3.3
1,pkg-000884,3.4.4
1,pkg-000885,4.5.5
1,pkg-000886,5.6.6
1,pkg-000887,6.7.7
1,pkg-000888,7.8.8
1,pkg-000889,8.9.9
1,pkg-000890,9.10.0
1,pkg-000891,1.11.1
1,pkg-000892,2.12.2
1,pkg-000893,3.13.3
1,pkg-000894,4.14.4
1,pkg-000895,5.15.5
1,pkg-000896,6.16.6
1,pkg-000897,7.17.7
1,pkg-000898,8.18.8
1,pkg-000899,9.19.9
1,pkg-000900,1.0.0
1,pkg-000901,2.1.1
1,pkg-000902,3.2.2
1,pkg-000903,4.3.3
1,pkg-000904,5.4.4
1,pkg-000905,6.5.5
1,pkg-000906,7.6.6
1,pkg-000907,8.7.7
1,pkg-000908,9.8.8
1,pkg-000909,1.9.9
1,pkg-000910,2.10.0
1,pkg-000911,3.11.1
1,pkg-000912,4.12.2
1,pkg-000913,5.13.3
1,pkg-000914,6.14.4
1,pkg-000915,7.15.5
1,pkg-000916,8.16.6
1,pkg-000917,9.17.7
1,pkg-000918,1.18.8
1,pkg-000919,2.19.9
1,pkg-000920,3.0.0
1,pkg-000921,4.1.1
1,pkg-000922,5.2.2
1,pkg-000923,6.3.3
1,pkg-000924,7.4.4
1,pkg-000925,8.5.5
1,pkg-000926,9.6.6
1,pkg-000927,1.7.7
1,pkg-000928,2.8.8
1,pkg-000929,3.9.9
1,pkg-000930,4.10.0
1,pkg-000931,5.11.1
1,pkg-000932,6.12.2
1,pkg-000933,7.13.3
1,pkg-000934,8.14.4
1,pkg-000935,9.15.5
1,pkg-000936,1.16.6
1,pkg-000937,2.17.7
1,pkg-000938,3.18.8
1,pkg-000939,4.19.9
1,pkg-000940,5.0.0
1,pkg-000941,6.1.1
1,pkg-000942,7.2.2
1,pkg-000943,8.3.3
1,pkg-000944,9.4.4
1,pkg-000945,1.5.5
1,pkg-000946,2.6.6
1,pkg-000947,3.7.7
1,pkg-000948,4.8.8
1,pkg-000949,5.9.9
1,pkg-000950,6.10.0
1,pkg-000951,7.11.1
1,pkg-000952,8.12.2
1,pkg-000953,9.13.3
1,pkg-000954,1.14.4
1,pkg-000955,2.15.5
1,pkg-000956,3.16.6
1,pkg-000957,4.17.7
1,pkg-000958,5.18.8
1,pkg-000959,6.19.9
1,pkg-000960,7.0.0
1,pkg-000961,8.1.1
1,pkg-000962,9.2.2
1,pkg-000963,1.3.3
1,pkg-000964,2.4.4
1,pkg-000965,3.5.5
1,pkg-000966,4.6.6
1,pkg-000967,5.7.7
1,pkg-000968,6.8.8
1,pkg-000969,7.9.9
1,pkg-000970,8.10.0
1,pkg-000971,9.11.1
1,pkg-000972,1.12.2
1,pkg-000973,2.13.3
1,pkg-000974,3.14.4
1,pkg-000975,4.15.5
1,pkg-000976,5.16.6
1,pkg-000977,6.17.7
1,pkg-000978,7.18.8
1,pkg-000979,8.19.9
1,pkg-000980,9.0.0
1,pkg-000981,1.1.1
1,pkg-000982,2.2.2
1,pkg-000983,3.3.3
1,pkg-000984,4.4.4
1,pkg-000985,5.5.5
1,pkg-000986,6.6.6
1,pkg-000987,7.7.7
1,pkg-000988,8.8.8
1,pkg-000989,9.9.9
1,pkg-000990,1.10.0
1,pkg-000991,2.11.1
1,pkg-000992,3.12.2
1,pkg-000993,4.13.3
1,pkg-000994,5.14.4
1,pkg-000995,6.15.5
1,pkg-000996,7.16.6
1,pkg-000997,8.17.7
1,pkg-000998,9.18.8
1,pkg-000999,1.19.9
1,pkg-001000,2.0.0
1,pkg-001001,3.1.1
1,pkg-001002,4.2.2
1,pkg-001003,5.3.3
1,pkg-001004,6.4.4
1,pkg-001005,7.5.5
1,pkg-001006,8.6.6
1,pkg-001007,9.7.7
1,pkg-001008,1.8.8
1,pkg-001009,2.9.9
1,pkg-001010,3.10.0
1,pkg-001011,4.11.1
1,pkg-001012,5.12.2
1,pkg-001013,6.13.3
1,pkg-001014,7.14.4
1,pkg-001015,8.15.5
1,pkg-001016,9.16.6
1,pkg-001017,1.17.7
1,pkg-001018,2.18.8
1,pkg-001019,3.19.9
1,pkg-001020,4.0.0
1,pkg-001021,5.1.1
1,pkg-001022,6.2.2
1,pkg-001023,7.3.3
1,pkg-001024,8.4.4
1,pkg-001025,9.5.5
1,pkg-001026,1.6.6
1,pkg-001027,2.7.7
1,pkg-001028,3.8.8
1,pkg-001029,4.9.9
1,pkg-001030,5.10.0
1,pkg-001031,6.11.1
1,pkg-001032,7.12.2
1,pkg-001033,8.13.3
1,pkg-001034,9.14.4
1,pkg-001035,1.15.5
1,pkg-001036,2.16.6
1,pkg-001037,3.17.7
1,pkg-001038,4.18.8
1,pkg-001039,5.19.9
1,pkg-001040,6.0.0
1,pkg-001041,7.1.1
1,pkg-001042,8.2.2
1,pkg-001043,9.3.3
1,pkg-001044,1.4.4
1,pkg-001045,2.5.5
1,pkg-001046,3.6.6
1,pkg-001047,4.7.7
1,pkg-001048,5.8.8
1,pkg-001049,6.9.9
1,pkg-001050,7.10.0
1,pkg-001051,8.11.1
1,pkg-001052,9.12.2
1,pkg-001053,1.13.3
1,pkg-001054,2.14.4
1,pkg-001055,3.15.5
1,pkg-001056,4.16.6
1,pkg-001057,5.17.7
1,pkg-001058,6.18.8
1,pkg-001059,7.19.9
1,pkg-001060,8.0.0
1,pkg-001061,9.1.1
1,pkg-001062,1.2.2
1,pkg-001063,2.3.3
1,pkg-001064,3.4.4
1,pkg-001065,4.5.5
1,pkg-001066,5.6.6
1,pkg-001067,6.7.7
1,pkg-001068,7.8.8
1,pkg-001069,8.9.9
1,pkg-001070,9.10.0
1,pkg-001071,1.11.1
1,pkg-001072,2.12.2
1,pkg-001073,3.13.3
1,pkg-001074,4.14.4
1,pkg-001075,5.15.5
1,pkg-001076,6.16.6
1,pkg-001077,7.17.7
1,pkg-001078,8.18.8
1,pkg-001079,9.19.9
1,pkg-001080,1.0.0
1,pkg-001081,2.1.1
1,pkg-001082,3.2.2
1,pkg-001083,4.3.3
1,pkg-001084,5.4.4
1,pkg-001085,6.5.5
1,pkg-001086,7.6.6
1,pkg-001087,8.7.7
1,pkg-001088,9.8.8
1,pkg-001089,1.9.9
1,pkg-001090,2.10.0
1,pkg-001091,3.11.1
1,pkg-001092,4.12.2
1,pkg-001093,5.13.3
1,pkg-001094,6.14.4
1,pkg-001095,7.15.5
1,pkg-001096,8.16.6
1,pkg-001097,9.17.7
1,pkg-001098,1.18.8
1,pkg-001099,2.19.9
1,pkg-001100,3.0.0
1,pkg-001101,4.1.1
1,pkg-001102,5.2.2
1,pkg-001103,6.3.3
1,pkg-001104,7.4.4
1,pkg-001105,8.5.5
1,pkg-001106,9.6.6
1,pkg-001107,1.7.7
1,pkg-001108,2.8.8
1,pkg-001109,3.9.9
1,pkg-001110,4.10.0
1,pkg-001111,5.11.1
1,pkg-001112,6.12.2
1,pkg-001113,7.13.3
1,pkg-001114,8.14.4
1,pkg-001115,9.15.5
1,pkg-001116,1.16.6
1,pkg-001117,2.17.7
1,pkg-001118,3.18.8
1,pkg-001119,4.19.9
1,pkg-001120,5.0.0
1,pkg-001121,6.1.1
1,pkg-001122,7.2.2
1,pkg-001123,8.3.3
1,pkg-001124,9.4.4
1,pkg-001125,1.5.5
1,pkg-001126,2.6.6
1,pkg-001127,3.7.7
1,pkg-001128,4.8.8
1,pkg-001129,5.9.9
1,pkg-001130,6.10.0
1,pkg-001131,7.11.1
1,pkg-001132,8.12.2
1,pkg-001133,9.13.3
1,pkg-001134,1.14.4
1,pkg-001135,2.15.5
1,pkg-001136,3.16.6
1,pkg-001137,4.17.7
1,pkg-001138,5.18.8
1,pkg-001139,6.19.9
1,pkg-001140,7.0.0
1,pkg-001141,8.1.1
1,pkg-001142,9.2.2
1,pkg-001143,1.3.3
1,pkg-001144,2.4.4
1,pkg-001145,3.5.5
1,pkg-001146,4.6.6
1,pkg-001147,5.7.7
1,pkg-001148,6.8.8
1,pkg-001149,7.9.9
1,pkg-001150,8.10.0
1,pkg-001151,9.11.1
1,pkg-001152,1.12.2
1,pkg-001153,2.13.3
1,pkg-001154,3.14.4
1,pkg-001155,4.15.5
1,pkg-001156,5.16.6
1,pkg-001157,6.17.7
1,pkg-001158,7.18.8
1,pkg-001159,8.19.9
1,pkg-001160,9.0.0
1,pkg-001161,1.1.1
1,pkg-001162,2.2.2
1,pkg-001163,3.3.3
1,pkg-001164,4.4.4
1,pkg-001165,5.5.5
1,pkg-001166,6.6.6
1,pkg-001167,7.7.7
1,pkg-001168,8.8.8
1,pkg-001169,9.9.9
1,pkg-001170,1.10.0
1,pkg-001171,2.11.1
1,pkg-001172,3.12.2
1,pkg-001173,4.13.3
1,pkg-001174,5.14.4
1,pkg-001175,6.15.5
1,pkg-001176,7.16.6
1,pkg-001177,8.17.7
1,pkg-001178,9.18.8
1,pkg-001179,1.19.9
1,pkg-001180,2.0.0
1,pkg-001181,3.1.1
1,pkg-001182,4.2.2
1,pkg-001183,5.3.3
1,pkg-001184,6.4.4
1,pkg-001185,7.5.5
1,pkg-001186,8.6.6
1,pkg-001187,9.7.7
1,pkg-001188,1.8.8
1,pkg-001189,2.9.9
1,pkg-001190,3.10.0
1,pkg-001191,4.11.1
1,pkg-001192,5.12.2
1,pkg-001193,6.13.3
1,pkg-001194,7.14.4
1,pkg-001195,8.15.5
1,pkg-001196,9.16.6
1,pkg-001197,1.17.7
1,pkg-001198,2.18.8
1,pkg-001199,3.19.9
1,pkg-001200,4.0.0
1,pkg-001201,5.1.1
1,pkg-001202,6.2.2
1,pkg-001203,7.3.3
1,pkg-001204,8.4.4
1,pkg-001205,9.5.5
1,pkg-001206,1.6.6
1,pkg-001207,2.7.7
1,pkg-001208,3.8.8
1,pkg-001209,4.9.9
1,pkg-001210,5.10.0
1,pkg-001211,6.11.1
1,pkg-001212,7.12.2
1,pkg-001213,8.13.3
1,pkg-001214,9.14.4
1,pkg-001215,1.15.5
1,pkg-001216,2.16.6
1,pkg-001217,3.17.7
1,pkg-001218,4.18.8
1,pkg-001219,5.19.9
1,pkg-001220,6.0.0
1,pkg-001221,7.1.1
1,pkg-001222,8.2.2
1,pkg-001223,9.3.3
1,pkg-001224,1.4.4
1,pkg-001225,2.5.5
1,pkg-001226,3.6.6
1,pkg-001227,4.7.7
1,pkg-001228,5.8.8
1,pkg-001229,6.9.9
1,pkg-001230,7.10.0
1,pkg-001231,8.11.1
1,pkg-001232,9.12.2
1,pkg-001233,1.13.3
1,pkg-001234,2.14.4
1,pkg-001235,3.15.5
1,pkg-001236,4.16.6
1,pkg-001237,5.17.7
1,pkg-001238,6.18.8
1,pkg-001239,7.19.9
1,pkg-001240,8.0.0
1,pkg-001241,9.1.1
1,pkg-001242,1.2.2
1,pkg-001243,2.3.3
1,pkg-001244,3.4.4
1,pkg-001245,4.5.5
1,pkg-001246,5.6.6
1,pkg-001247,6.7.7
1,pkg-001248,7.8.8
1,pkg-001249,8.9.9
1,pkg-001250,9.10.0
1,pkg-001251,1.11.1
1,pkg-001252,2.12.2
1,pkg-001253,3.13.3
1,pkg-001254,4.14.4
1,pkg-001255,5.15.5
1,pkg-001256,6.16.6
1,pkg-001257,7.17.7
1,pkg-001258,8.18.8
1,pkg-001259,9.19.9
1,pkg-001260,1.0.0
1,pkg-001261,2.1.1
1,pkg-001262,3.2.2
1,pkg-001263,4.3.3
1,pkg-001264,5.4.4
1,pkg-001265,6.5.5
1,pkg-001266,7.6.6
1,pkg-001267,8.7.7
1,pkg-001268,9.8.8
1,pkg-001269,1.9.9
1,pkg-001270,2.10.0
1,pkg-001271,3.11.1
1,pkg-001272,4.12.2
1,pkg-001273,5.13.3
1,pkg-001274,6.14.4
1,pkg-001275,7.15.5
1,pkg-001276,8.16.6
1,pkg-001277,9.17.7
1,pkg-001278,1.18.8
1,pkg-001279,2.19.9
1,pkg-001280,3.0.0
1,pkg-001281,4.1.1
1,pkg-001282,5.2.2
1,pkg-001283,6.3.3
1,pkg-001284,7.4.4
1,pkg-001285,8.5.5
1,pkg-001286,9.6.6
1,pkg-001287,1.7.7
1,pkg-001288,2.8.8
1,pkg-001289,3.9.9
1,pkg-001290,4.10.0
1,pkg-001291,5.11.1
1,pkg-001292,6.12.2
1,pkg-001293,7.13.3
1,pkg-001294,8.14.4
1,pkg-001295,9.15.5
1,pkg-001296,1.16.6
1,pkg-001297,2.17.7
1,pkg-001298,3.18.8
1,pkg-001299,4.19.9
1,pkg-001300,5.0.0
1,pkg-001301,6.1.1
1,pkg-001302,7.2.2
1,pkg-001303,8.3.3
1,pkg-001304,9.4.4
1,pkg-001305,1.5.5
1,pkg-001306,2.6.6
1,pkg-001307,3.7.7
1,pkg-001308,4.8.8
1,pkg-001309,5.9.9
1,pkg-001310,6.10.0
1,pkg-001311,7.11.1
1,pkg-001312,8.12.2
1,pkg-001313,9.13.3
1,pkg-001314,1.14.4
1,pkg-001315,2.15.5
1,pkg-001316,3.16.6
1,pkg-001317,4.17.7
1,pkg-001318,5.18.8
1,pkg-001319,6.19.9
1,pkg-001320,7.0.0
1,pkg-001321,8.1.1
1,pkg-001322,9.2.2
1,pkg-001323,1.3.3
1,pkg-001324,2.4.4
1,pkg-001325,3.5.5
1,pkg-001326,4.6.6
1,pkg-001327,5.7.7
1,pkg-001328,6.8.8
1,pkg-001329,7.9.9
1,pkg-001330,8.10.0
1,pkg-001331,9.11.1
1,pkg-001332,1.12.2
1,pkg-001333,2.13.3
1,pkg-001334,3.14.4
1,pkg-001335,4.15.5
1,pkg-001336,5.16.6
1,pkg-001337,6.17.7
1,pkg-001338,7.18.8
1,pkg-001339,8.19.9
1,pkg-001340,9.0.0
1,pkg-001341,1.1.1
1,pkg-001342,2.2.2
1,pkg-001343,3.3.3
1,pkg-001344,4.4.4
1,pkg-001345,5.5.5
1,pkg-001346,6.6.6
1,pkg-001347,7.7.7
1,pkg-001348,8.8.8
1,pkg-001349,9.9.9
1,pkg-001350,1.10.0
1,pkg-001351,2.11.1
1,pkg-001352,3.12.2
1,pkg-001353,4.13.3
1,pkg-001354,5.14.4
1,pkg-001355,6.15.5
1,pkg-001356,7.16.6
1,pkg-001357,8.17.7
1,pkg-001358,9.18.8
1,pkg-001359,1.19.9
1,pkg-001360,2.0.0
1,pkg-001361,3.1.1
1,pkg-001362,4.2.2
1,pkg-001363,5.3.3
1,pkg-001364,6.4.4
1,pkg-001365,7.5.5
1,pkg-001366,8.6.6
1,pkg-001367,9.7.7
1,pkg-001368,1.8.8
1,pkg-001369,2.9.9
1,pkg-001370,3.10.0
1,pkg-001371,4.11.1
1,pkg-001372,5.12.2
1,pkg-001373,6.13.3
1,pkg-001374,7.14.4
1,pkg-001375,8.15.5
1,pkg-001376,9.16.6
1,pkg-001377,1.17.7
1,pkg-001378,2.18.8
1,pkg-001379,3.19.9
1,pkg-001380,4.0.0
1,pkg-001381,5.1.1
1,pkg-001382,6.2.2
1,pkg-001383,7.3.3
1,pkg-001384,8.4.4
1,pkg-001385,9.5.5
1,pkg-001386,1.6.6
1,pkg-001387,2.7.7
1,pkg-001388,3.8.8
1,pkg-001389,4.9.9
1,pkg-001390,5.10.0
1,pkg-001391,6.11.1
1,pkg-001392,7.12.2
1,pkg-001393,8.13.3
1,pkg-001394,9.14.4
1,pkg-001395,1.15.5
1,pkg-001396,2.16.6
1,pkg-001397,3.17.7
1,pkg-001398,4.18.8
1,pkg-001399,5.19.9
1,pkg-001400,6.0.0
1,pkg-001401,7.1.1
1,pkg-001402,8.2.2
1,pkg-001403,9.3.3
1,pkg-001404,1.4.4
1,pkg-001405,2.5.5
1,pkg-001406,3.6.6
1,pkg-001407,4.7.7
1,pkg-001408,5.8.8
1,pkg-001409,6.9.9
1,pkg-001410,7.10.0
1,pkg-001411,8.11.1
1,pkg-001412,9.12.2
1,pkg-001413,1.13.3
1,pkg-001414,2.14.4
1,pkg-001415,3.15.5
1,pkg-001416,4.16.6
1,pkg-001417,5.17.7
1,pkg-001418,6.18.8
1,pkg-001419,7.19.9
1,pkg-001420,8.0.0
1,pkg-001421,9.1.1
1,pkg-001422,1.2.2
1,pkg-001423,2.3.3
1,pkg-001424,3.4.4
1,pkg-001425,4.5.5
1,pkg-001426,5.6.6
1,pkg-001427,6.7.7
1,pkg-001428,7.8.8
1,pkg-001429,8.9.9
1,pkg-001430,9.10.0
1,pkg-001431,1.11.1
1,pkg-001432,2.12.2
1,pkg-001433,3.13.3
1,pkg-001434,4.14.4
1,pkg-001435,5.15.5
1,pkg-001436,6.16.6
1,pkg-001437,7.17.7
1,pkg-001438,8.18.8
1,pkg-001439,9.19.9
1,pkg-001440,1.0.0
1,pkg-001441,2.1.1
1,pkg-001442,3.2.2
1,pkg-001443,4.3.3
1,pkg-001444,5.4.4
1,pkg-001445,6.5.5
1,pkg-001446,7.6.6
1,pkg-001447,8.7.7
1,pkg-001448,9.8.8
1,pkg-001449,1.9.9
1,pkg-001450,2.10.0
1,pkg-001451,3.11.1
1,pkg-001452,4.12.2
1,pkg-001453,5.13.3
1,pkg-001454,6.14.4
1,pkg-001455,7.15.5
1,pkg-001456,8.16.6
1,pkg-001457,9.17.7
1,pkg-001458,1.18.8
1,pkg-001459,2.19.9
1,pkg-001460,3.0.0
1,pkg-001461,4.1.1
1,pkg-001462,5.2.2
1,pkg-001463,6.3.3
1,pkg-001464,7.4.4
1,pkg-001465,8.5.5
1,pkg-001466,9.6.6
1,pkg-001467,1.7.7
1,pkg-001468,2.8.8
1,pkg-001469,3.9.9
1,pkg-001470,4.10.0
1,pkg-001471,5.11.1
1,pkg-001472,6.12.2
1,pkg-001473,7.13.3
1,pkg-001474,8.14.4
1,pkg-001475,9.15.5
1,pkg-001476,1.16.6
1,pkg-001477,2.17.7
1,pkg-001478,3.18.8
1,pkg-001479,4.19.9
1,pkg-001480,5.0.0
1,pkg-001481,6.1.1
1,pkg-001482,7.2.2
1,pkg-001483,8.3.3
1,pkg-001484,9.4.4
1,pkg-001485,1.5.5
1,pkg-001486,2.6.6
1,pkg-001487,3.7.7
1,pkg-001488,4.8.8
1,pkg-001489,5.9.9
1,pkg-001490,6.10.0
1,pkg-001491,7.11.1
1,pkg-001492,8.12.2
1,pkg-001493,9.13.3
1,pkg-001494,1.14.4
1,pkg-001495,2.15.5
1,pkg-001496,3.16.6
1,pkg-001497,4.17.7
1,pkg-001498,5.18.8
1,pkg-001499,6.19.9
1,pkg-001500,7.0.0
1,pkg-001501,8.1.1
1,pkg-001502,9.2.2
1,pkg-001503,1.3.3
1,pkg-001504,2.4.4
1,pkg-001505,3.5.5
1,pkg-001506,4.6.6
1,pkg-001507,5.7.7
1,pkg-001508,6.8.8
1,pkg-001509,7.9.9
1,pkg-001510,8.10.0
1,pkg-001511,9.11.1
1,pkg-001512,1.12.2
1,pkg-001513,2.13.3
1,pkg-001514,3.14.4
1,pkg-001515,4.15.5
1,pkg-001516,5.16.6
1,pkg-001517,6.17.7
1,pkg-001518,7.18.8
1,pkg-001519,8.19.9
1,pkg-001520,9.0.0
1,pkg-001521,1.1.1
1,pkg-001522,2.2.2
1,pkg-001523,3.3.3
1,pkg-001524,4.4.4
1,pkg-001525,5.5.5
1,pkg-001526,6.6.6
1,pkg-001527,7.7.7
1,pkg-001528,8.8.8
1,pkg-001529,9.9.9
1,pkg-001530,1.10.0
1,pkg-001531,2.11.1
1,pkg-001532,3.12.2
1,pkg-001533,4.13.3
1,pkg-001534,5.14.4
1,pkg-001535,6.15.5
1,pkg-001536,7.16.6
1,pkg-001537,8.17.7
1,pkg-001538,9.18.8
1,pkg-001539,1.19.9
1,pkg-001540,2.0.0
1,pkg-001541,3.1.1
1,pkg-001542,4.2.2
1,pkg-001543,5.3.3
1,pkg-001544,6.4.4
1,pkg-001545,7.5.5
1,pkg-001546,8.6.6
1,pkg-001547,9.7.7
1,pkg-001548,1.8.8
1,pkg-001549,2.9.9
1,pkg-001550,3.10.0
1,pkg-001551,4.11.1
1,pkg-001552,5.12.2
1,pkg-001553,6.13.3
1,pkg-001554,7.14.4
1,pkg-001555,8.15.5
1,pkg-001556,9.16.6
1,pkg-001557,1.17.7
1,pkg-001558,2.18.8
1,pkg-001559,3.19.9
1,pkg-001560,4.0.0
1,pkg-001561,5.1.1
1,pkg-001562,6.2.2
1,pkg-001563,7.3.3
1,pkg-001564,8.4.4
1,pkg-001565,9.5.5
1,pkg-001566,1.6.6
1,pkg-001567,2.7.7
1,pkg-001568,3.8.8
1,pkg-001569,4.9.9
1,pkg-001570,5.10.0
1,pkg-001571,6.11.1
1,pkg-001572,7.12.2
1,pkg-001573,8.13.3
1,pkg-001574,9.14.4
1,pkg-001575,1.15.5
1,pkg-001576,2.16.6
1,pkg-001577,3.17.7
1,pkg-001578,4.18.8
1,pkg-001579,5.19.9
1,pkg-001580,6.0.0
1,pkg-001581,7.1.1
1,pkg-001582,8.2.2
1,pkg-001583,9.3.3
1,pkg-001584,1.4.4
1,pkg-001585,2.5.5
1,pkg-001586,3.6.6
1,pkg-001587,4.7.7
1,pkg-001588,5.8.8
1,pkg-001589,6.9.9
1,pkg-001590,7.10.0
1,pkg-001591,8.11.1
1,pkg-001592,9.12.2
1,pkg-001593,1.13.3
1,pkg-001594,2.14.4
1,pkg-001595,3.15.5
1,pkg-001596,4.16.6
1,pkg-001597,5.17.7
1,pkg-001598,6.18.8
1,pkg-001599,7.19.9
1,pkg-001600,8.0.0
1,pkg-001601,9.1.1
1,pkg-001602,1.2.2
1,pkg-001603,2.3.3
1,pkg-001604,3.4.4
1,pkg-001605,4.5.5
1,pkg-001606,5.6.6
1,pkg-001607,6.7.7
1,pkg-001608,7.8.8
1,pkg-001609,8.9.9
1,pkg-001610,9.10.0
1,pkg-001611,1.11.1
1,pkg-001612,2.12.2
1,pkg-001613,3.13.3
1,pkg-001614,4.14.4
1,pkg-001615,5.15.5
1,pkg-001616,6.16.6
1,pkg-001617,7.17.7
1,pkg-001618,8.18.8
1,pkg-001619,9.19.9
1,pkg-001620,1.0.0
1,pkg-001621,2.1.1
1,pkg-001622,3.2.2
1,pkg-001623,4.3.3
1,pkg-001624,5.4.4
1,pkg-001625,6.5.5
1,pkg-001626,7.6.6
1,pkg-001627,8.7.7
1,pkg-001628,9.8.8
1,pkg-001629,1.9.9
1,pkg-001630,2.10.0
1,pkg-001631,3.11.1
1,pkg-001632,4.12.2
1,pkg-001633,5.13.3
1,pkg-001634,6.14.4
1,pkg-001635,7.15.5
1,pkg-001636,8.16.6
1,pkg-001637,9.17.7
1,pkg-001638,1.18.8
1,pkg-001639,2.19.9
1,pkg-001640,3.0.0
1,pkg-001641,4.1.1
1,pkg-001642,5.2.2
1,pkg-001643,6.3.3
1,pkg-001644,7.4.4
1,pkg-001645,8.5.5
1,pkg-001646,9.6.6
1,pkg-001647,1.7.7
1,pkg-001648,2.8.8
1,pkg-001649,3.9.9
1,pkg-001650,4.10.0
1,pkg-001651,5.11.1
1,pkg-001652,6.12.2
1,pkg-001653,7.13.3
1,pkg-001654,8.14.4
1,pkg-001655,9.15.5
1,pkg-001656,1.16.6
1,pkg-001657,2.17.7
1,pkg-001658,3.18.8
1,pkg-001659,4.19.9
1,pkg-001660,5.0.0
1,pkg-001661,6.1.1
1,pkg-001662,7.2.2
1,pkg-001663,8.3.3
1,pkg-001664,9.4.4
1,pkg-001665,1.5.5
1,pkg-001666,2.6.6
1,pkg-001667,3.7.7
1,pkg-001668,4.8.8
1,pkg-001669,5.9.9
1,pkg-001670,6.10.0
1,pkg-001671,7.11.1
1,pkg-001672,8.12.2
1,pkg-001673,9.13.3
1,pkg-001674,1.14.4
1,pkg-001675,2.15.5
1,pkg-001676,3.16.6
1,pkg-001677,4.17.7
1,pkg-001678,5.18.8
1,pkg-001679,6.19.9
1,pkg-001680,7.0.0
1,pkg-001681,8.1.1
1,pkg-001682,9.2.2
1,pkg-001683,1.3.3
1,pkg-001684,2.4.4
1,pkg-001685,3.5.5
1,pkg-001686,4.6.6
1,pkg-001687,5.7.7
1,pkg-001688,6.8.8
1,pkg-001689,7.9.9
1,pkg-001690,8.10.0
1,pkg-001691,9.11.1
1,pkg-001692,1.12.2
1,pkg-001693,2.13.3
1,pkg-001694,3.14.4
1,pkg-001695,4.15.5
1,pkg-001696,5.16.6
1,pkg-001697,6.17.7
1,pkg-001698,7.18.8
1,pkg-001699,8.19.9
1,pkg-001700,9.0.0
1,pkg-001701,1.1.1
1,pkg-001702,2.2.2
1,pkg-001703,3.3.3
1,pkg-001704,4.4.4
1,pkg-001705,5.5.5
1,pkg-001706,6.6.6
1,pkg-001707,7.7.7
1,pkg-001708,8.8.8
1,pkg-001709,9.9.9
1,pkg-001710,1.10.0
1,pkg-001711,2.11.1
1,pkg-001712,3.12.2
1,pkg-001713,4.13.3
1,pkg-001714,5.14.4
1,pkg-001715,6.15.5
1,pkg-001716,7.16.6
1,pkg-001717,8.17.7
1,pkg-001718,9.18.8
1,pkg-001719,1.19.9
1,pkg-001720,2.0.0
1,pkg-001721,3.1.1
1,pkg-001722,4.2.2
1,pkg-001723,5.3.3
1,pkg-001724,6.4.4
1,pkg-001725,7.5.5
1,pkg-001726,8.6.6
1,pkg-001727,9.7.7
1,pkg-001728,1.8.8
1,pkg-001729,2.9.9
1,pkg-001730,3.10.0
1,pkg-001731,4.11.1
1,pkg-001732,5.12.2
1,pkg-001733,6.13.3
1,pkg-001734,7.14.4
1,pkg-001735,8.15.5
1,pkg-001736,9.16.6
1,pkg-001737,1.17.7
1,pkg-001738,2.18.8
1,pkg-001739,3.19.9
1,pkg-001740,4.0.0
1,pkg-001741,5.1.1
1,pkg-001742,6.2.2
1,pkg-001743,7.3.3
1,pkg-001744,8.4.4
1,pkg-001745,9.5.5
1,pkg-001746,1.6.6
1,pkg-001747,2.7.7
1,pkg-001748,3.8.8
1,pkg-001749,4.9.9
1,pkg-001750,5.10.0
1,pkg-001751,6.11.1
1,pkg-001752,7.12.2
1,pkg-001753,8.13.3
1,pkg-001754,9.14.4
1,pkg-001755,1.15.5
1,pkg-001756,2.16.6
1,pkg-001757,3.17.7
1,pkg-001758,4.18.8
1,pkg-001759,5.19.9
1,pkg-001760,6.0.0
1,pkg-001761,7.1.1
1,pkg-001762,8.2.2
1,pkg-001763,9.3.3
1,pkg-001764,1.4.4
1,pkg-001765,2.5.5
1,pkg-001766,3.6.6
1,pkg-001767,4.7.7
1,pkg-001768,5.8.8
1,pkg-001769,6.9.9
1,pkg-001770,7.10.0
1,pkg-001771,8.11.1
1,pkg-001772,9.12.2
1,pkg-001773,1.13.3
1,pkg-001774,2.14.4
1,pkg-001775,3.15.5
1,pkg-001776,4.16.6
1,pkg-001777,5.17.7
1,pkg-001778,6.18.8
1,pkg-001779,7.19.9
1,pkg-001780,8.0.0
1,pkg-001781,9.1.1
1,pkg-001782,1.2.2
1,pkg-001783,2.3.3
1,pkg-001784,3.4.4
1,pkg-001785,4.5.5
1,pkg-001786,5.6.6
1,pkg-001787,6.7.7
1,pkg-001788,7.8.8
1,pkg-001789,8.9.9
1,pkg-001790,9.10.0
1,pkg-001791,1.11.1
1,pkg-001792,2.12.2
1,pkg-001793,3.13.3
1,pkg-001794,4.14.4
1,pkg-001795,5.15.5
1,pkg-001796,6.16.6
1,pkg-001797,7.17.7
1,pkg-001798,8.18.8
1,pkg-001799,9.19.9
1,pkg-001800,1.0.0
1,pkg-001801,2.1.1
1,pkg-001802,3.2.2
1,pkg-001803,4.3.3
1,pkg-001804,5.4.4
1,pkg-001805,6.5.5
1,pkg-001806,7.6.6
1,pkg-001807,8.7.7
1,pkg-001808,9.8.8
1,pkg-001809,1.9.9
1,pkg-001810,2.10.0
1,pkg-001811,3.11.1
1,pkg-001812,4.12.2
1,pkg-001813,5.13.3
1,pkg-001814,6.14.4
1,pkg-001815,7.15.5
1,pkg-001816,8.16.6
1,pkg-001817,9.17.7
1,pkg-001818,1.18.8
1,pkg-001819,2.19.9
1,pkg-001820,3.0.0
1,pkg-001821,4.1.1
1,pkg-001822,5.2.2
1,pkg-001823,6.3.3
1,pkg-001824,7.4.4
1,pkg-001825,8.5.5
1,pkg-001826,9.6.6
1,pkg-001827,1.7.7
1,pkg-001828,2.8.8
1,pkg-001829,3.9.9
1,pkg-001830,4.10.0
1,pkg-001831,5.11.1
1,pkg-001832,6.12.2
1,pkg-001833,7.13.3
1,pkg-001834,8.14.4
1,pkg-001835,9.15.5
1,pkg-001836,1.16.6
1,pkg-001837,2.17.7
1,pkg-001838,3.18.8
1,pkg-001839,4.19.9
1,pkg-001840,5.0.0
1,pkg-001841,6.1.1
1,pkg-001842,7.2.2
1,pkg-001843,8.3.3
1,pkg-001844,9.4.4
1,pkg-001845,1.5.5
1,pkg-001846,2.6.6
1,pkg-001847,3.7.7
1,pkg-001848,4.8.8
1,pkg-001849,5.9.9
1,pkg-001850,6.10.0
1,pkg-001851,7.11.1
1,pkg-001852,8.12.2
1,pkg-001853,9.13.3
1,pkg-001854,1.14.4
1,pkg-001855,2.15.5
1,pkg-001856,3.16.6
1,pkg-001857,4.17.7
1,pkg-001858,5.18.8
1,pkg-001859,6.19.9
1,pkg-001860,7.0.0
1,pkg-001861,8.1.1
1,pkg-001862,9.2.2
1,pkg-001863,1.3.3
1,pkg-001864,2.4.4
1,pkg-001865,3.5.5
1,pkg-001866,4.6.6
1,pkg-001867,5.7.7
1,pkg-001868,6.8.8
1,pkg-001869,7.9.9
1,pkg-001870,8.10.0
1,pkg-001871,9.11.1
1,pkg-001872,1.12.2
1,pkg-001873,2.13.3
1,pkg-001874,3.14.4
1,pkg-001875,4.15.5
1,pkg-001876,5.16.6
1,pkg-001877,6.17.7
1,pkg-001878,7.18.8
1,pkg-001879,8.19.9
1,pkg-001880,9.0.0
1,pkg-001881,1.1.1
1,pkg-001882,2.2.2
1,pkg-001883,3.3.3
1,pkg-001884,4.4.4
1,pkg-001885,5.5.5
1,pkg-001886,6.6.6
1,pkg-001887,7.7.7
1,pkg-001888,8.8.8
1,pkg-001889,9.9.9
1,pkg-001890,1.10.0
1,pkg-001891,2.11.1
1,pkg-001892,3.12.2
1,pkg-001893,4.13.3
1,pkg-001894,5.14.4
1,pkg-001895,6.15.5
1,pkg-001896,7.16.6
1,pkg-001897,8.17.7
1,pkg-001898,9.18.8
1,pkg-001899,1.19.9
1,pkg-001900,2.0.0
1,pkg-001901,3.1.1
1,pkg-001902,4.2.2
1,pkg-001903,5.3.3
1,pkg-001904,6.4.4
1,pkg-001905,7.5.5
1,pkg-001906,8.6.6
1,pkg-001907,9.7.7
1,pkg-001908,1.8.8
1,pkg-001909,2.9.9
1,pkg-001910,3.10.0
1,pkg-001911,4.11.1
1,pkg-001912,5.12.2
1,pkg-001913,6.13.3
1,pkg-001914,7.14.4
1,pkg-001915,8.15.5
1,pkg-001916,9.16.6
1,pkg-001917,1.17.7
1,pkg-001918,2.18.8
1,pkg-001919,3.19.9
1,pkg-001920,4.0.0
1,pkg-001921,5.1.1
1,pkg-001922,6.2.2
1,pkg-001923,7.3.3
1,pkg-001924,8.4.4
1,pkg-001925,9.5.5
1,pkg-001926,1.6.6
1,pkg-001927,2.7.7
1,pkg-001928,3.8.8
1,pkg-001929,4.9.9
1,pkg-001930,5.10.0
1,pkg-001931,6.11.1
1,pkg-001932,7.12.2
1,pkg-001933,8.13.3
1,pkg-001934,9.14.4
1,pkg-001935,1.15.5
1,pkg-001936,2.16.6
1,pkg-001937,3.17.7
1,pkg-001938,4.18.8
1,pkg-001939,5.19.9
1,pkg-001940,6.0.0
1,pkg-001941,7.1.1
1,pkg-001942,8.2.2
1,pkg-001943,9.3.3
1,pkg-001944,1.4.4
1,pkg-001945,2.5.5
1,pkg-001946,3.6.6
1,pkg-001947,4.7.7
1,pkg-001948,5.8.8
1,pkg-001949,6.9.9
1,pkg-001950,7.10.0
1,pkg-001951,8.11.1
1,pkg-001952,9.12.2
1,pkg-001953,1.13.3
1,pkg-001954,2.14.4
1,pkg-001955,3.15.5
1,pkg-001956,4.16.6
1,pkg-001957,5.17.7
1,pkg-001958,6.18.8
1,pkg-001959,7.19.9
1,pkg-001960,8.0.0
1,pkg-001961,9.1.1
1,pkg-001962,1.2.2
1,pkg-001963,2.3.3
1,pkg-001964,3.4.4
1,pkg-001965,4.5.5
1,pkg-001966,5.6.6
1,pkg-001967,6.7.7
1,pkg-001968,7.8.8
1,pkg-001969,8.9.9
1,pkg-001970,9.10.0
1,pkg-001971,1.11.1
1,pkg-001972,2.12.2
1,pkg-001973,3.13.3
1,pkg-001974,4.14.4
1,pkg-001975,5.15.5
1,pkg-001976,6.16.6
1,pkg-001977,7.17.7
1,pkg-001978,8.18.8
1,pkg-001979,9.19.9
1,pkg-001980,1.0.0
1,pkg-001981,2.1.1
1,pkg-001982,3.2.2
1,pkg-001983,4.3.3
1,pkg-001984,5.4.4
1,pkg-001985,6.5.5
1,pkg-001986,7.6.6
1,pkg-001987,8.7.7
1,pkg-001988,9.8.8
1,pkg-001989,1.9.9
1,pkg-001990,2.10.0
1,pkg-001991,3.11.1
1,pkg-001992,4.12.2
1,pkg-001993,5.13.3
1,pkg-001994,6.14.4
1,pkg-001995,7.15.5
1,pkg-001996,8.16.6
1,pkg-001997,9.17.7
1,pkg-001998,1.18.8
1,pkg-001999,2.19.9
1,pkg-002000,3.0.0
1,pkg-002001,4.1.1
1,pkg-002002,5.2.2
1,pkg-002003,6.3.3
1,pkg-002004,7.4.4
1,pkg-002005,8.5.5
1,pkg-002006,9.6.6
1,pkg-002007,1.7.7
1,pkg-002008,2.8.8
1,pkg-002009,3.9.9
1,pkg-002010,4.10.0
1,pkg-002011,5.11.1
1,pkg-002012,6.12.2
1,pkg-002013,7.13.3
1,pkg-002014,8.14.4
1,pkg-002015,9.15.5
1,pkg-002016,1.16.6
1,pkg-002017,2.17.7
1,pkg-002018,3.18.8
1,pkg-002019,4.19.9
1,pkg-002020,5.0.0
1,pkg-002021,6.1.1
1,pkg-002022,7.2.2
1,pkg-002023,8.3.3
1,pkg-002024,9.4.4
1,pkg-002025,1.5.5
1,pkg-002026,2.6.6
1,pkg-002027,3.7.7
1,pkg-002028,4.8.8
1,pkg-002029,5.9.9
1,pkg-002030,6.10.0
1,pkg-002031,7.11.1
1,pkg-002032,8.12.2
1,pkg-002033,9.13.3
1,pkg-002034,1.14.4
1,pkg-002035,2.15.5
1,pkg-002036,3.16.6
1,pkg-002037,4.17.7
1,pkg-002038,5.18.8
1,pkg-002039,6.19.9
1,pkg-002040,7.0.0
1,pkg-002041,8.1.1
1,pkg-002042,9.2.2
1,pkg-002043,1.3.3
1,pkg-002044,2.4.4
1,pkg-002045,3.5.5
1,pkg-002046,4.6.6
1,pkg-002047,5.7.7
1,pkg-002048,6.8.8
1,pkg-002049,7.9.9
1,pkg-002050,8.10.0
1,pkg-002051,9.11.1
1,pkg-002052,1.12.2
1,pkg-002053,2.13.3
1,pkg-002054,3.14.4
1,pkg-002055,4.15.5
1,pkg-002056,5.16.6
1,pkg-002057,6.17.7
1,pkg-002058,7.18.8
1,pkg-002059,8.19.9
1,pkg-002060,9.0.0
1,pkg-002061,1.1.1
1,pkg-002062,2.2.2
1,pkg-002063,3.3.3
1,pkg-002064,4.4.4
1,pkg-002065,5.5.5
1,pkg-002066,6.6.6
1,pkg-002067,7.7.7
1,pkg-002068,8.8.8
1,pkg-002069,9.9.9
1,pkg-002070,1.10.0
1,pkg-002071,2.11.1
1,pkg-002072,3.12.2
1,pkg-002073,4.13.3
1,pkg-002074,5.14.4
1,pkg-002075,6.15.5
1,pkg-002076,7.16.6
1,pkg-002077,8.17.7
1,pkg-002078,9.18.8
1,pkg-002079,1.19.9
1,pkg-002080,2.0.0
1,pkg-002081,3.1.1
1,pkg-002082,4.2.2
1,pkg-002083,5.3.3
1,pkg-002084,6.4.4
1,pkg-002085,7.5.5
1,pkg-002086,8.6.6
1,pkg-002087,9.7.7
1,pkg-002088,1.8.8
1,pkg-002089,2.9.9
1,pkg-002090,3.10.0
1,pkg-002091,4.11.1
1,pkg-002092,5.12.2
1,pkg-002093,6.13.3
1,pkg-002094,7.14.4
1,pkg-002095,8.15.5
1,pkg-002096,9.16.6
1,pkg-002097,1.17.7
1,pkg-002098,2.18.8
1,pkg-002099,3.19.9
1,pkg-002100,4.0.0
1,pkg-002101,5.1.1
1,pkg-002102,6.2.2
1,pkg-002103,7.3.3
1,pkg-002104,8.4.4
1,pkg-002105,9.5.5
1,pkg-002106,1.6.6
1,pkg-002107,2.7.7
1,pkg-002108,3.8.8
1,pkg-002109,4.9.9
1,pkg-002110,5.10.0
1,pkg-002111,6.11.1
1,pkg-002112,7.12.2
1,pkg-002113,8.13.3
1,pkg-002114,9.14.4
1,pkg-002115,1.15.5
1,pkg-002116,2.16.6
1,pkg-002117,3.17.7
1,pkg-002118,4.18.8
1,pkg-002119,5.19.9
1,pkg-002120,6.0.0
1,pkg-002121,7.1.1
1,pkg-002122,8.2.2
1,pkg-002123,9.3.3
1,pkg-002124,1.4.4
1,pkg-002125,2.5.5
1,pkg-002126,3.6.6
1,pkg-002127,4.7.7
1,pkg-002128,5.8.8
1,pkg-002129,6.9.9
1,pkg-002130,7.10.0
1,pkg-002131,8.11.1
1,pkg-002132,9.12.2
1,pkg-002133,1.13.3
1,pkg-002134,2.14.4
1,pkg-002135,3.15.5
1,pkg-002136,4.16.6
1,pkg-002137,5.17.7
1,pkg-002138,6.18.8
1,pkg-002139,7.19.9
1,pkg-002140,8.0.0
1,pkg-002141,9.1.1
1,pkg-002142,1.2.2
1,pkg-002143,2.3.3
1,pkg-002144,3.4.4
1,pkg-002145,4.5.5
1,pkg-002146,5.6.6
1,pkg-002147,6.7.7
1,pkg-002148,7.8.8
1,pkg-002149,8.9.9
1,pkg-002150,9.10.0
1,pkg-002151,1.11.1
1,pkg-002152,2.12.2
1,pkg-002153,3.13.3
1,pkg-002154,4.14.4
1,pkg-002155,5.15.5
1,pkg-002156,6.16.6
1,pkg-002157,7.17.7
1,pkg-002158,8.18.8
1,pkg-002159,9.19.9
1,pkg-002160,1.0.0
1,pkg-002161,2.1.1
1,pkg-002162,3.2.2
1,pkg-002163,4.3.3
1,pkg-002164,5.4.4
1,pkg-002165,6.5.5
1,pkg-002166,7.6.6
1,pkg-002167,8.7.7
1,pkg-002168,9.8.8
1,pkg-002169,1.9.9
1,pkg-002170,2.10.0
1,pkg-002171,3.11.1
1,pkg-002172,4.12.2
1,pkg-002173,5.13.3
1,pkg-002174,6.14.4
1,pkg-002175,7.15.5
1,pkg-002176,8.16.6
1,pkg-002177,9.17.7
1,pkg-002178,1.18.8
1,pkg-002179,2.19.9
1,pkg-002180,3.0.0
1,pkg-002181,4.1.1
1,pkg-002182,5.2.2
1,pkg-002183,6.3.3
1,pkg-002184,7.4.4
1,pkg-002185,8.5.5
1,pkg-002186,9.6.6
1,pkg-002187,1.7.7
1,pkg-002188,2.8.8
1,pkg-002189,3.9.9
1,pkg-002190,4.10.0
1,pkg-002191,5.11.1
1,pkg-002192,6.12.2
1,pkg-002193,7.13.3
1,pkg-002194,8.14.4
1,pkg-002195,9.15.5
1,pkg-002196,1.16.6
1,pkg-002197,2.17.7
1,pkg-002198,3.18.8
1,pkg-002199,4.19.9
1,pkg-002200,5.0.0
1,pkg-002201,6.1.1
1,pkg-002202,7.2.2
1,pkg-002203,8.3.3
1,pkg-002204,9.4.4
1,pkg-002205,1.5.5
1,pkg-002206,2.6.6
1,pkg-002207,3.7.7
1,pkg-002208,4.8.8
1,pkg-002209,5.9.9
1,pkg-002210,6.10.0
1,pkg-002211,7.11.1
1,pkg-002212,8.12.2
1,pkg-002213,9.13.3
1,pkg-002214,1.14.4
1,pkg-002215,2.15.5
1,pkg-002216,3.16.6
1,pkg-002217,4.17.7
1,pkg-002218,5.18.8
1,pkg-002219,6.19.9
1,pkg-002220,7.0.0
1,pkg-002221,8.1.1
1,pkg-002222,9.2.2
1,pkg-002223,1.3.3
1,pkg-002224,2.4.4
1,pkg-002225,3.5.5
1,pkg-002226,4.6.6
1,pkg-002227,5.7.7
1,pkg-002228,6.8.8
1,pkg-002229,7.9.9
1,pkg-002230,8.10.0
1,pkg-002231,9.11.1
1,pkg-002232,1.12.2
1,pkg-002233,2.13.3
1,pkg-002234,3.14.4
1,pkg-002235,4.15.5
1,pkg-002236,5.16.6
1,pkg-002237,6.17.7
1,pkg-002238,7.18.8
1,pkg-002239,8.19.9
1,pkg-002240,9.0.0
1,pkg-002241,1.1.1
1,pkg-002242,2.2.2
1,pkg-002243,3.3.3
1,pkg-002244,4.4.4
1,pkg-002245,5.5.5
1,pkg-002246,6.6.6
1,pkg-002247,7.7.7
1,pkg-002248,8.8.8
1,pkg-002249,9.9.9
1,pkg-002250,1.10.0
1,pkg-002251,2.11.1
1,pkg-002252,3.12.2
1,pkg-002253,4.13.3
1,pkg-002254,5.14.4
1,pkg-002255,6.15.5
1,pkg-002256,7.16.6
1,pkg-002257,8.17.7
1,pkg-002258,9.18.8
1,pkg-002259,1.19.9
1,pkg-002260,2.0.0
1,pkg-002261,3.1.1
1,pkg-002262,4.2.2
1,pkg-002263,5.3.3
1,pkg-002264,6.4.4
1,pkg-002265,7.5.5
1,pkg-002266,8.6.6
1,pkg-002267,9.7.7
1,pkg-002268,1.8.8
1,pkg-002269,2.9.9
1,pkg-002270,3.10.0
1,pkg-002271,4.11.1
1,pkg-002272,5.12.2
1,pkg-002273,6.13.3
1,pkg-002274,7.14.4
1,pkg-002275,8.15.5
1,pkg-002276,9.16.6
1,pkg-002277,1.17.7
1,pkg-002278,2.18.8
1,pkg-002279,3.19.9
1,pkg-002280,4.0.0
1,pkg-002281,5.1.1
1,pkg-002282,6.2.2
1,pkg-002283,7.3.3
1,pkg-002284,8.4.4
1,pkg-002285,9.5.5
1,pkg-002286,1.6.6
1,pkg-002287,2.7.7
1,pkg-002288,3.8.8
1,pkg-002289,4.9.9
1,pkg-002290,5.10.0
1,pkg-002291,6.11.1
1,pkg-002292,7.12.2
1,pkg-002293,8.13.3
1,pkg-002294,9.14.4
1,pkg-002295,1.15.5
1,pkg-002296,2.16.6
1,pkg-002297,3.17.7
1,pkg-002298,4.18.8
1,pkg-002299,5.19.9
1,pkg-002300,6.0.0
1,pkg-002301,7.1.1
1,pkg-002302,8.2.2
1,pkg-002303,9.3.3
1,pkg-002304,1.4.4
1,pkg-002305,2.5.5
1,pkg-002306,3.6.6
1,pkg-002307,4.7.7
1,pkg-002308,5.8.8
1,pkg-002309,6.9.9
1,pkg-002310,7.10.0
1,pkg-002311,8.11.1
1,pkg-002312,9.12.2
1,pkg-002313,1.13.3
1,pkg-002314,2.14.4
1,pkg-002315,3.15.5
1,pkg-002316,4.16.6
1,pkg-002317,5.17.7
1,pkg-002318,6.18.8
1,pkg-002319,7.19.9
1,pkg-002320,8.0.0
1,pkg-002321,9.1.1
1,pkg-002322,1.2.2
1,pkg-002323,2.3.3
1,pkg-002324,3.4.4
1,pkg-002325,4.5.5
1,pkg-002326,5.6.6
1,pkg-002327,6.7.7
1,pkg-002328,7.8.8
1,pkg-002329,8.9.9
1,pkg-002330,9.10.0
1,pkg-002331,1.11.1
1,pkg-002332,2.12.2
1,pkg-002333,3.13.3
1,pkg-002334,4.14.4
1,pkg-002335,5.15.5
1,pkg-002336,6.16.6
1,pkg-002337,7.17.7
1,pkg-002338,8.18.8
1,pkg-002339,9.19.9
1,pkg-002340,1.0.0
1,pkg-002341,2.1.1
1,pkg-002342,3.2.2
1,pkg-002343,4.3.3
1,pkg-002344,5.4.4
1,pkg-002345,6.5.5
1,pkg-002346,7.6.6
1,pkg-002347,8.7.7
1,pkg-002348,9.8.8
1,pkg-002349,1.9.9
1,pkg-002350,2.10.0
1,pkg-002351,3.11.1
1,pkg-002352,4.12.2
1,pkg-002353,5.13.3
1,pkg-002354,6.14.4
1,pkg-002355,7.15.5
1,pkg-002356,8.16.6
1,pkg-002357,9.17.7
1,pkg-002358,1.18.8
1,pkg-002359,2.19.9
1,pkg-002360,3.0.0
1,pkg-002361,4.1.1
1,pkg-002362,5.2.2
1,pkg-002363,6.3.3
1,pkg-002364,7.4.4
1,pkg-002365,8.5.5
1,pkg-002366,9.6.6
1,pkg-002367,1.7.7
1,pkg-002368,2.8.8
1,pkg-002369,3.9.9
1,pkg-002370,4.10.0
1,pkg-002371,5.11.1
1,pkg-002372,6.12.2
1,pkg-002373,7.13.3
1,pkg-002374,8.14.4
1,pkg-002375,9.15.5
1,pkg-002376,1.16.6
1,pkg-002377,2.17.7
1,pkg-002378,3.18.8
1,pkg-002379,4.19.9
1,pkg-002380,5.0.0
1,pkg-002381,6.1.1
1,pkg-002382,7.2.2
1,pkg-002383,8.3.3
1,pkg-002384,9.4.4
1,pkg-002385,1.5.5
1,pkg-002386,2.6.6
1,pkg-002387,3.7.7
1,pkg-002388,4.8.8
1,pkg-002389,5.9.9
1,pkg-002390,6.10.0
1,pkg-002391,7.11.1
1,pkg-002392,8.12.2
1,pkg-002393,9.13.3
1,pkg-002394,1.14.4
1,pkg-002395,2.15.5
1,pkg-002396,3.16.6
1,pkg-002397,4.17.7
1,pkg-002398,5.18.8
1,pkg-002399,6.19.9
1,pkg-002400,7.0.0
1,pkg-002401,8.1.1
1,pkg-002402,9.2.2
1,pkg-002403,1.3.3
1,pkg-002404,2.4.4
1,pkg-002405,3.5.5
1,pkg-002406,4.6.6
1,pkg-002407,5.7.7
1,pkg-002408,6.8.8
1,pkg-002409,7.9.9
1,pkg-002410,8.10.0
1,pkg-002411,9.11.1
1,pkg-002412,1.12.2
1,pkg-002413,2.13.3
1,pkg-002414,3.14.4
1,pkg-002415,4.15.5
1,pkg-002416,5.16.6
1,pkg-002417,6.17.7
1,pkg-002418,7.18.8
1,pkg-002419,8.19.9
1,pkg-002420,9.0.0
1,pkg-002421,1.1.1
1,pkg-002422,2.2.2
1,pkg-002423,3.3.3
1,pkg-002424,4.4.4
1,pkg-002425,5.5.5
1,pkg-002426,6.6.6
1,pkg-002427,7.7.7
1,pkg-002428,8.8.8
1,pkg-002429,9.9.9
1,pkg-002430,1.10.0
1,pkg-002431,2.11.1
1,pkg-002432,3.12.2
1,pkg-002433,4.13.3
1,pkg-002434,5.14.4
1,pkg-002435,6.15.5
1,pkg-002436,7.16.6
1,pkg-002437,8.17.7
1,pkg-002438,9.18.8
1,pkg-002439,1.19.9
1,pkg-002440,2.0.0
1,pkg-002441,3.1.1
1,pkg-002442,4.2.2
1,pkg-002443,5.3.3
1,pkg-002444,6.4.4
1,pkg-002445,7.5.5
1,pkg-002446,8.6.6
1,pkg-002447,9.7.7
1,pkg-002448,1.8.8
1,pkg-002449,2.9.9
1,pkg-002450,3.10.0
1,pkg-002451,4.11.1
1,pkg-002452,5.12.2
1,pkg-002453,6.13.3
1,pkg-002454,7.14.4
1,pkg-002455,8.15.5
1,pkg-002456,9.16.6
1,pkg-002457,1.17.7
1,pkg-002458,2.18.8
1,pkg-002459,3.19.9
1,pkg-002460,4.0.0
1,pkg-002461,5.1.1
1,pkg-002462,6.2.2
1,pkg-002463,7.3.3
1,pkg-002464,8.4.4
1,pkg-002465,9.5.5
1,pkg-002466,1.6.6
1,pkg-002467,2.7.7
1,pkg-002468,3.8.8
1,pkg-002469,4.9.9
1,pkg-002470,5.10.0
1,pkg-002471,6.11.1
1,pkg-002472,7.12.2
1,pkg-002473,8.13.3
1,pkg-002474,9.14.4
1,pkg-002475,1.15.5
1,pkg-002476,2.16.6
1,pkg-002477,3.17.7
1,pkg-002478,4.18.8
1,pkg-002479,5.19.9
1,pkg-002480,6.0.0
1,pkg-002481,7.1.1
1,pkg-002482,8.2.2
1,pkg-002483,9.3.3
1,pkg-002484,1.4.4
1,pkg-002485,2.5.5
1,pkg-002486,3.6.6
1,pkg-002487,4.7.7
1,pkg-002488,5.8.8
1,pkg-002489,6.9.9
1,pkg-002490,7.10.0
1,pkg-002491,8.11.1
1,pkg-002492,9.12.2
1,pkg-002493,1.13.3
1,pkg-002494,2.14.4
1,pkg-002495,3.15.5
1,pkg-002496,4.16.6
1,pkg-002497,5.17.7
1,pkg-002498,6.18.8
1,pkg-002499,7.19.9
1,pkg-002500,8.0.0
1,pkg-002501,9.1.1
1,pkg-002502,1.2.2
1,pkg-002503,2.3.3
1,pkg-002504,3.4.4
1,pkg-002505,4.5.5
1,pkg-002506,5.6.6
1,pkg-002507,6.7.7
1,pkg-002508,7.8.8
1,pkg-002509,8.9.9
1,pkg-002510,9.10.0
1,pkg-002511,1.11.1
1,pkg-002512,2.12.2
1,pkg-002513,3.13.3
1,pkg-002514,4.14.4
1,pkg-002515,5.15.5
1,pkg-002516,6.16.6
1,pkg-002517,7.17.7
1,pkg-002518,8.18.8
1,pkg-002519,9.19.9
1,pkg-002520,1.0.0
1,pkg-002521,2.1.1
1,pkg-002522,3.2.2
1,pkg-002523,4.3.3
1,pkg-002524,5.4.4
1,pkg-002525,6.5.5
1,pkg-002526,7.6.6
1,pkg-002527,8.7.7
1,pkg-002528,9.8.8
1,pkg-002529,1.9.9
1,pkg-002530,2.10.0
1,pkg-002531,3.11.1
1,pkg-002532,4.12.2
1,pkg-002533,5.13.3
1,pkg-002534,6.14.4
1,pkg-002535,7.15.5
1,pkg-002536,8.16.6
1,pkg-002537,9.17.7
1,pkg-002538,1.18.8
1,pkg-002539,2.19.9
1,pkg-002540,3.0.0
1,pkg-002541,4.1.1
1,pkg-002542,5.2.2
1,pkg-002543,6.3.3
1,pkg-002544,7.4.4
1,pkg-002545,8.5.5
1,pkg-002546,9.6.6
1,pkg-002547,1.7.7
1,pkg-002548,2.8.8
1,pkg-002549,3.9.9
1,pkg-002550,4.10.0
1,pkg-002551,5.11.1
1,pkg-002552,6.12.2
1,pkg-002553,7.13.3
1,pkg-002554,8.14.4
1,pkg-002555,9.15.5
1,pkg-002556,1.16.6
1,pkg-002557,2.17.7
1,pkg-002558,3.18.8
1,pkg-002559,4.19.9
1,pkg-002560,5.0.0
1,pkg-002561,6.1.1
1,pkg-002562,7.2.2
1,pkg-002563,8.3.3
1,pkg-002564,9.4.4
1,pkg-002565,1.5.5
1,pkg-002566,2.6.6
1,pkg-002567,3.7.7
1,pkg-002568,4.8.8
1,pkg-002569,5.9.9
1,pkg-002570,6.10.0
1,pkg-002571,7.11.1
1,pkg-002572,8.12.2
1,pkg-002573,9.13.3
1,pkg-002574,1.14.4
1,pkg-002575,2.15.5
1,pkg-002576,3.16.6
1,pkg-002577,4.17.7
1,pkg-002578,5.18.8
1,pkg-002579,6.19.9
1,pkg-002580,7.0.0
1,pkg-002581,8.1.1
1,pkg-002582,9.2.2
1,pkg-002583,1.3.3
1,pkg-002584,2.4.4
1,pkg-002585,3.5.5
1,pkg-002586,4.6.6
1,pkg-002587,5.7.7
1,pkg-002588,6.8.8
1,pkg-002589,7.9.9
1,pkg-002590,8.10.0
1,pkg-002591,9.11.1
1,pkg-002592,1.12.2
1,pkg-002593,2.13.3
1,pkg-002594,3.14.4
1,pkg-002595,4.15.5
1,pkg-002596,5.16.6
1,pkg-002597,6.17.7
1,pkg-002598,7.18.8
1,pkg-002599,8.19.9
1,pkg-002600,9.0.0
1,pkg-002601,1.1.1
1,pkg-002602,2.2.2
1,pkg-002603,3.3.3
1,pkg-002604,4.4.4
1,pkg-002605,5.5.5
1,pkg-002606,6.6.6
1,pkg-002607,7.7.7
1,pkg-002608,8.8.8
1,pkg-002609,9.9.9
1,pkg-002610,1.10.0
1,pkg-002611,2.11.1
1,pkg-002612,3.12.2
1,pkg-002613,4.13.3
1,pkg-002614,5.14.4
1,pkg-002615,6.15.5
1,pkg-002616,7.16.6
1,pkg-002617,8.17.7
1,pkg-002618,9.18.8
1,pkg-002619,1.19.9
1,pkg-002620,2.0.0
1,pkg-002621,3.1.1
1,pkg-002622,4.2.2
1,pkg-002623,5.3.3
1,pkg-002624,6.4.4
1,pkg-002625,7.5.5
1,pkg-002626,8.6.6
1,pkg-002627,9.7.7
1,pkg-002628,1.8.8
1,pkg-002629,2.9.9
1,pkg-002630,3.10.0
1,pkg-002631,4.11.1
1,pkg-002632,5.12.2
1,pkg-002633,6.13.3
1,pkg-002634,7.14.4
1,pkg-002635,8.15.5
1,pkg-002636,9.16.6
1,pkg-002637,1.17.7
1,pkg-002638,2.18.8
1,pkg-002639,3.19.9
1,pkg-002640,4.0.0
1,pkg-002641,5.1.1
1,pkg-002642,6.2.2
1,pkg-002643,7.3.3
1,pkg-002644,8.4.4
1,pkg-002645,9.5.5
1,pkg-002646,1.6.6
1,pkg-002647,2.7.7
1,pkg-002648,3.8.8
1,pkg-002649,4.9.9
1,pkg-002650,5.10.0
1,pkg-002651,6.11.1
1,pkg-002652,7.12.2
1,pkg-002653,8.13.3
1,pkg-002654,9.14.4
1,pkg-002655,1.15.5
1,pkg-002656,2.16.6
1,pkg-002657,3.17.7
1,pkg-002658,4.18.8
1,pkg-002659,5.19.9
1,pkg-002660,6.0.0
1,pkg-002661,7.1.1
1,pkg-002662,8.2.2
1,pkg-002663,9.3.3
1,pkg-002664,1.4.4
1,pkg-002665,2.5.5
1,pkg-002666,3.6.6
1,pkg-002667,4.7.7
1,pkg-002668,5.8.8
1,pkg-002669,6.9.9
1,pkg-002670,7.10.0
1,pkg-002671,8.11.1
1,pkg-002672,9.12.2
1,pkg-002673,1.13.3
1,pkg-002674,2.14.4
1,pkg-002675,3.15.5
1,pkg-002676,4.16.6
1,pkg-002677,5.17.7
1,pkg-002678,6.18.8
1,pkg-002679,7.19.9
1,pkg-002680,8.0.0
1,pkg-002681,9.1.1
1,pkg-002682,1.2.2
1,pkg-002683,2.3.3
1,pkg-002684,3.4.4
1,pkg-002685,4.5.5
1,pkg-002686,5.6.6
1,pkg-002687,6.7.7
1,pkg-002688,7.8.8
1,pkg-002689,8.9.9
1,pkg-002690,9.10.0
1,pkg-002691,1.11.1
1,pkg-002692,2.12.2
1,pkg-002693,3.13.3
1,pkg-002694,4.14.4
1,pkg-002695,5.15.5
1,pkg-002696,6.16.6
1,pkg-002697,7.17.7
1,pkg-002698,8.18.8
1,pkg-002699,9.19.9
1,pkg-002700,1.0.0
1,pkg-002701,2.1.1
1,pkg-002702,3.2.2
1,pkg-002703,4.3.3
1,pkg-002704,5.4.4
1,pkg-002705,6.5.5
1,pkg-002706,7.6.6
1,pkg-002707,8.7.7
1,pkg-002708,9.8.8
1,pkg-002709,1.9.9
1,pkg-002710,2.10.0
1,pkg-002711,3.11.1
1,pkg-002712,4.12.2
1,pkg-002713,5.13.3
1,pkg-002714,6.14.4
1,pkg-002715,7.15.5
1,pkg-002716,8.16.6
1,pkg-002717,9.17.7
1,pkg-002718,1.18.8
1,pkg-002719,2.19.9
1,pkg-002720,3.0.0
1,pkg-002721,4.1.1
1,pkg-002722,5.2.2
1,pkg-002723,6.3.3
1,pkg-002724,7.4.4
1,pkg-002725,8.5.5
1,pkg-002726,9.6.6
1,pkg-002727,1.7.7
1,pkg-002728,2.8.8
1,pkg-002729,3.9.9
1,pkg-002730,4.10.0
1,pkg-002731,5.11.1
1,pkg-002732,6.12.2
1,pkg-002733,7.13.3
1,pkg-002734,8.14.4
1,pkg-002735,9.15.5
1,pkg-002736,1.16.6
1,pkg-002737,2.17.7
1,pkg-002738,3.18.8
1,pkg-002739,4.19.9
1,pkg-002740,5.0.0
1,pkg-002741,6.1.1
1,pkg-002742,7.2.2
1,pkg-002743,8.3.3
1,pkg-002744,9.4.4
1,pkg-002745,1.5.5
1,pkg-002746,2.6.6
1,pkg-002747,3.7.7
1,pkg-002748,4.8.8
1,pkg-002749,5.9.9
1,pkg-002750,6.10.0
1,pkg-002751,7.11.1
1,pkg-002752,8.12.2
1,pkg-002753,9.13.3
1,pkg-002754,1.14.4
1,pkg-002755,2.15.5
1,pkg-002756,3.16.6
1,pkg-002757,4.17.7
1,pkg-002758,5.18.8
1,pkg-002759,6.19.9
1,pkg-002760,7.0.0
1,pkg-002761,8.1.1
1,pkg-002762,9.2.2
1,pkg-002763,1.3.3
1,pkg-002764,2.4.4
1,pkg-002765,3.5.5
1,pkg-002766,4.6.6
1,pkg-002767,5.7.7
1,pkg-002768,6.8.8
1,pkg-002769,7.9.9
1,pkg-002770,8.10.0
1,pkg-002771,9.11.1
1,pkg-002772,1.12.2
1,pkg-002773,2.13.3
1,pkg-002774,3.14.4
1,pkg-002775,4.15.5
1,pkg-002776,5.16.6
1,pkg-002777,6.17.7
1,pkg-002778,7.18.8
1,pkg-002779,8.19.9
1,pkg-002780,9.0.0
1,pkg-002781,1.1.1
1,pkg-002782,2.2.2
1,pkg-002783,3.3.3
1,pkg-002784,4.4.4
1,pkg-002785,5.5.5
1,pkg-002786,6.6.6
1,pkg-002787,7.7.7
1,pkg-002788,8.8.8
1,pkg-002789,9.9.9
1,pkg-002790,1.10.0
1,pkg-002791,2.11.1
1,pkg-002792,3.12.2
1,pkg-002793,4.13.3
1,pkg-002794,5.14.4
1,pkg-002795,6.15.5
1,pkg-002796,7.16.6
1,pkg-002797,8.17.7
1,pkg-002798,9.18.8
1,pkg-002799,1.19.9
1,pkg-002800,2.0.0
1,pkg-002801,3.1.1
1,pkg-002802,4.2.2
1,pkg-002803,5.3.3
1,pkg-002804,6.4.4
1,pkg-002805,7.5.5
1,pkg-002806,8.6.6
1,pkg-002807,9.7.7
1,pkg-002808,1.8.8
1,pkg-002809,2.9.9
1,pkg-002810,3.10.0
1,pkg-002811,4.11.1
1,pkg-002812,5.12.2
1,pkg-002813,6.13.3
1,pkg-002814,7.14.4
1,pkg-002815,8.15.5
1,pkg-002816,9.16.6
1,pkg-002817,1.17.7
1,pkg-002818,2.18.8
1,pkg-002819,3.19.9
1,pkg-002820,4.0.0
1,pkg-002821,5.1.1
1,pkg-002822,6.2.2
1,pkg-002823,7.3.3
1,pkg-002824,8.4.4
1,pkg-002825,9.5.5
1,pkg-002826,1.6.6
1,pkg-002827,2.7.7
1,pkg-002828,3.8.8
1,pkg-002829,4.9.9
1,pkg-002830,5.10.0
1,pkg-002831,6.11.1
1,pkg-002832,7.12.2
1,pkg-002833,8.13.3
1,pkg-002834,9.14.4
1,pkg-002835,1.15.5
1,pkg-002836,2.16.6
1,pkg-002837,3.17.7
1,pkg-002838,4.18.8
1,pkg-002839,5.19.9
1,pkg-002840,6.0.0
1,pkg-002841,7.1.1
1,pkg-002842,8.2.2
1,pkg-002843,9.3.3
1,pkg-002844,1.4.4
1,pkg-002845,2.5.5
1,pkg-002846,3.6.6
1,pkg-002847,4.7.7
1,pkg-002848,5.8.8
1,pkg-002849,6.9.9
1,pkg-002850,7.10.0
1,pkg-002851,8.11.1
1,pkg-002852,9.12.2
1,pkg-002853,1.13.3
1,pkg-002854,2.14.4
1,pkg-002855,3.15.5
1,pkg-002856,4.16.6
1,pkg-002857,5.17.7
1,pkg-002858,6.18.8
1,pkg-002859,7.19.9
1,pkg-002860,8.0.0
1,pkg-002861,9.1.1
1,pkg-002862,1.2.2
1,pkg-002863,2.3.3
1,pkg-002864,3.4.4
1,pkg-002865,4.5.5
1,pkg-002866,5.6.6
1,pkg-002867,6.7.7
1,pkg-002868,7.8.8
1,pkg-002869,8.9.9
1,pkg-002870,9.10.0
1,pkg-002871,1.11.1
1,pkg-002872,2.12.2
1,pkg-002873,3.13.3
1,pkg-002874,4.14.4
1,pkg-002875,5.15.5
1,pkg-002876,6.16.6
1,pkg-002877,7.17.7
1,pkg-002878,8.18.8
1,pkg-002879,9.19.9
1,pkg-002880,1.0.0
1,pkg-002881,2.1.1
1,pkg-002882,3.2.2
1,pkg-002883,4.3.3
1,pkg-002884,5.4.4
1,pkg-002885,6.5.5
1,pkg-002886,7.6.6
1,pkg-002887,8.7.7
1,pkg-002888,9.8.8
1,pkg-002889,1.9.9
1,pkg-002890,2.10.0
1,pkg-002891,3.11.1
1,pkg-002892,4.12.2
1,pkg-002893,5.13.3
1,pkg-002894,6.14.4
1,pkg-002895,7.15.5
1,pkg-002896,8.16.6
1,pkg-002897,9.17.7
1,pkg-002898,1.18.8
1,pkg-002899,2.19.9
1,pkg-002900,3.0.0
1,pkg-002901,4.1.1
1,pkg-002902,5.2.2
1,pkg-002903,6.3.3
1,pkg-002904,7.4.4
1,pkg-002905,8.5.5
1,pkg-002906,9.6.6
1,pkg-002907,1.7.7
1,pkg-002908,2.8.8
1,pkg-002909,3.9.9
1,pkg-002910,4.10.0
1,pkg-002911,5.11.1
1,pkg-002912,6.12.2
1,pkg-002913,7.13.3
1,pkg-002914,8.14.4
1,pkg-002915,9.15.5
1,pkg-002916,1.16.6
1,pkg-002917,2.17.7
1,pkg-002918,3.18.8
1,pkg-002919,4.19.9
1,pkg-002920,5.0.0
1,pkg-002921,6.1.1
1,pkg-002922,7.2.2
1,pkg-002923,8.3.3
1,pkg-002924,9.4.4
1,pkg-002925,1.5.5
1,pkg-002926,2.6.6
1,pkg-002927,3.7.7
1,pkg-002928,4.8.8
1,pkg-002929,5.9.9
1,pkg-002930,6.10.0
1,pkg-002931,7.11.1
1,pkg-002932,8.12.2
1,pkg-002933,9.13.3
1,pkg-002934,1.14.4
1,pkg-002935,2.15.5
1,pkg-002936,3.16.6
1,pkg-002937,4.17.7
1,pkg-002938,5.18.8
1,pkg-002939,6.19.9
1,pkg-002940,7.0.0
1,pkg-002941,8.1.1
1,pkg-002942,9.2.2
1,pkg-002943,1.3.3
1,pkg-002944,2.4.4
1,pkg-002945,3.5.5
1,pkg-002946,4.6.6
1,pkg-002947,5.7.7
1,pkg-002948,6.8.8
1,pkg-002949,7.9.9
1,pkg-002950,8.10.0
1,pkg-002951,9.11.1
1,pkg-002952,1.12.2
1,pkg-002953,2.13.3
1,pkg-002954,3.14.4
1,pkg-002955,4.15.5
1,pkg-002956,5.16.6
1,pkg-002957,6.17.7
1,pkg-002958,7.18.8
1,pkg-002959,8.19.9
1,pkg-002960,9.0.0
1,pkg-002961,1.1.1
1,pkg-002962,2.2.2
1,pkg-002963,3.3.3
1,pkg-002964,4.4.4
1,pkg-002965,5.5.5
1,pkg-002966,6.6.6
1,pkg-002967,7.7.7
1,pkg-002968,8.8.8
1,pkg-002969,9.9.9
1,pkg-002970,1.10.0
1,pkg-002971,2.11.1
1,pkg-002972,3.12.2
1,pkg-002973,4.13.3
1,pkg-002974,5.14.4
1,pkg-002975,6.15.5
1,pkg-002976,7.16.6
1,pkg-002977,8.17.7
1,pkg-002978,9.18.8
1,pkg-002979,1.19.9
1,pkg-002980,2.0.0
1,pkg-002981,3.1.1
1,pkg-002982,4.2.2
1,pkg-002983,5.3.3
1,pkg-002984,6.4.4
1,pkg-002985,7.5.5
1,pkg-002986,8.6.6
1,pkg-002987,9.7.7
1,pkg-002988,1.8.8
1,pkg-002989,2.9.9
1,pkg-002990,3.10.0
1,pkg-002991,4.11.1
1,pkg-002992,5.12.2
1,pkg-002993,6.13.3
1,pkg-002994,7.14.4
1,pkg-002995,8.15.5
1,pkg-002996,9.16.6
1,pkg-002997,1.17.7
1,pkg-002998,2.18.8
1,pkg-002999,3.19.9
1,pkg-003000,4.0.0
1,pkg-003001,5.1.1
1,pkg-003002,6.2.2
1,pkg-003003,7.3.3
1,pkg-003004,8.4.4
1,pkg-003005,9.5.5
1,pkg-003006,1.6.6
1,pkg-003007,2.7.7
1,pkg-003008,3.8.8
1,pkg-003009,4.9.9
1,pkg-003010,5.10.0
1,pkg-003011,6.11.1
1,pkg-003012,7.12.2
1,pkg-003013,8.13.3
1,pkg-003014,9.14.4
1,pkg-003015,1.15.5
1,pkg-003016,2.16.6
1,pkg-003017,3.17.7
1,pkg-003018,4.18.8
1,pkg-003019,5.19.9
1,pkg-003020,6.0.0
1,pkg-003021,7.1.1
1,pkg-003022,8.2.2
1,pkg-003023,9.3.3
1,pkg-003024,1.4.4
1,pkg-003025,2.5.5
1,pkg-003026,3.6.6
1,pkg-003027,4.7.7
1,pkg-003028,5.8.8
1,pkg-003029,6.9.9
1,pkg-003030,7.10.0
1,pkg-003031,8.11.1
1,pkg-003032,9.12.2
1,pkg-003033,1.13.3
1,pkg-003034,2.14.4
1,pkg-003035,3.15.5
1,pkg-003036,4.16.6
1,pkg-003037,5.17.7
1,pkg-003038,6.18.8
1,pkg-003039,7.19.9
1,pkg-003040,8.0.0
1,pkg-003041,9.1.1
1,pkg-003042,1.2.2
1,pkg-003043,2.3.3
1,pkg-003044,3.4.4
1,pkg-003045,4.5.5
1,pkg-003046,5.6.6
1,pkg-003047,6.7.7
1,pkg-003048,7.8.8
1,pkg-003049,8.9.9
1,pkg-003050,9.10.0
1,pkg-003051,1.11.1
1,pkg-003052,2.12.2
1,pkg-003053,3.13.3
1,pkg-003054,4.14.4
1,pkg-003055,5.15.5
1,pkg-003056,6.16.6
1,pkg-003057,7.17.7
1,pkg-003058,8.18.8
1,pkg-003059,9.19.9
1,pkg-003060,1.0.0
1,pkg-003061,2.1.1
1,pkg-003062,3.2.2
1,pkg-003063,4.3.3
1,pkg-003064,5.4.4
1,pkg-003065,6.5.5
1,pkg-003066,7.6.6
1,pkg-003067,8.7.7
1,pkg-003068,9.8.8
1,pkg-003069,1.9.9
1,pkg-003070,2.10.0
1,pkg-003071,3.11.1
1,pkg-003072,4.12.2
1,pkg-003073,5.13.3
1,pkg-003074,6.14.4
1,pkg-003075,7.15.5
1,pkg-003076,8.16.6
1,pkg-003077,9.17.7
1,pkg-003078,1.18.8
1,pkg-003079,2.19.9
1,pkg-003080,3.0.0
1,pkg-003081,4.1.1
1,pkg-003082,5.2.2
1,pkg-003083,6.3.3
1,pkg-003084,7.4.4
1,pkg-003085,8.5.5
1,pkg-003086,9.6.6
1,pkg-003087,1.7.7
1,pkg-003088,2.8.8
1,pkg-003089,3.9.9
1,pkg-003090,4.10.0
1,pkg-003091,5.11.1
1,pkg-003092,6.12.2
1,pkg-003093,7.13.3
1,pkg-003094,8.14.4
1,pkg-003095,9.15.5
1,pkg-003096,1.16.6
1,pkg-003097,2.17.7
1,pkg-003098,3.18.8
1,pkg-003099,4.19.9
1,pkg-003100,5.0.0
1,pkg-003101,6.1.1
1,pkg-003102,7.2.2
1,pkg-003103,8.3.3
1,pkg-003104,9.4.4
1,pkg-003105,1.5.5
1,pkg-003106,2.6.6
1,pkg-003107,3.7.7
1,pkg-003108,4.8.8
1,pkg-003109,5.9.9
1,pkg-003110,6.10.0
1,pkg-003111,7.11.1
1,pkg-003112,8.12.2
1,pkg-003113,9.13.3
1,pkg-003114,1.14.4
1,pkg-003115,2.15.5
1,pkg-003116,3.16.6
1,pkg-003117,4.17.7
1,pkg-003118,5.18.8
1,pkg-003119,6.19.9
1,pkg-003120,7.0.0
1,pkg-003121,8.1.1
1,pkg-003122,9.2.2
1,pkg-003123,1.3.3
1,pkg-003124,2.4.4
1,pkg-003125,3.5.5
1,pkg-003126,4.6.6
1,pkg-003127,5.7.7
1,pkg-003128,6.8.8
1,pkg-003129,7.9.9
1,pkg-003130,8.10.0
1,pkg-003131,9.11.1
1,pkg-003132,1.12.2
1,pkg-003133,2.13.3
1,pkg-003134,3.14.4
1,pkg-003135,4.15.5
1,pkg-003136,5.16.6
1,pkg-003137,6.17.7
1,pkg-003138,7.18.8
1,pkg-003139,8.19.9
1,pkg-003140,9.0.0
1,pkg-003141,1.1.1
1,pkg-003142,2.2.2
1,pkg-003143,3.3.3
1,pkg-003144,4.4.4
1,pkg-003145,5.5.5
1,pkg-003146,6.6.6
1,pkg-003147,7.7.7
1,pkg-003148,8.8.8
1,pkg-003149,9.9.9
1,pkg-003150,1.10.0
1,pkg-003151,2.11.1
1,pkg-003152,3.12.2
1,pkg-003153,4.13.3
1,pkg-003154,5.14.4
1,pkg-003155,6.15.5
1,pkg-003156,7.16.6
1,pkg-003157,8.17.7
1,pkg-003158,9.18.8
1,pkg-003159,1.19.9
1,pkg-003160,2.0.0
1,pkg-003161,3.1.1
1,pkg-003162,4.2.2
1,pkg-003163,5.3.3
1,pkg-003164,6.4.4
1,pkg-003165,7.5.5
1,pkg-003166,8.6.6
1,pkg-003167,9.7.7
1,pkg-003168,1.8.8
1,pkg-003169,2.9.9
1,pkg-003170,3.10.0
1,pkg-003171,4.11.1
1,pkg-003172,5.12.2
1,pkg-003173,6.13.3
1,pkg-003174,7.14.4
1,pkg-003175,8.15.5
1,pkg-003176,9.16.6
1,pkg-003177,1.17.7
1,pkg-003178,2.18.8
1,pkg-003179,3.19.9
1,pkg-003180,4.0.0
1,pkg-003181,5.1.1
1,pkg-003182,6.2.2
1,pkg-003183,7.3.3
1,pkg-003184,8.4.4
1,pkg-003185,9.5.5
1,pkg-003186,1.6.6
1,pkg-003187,2.7.7
1,pkg-003188,3.8.8
1,pkg-003189,4.9.9
1,pkg-003190,5.10.0
1,pkg-003191,6.11.1
1,pkg-003192,7.12.2
1,pkg-003193,8.13.3
1,pkg-003194,9.14.4
1,pkg-003195,1.15.5
1,pkg-003196,2.16.6
1,pkg-003197,3.17.7
1,pkg-003198,4.18.8
1,pkg-003199,5.19.9
1,pkg-003200,6.0.0
1,pkg-003201,7.1.1
1,pkg-003202,8.2.2
1,pkg-003203,9.3.3
1,pkg-003204,1.4.4
1,pkg-003205,2.5.5
1,pkg-003206,3.6.6
1,pkg-003207,4.7.7
1,pkg-003208,5.8.8
1,pkg-003209,6.9.9
1,pkg-003210,7.10.0
1,pkg-003211,8.11.1
1,pkg-003212,9.12.2
1,pkg-003213,1.13.3
1,pkg-003214,2.14.4
1,pkg-003215,3.15.5
1,pkg-003216,4.16.6
1,pkg-003217,5.17.7
1,pkg-003218,6.18.8
1,pkg-003219,7.19.9
1,pkg-003220,8.0.0
1,pkg-003221,9.1.1
1,pkg-003222,1.2.2
1,pkg-003223,2.3.3
1,pkg-003224,3.4.4
1,pkg-003225,4.5.5
1,pkg-003226,5.6.6
1,pkg-003227,6.7.7
1,pkg-003228,7.8.8
1,pkg-003229,8.9.9
1,pkg-003230,9.10.0
1,pkg-003231,1.11.1
1,pkg-003232,2.12.2
1,pkg-003233,3.13.3
1,pkg-003234,4.14.4
1,pkg-003235,5.15.5
1,pkg-003236,6.16.6
1,pkg-003237,7.17.7
1,pkg-003238,8.18.8
1,pkg-003239,9.19.9
1,pkg-003240,1.0.0
1,pkg-003241,2.1.1
1,pkg-003242,3.2.2
1,pkg-003243,4.3.3
1,pkg-003244,5.4.4
1,pkg-003245,6.5.5
1,pkg-003246,7.6.6
1,pkg-003247,8.7.7
1,pkg-003248,9.8.8
1,pkg-003249,1.9.9
1,pkg-003250,2.10.0
1,pkg-003251,3.11.1
1,pkg-003252,4.12.2
1,pkg-003253,5.13.3
1,pkg-003254,6.14.4
1,pkg-003255,7.15.5
1,pkg-003256,8.16.6
1,pkg-003257,9.17.7
1,pkg-003258,1.18.8
1,pkg-003259,2.19.9
1,pkg-003260,3.0.0
1,pkg-003261,4.1.1
1,pkg-003262,5.2.2
1,pkg-003263,6.3.3
1,pkg-003264,7.4.4
1,pkg-003265,8.5.5
1,pkg-003266,9.6.6
1,pkg-003267,1.7.7
1,pkg-003268,2.8.8
1,pkg-003269,3.9.9
1,pkg-003270,4.10.0
1,pkg-003271,5.11.1
1,pkg-003272,6.12.2
1,pkg-003273,7.13.3
1,pkg-003274,8.14.4
1,pkg-003275,9.15.5
1,pkg-003276,1.16.6
1,pkg-003277,2.17.7
1,pkg-003278,3.18.8
1,pkg-003279,4.19.9
1,pkg-003280,5.0.0
1,pkg-003281,6.1.1
1,pkg-003282,7.2.2
1,pkg-003283,8.3.3
1,pkg-003284,9.4.4
1,pkg-003285,1.5.5
1,pkg-003286,2.6.6
1,pkg-003287,3.7.7
1,pkg-003288,4.8.8
1,pkg-003289,5.9.9
1,pkg-003290,6.10.0
1,pkg-003291,7.11.1
1,pkg-003292,8.12.2
1,pkg-003293,9.13.3
1,pkg-003294,1.14.4
1,pkg-003295,2.15.5
1,pkg-003296,3.16.6
1,pkg-003297,4.17.7
1,pkg-003298,5.18.8
1,pkg-003299,6.19.9
1,pkg-003300,7.0.0
1,pkg-003301,8.1.1
1,pkg-003302,9.2.2
1,pkg-003303,1.3.3
1,pkg-003304,2.4.4
1,pkg-003305,3.5.5
1,pkg-003306,4.6.6
1,pkg-003307,5.7.7
1,pkg-003308,6.8.8
1,pkg-003309,7.9.9
1,pkg-003310,8.10.0
1,pkg-003311,9.11.1
1,pkg-003312,1.12.2
1,pkg-003313,2.13.3
1,pkg-003314,3.14.4
1,pkg-003315,4.15.5
1,pkg-003316,5.16.6
1,pkg-003317,6.17.7
1,pkg-003318,7.18.8
1,pkg-003319,8.19.9
1,pkg-003320,9.0.0
1,pkg-003321,1.1.1
1,pkg-003322,2.2.2
1,pkg-003323,3.3.3
1,pkg-003324,4.4.4
1,pkg-003325,5.5.5
1,pkg-003326,6.6.6
1,pkg-003327,7.7.7
1,pkg-003328,8.8.8
1,pkg-003329,9.9.9
1,pkg-003330,1.10.0
1,pkg-003331,2.11.1
1,pkg-003332,3.12.2
1,pkg-003333,4.13.3
1,pkg-003334,5.14.4
1,pkg-003335,6.15.5
1,pkg-003336,7.16.6
1,pkg-003337,8.17.7
1,pkg-003338,9.18.8
1,pkg-003339,1.19.9
1,pkg-003340,2.0.0
1,pkg-003341,3.1.1
1,pkg-003342,4.2.2
1,pkg-003343,5.3.3
1,pkg-003344,6.4.4
1,pkg-003345,7.5.5
1,pkg-003346,8.6.6
1,pkg-003347,9.7.7
1,pkg-003348,1.8.8
1,pkg-003349,2.9.9
1,pkg-003350,3.10.0
1,pkg-003351,4.11.1
1,pkg-003352,5.12.2
1,pkg-003353,6.13.3
1,pkg-003354,7.14.4
1,pkg-003355,8.15.5
1,pkg-003356,9.16.6
1,pkg-003357,1.17.7
1,pkg-003358,2.18.8
1,pkg-003359,3.19.9
1,pkg-003360,4.0.0
1,pkg-003361,5.1.1
1,pkg-003362,6.2.2
1,pkg-003363,7.3.3
1,pkg-003364,8.4.4
1,pkg-003365,9.5.5
1,pkg-003366,1.6.6
1,pkg-003367,2.7.7
1,pkg-003368,3.8.8
1,pkg-003369,4.9.9
1,pkg-003370,5.10.0
1,pkg-003371,6.11.1
1,pkg-003372,7.12.2
1,pkg-003373,8.13.3
1,pkg-003374,9.14.4
1,pkg-003375,1.15.5
1,pkg-003376,2.16.6
1,pkg-003377,3.17.7
1,pkg-003378,4.18.8
1,pkg-003379,5.19.9
1,pkg-003380,6.0.0
1,pkg-003381,7.1.1
1,pkg-003382,8.2.2
1,pkg-003383,9.3.3
1,pkg-003384,1.4.4
1,pkg-003385,2.5.5
1,pkg-003386,3.6.6
1,pkg-003387,4.7.7
1,pkg-003388,5.8.8
1,pkg-003389,6.9.9
1,pkg-003390,7.10.0
1,pkg-003391,8.11.1
1,pkg-003392,9.12.2
1,pkg-003393,1.13.3
1,pkg-003394,2.14.4
1,pkg-003395,3.15.5
1,pkg-003396,4.16.6
1,pkg-003397,5.17.7
1,pkg-003398,6.18.8
1,pkg-003399,7.19.9
1,pkg-003400,8.0.0
1,pkg-003401,9.1.1
1,pkg-003402,1.2.2
1,pkg-003403,2.3.3
1,pkg-003404,3.4.4
1,pkg-003405,4.5.5
1,pkg-003406,5.6.6
1,pkg-003407,6.7.7
1,pkg-003408,7.8.8
1,pkg-003409,8.9.9
1,pkg-003410,9.10.0
1,pkg-003411,1.11.1
1,pkg-003412,2.12.2
1,pkg-003413,3.13.3
1,pkg-003414,4.14.4
1,pkg-003415,5.15.5
1,pkg-003416,6.16.6
1,pkg-003417,7.17.7
1,pkg-003418,8.18.8
1,pkg-003419,9.19.9
1,pkg-003420,1.0.0
1,pkg-003421,2.1.1
1,pkg-003422,3.2.2
1,pkg-003423,4.3.3
1,pkg-003424,5.4.4
1,pkg-003425,6.5.5
1,pkg-003426,7.6.6
1,pkg-003427,8.7.7
1,pkg-003428,9.8.8
1,pkg-003429,1.9.9
1,pkg-003430,2.10.0
1,pkg-003431,3.11.1
1,pkg-003432,4.12.2
1,pkg-003433,5.13.3
1,pkg-003434,6.14.4
1,pkg-003435,7.15.5
1,pkg-003436,8.16.6
1,pkg-003437,9.17.7
1,pkg-003438,1.18.8
1,pkg-003439,2.19.9
1,pkg-003440,3.0.0
1,pkg-003441,4.1.1
1,pkg-003442,5.2.2
1,pkg-003443,6.3.3
1,pkg-003444,7.4.4
1,pkg-003445,8.5.5
1,pkg-003446,9.6.6
1,pkg-003447,1.7.7
1,pkg-003448,2.8.8
1,pkg-003449,3.9.9
1,pkg-003450,4.10.0
1,pkg-003451,5.11.1
1,pkg-003452,6.12.2
1,pkg-003453,7.13.3
1,pkg-003454,8.14.4
1,pkg-003455,9.15.5
1,pkg-003456,1.16.6
1,pkg-003457,2.17.7
1,pkg-003458,3.18.8
1,pkg-003459,4.19.9
1,pkg-003460,5.0.0
1,pkg-003461,6.1.1
1,pkg-003462,7.2.2
1,pkg-003463,8.3.3
1,pkg-003464,9.4.4
1,pkg-003465,1.5.5
1,pkg-003466,2.6.6
1,pkg-003467,3.7.7
1,pkg-003468,4.8.8
1,pkg-003469,5.9.9
1,pkg-003470,6.10.0
1,pkg-003471,7.11.1
1,pkg-003472,8.12.2
1,pkg-003473,9.13.3
1,pkg-003474,1.14.4
1,pkg-003475,2.15.5
1,pkg-003476,3.16.6
1,pkg-003477,4.17.7
1,pkg-003478,5.18.8
1,pkg-003479,6.19.9
1,pkg-003480,7.0.0
1,pkg-003481,8.1.1
1,pkg-003482,9.2.2
1,pkg-003483,1.3.3
1,pkg-003484,2.4.4
1,pkg-003485,3.5.5
1,pkg-003486,4.6.6
1,pkg-003487,5.7.7
1,pkg-003488,6.8.8
1,pkg-003489,7.9.9
1,pkg-003490,8.10.0
1,pkg-003491,9.11.1
1,pkg-003492,1.12.2
1,pkg-003493,2.13.3
1,pkg-003494,3.14.4
1,pkg-003495,4.15.5
1,pkg-003496,5.16.6
1,pkg-003497,6.17.7
1,pkg-003498,7.18.8
1,pkg-003499,8.19.9
1,pkg-003500,9.0.0
1,pkg-003501,1.1.1
1,pkg-003502,2.2.2
1,pkg-003503,3.3.3
1,pkg-003504,4.4.4
1,pkg-003505,5.5.5
1,pkg-003506,6.6.6
1,pkg-003507,7.7.7
1,pkg-003508,8.8.8
1,pkg-003509,9.9.9
1,pkg-003510,1.10.0
1,pkg-003511,2.11.1
1,pkg-003512,3.12.2
1,pkg-003513,4.13.3
1,pkg-003514,5.14.4
1,pkg-003515,6.15.5
1,pkg-003516,7.16.6
1,pkg-003517,8.17.7
1,pkg-003518,9.18.8
1,pkg-003519,1.19.9
1,pkg-003520,2.0.0
1,pkg-003521,3.1.1
1,pkg-003522,4.2.2
1,pkg-003523,5.3.3
1,pkg-003524,6.4.4
1,pkg-003525,7.5.5
1,pkg-003526,8.6.6
1,pkg-003527,9.7.7
1,pkg-003528,1.8.8
1,pkg-003529,2.9.9
1,pkg-003530,3.10.0
1,pkg-003531,4.11.1
1,pkg-003532,5.12.2
1,pkg-003533,6.13.3
1,pkg-003534,7.14.4
1,pkg-003535,8.15.5
1,pkg-003536,9.16.6
1,pkg-003537,1.17.7
1,pkg-003538,2.18.8
1,pkg-003539,3.19.9
1,pkg-003540,4.0.0
1,pkg-003541,5.1.1
1,pkg-003542,6.2.2
1,pkg-003543,7.3.3
1,pkg-003544,8.4.4
1,pkg-003545,9.5.5
1,pkg-003546,1.6.6
1,pkg-003547,2.7.7
1,pkg-003548,3.8.8
1,pkg-003549,4.9.9
1,pkg-003550,5.10.0
1,pkg-003551,6.11.1
1,pkg-003552,7.12.2
1,pkg-003553,8.13.3
1,pkg-003554,9.14.4
1,pkg-003555,1.15.5
1,pkg-003556,2.16.6
1,pkg-003557,3.17.7
1,pkg-003558,4.18.8
1,pkg-003559,5.19.9
1,pkg-003560,6.0.0
1,pkg-003561,7.1.1
1,pkg-003562,8.2.2
1,pkg-003563,9.3.3
1,pkg-003564,1.4.4
1,pkg-003565,2.5.5
1,pkg-003566,3.6.6
1,pkg-003567,4.7.7
1,pkg-003568,5.8.8
1,pkg-003569,6.9.9
1,pkg-003570,7.10.0
1,pkg-003571,8.11.1
1,pkg-003572,9.12.2
1,pkg-003573,1.13.3
1,pkg-003574,2.14.4
1,pkg-003575,3.15.5
1,pkg-003576,4.16.6
1,pkg-003577,5.17.7
1,pkg-003578,6.18.8
1,pkg-003579,7.19.9
1,pkg-003580,8.0.0
1,pkg-003581,9.1.1
1,pkg-003582,1.2.2
1,pkg-003583,2.3.3
1,pkg-003584,3.4.4
1,pkg-003585,4.5.5
1,pkg-003586,5.6.6
1,pkg-003587,6.7.7
1,pkg-003588,7.8.8
1,pkg-003589,8.9.9
1,pkg-003590,9.10.0
1,pkg-003591,1.11.1
1,pkg-003592,2.12.2
1,pkg-003593,3.13.3
1,pkg-003594,4.14.4
1,pkg-003595,5.15.5
1,pkg-003596,6.16.6
1,pkg-003597,7.17.7
1,pkg-003598,8.18.8
1,pkg-003599,9.19.9
1,pkg-003600,1.0.0
1,pkg-003601,2.1.1
1,pkg-003602,3.2.2
1,pkg-003603,4.3.3
1,pkg-003604,5.4.4
1,pkg-003605,6.5.5
1,pkg-003606,7.6.6
1,pkg-003607,8.7.7
1,pkg-003608,9.8.8
1,pkg-003609,1.9.9
1,pkg-003610,2.10.0
1,pkg-003611,3.11.1
1,pkg-003612,4.12.2
1,pkg-003613,5.13.3
1,pkg-003614,6.14.4
1,pkg-003615,7.15.5
1,pkg-003616,8.16.6
1,pkg-003617,9.17.7
1,pkg-003618,1.18.8
1,pkg-003619,2.19.9
1,pkg-003620,3.0.0
1,pkg-003621,4.1.1
1,pkg-003622,5.2.2
1,pkg-003623,6.3.3
1,pkg-003624,7.4.4
1,pkg-003625,8.5.5
1,pkg-003626,9.6.6
1,pkg-003627,1.7.7
1,pkg-003628,2.8.8
1,pkg-003629,3.9.9
1,pkg-003630,4.10.0
1,pkg-003631,5.11.1
1,pkg-003632,6.12.2
1,pkg-003633,7.13.3
1,pkg-003634,8.14.4
1,pkg-003635,9.15.5
1,pkg-003636,1.16.6
1,pkg-003637,2.17.7
1,pkg-003638,3.18.8
1,pkg-003639,4.19.9
1,pkg-003640,5.0.0
1,pkg-003641,6.1.1
1,pkg-003642,7.2.2
1,pkg-003643,8.3.3
1,pkg-003644,9.4.4
1,pkg-003645,1.5.5
1,pkg-003646,2.6.6
1,pkg-003647,3.7.7
1,pkg-003648,4.8.8
1,pkg-003649,5.9.9
1,pkg-003650,6.10.0
1,pkg-003651,7.11.1
1,pkg-003652,8.12.2
1,pkg-003653,9.13.3
1,pkg-003654,1.14.4
1,pkg-003655,2.15.5
1,pkg-003656,3.16.6
1,pkg-003657,4.17.7
1,pkg-003658,5.18.8
1,pkg-003659,6.19.9
1,pkg-003660,7.0.0
1,pkg-003661,8.1.1
1,pkg-003662,9.2.2
1,pkg-003663,1.3.3
1,pkg-003664,2.4.4
1,pkg-003665,3.5.5
1,pkg-003666,4.6.6
1,pkg-003667,5.7.7
1,pkg-003668,6.8.8
1,pkg-003669,7.9.9
1,pkg-003670,8.10.0
1,pkg-003671,9.11.1
1,pkg-003672,1.12.2
1,pkg-003673,2.13.3
1,pkg-003674,3.14.4
1,pkg-003675,4.15.5
1,pkg-003676,5.16.6
1,pkg-003677,6.17.7
1,pkg-003678,7.18.8
1,pkg-003679,8.19.9
1,pkg-003680,9.0.0
1,pkg-003681,1.1.1
1,pkg-003682,2.2.2
1,pkg-003683,3.3.3
1,pkg-003684,4.4.4
1,pkg-003685,5.5.5
1,pkg-003686,6.6.6
1,pkg-003687,7.7.7
1,pkg-003688,8.8.8
1,pkg-003689,9.9.9
1,pkg-003690,1.10.0
1,pkg-003691,2.11.1
1,pkg-003692,3.12.2
1,pkg-003693,4.13.3
1,pkg-003694,5.14.4
1,pkg-003695,6.15.5
1,pkg-003696,7.16.6
1,pkg-003697,8.17.7
1,pkg-003698,9.18.8
1,pkg-003699,1.19.9
1,pkg-003700,2.0.0
1,pkg-003701,3.1.1
1,pkg-003702,4.2.2
1,pkg-003703,5.3.3
1,pkg-003704,6.4.4
1,pkg-003705,7.5.5
1,pkg-003706,8.6.6
1,pkg-003707,9.7.7
1,pkg-003708,1.8.8
1,pkg-003709,2.9.9
1,pkg-003710,3.10.0
1,pkg-003711,4.11.1
1,pkg-003712,5.12.2
1,pkg-003713,6.13.3
1,pkg-003714,7.14.4
1,pkg-003715,8.15.5
1,pkg-003716,9.16.6
1,pkg-003717,1.17.7
1,pkg-003718,2.18.8
1,pkg-003719,3.19.9
1,pkg-003720,4.0.0
1,pkg-003721,5.1.1
1,pkg-003722,6.2.2
1,pkg-003723,7.3.3
1,pkg-003724,8.4.4
1,pkg-003725,9.5.5
1,pkg-003726,1.6.6
1,pkg-003727,2.7.7
1,pkg-003728,3.8.8
1,pkg-003729,4.9.9
1,pkg-003730,5.10.0
1,pkg-003731,6.11.1
1,pkg-003732,7.12.2
1,pkg-003733,8.13.3
1,pkg-003734,9.14.4
1,pkg-003735,1.15.5
1,pkg-003736,2.16.6
1,pkg-003737,3.17.7
1,pkg-003738,4.18.8
1,pkg-003739,5.19.9
1,pkg-003740,6.0.0
1,pkg-003741,7.1.1
1,pkg-003742,8.2.2
1,pkg-003743,9.3.3
1,pkg-003744,1.4.4
1,pkg-003745,2.5.5
1,pkg-003746,3.6.6
1,pkg-003747,4.7.7
1,pkg-003748,5.8.8
1,pkg-003749,6.9.9
1,pkg-003750,7.10.0
1,pkg-003751,8.11.1
1,pkg-003752,9.12.2
1,pkg-003753,1.13.3
1,pkg-003754,2.14.4
1,pkg-003755,3.15.5
1,pkg-003756,4.16.6
1,pkg-003757,5.17.7
1,pkg-003758,6.18.8
1,pkg-003759,7.19.9
1,pkg-003760,8.0.0
1,pkg-003761,9.1.1
1,pkg-003762,1.2.2
1,pkg-003763,2.3.3
1,pkg-003764,3.4.4
1,pkg-003765,4.5.5
1,pkg-003766,5.6.6
1,pkg-003767,6.7.7
1,pkg-003768,7.8.8
1,pkg-003769,8.9.9
1,pkg-003770,9.10.0
1,pkg-003771,1.11.1
1,pkg-003772,2.12.2
1,pkg-003773,3.13.3
1,pkg-003774,4.14.4
1,pkg-003775,5.15.5
1,pkg-003776,6.16.6
1,pkg-003777,7.17.7
1,pkg-003778,8.18.8
1,pkg-003779,9.19.9
1,pkg-003780,1.0.0
1,pkg-003781,2.1.1
1,pkg-003782,3.2.2
1,pkg-003783,4.3.3
1,pkg-003784,5.4.4
1,pkg-003785,6.5.5
1,pkg-003786,7.6.6
1,pkg-003787,8.7.7
1,pkg-003788,9.8.8
1,pkg-003789,1.9.9
1,pkg-003790,2.10.0
1,pkg-003791,3.11.1
1,pkg-003792,4.12.2
1,pkg-003793,5.13.3
1,pkg-003794,6.14.4
1,pkg-003795,7.15.5
1,pkg-003796,8.16.6
1,pkg-003797,9.17.7
1,pkg-003798,1.18.8
1,pkg-003799,2.19.9
1,pkg-003800,3.0.0
1,pkg-003801,4.1.1
1,pkg-003802,5.2.2
1,pkg-003803,6.3.3
1,pkg-003804,7.4.4
1,pkg-003805,8.5.5
1,pkg-003806,9.6.6
1,pkg-003807,1.7.7
1,pkg-003808,2.8.8
1,pkg-003809,3.9.9
1,pkg-003810,4.10.0
1,pkg-003811,5.11.1
1,pkg-003812,6.12.2
1,pkg-003813,7.13.3
1,pkg-003814,8.14.4
1,pkg-003815,9.15.5
1,pkg-003816,1.16.6
1,pkg-003817,2.17.7
1,pkg-003818,3.18.8
1,pkg-003819,4.19.9
1,pkg-003820,5.0.0
1,pkg-003821,6.1.1
1,pkg-003822,7.2.2
1,pkg-003823,8.3.3
1,pkg-003824,9.4.4
1,pkg-003825,1.5.5
1,pkg-003826,2.6.6
1,pkg-003827,3.7.7
1,pkg-003828,4.8.8
1,pkg-003829,5.9.9
1,pkg-003830,6.10.0
1,pkg-003831,7.11.1
1,pkg-003832,8.12.2
1,pkg-003833,9.13.3
1,pkg-003834,1.14.4
1,pkg-003835,2.15.5
1,pkg-003836,3.16.6
1,pkg-003837,4.17.7
1,pkg-003838,5.18.8
1,pkg-003839,6.19.9
1,pkg-003840,7.0.0
1,pkg-003841,8.1.1
1,pkg-003842,9.2.2
1,pkg-003843,1.3.3
1,pkg-003844,2.4.4
1,pkg-003845,3.5.5
1,pkg-003846,4.6.6
1,pkg-003847,5.7.7
1,pkg-003848,6.8.8
1,pkg-003849,7.9.9
1,pkg-003850,8.10.0
1,pkg-003851,9.11.1
1,pkg-003852,1.12.2
1,pkg-003853,2.13.3
1,pkg-003854,3.14.4
1,pkg-003855,4.15.5
1,pkg-003856,5.16.6
1,pkg-003857,6.17.7
1,pkg-003858,7.18.8
1,pkg-003859,8.19.9
1,pkg-003860,9.0.0
1,pkg-003861,1.1.1
1,pkg-003862,2.2.2
1,pkg-003863,3.3.3
1,pkg-003864,4.4.4
1,pkg-003865,5.5.5
1,pkg-003866,6.6.6
1,pkg-003867,7.7.7
1,pkg-003868,8.8.8
1,pkg-003869,9.9.9
1,pkg-003870,1.10.0
1,pkg-003871,2.11.1
1,pkg-003872,3.12.2
1,pkg-003873,4.13.3
1,pkg-003874,5.14.4
1,pkg-003875,6.15.5
1,pkg-003876,7.16.6
1,pkg-003877,8.17.7
1,pkg-003878,9.18.8
1,pkg-003879,1.19.9
1,pkg-003880,2.0.0
1,pkg-003881,3.1.1
1,pkg-003882,4.2.2
1,pkg-003883,5.3.3
1,pkg-003884,6.4.4
1,pkg-003885,7.5.5
1,pkg-003886,8.6.6
1,pkg-003887,9.7.7
1,pkg-003888,1.8.8
1,pkg-003889,2.9.9
1,pkg-003890,3.10.0
1,pkg-003891,4.11.1
1,pkg-003892,5.12.2
1,pkg-003893,6.13.3
1,pkg-003894,7.14.4
1,pkg-003895,8.15.5
1,pkg-003896,9.16.6
1,pkg-003897,1.17.7
1,pkg-003898,2.18.8
1,pkg-003899,3.19.9
1,pkg-003900,4.0.0
1,pkg-003901,5.1.1
1,pkg-003902,6.2.2
1,pkg-003903,7.3.3
1,pkg-003904,8.4.4
1,pkg-003905,9.5.5
1,pkg-003906,1.6.6
1,pkg-003907,2.7.7
1,pkg-003908,3.8.8
1,pkg-003909,4.9.9
1,pkg-003910,5.10.0
1,pkg-003911,6.11.1
1,pkg-003912,7.12.2
1,pkg-003913,8.13.3
1,pkg-003914,9.14.4
1,pkg-003915,1.15.5
1,pkg-003916,2.16.6
1,pkg-003917,3.17.7
1,pkg-003918,4.18.8
1,pkg-003919,5.19.9
1,pkg-003920,6.0.0
1,pkg-003921,7.1.1
1,pkg-003922,8.2.2
1,pkg-003923,9.3.3
1,pkg-003924,1.4.4
1,pkg-003925,2.5.5
1,pkg-003926,3.6.6
1,pkg-003927,4.7.7
1,pkg-003928,5.8.8
1,pkg-003929,6.9.9
1,pkg-003930,7.10.0
1,pkg-003931,8.11.1
1,pkg-003932,9.12.2
1,pkg-003933,1.13.3
1,pkg-003934,2.14.4
1,pkg-003935,3.15.5
1,pkg-003936,4.16.6
1,pkg-003937,5.17.7
1,pkg-003938,6.18.8
1,pkg-003939,7.19.9
1,pkg-003940,8.0.0
1,pkg-003941,9.1.1
1,pkg-003942,1.2.2
1,pkg-003943,2.3.3
1,pkg-003944,3.4.4
1,pkg-003945,4.5.5
1,pkg-003946,5.6.6
1,pkg-003947,6.7.7
1,pkg-003948,7.8.8
1,pkg-003949,8.9.9
1,pkg-003950,9.10.0
1,pkg-003951,1.11.1
1,pkg-003952,2.12.2
1,pkg-003953,3.13.3
1,pkg-003954,4.14.4
1,pkg-003955,5.15.5
1,pkg-003956,6.16.6
1,pkg-003957,7.17.7
1,pkg-003958,8.18.8
1,pkg-003959,9.19.9
1,pkg-003960,1.0.0
1,pkg-003961,2.1.1
1,pkg-003962,3.2.2
1,pkg-003963,4.3.3
1,pkg-003964,5.4.4
1,pkg-003965,6.5.5
1,pkg-003966,7.6.6
1,pkg-003967,8.7.7
1,pkg-003968,9.8.8
1,pkg-003969,1.9.9
1,pkg-003970,2.10.0
1,pkg-003971,3.11.1
1,pkg-003972,4.12.2
1,pkg-003973,5.13.3
1,pkg-003974,6.14.4
1,pkg-003975,7.15.5
1,pkg-003976,8.16.6
1,pkg-003977,9.17.7
1,pkg-003978,1.18.8
1,pkg-003979,2.19.9
1,pkg-003980,3.0.0
1,pkg-003981,4.1.1
1,pkg-003982,5.2.2
1,pkg-003983,6.3.3
1,pkg-003984,7.4.4
1,pkg-003985,8.5.5
1,pkg-003986,9.6.6
1,pkg-003987,1.7.7
1,pkg-003988,2.8.8
1,pkg-003989,3.9.9
1,pkg-003990,4.10.0
1,pkg-003991,5.11.1
1,pkg-003992,6.12.2
1,pkg-003993,7.13.3
1,pkg-003994,8.14.4
1,pkg-003995,9.15.5
1,pkg-003996,1.16.6
1,pkg-003997,2.17.7
1,pkg-003998,3.18.8
1,pkg-003999,4.19.9
1,pkg-004000,5.0.0
1,pkg-004001,6.1.1
1,pkg-004002,7.2.2
1,pkg-004003,8.3.3
1,pkg-004004,9.4.4
1,pkg-004005,1.5.5
1,pkg-004006,2.6.6
1,pkg-004007,3.7.7
1,pkg-004008,4.8.8
1,pkg-004009,5.9.9
1,pkg-004010,6.10.0
1,pkg-004011,7.11.1
1,pkg-004012,8.12.2
1,pkg-004013,9.13.3
1,pkg-004014,1.14.4
1,pkg-004015,2.15.5
1,pkg-004016,3.16.6
1,pkg-004017,4.17.7
1,pkg-004018,5.18.8
1,pkg-004019,6.19.9
1,pkg-004020,7.0.0
1,pkg-004021,8.1.1
1,pkg-004022,9.2.2
1,pkg-004023,1.3.3
1,pkg-004024,2.4.4
1,pkg-004025,3.5.5
1,pkg-004026,4.6.6
1,pkg-004027,5.7.7
1,pkg-004028,6.8.8
1,pkg-004029,7.9.9
1,pkg-004030,8.10.0
1,pkg-004031,9.11.1
1,pkg-004032,1.12.2
1,pkg-004033,2.13.3
1,pkg-004034,3.14.4
1,pkg-004035,4.15.5
1,pkg-004036,5.16.6
1,pkg-004037,6.17.7
1,pkg-004038,7.18.8
1,pkg-004039,8.19.9
1,pkg-004040,9.0.0
1,pkg-004041,1.1.1
1,pkg-004042,2.2.2
1,pkg-004043,3.3.3
1,pkg-004044,4.4.4
1,pkg-004045,5.5.5
1,pkg-004046,6.6.6
1,pkg-004047,7.7.7
1,pkg-004048,8.8.8
1,pkg-004049,9.9.9
1,pkg-004050,1.10.0
1,pkg-004051,2.11.1
1,pkg-004052,3.12.2
1,pkg-004053,4.13.3
1,pkg-004054,5.14.4
1,pkg-004055,6.15.5
1,pkg-004056,7.16.6
1,pkg-004057,8.17.7
1,pkg-004058,9.18.8
1,pkg-004059,1.19.9
1,pkg-004060,2.0.0
1,pkg-004061,3.1.1
1,pkg-004062,4.2.2
1,pkg-004063,5.3.3
1,pkg-004064,6.4.4
1,pkg-004065,7.5.5
1,pkg-004066,8.6.6
1,pkg-004067,9.7.7
1,pkg-004068,1.8.8
1,pkg-004069,2.9.9
1,pkg-004070,3.10.0
1,pkg-004071,4.11.1
1,pkg-004072,5.12.2
1,pkg-004073,6.13.3
1,pkg-004074,7.14.4
1,pkg-004075,8.15.5
1,pkg-004076,9.16.6
1,pkg-004077,1.17.7
1,pkg-004078,2.18.8
1,pkg-004079,3.19.9
1,pkg-004080,4.0.0
1,pkg-004081,5.1.1
1,pkg-004082,6.2.2
1,pkg-004083,7.3.3
1,pkg-004084,8.4.4
1,pkg-004085,9.5.5
1,pkg-004086,1.6.6
1,pkg-004087,2.7.7
1,pkg-004088,3.8.8
1,pkg-004089,4.9.9
1,pkg-004090,5.10.0
1,pkg-004091,6.11.1
1,pkg-004092,7.12.2
1,pkg-004093,8.13.3
1,pkg-004094,9.14.4
1,pkg-004095,1.15.5
1,pkg-004096,2.16.6
1,pkg-004097,3.17.7
1,pkg-004098,4.18.8
1,pkg-004099,5.19.9
1,pkg-004100,6.0.0
1,pkg-004101,7.1.1
1,pkg-004102,8.2.2
1,pkg-004103,9.3.3
1,pkg-004104,1.4.4
1,pkg-004105,2.5.5
1,pkg-004106,3.6.6
1,pkg-004107,4.7.7
1,pkg-004108,5.8.8
1,pkg-004109,6.9.9
1,pkg-004110,7.10.0
1,pkg-004111,8.11.1
1,pkg-004112,9.12.2
1,pkg-004113,1.13.3
1,pkg-004114,2.14.4
1,pkg-004115,3.15.5
1,pkg-004116,4.16.6
1,pkg-004117,5.17.7
1,pkg-004118,6.18.8
1,pkg-004119,7.19.9
1,pkg-004120,8.0.0
1,pkg-004121,9.1.1
1,pkg-004122,1.2.2
1,pkg-004123,2.3.3
1,pkg-004124,3.4.4
1,pkg-004125,4.5.5
1,pkg-004126,5.6.6
1,pkg-004127,6.7.7
1,pkg-004128,7.8.8
1,pkg-004129,8.9.9
1,pkg-004130,9.10.0
1,pkg-004131,1.11.1
1,pkg-004132,2.12.2
1,pkg-004133,3.13.3
1,pkg-004134,4.14.4
1,pkg-004135,5.15.5
1,pkg-004136,6.16.6
1,pkg-004137,7.17.7
1,pkg-004138,8.18.8
1,pkg-004139,9.19.9
1,pkg-004140,1.0.0
1,pkg-004141,2.1.1
1,pkg-004142,3.2.2
1,pkg-004143,4.3.3
1,pkg-004144,5.4.4
1,pkg-004145,6.5.5
1,pkg-004146,7.6.6
1,pkg-004147,8.7.7
1,pkg-004148,9.8.8
1,pkg-004149,1.9.9
1,pkg-004150,2.10.0
1,pkg-004151,3.11.1
1,pkg-004152,4.12.2
1,pkg-004153,5.13.3
1,pkg-004154,6.14.4
1,pkg-004155,7.15.5
1,pkg-004156,8.16.6
1,pkg-004157,9.17.7
1,pkg-004158,1.18.8
1,pkg-004159,2.19.9
1,pkg-004160,3.0.0
1,pkg-004161,4.1.1
1,pkg-004162,5.2.2
1,pkg-004163,6.3.3
1,pkg-004164,7.4.4
1,pkg-004165,8.5.5
1,pkg-004166,9.6.6
1,pkg-004167,1.7.7
1,pkg-004168,2.8.8
1,pkg-004169,3.9.9
1,pkg-004170,4.10.0
1,pkg-004171,5.11.1
1,pkg-004172,6.12.2
1,pkg-004173,7.13.3
1,pkg-004174,8.14.4
1,pkg-004175,9.15.5
1,pkg-004176,1.16.6
1,pkg-004177,2.17.7
1,pkg-004178,3.18.8
1,pkg-004179,4.19.9
1,pkg-004180,5.0.0
1,pkg-004181,6.1.1
1,pkg-004182,7.2.2
1,pkg-004183,8.3.3
1,pkg-004184,9.4.4
1,pkg-004185,1.5.5
1,pkg-004186,2.6.6
1,pkg-004187,3.7.7
1,pkg-004188,4.8.8
1,pkg-004189,5.9.9
1,pkg-004190,6.10.0
1,pkg-004191,7.11.1
1,pkg-004192,8.12.2
1,pkg-004193,9.13.3
1,pkg-004194,1.14.4
1,pkg-004195,2.15.5
1,pkg-004196,3.16.6
1,pkg-004197,4.17.7
1,pkg-004198,5.18.8
1,pkg-004199,6.19.9
1,pkg-004200,7.0.0
1,pkg-004201,8.1.1
1,pkg-004202,9.2.2
1,pkg-004203,1.3.3
1,pkg-004204,2.4.4
1,pkg-004205,3.5.5
1,pkg-004206,4.6.6
1,pkg-004207,5.7.7
1,pkg-004208,6.8.8
1,pkg-004209,7.9.9
1,pkg-004210,8.10.0
1,pkg-004211,9.11.1
1,pkg-004212,1.12.2
1,pkg-004213,2.13.3
1,pkg-004214,3.14.4
1,pkg-004215,4.15.5
1,pkg-004216,5.16.6
1,pkg-004217,6.17.7
1,pkg-004218,7.18.8
1,pkg-004219,8.19.9
1,pkg-004220,9.0.0
1,pkg-004221,1.1.1
1,pkg-004222,2.2.2
1,pkg-004223,3.3.3
1,pkg-004224,4.4.4
1,pkg-004225,5.5.5
1,pkg-004226,6.6.6
1,pkg-004227,7.7.7
1,pkg-004228,8.8.8
1,pkg-004229,9.9.9
1,pkg-004230,1.10.0
1,pkg-004231,2.11.1
1,pkg-004232,3.12.2
1,pkg-004233,4.13.3
1,pkg-004234,5.14.4
1,pkg-004235,6.15.5
1,pkg-004236,7.16.6
1,pkg-004237,8.17.7
1,pkg-004238,9.18.8
1,pkg-004239,1.19.9
1,pkg-004240,2.0.0
1,pkg-004241,3.1.1
1,pkg-004242,4.2.2
1,pkg-004243,5.3.3
1,pkg-004244,6.4.4
1,pkg-004245,7.5.5
1,pkg-004246,8.6.6
1,pkg-004247,9.7.7
1,pkg-004248,1.8.8
1,pkg-004249,2.9.9
1,pkg-004250,3.10.0
1,pkg-004251,4.11.1
1,pkg-004252,5.12.2
1,pkg-004253,6.13.3
1,pkg-004254,7.14.4
1,pkg-004255,8.15.5
1,pkg-004256,9.16.6
1,pkg-004257,1.17.7
1,pkg-004258,2.18.8
1,pkg-004259,3.19.9
1,pkg-004260,4.0.0
1,pkg-004261,5.1.1
1,pkg-004262,6.2.2
1,pkg-004263,7.3.3
1,pkg-004264,8.4.4
1,pkg-004265,9.5.5
1,pkg-004266,1.6.6
1,pkg-004267,2.7.7
1,pkg-004268,3.8.8
1,pkg-004269,4.9.9
1,pkg-004270,5.10.0
1,pkg-004271,6.11.1
1,pkg-004272,7.12.2
1,pkg-004273,8.13.3
1,pkg-004274,9.14.4
1,pkg-004275,1.15.5
1,pkg-004276,2.16.6
1,pkg-004277,3.17.7
1,pkg-004278,4.18.8
1,pkg-004279,5.19.9
1,pkg-004280,6.0.0
1,pkg-004281,7.1.1
1,pkg-004282,8.2.2
1,pkg-004283,9.3.3
1,pkg-004284,1.4.4
1,pkg-004285,2.5.5
1,pkg-004286,3.6.6
1,pkg-004287,4.7.7
1,pkg-004288,5.8.8
1,pkg-004289,6.9.9
1,pkg-004290,7.10.0
1,pkg-004291,8.11.1
1,pkg-004292,9.12.2
1,pkg-004293,1.13.3
1,pkg-004294,2.14.4
1,pkg-004295,3.15.5
1,pkg-004296,4.16.6
1,pkg-004297,5.17.7
1,pkg-004298,6.18.8
1,pkg-004299,7.19.9
1,pkg-004300,8.0.0
1,pkg-004301,9.1.1
1,pkg-004302,1.2.2
1,pkg-004303,2.3.3
1,pkg-004304,3.4.4
1,pkg-004305,4.5.5
1,pkg-004306,5.6.6
1,pkg-004307,6.7.7
1,pkg-004308,7.8.8
1,pkg-004309,8.9.9
1,pkg-004310,9.10.0
1,pkg-004311,1.11.1
1,pkg-004312,2.12.2
1,pkg-004313,3.13.3
1,pkg-004314,4.14.4
1,pkg-004315,5.15.5
1,pkg-004316,6.16.6
1,pkg-004317,7.17.7
1,pkg-004318,8.18.8
1,pkg-004319,9.19.9
1,pkg-004320,1.0.0
1,pkg-004321,2.1.1
1,pkg-004322,3.2.2
1,pkg-004323,4.3.3
1,pkg-004324,5.4.4
1,pkg-004325,6.5.5
1,pkg-004326,7.6.6
1,pkg-004327,8.7.7
1,pkg-004328,9.8.8
1,pkg-004329,1.9.9
1,pkg-004330,2.10.0
1,pkg-004331,3.11.1
1,pkg-004332,4.12.2
1,pkg-004333,5.13.3
1,pkg-004334,6.14.4
1,pkg-004335,7.15.5
1,pkg-004336,8.16.6
1,pkg-004337,9.17.7
1,pkg-004338,1.18.8
1,pkg-004339,2.19.9
1,pkg-004340,3.0.0
1,pkg-004341,4.1.1
1,pkg-004342,5.2.2
1,pkg-004343,6.3.3
1,pkg-004344,7.4.4
1,pkg-004345,8.5.5
1,pkg-004346,9.6.6
1,pkg-004347,1.7.7
1,pkg-004348,2.8.8
1,pkg-004349,3.9.9
1,pkg-004350,4.10.0
1,pkg-004351,5.11.1
1,pkg-004352,6.12.2
1,pkg-004353,7.13.3
1,pkg-004354,8.14.4
1,pkg-004355,9.15.5
1,pkg-004356,1.16.6
1,pkg-004357,2.17.7
1,pkg-004358,3.18.8
1,pkg-004359,4.19.9
1,pkg-004360,5.0.0
1,pkg-004361,6.1.1
1,pkg-004362,7.2.2
1,pkg-004363,8.3.3
1,pkg-004364,9.4.4
1,pkg-004365,1.5.5
1,pkg-004366,2.6.6
1,pkg-004367,3.7.7
1,pkg-004368,4.8.8
1,pkg-004369,5.9.9
1,pkg-004370,6.10.0
1,pkg-004371,7.11.1
1,pkg-004372,8.12.2
1,pkg-004373,9.13.3
1,pkg-004374,1.14.4
1,pkg-004375,2.15.5
1,pkg-004376,3.16.6
1,pkg-004377,4.17.7
1,pkg-004378,5.18.8
1,pkg-004379,6.19.9
1,pkg-004380,7.0.0
1,pkg-004381,8.1.1
1,pkg-004382,9.2.2
1,pkg-004383,1.3.3
1,pkg-004384,2.4.4
1,pkg-004385,3.5.5
1,pkg-004386,4.6.6
1,pkg-004387,5.7.7
1,pkg-004388,6.8.8
1,pkg-004389,7.9.9
1,pkg-004390,8.10.0
1,pkg-004391,9.11.1
1,pkg-004392,1.12.2
1,pkg-004393,2.13.3
1,pkg-004394,3.14.4
1,pkg-004395,4.15.5
1,pkg-004396,5.16.6
1,pkg-004397,6.17.7
1,pkg-004398,7.18.8
1,pkg-004399,8.19.9
1,pkg-004400,9.0.0
1,pkg-004401,1.1.1
1,pkg-004402,2.2.2
1,pkg-004403,3.3.3
1,pkg-004404,4.4.4
1,pkg-004405,5.5.5
1,pkg-004406,6.6.6
1,pkg-004407,7.7.7
1,pkg-004408,8.8.8
1,pkg-004409,9.9.9
1,pkg-004410,1.10.0
1,pkg-004411,2.11.1
1,pkg-004412,3.12.2
1,pkg-004413,4.13.3
1,pkg-004414,5.14.4
1,pkg-004415,6.15.5
1,pkg-004416,7.16.6
1,pkg-004417,8.17.7
1,pkg-004418,9.18.8
1,pkg-004419,1.19.9
1,pkg-004420,2.0.0
1,pkg-004421,3.1.1
1,pkg-004422,4.2.2
1,pkg-004423,5.3.3
1,pkg-004424,6.4.4
1,pkg-004425,7.5.5
1,pkg-004426,8.6.6
1,pkg-004427,9.7.7
1,pkg-004428,1.8.8
1,pkg-004429,2.9.9
1,pkg-004430,3.10.0
1,pkg-004431,4.11.1
1,pkg-004432,5.12.2
1,pkg-004433,6.13.3
1,pkg-004434,7.14.4
1,pkg-004435,8.15.5
1,pkg-004436,9.16.6
1,pkg-004437,1.17.7
1,pkg-004438,2.18.8
1,pkg-004439,3.19.9
1,pkg-004440,4.0.0
1,pkg-004441,5.1.1
1,pkg-004442,6.2.2
1,pkg-004443,7.3.3
1,pkg-004444,8.4.4
1,pkg-004445,9.5.5
1,pkg-004446,1.6.6
1,pkg-004447,2.7.7
1,pkg-004448,3.8.8
1,pkg-004449,4.9.9
1,pkg-004450,5.10.0
1,pkg-004451,6.11.1
1,pkg-004452,7.12.2
1,pkg-004453,8.13.3
1,pkg-004454,9.14.4
1,pkg-004455,1.15.5
1,pkg-004456,2.16.6
1,pkg-004457,3.17.7
1,pkg-004458,4.18.8
1,pkg-004459,5.19.9
1,pkg-004460,6.0.0
1,pkg-004461,7.1.1
1,pkg-004462,8.2.2
1,pkg-004463,9.3.3
1,pkg-004464,1.4.4
1,pkg-004465,2.5.5
1,pkg-004466,3.6.6
1,pkg-004467,4.7.7
1,pkg-004468,5.8.8
1,pkg-004469,6.9.9
1,pkg-004470,7.10.0
1,pkg-004471,8.11.1
1,pkg-004472,9.12.2
1,pkg-004473,1.13.3
1,pkg-004474,2.14.4
1,pkg-004475,3.15.5
1,pkg-004476,4.16.6
1,pkg-004477,5.17.7
1,pkg-004478,6.18.8
1,pkg-004479,7.19.9
1,pkg-004480,8.0.0
1,pkg-004481,9.1.1
1,pkg-004482,1.2.2
1,pkg-004483,2.3.3
1,pkg-004484,3.4.4
1,pkg-004485,4.5.5
1,pkg-004486,5.6.6
1,pkg-004487,6.7.7
1,pkg-004488,7.8.8
1,pkg-004489,8.9.9
1,pkg-004490,9.10.0
1,pkg-004491,1.11.1
1,pkg-004492,2.12.2
1,pkg-004493,3.13.3
1,pkg-004494,4.14.4
1,pkg-004495,5.15.5
1,pkg-004496,6.16.6
1,pkg-004497,7.17.7
1,pkg-004498,8.18.8
1,pkg-004499,9.19.9
1,pkg-004500,1.0.0
1,pkg-004501,2.1.1
1,pkg-004502,3.2.2
1,pkg-004503,4.3.3
1,pkg-004504,5.4.4
1,pkg-004505,6.5.5
1,pkg-004506,7.6.6
1,pkg-004507,8.7.7
1,pkg-004508,9.8.8
1,pkg-004509,1.9.9
1,pkg-004510,2.10.0
1,pkg-004511,3.11.1
1,pkg-004512,4.12.2
1,pkg-004513,5.13.3
1,pkg-004514,6.14.4
1,pkg-004515,7.15.5
1,pkg-004516,8.16.6
1,pkg-004517,9.17.7
1,pkg-004518,1.18.8
1,pkg-004519,2.19.9
1,pkg-004520,3.0.0
1,pkg-004521,4.1.1
1,pkg-004522,5.2.2
1,pkg-004523,6.3.3
1,pkg-004524,7.4.4
1,pkg-004525,8.5.5
1,pkg-004526,9.6.6
1,pkg-004527,1.7.7
1,pkg-004528,2.8.8
1,pkg-004529,3.9.9
1,pkg-004530,4.10.0
1,pkg-004531,5.11.1
1,pkg-004532,6.12.2
1,pkg-004533,7.13.3
1,pkg-004534,8.14.4
1,pkg-004535,9.15.5
1,pkg-004536,1.16.6
1,pkg-004537,2.17.7
1,pkg-004538,3.18.8
1,pkg-004539,4.19.9
1,pkg-004540,5.0.0
1,pkg-004541,6.1.1
1,pkg-004542,7.2.2
1,pkg-004543,8.3.3
1,pkg-004544,9.4.4
1,pkg-004545,1.5.5
1,pkg-004546,2.6.6
1,pkg-004547,3.7.7
1,pkg-004548,4.8.8
1,pkg-004549,5.9.9
1,pkg-004550,6.10.0
1,pkg-004551,7.11.1
1,pkg-004552,8.12.2
1,pkg-004553,9.13.3
1,pkg-004554,1.14.4
1,pkg-004555,2.15.5
1,pkg-004556,3.16.6
1,pkg-004557,4.17.7
1,pkg-004558,5.18.8
1,pkg-004559,6.19.9
1,pkg-004560,7.0.0
1,pkg-004561,8.1.1
1,pkg-004562,9.2.2
1,pkg-004563,1.3.3
1,pkg-004564,2.4.4
1,pkg-004565,3.5.5
1,pkg-004566,4.6.6
1,pkg-004567,5.7.7
1,pkg-004568,6.8.8
1,pkg-004569,7.9.9
1,pkg-004570,8.10.0
1,pkg-004571,9.11.1
1,pkg-004572,1.12.2
1,pkg-004573,2.13.3
1,pkg-004574,3.14.4
1,pkg-004575,4.15.5
1,pkg-004576,5.16.6
1,pkg-004577,6.17.7
1,pkg-004578,7.18.8
1,pkg-004579,8.19.9
1,pkg-004580,9.0.0
1,pkg-004581,1.1.1
1,pkg-004582,2.2.2
1,pkg-004583,3.3.3
1,pkg-004584,4.4.4
1,pkg-004585,5.5.5
1,pkg-004586,6.6.6
1,pkg-004587,7.7.7
1,pkg-004588,8.8.8
1,pkg-004589,9.9.9
1,pkg-004590,1.10.0
1,pkg-004591,2.11.1
1,pkg-004592,3.12.2
1,pkg-004593,4.13.3
1,pkg-004594,5.14.4
1,pkg-004595,6.15.5
1,pkg-004596,7.16.6
1,pkg-004597,8.17.7
1,pkg-004598,9.18.8
1,pkg-004599,1.19.9
1,pkg-004600,2.0.0
1,pkg-004601,3.1.1
1,pkg-004602,4.2.2
1,pkg-004603,5.3.3
1,pkg-004604,6.4.4
1,pkg-004605,7.5.5
1,pkg-004606,8.6.6
1,pkg-004607,9.7.7
1,pkg-004608,1.8.8
1,pkg-004609,2.9.9
1,pkg-004610,3.10.0
1,pkg-004611,4.11.1
1,pkg-004612,5.12.2
1,pkg-004613,6.13.3
1,pkg-004614,7.14.4
1,pkg-004615,8.15.5
1,pkg-004616,9.16.6
1,pkg-004617,1.17.7
1,pkg-004618,2.18.8
1,pkg-004619,3.19.9
1,pkg-004620,4.0.0
1,pkg-004621,5.1.1
1,pkg-004622,6.2.2
1,pkg-004623,7.3.3
1,pkg-004624,8.4.4
1,pkg-004625,9.5.5
1,pkg-004626,1.6.6
1,pkg-004627,2.7.7
1,pkg-004628,3.8.8
1,pkg-004629,4.9.9
1,pkg-004630,5.10.0
1,pkg-004631,6.11.1
1,pkg-004632,7.12.2
1,pkg-004633,8.13.3
1,pkg-004634,9.14.4
1,pkg-004635,1.15.5
1,pkg-004636,2.16.6
1,pkg-004637,3.17.7
1,pkg-004638,4.18.8
1,pkg-004639,5.19.9
1,pkg-004640,6.0.0
1,pkg-004641,7.1.1
1,pkg-004642,8.2.2
1,pkg-004643,9.3.3
1,pkg-004644,1.4.4
1,pkg-004645,2.5.5
1,pkg-004646,3.6.6
1,pkg-004647,4.7.7
1,pkg-004648,5.8.8
1,pkg-004649,6.9.9
1,pkg-004650,7.10.0
1,pkg-004651,8.11.1
1,pkg-004652,9.12.2
1,pkg-004653,1.13.3
1,pkg-004654,2.14.4
1,pkg-004655,3.15.5
1,pkg-004656,4.16.6
1,pkg-004657,5.17.7
1,pkg-004658,6.18.8
1,pkg-004659,7.19.9
1,pkg-004660,8.0.0
1,pkg-004661,9.1.1
1,pkg-004662,1.2.2
1,pkg-004663,2.3.3
1,pkg-004664,3.4.4
1,pkg-004665,4.5.5
1,pkg-004666,5.6.6
1,pkg-004667,6.7.7
1,pkg-004668,7.8.8
1,pkg-004669,8.9.9
1,pkg-004670,9.10.0
1,pkg-004671,1.11.1
1,pkg-004672,2.12.2
1,pkg-004673,3.13.3
1,pkg-004674,4.14.4
1,pkg-004675,5.15.5
1,pkg-004676,6.16.6
1,pkg-004677,7.17.7
1,pkg-004678,8.18.8
1,pkg-004679,9.19.9
1,pkg-004680,1.0.0
1,pkg-004681,2.1.1
1,pkg-004682,3.2.2
1,pkg-004683,4.3.3
1,pkg-004684,5.4.4
1,pkg-004685,6.5.5
1,pkg-004686,7.6.6
1,pkg-004687,8.7.7
1,pkg-004688,9.8.8
1,pkg-004689,1.9.9
1,pkg-004690,2.10.0
1,pkg-004691,3.11.1
1,pkg-004692,4.12.2
1,pkg-004693,5.13.3
1,pkg-004694,6.14.4
1,pkg-004695,7.15.5
1,pkg-004696,8.16.6
1,pkg-004697,9.17.7
1,pkg-004698,1.18.8
1,pkg-004699,2.19.9
1,pkg-004700,3.0.0
1,pkg-004701,4.1.1
1,pkg-004702,5.2.2
1,pkg-004703,6.3.3
1,pkg-004704,7.4.4
1,pkg-004705,8.5.5
1,pkg-004706,9.6.6
1,pkg-004707,1.7.7
1,pkg-004708,2.8.8
1,pkg-004709,3.9.9
1,pkg-004710,4.10.0
1,pkg-004711,5.11.1
1,pkg-004712,6.12.2
1,pkg-004713,7.13.3
1,pkg-004714,8.14.4
1,pkg-004715,9.15.5
1,pkg-004716,1.16.6
1,pkg-004717,2.17.7
1,pkg-004718,3.18.8
1,pkg-004719,4.19.9
1,pkg-004720,5.0.0
1,pkg-004721,6.1.1
1,pkg-004722,7.2.2
1,pkg-004723,8.3.3
1,pkg-004724,9.4.4
1,pkg-004725,1.5.5
1,pkg-004726,2.6.6
1,pkg-004727,3.7.7
1,pkg-004728,4.8.8
1,pkg-004729,5.9.9
1,pkg-004730,6.10.0
1,pkg-004731,7.11.1
1,pkg-004732,8.12.2
1,pkg-004733,9.13.3
1,pkg-004734,1.14.4
1,pkg-004735,2.15.5
1,pkg-004736,3.16.6
1,pkg-004737,4.17.7
1,pkg-004738,5.18.8
1,pkg-004739,6.19.9
1,pkg-004740,7.0.0
1,pkg-004741,8.1.1
1,pkg-004742,9.2.2
1,pkg-004743,1.3.3
1,pkg-004744,2.4.4
1,pkg-004745,3.5.5
1,pkg-004746,4.6.6
1,pkg-004747,5.7.7
1,pkg-004748,6.8.8
1,pkg-004749,7.9.9
1,pkg-004750,8.10.0
1,pkg-004751,9.11.1
1,pkg-004752,1.12.2
1,pkg-004753,2.13.3
1,pkg-004754,3.14.4
1,pkg-004755,4.15.5
1,pkg-004756,5.16.6
1,pkg-004757,6.17.7
1,pkg-004758,7.18.8
1,pkg-004759,8.19.9
1,pkg-004760,9.0.0
1,pkg-004761,1.1.1
1,pkg-004762,2.2.2
1,pkg-004763,3.3.3
1,pkg-004764,4.4.4
1,pkg-004765,5.5.5
1,pkg-004766,6.6.6
1,pkg-004767,7.7.7
1,pkg-004768,8.8.8
1,pkg-004769,9.9.9
1,pkg-004770,1.10.0
1,pkg-004771,2.11.1
1,pkg-004772,3.12.2
1,pkg-004773,4.13.3
1,pkg-004774,5.14.4
1,pkg-004775,6.15.5
1,pkg-004776,7.16.6
1,pkg-004777,8.17.7
1,pkg-004778,9.18.8
1,pkg-004779,1.19.9
1,pkg-004780,2.0.0
1,pkg-004781,3.1.1
1,pkg-004782,4.2.2
1,pkg-004783,5.3.3
1,pkg-004784,6.4.4
1,pkg-004785,7.5.5
1,pkg-004786,8.6.6
1,pkg-004787,9.7.7
1,pkg-004788,1.8.8
1,pkg-004789,2.9.9
1,pkg-004790,3.10.0
1,pkg-004791,4.11.1
1,pkg-004792,5.12.2
1,pkg-004793,6.13.3
1,pkg-004794,7.14.4
1,pkg-004795,8.15.5
1,pkg-004796,9.16.6
1,pkg-004797,1.17.7
1,pkg-004798,2.18.8
1,pkg-004799,3.19.9
1,pkg-004800,4.0.0
1,pkg-004801,5.1.1
1,pkg-004802,6.2.2
1,pkg-004803,7.3.3
1,pkg-004804,8.4.4
1,pkg-004805,9.5.5
1,pkg-004806,1.6.6
1,pkg-004807,2.7.7
1,pkg-004808,3.8.8
1,pkg-004809,4.9.9
1,pkg-004810,5.10.0
1,pkg-004811,6.11.1
1,pkg-004812,7.12.2
1,pkg-004813,8.13.3
1,pkg-004814,9.14.4
1,pkg-004815,1.15.5
1,pkg-004816,2.16.6
1,pkg-004817,3.17.7
1,pkg-004818,4.18.8
1,pkg-004819,5.19.9
1,pkg-004820,6.0.0
1,pkg-004821,7.1.1
1,pkg-004822,8.2.2
1,pkg-004823,9.3.3
1,pkg-004824,1.4.4
1,pkg-004825,2.5.5
1,pkg-004826,3.6.6
1,pkg-004827,4.7.7
1,pkg-004828,5.8.8
1,pkg-004829,6.9.9
1,pkg-004830,7.10.0
1,pkg-004831,8.11.1
1,pkg-004832,9.12.2
1,pkg-004833,1.13.3
1,pkg-004834,2.14.4
1,pkg-004835,3.15.5
1,pkg-004836,4.16.6
1,pkg-004837,5.17.7
1,pkg-004838,6.18.8
1,pkg-004839,7.19.9
1,pkg-004840,8.0.0
1,pkg-004841,9.1.1
1,pkg-004842,1.2.2
1,pkg-004843,2.3.3
1,pkg-004844,3.4.4
1,pkg-004845,4.5.5
1,pkg-004846,5.6.6
1,pkg-004847,6.7.7
1,pkg-004848,7.8.8
1,pkg-004849,8.9.9
1,pkg-004850,9.10.0
1,pkg-004851,1.11.1
1,pkg-004852,2.12.2
1,pkg-004853,3.13.3
1,pkg-004854,4.14.4
1,pkg-004855,5.15.5
1,pkg-004856,6.16.6
1,pkg-004857,7.17.7
1,pkg-004858,8.18.8
1,pkg-004859,9.19.9
1,pkg-004860,1.0.0
1,pkg-004861,2.1.1
1,pkg-004862,3.2.2
1,pkg-004863,4.3.3
1,pkg-004864,5.4.4
1,pkg-004865,6.5.5
1,pkg-004866,7.6.6
1,pkg-004867,8.7.7
1,pkg-004868,9.8.8
1,pkg-004869,1.9.9
1,pkg-004870,2.10.0
1,pkg-004871,3.11.1
1,pkg-004872,4.12.2
1,pkg-004873,5.13.3
1,pkg-004874,6.14.4
1,pkg-004875,7.15.5
1,pkg-004876,8.16.6
1,pkg-004877,9.17.7
1,pkg-004878,1.18.8
1,pkg-004879,2.19.9
1,pkg-004880,3.0.0
1,pkg-004881,4.1.1
1,pkg-004882,5.2.2
1,pkg-004883,6.3.3
1,pkg-004884,7.4.4
1,pkg-004885,8.5.5
1,pkg-004886,9.6.6
1,pkg-004887,1.7.7
1,pkg-004888,2.8.8
1,pkg-004889,3.9.9
1,pkg-004890,4.10.0
1,pkg-004891,5.11.1
1,pkg-004892,6.12.2
1,pkg-004893,7.13.3
1,pkg-004894,8.14.4
1,pkg-004895,9.15.5
1,pkg-004896,1.16.6
1,pkg-004897,2.17.7
1,pkg-004898,3.18.8
1,pkg-004899,4.19.9
1,pkg-004900,5.0.0
1,pkg-004901,6.1.1
1,pkg-004902,7.2.2
1,pkg-004903,8.3.3
1,pkg-004904,9.4.4
1,pkg-004905,1.5.5
1,pkg-004906,2.6.6
1,pkg-004907,3.7.7
1,pkg-004908,4.8.8
1,pkg-004909,5.9.9
1,pkg-004910,6.10.0
1,pkg-004911,7.11.1
1,pkg-004912,8.12.2
1,pkg-004913,9.13.3
1,pkg-004914,1.14.4
1,pkg-004915,2.15.5
1,pkg-004916,3.16.6
1,pkg-004917,4.17.7
1,pkg-004918,5.18.8
1,pkg-004919,6.19.9
1,pkg-004920,7.0.0
1,pkg-004921,8.1.1
1,pkg-004922,9.2.2
1,pkg-004923,1.3.3
1,pkg-004924,2.4.4
1,pkg-004925,3.5.5
1,pkg-004926,4.6.6
1,pkg-004927,5.7.7
1,pkg-004928,6.8.8
1,pkg-004929,7.9.9
1,pkg-004930,8.10.0
1,pkg-004931,9.11.1
1,pkg-004932,1.12.2
1,pkg-004933,2.13.3
1,pkg-004934,3.14.4
1,pkg-004935,4.15.5
1,pkg-004936,5.16.6
1,pkg-004937,6.17.7
1,pkg-004938,7.18.8
1,pkg-004939,8.19.9
1,pkg-004940,9.0.0
1,pkg-004941,1.1.1
1,pkg-004942,2.2.2
1,pkg-004943,3.3.3
1,pkg-004944,4.4.4
1,pkg-004945,5.5.5
1,pkg-004946,6.6.6
1,pkg-004947,7.7.7
1,pkg-004948,8.8.8
1,pkg-004949,9.9.9
1,pkg-004950,1.10.0
1,pkg-004951,2.11.1
1,pkg-004952,3.12.2
1,pkg-004953,4.13.3
1,pkg-004954,5.14.4
1,pkg-004955,6.15.5
1,pkg-004956,7.16.6
1,pkg-004957,8.17.7
1,pkg-004958,9.18.8
1,pkg-004959,1.19.9
1,pkg-004960,2.0.0
1,pkg-004961,3.1.1
1,pkg-004962,4.2.2
1,pkg-004963,5.3.3
1,pkg-004964,6.4.4
1,pkg-004965,7.5.5
1,pkg-004966,8.6.6
1,pkg-004967,9.7.7
1,pkg-004968,1.8.8
1,pkg-004969,2.9.9
1,pkg-004970,3.10.0
1,pkg-004971,4.11.1
1,pkg-004972,5.12.2
1,pkg-004973,6.13.3
1,pkg-004974,7.14.4
1,pkg-004975,8.15.5
1,pkg-004976,9.16.6
1,pkg-004977,1.17.7
1,pkg-004978,2.18.8
1,pkg-004979,3.19.9
1,pkg-004980,4.0.0
1,pkg-004981,5.1.1
1,pkg-004982,6.2.2
1,pkg-004983,7.3.3
1,pkg-004984,8.4.4
1,pkg-004985,9.5.5
1,pkg-004986,1.6.6
1,pkg-004987,2.7.7
1,pkg-004988,3.8.8
1,pkg-004989,4.9.9
1,pkg-004990,5.10.0
1,pkg-004991,6.11.1
1,pkg-004992,7.12.2
1,pkg-004993,8.13.3
1,pkg-004994,9.14.4
1,pkg-004995,1.15.5
1,pkg-004996,2.16.6
1,pkg-004997,3.17.7
1,pkg-004998,4.18.8
1,pkg-004999,5.19.9
1,pkg-005000,6.0.0
1,pkg-005001,7.1.1
1,pkg-005002,8.2.2
1,pkg-005003,9.3.3
1,pkg-005004,1.4.4
1,pkg-005005,2.5.5
1,pkg-005006,3.6.6
1,pkg-005007,4.7.7
1,pkg-005008,5.8.8
1,pkg-005009,6.9.9
1,pkg-005010,7.10.0
1,pkg-005011,8.11.1
1,pkg-005012,9.12.2
1,pkg-005013,1.13.3
1,pkg-005014,2.14.4
1,pkg-005015,3.15.5
1,pkg-005016,4.16.6
1,pkg-005017,5.17.7
1,pkg-005018,6.18.8
1,pkg-005019,7.19.9
1,pkg-005020,8.0.0
1,pkg-005021,9.1.1
1,pkg-005022,1.2.2
1,pkg-005023,2.3.3
1,pkg-005024,3.4.4
1,pkg-005025,4.5.5
1,pkg-005026,5.6.6
1,pkg-005027,6.7.7
1,pkg-005028,7.8.8
1,pkg-005029,8.9.9
1,pkg-005030,9.10.0
1,pkg-005031,1.11.1
1,pkg-005032,2.12.2
1,pkg-005033,3.13.3
1,pkg-005034,4.14.4
1,pkg-005035,5.15.5
1,pkg-005036,6.16.6
1,pkg-005037,7.17.7
1,pkg-005038,8.18.8
1,pkg-005039,9.19.9
1,pkg-005040,1.0.0
1,pkg-005041,2.1.1
1,pkg-005042,3.2.2
1,pkg-005043,4.3.3
1,pkg-005044,5.4.4
1,pkg-005045,6.5.5
1,pkg-005046,7.6.6
1,pkg-005047,8.7.7
1,pkg-005048,9.8.8
1,pkg-005049,1.9.9
1,pkg-005050,2.10.0
1,pkg-005051,3.11.1
1,pkg-005052,4.12.2
1,pkg-005053,5.13.3
1,pkg-005054,6.14.4
1,pkg-005055,7.15.5
1,pkg-005056,8.16.6
1,pkg-005057,9.17.7
1,pkg-005058,1.18.8
1,pkg-005059,2.19.9
1,pkg-005060,3.0.0
1,pkg-005061,4.1.1
1,pkg-005062,5.2.2
1,pkg-005063,6.3.3
1,pkg-005064,7.4.4
1,pkg-005065,8.5.5
1,pkg-005066,9.6.6
1,pkg-005067,1.7.7
1,pkg-005068,2.8.8
1,pkg-005069,3.9.9
1,pkg-005070,4.10.0
1,pkg-005071,5.11.1
1,pkg-005072,6.12.2
1,pkg-005073,7.13.3
1,pkg-005074,8.14.4
1,pkg-005075,9.15.5
1,pkg-005076,1.16.6
1,pkg-005077,2.17.7
1,pkg-005078,3.18.8
1,pkg-005079,4.19.9
1,pkg-005080,5.0.0
1,pkg-005081,6.1.1
1,pkg-005082,7.2.2
1,pkg-005083,8.3.3
1,pkg-005084,9.4.4
1,pkg-005085,1.5.5
1,pkg-005086,2.6.6
1,pkg-005087,3.7.7
1,pkg-005088,4.8.8
1,pkg-005089,5.9.9
1,pkg-005090,6.10.0
1,pkg-005091,7.11.1
1,pkg-005092,8.12.2
1,pkg-005093,9.13.3
1,pkg-005094,1.14.4
1,pkg-005095,2.15.5
1,pkg-005096,3.16.6
1,pkg-005097,4.17.7
1,pkg-005098,5.18.8
1,pkg-005099,6.19.9
1,pkg-005100,7.0.0
1,pkg-005101,8.1.1
1,pkg-005102,9.2.2
1,pkg-005103,1.3.3
1,pkg-005104,2.4.4
1,pkg-005105,3.5.5
1,pkg-005106,4.6.6
1,pkg-005107,5.7.7
1,pkg-005108,6.8.8
1,pkg-005109,7.9.9
1,pkg-005110,8.10.0
1,pkg-005111,9.11.1
1,pkg-005112,1.12.2
1,pkg-005113,2.13.3
1,pkg-005114,3.14.4
1,pkg-005115,4.15.5
1,pkg-005116,5.16.6
1,pkg-005117,6.17.7
1,pkg-005118,7.18.8
1,pkg-005119,8.19.9
1,pkg-005120,9.0.0
1,pkg-005121,1.1.1
1,pkg-005122,2.2.2
1,pkg-005123,3.3.3
1,pkg-005124,4.4.4
1,pkg-005125,5.5.5
1,pkg-005126,6.6.6
1,pkg-005127,7.7.7
1,pkg-005128,8.8.8
1,pkg-005129,9.9.9
1,pkg-005130,1.10.0
1,pkg-005131,2.11.1
1,pkg-005132,3.12.2
1,pkg-005133,4.13.3
1,pkg-005134,5.14.4
1,pkg-005135,6.15.5
1,pkg-005136,7.16.6
1,pkg-005137,8.17.7
1,pkg-005138,9.18.8
1,pkg-005139,1.19.9
1,pkg-005140,2.0.0
1,pkg-005141,3.1.1
1,pkg-005142,4.2.2
1,pkg-005143,5.3.3
1,pkg-005144,6.4.4
1,pkg-005145,7.5.5
1,pkg-005146,8.6.6
1,pkg-005147,9.7.7
1,pkg-005148,1.8.8
1,pkg-005149,2.9.9
1,pkg-005150,3.10.0
1,pkg-005151,4.11.1
1,pkg-005152,5.12.2
1,pkg-005153,6.13.3
1,pkg-005154,7.14.4
1,pkg-005155,8.15.5
1,pkg-005156,9.16.6
1,pkg-005157,1.17.7
1,pkg-005158,2.18.8
1,pkg-005159,3.19.9
1,pkg-005160,4.0.0
1,pkg-005161,5.1.1
1,pkg-005162,6.2.2
1,pkg-005163,7.3.3
1,pkg-005164,8.4.4
1,pkg-005165,9.5.5
1,pkg-005166,1.6.6
1,pkg-005167,2.7.7
1,pkg-005168,3.8.8
1,pkg-005169,4.9.9
1,pkg-005170,5.10.0
1,pkg-005171,6.11.1
1,pkg-005172,7.12.2
1,pkg-005173,8.13.3
1,pkg-005174,9.14.4
1,pkg-005175,1.15.5
1,pkg-005176,2.16.6
1,pkg-005177,3.17.7
1,pkg-005178,4.18.8
1,pkg-005179,5.19.9
1,pkg-005180,6.0.0
1,pkg-005181,7.1.1
1,pkg-005182,8.2.2
1,pkg-005183,9.3.3
1,pkg-005184,1.4.4
1,pkg-005185,2.5.5
1,pkg-005186,3.6.6
1,pkg-005187,4.7.7
1,pkg-005188,5.8.8
1,pkg-005189,6.9.9
1,pkg-005190,7.10.0
1,pkg-005191,8.11.1
1,pkg-005192,9.12.2
1,pkg-005193,1.13.3
1,pkg-005194,2.14.4
1,pkg-005195,3.15.5
1,pkg-005196,4.16.6
1,pkg-005197,5.17.7
1,pkg-005198,6.18.8
1,pkg-005199,7.19.9
1,pkg-005200,8.0.0
1,pkg-005201,9.1.1
1,pkg-005202,1.2.2
1,pkg-005203,2.3.3
1,pkg-005204,3.4.4
1,pkg-005205,4.5.5
1,pkg-005206,5.6.6
1,pkg-005207,6.7.7
1,pkg-005208,7.8.8
1,pkg-005209,8.9.9
1,pkg-005210,9.10.0
1,pkg-005211,1.11.1
1,pkg-005212,2.12.2
1,pkg-005213,3.13.3
1,pkg-005214,4.14.4
1,pkg-005215,5.15.5
1,pkg-005216,6.16.6
1,pkg-005217,7.17.7
1,pkg-005218,8.18.8
1,pkg-005219,9.19.9
1,pkg-005220,1.0.0
1,pkg-005221,2.1.1
1,pkg-005222,3.2.2
1,pkg-005223,4.3.3
1,pkg-005224,5.4.4
1,pkg-005225,6.5.5
1,pkg-005226,7.6.6
1,pkg-005227,8.7.7
1,pkg-005228,9.8.8
1,pkg-005229,1.9.9
1,pkg-005230,2.10.0
1,pkg-005231,3.11.1
1,pkg-005232,4.12.2
1,pkg-005233,5.13.3
1,pkg-005234,6.14.4
1,pkg-005235,7.15.5
1,pkg-005236,8.16.6
1,pkg-005237,9.17.7
1,pkg-005238,1.18.8
1,pkg-005239,2.19.9
1,pkg-005240,3.0.0
1,pkg-005241,4.1.1
1,pkg-005242,5.2.2
1,pkg-005243,6.3.3
1,pkg-005244,7.4.4
1,pkg-005245,8.5.5
1,pkg-005246,9.6.6
1,pkg-005247,1.7.7
1,pkg-005248,2.8.8
1,pkg-005249,3.9.9
1,pkg-005250,4.10.0
1,pkg-005251,5.11.1
1,pkg-005252,6.12.2
1,pkg-005253,7.13.3
1,pkg-005254,8.14.4
1,pkg-005255,9.15.5
1,pkg-005256,1.16.6
1,pkg-005257,2.17.7
1,pkg-005258,3.18.8
1,pkg-005259,4.19.9
1,pkg-005260,5.0.0
1,pkg-005261,6.1.1
1,pkg-005262,7.2.2
1,pkg-005263,8.3.3
1,pkg-005264,9.4.4
1,pkg-005265,1.5.5
1,pkg-005266,2.6.6
1,pkg-005267,3.7.7
1,pkg-005268,4.8.8
1,pkg-005269,5.9.9
1,pkg-005270,6.10.0
1,pkg-005271,7.11.1
1,pkg-005272,8.12.2
1,pkg-005273,9.13.3
1,pkg-005274,1.14.4
1,pkg-005275,2.15.5
1,pkg-005276,3.16.6
1,pkg-005277,4.17.7
1,pkg-005278,5.18.8
1,pkg-005279,6.19.9
1,pkg-005280,7.0.0
1,pkg-005281,8.1.1
1,pkg-005282,9.2.2
1,pkg-005283,1.3.3
1,pkg-005284,2.4.4
1,pkg-005285,3.5.5
1,pkg-005286,4.6.6
1,pkg-005287,5.7.7
1,pkg-005288,6.8.8
1,pkg-005289,7.9.9
1,pkg-005290,8.10.0
1,pkg-005291,9.11.1
1,pkg-005292,1.12.2
1,pkg-005293,2.13.3
1,pkg-005294,3.14.4
1,pkg-005295,4.15.5
1,pkg-005296,5.16.6
1,pkg-005297,6.17.7
1,pkg-005298,7.18.8
1,pkg-005299,8.19.9
1,pkg-005300,9.0.0
1,pkg-005301,1.1.1
1,pkg-005302,2.2.2
1,pkg-005303,3.3.3
1,pkg-005304,4.4.4
1,pkg-005305,5.5.5
1,pkg-005306,6.6.6
1,pkg-005307,7.7.7
1,pkg-005308,8.8.8
1,pkg-005309,9.9.9
1,pkg-005310,1.10.0
1,pkg-005311,2.11.1
1,pkg-005312,3.12.2
1,pkg-005313,4.13.3
1,pkg-005314,5.14.4
1,pkg-005315,6.15.5
1,pkg-005316,7.16.6
1,pkg-005317,8.17.7
1,pkg-005318,9.18.8
1,pkg-005319,1.19.9
1,pkg-005320,2.0.0
1,pkg-005321,3.1.1
1,pkg-005322,4.2.2
1,pkg-005323,5.3.3
1,pkg-005324,6.4.4
1,pkg-005325,7.5.5
1,pkg-005326,8.6.6
1,pkg-005327,9.7.7
1,pkg-005328,1.8.8
1,pkg-005329,2.9.9
1,pkg-005330,3.10.0
1,pkg-005331,4.11.1
1,pkg-005332,5.12.2
1,pkg-005333,6.13.3
1,pkg-005334,7.14.4
1,pkg-005335,8.15.5
1,pkg-005336,9.16.6
1,pkg-005337,1.17.7
1,pkg-005338,2.18.8
1,pkg-005339,3.19.9
1,pkg-005340,4.0.0
1,pkg-005341,5.1.1
1,pkg-005342,6.2.2
1,pkg-005343,7.3.3
1,pkg-005344,8.4.4
1,pkg-005345,9.5.5
1,pkg-005346,1.6.6
1,pkg-005347,2.7.7
1,pkg-005348,3.8.8
1,pkg-005349,4.9.9
1,pkg-005350,5.10.0
1,pkg-005351,6.11.1
1,pkg-005352,7.12.2
1,pkg-005353,8.13.3
1,pkg-005354,9.14.4
1,pkg-005355,1.15.5
1,pkg-005356,2.16.6
1,pkg-005357,3.17.7
1,pkg-005358,4.18.8
1,pkg-005359,5.19.9
1,pkg-005360,6.0.0
1,pkg-005361,7.1.1
1,pkg-005362,8.2.2
1,pkg-005363,9.3.3
1,pkg-005364,1.4.4
1,pkg-005365,2.5.5
1,pkg-005366,3.6.6
1,pkg-005367,4.7.7
1,pkg-005368,5.8.8
1,pkg-005369,6.9.9
1,pkg-005370,7.10.0
1,pkg-005371,8.11.1
1,pkg-005372,9.12.2
1,pkg-005373,1.13.3
1,pkg-005374,2.14.4
1,pkg-005375,3.15.5
1,pkg-005376,4.16.6
1,pkg-005377,5.17.7
1,pkg-005378,6.18.8
1,pkg-005379,7.19.9
1,pkg-005380,8.0.0
1,pkg-005381,9.1.1
1,pkg-005382,1.2.2
1,pkg-005383,2.3.3
1,pkg-005384,3.4.4
1,pkg-005385,4.5.5
1,pkg-005386,5.6.6
1,pkg-005387,6.7.7
1,pkg-005388,7.8.8
1,pkg-005389,8.9.9
1,pkg-005390,9.10.0
1,pkg-005391,1.11.1
1,pkg-005392,2.12.2
1,pkg-005393,3.13.3
1,pkg-005394,4.14.4
1,pkg-005395,5.15.5
1,pkg-005396,6.16.6
1,pkg-005397,7.17.7
1,pkg-005398,8.18.8
1,pkg-005399,9.19.9
1,pkg-005400,1.0.0
1,pkg-005401,2.1.1
1,pkg-005402,3.2.2
1,pkg-005403,4.3.3
1,pkg-005404,5.4.4
1,pkg-005405,6.5.5
1,pkg-005406,7.6.6
1,pkg-005407,8.7.7
1,pkg-005408,9.8.8
1,pkg-005409,1.9.9
1,pkg-005410,2.10.0
1,pkg-005411,3.11.1
1,pkg-005412,4.12.2
1,pkg-005413,5.13.3
1,pkg-005414,6.14.4
1,pkg-005415,7.15.5
1,pkg-005416,8.16.6
1,pkg-005417,9.17.7
1,pkg-005418,1.18.8
1,pkg-005419,2.19.9
1,pkg-005420,3.0.0
1,pkg-005421,4.1.1
1,pkg-005422,5.2.2
1,pkg-005423,6.3.3
1,pkg-005424,7.4.4
1,pkg-005425,8.5.5
1,pkg-005426,9.6.6
1,pkg-005427,1.7.7
1,pkg-005428,2.8.8
1,pkg-005429,3.9.9
1,pkg-005430,4.10.0
1,pkg-005431,5.11.1
1,pkg-005432,6.12.2
1,pkg-005433,7.13.3
1,pkg-005434,8.14.4
1,pkg-005435,9.15.5
1,pkg-005436,1.16.6
1,pkg-005437,2.17.7
1,pkg-005438,3.18.8
1,pkg-005439,4.19.9
1,pkg-005440,5.0.0
1,pkg-005441,6.1.1
1,pkg-005442,7.2.2
1,pkg-005443,8.3.3
1,pkg-005444,9.4.4
1,pkg-005445,1.5.5
1,pkg-005446,2.6.6
1,pkg-005447,3.7.7
1,pkg-005448,4.8.8
1,pkg-005449,5.9.9
1,pkg-005450,6.10.0
1,pkg-005451,7.11.1
1,pkg-005452,8.12.2
1,pkg-005453,9.13.3
1,pkg-005454,1.14.4
1,pkg-005455,2.15.5
1,pkg-005456,3.16.6
1,pkg-005457,4.17.7
1,pkg-005458,5.18.8
1,pkg-005459,6.19.9
1,pkg-005460,7.0.0
1,pkg-005461,8.1.1
1,pkg-005462,9.2.2
1,pkg-005463,1.3.3
1,pkg-005464,2.4.4
1,pkg-005465,3.5.5
1,pkg-005466,4.6.6
1,pkg-005467,5.7.7
1,pkg-005468,6.8.8
1,pkg-005469,7.9.9
1,pkg-005470,8.10.0
1,pkg-005471,9.11.1
1,pkg-005472,1.12.2
1,pkg-005473,2.13.3
1,pkg-005474,3.14.4
1,pkg-005475,4.15.5
1,pkg-005476,5.16.6
1,pkg-005477,6.17.7
1,pkg-005478,7.18.8
1,pkg-005479,8.19.9
1,pkg-005480,9.0.0
1,pkg-005481,1.1.1
1,pkg-005482,2.2.2
1,pkg-005483,3.3.3
1,pkg-005484,4.4.4
1,pkg-005485,5.5.5
1,pkg-005486,6.6.6
1,pkg-005487,7.7.7
1,pkg-005488,8.8.8
1,pkg-005489,9.9.9
1,pkg-005490,1.10.0
1,pkg-005491,2.11.1
1,pkg-005492,3.12.2
1,pkg-005493,4.13.3
1,pkg-005494,5.14.4
1,pkg-005495,6.15.5
1,pkg-005496,7.16.6
1,pkg-005497,8.17.7
1,pkg-005498,9.18.8
1,pkg-005499,1.19.9
1,pkg-005500,2.0.0
1,pkg-005501,3.1.1
1,pkg-005502,4.2.2
1,pkg-005503,5.3.3
1,pkg-005504,6.4.4
1,pkg-005505,7.5.5
1,pkg-005506,8.6.6
1,pkg-005507,9.7.7
1,pkg-005508,1.8.8
1,pkg-005509,2.9.9
1,pkg-005510,3.10.0
1,pkg-005511,4.11.1
1,pkg-005512,5.12.2
1,pkg-005513,6.13.3
1,pkg-005514,7.14.4
1,pkg-005515,8.15.5
1,pkg-005516,9.16.6
1,pkg-005517,1.17.7
1,pkg-005518,2.18.8
1,pkg-005519,3.19.9
1,pkg-005520,4.0.0
1,pkg-005521,5.1.1
1,pkg-005522,6.2.2
1,pkg-005523,7.3.3
1,pkg-005524,8.4.4
1,pkg-005525,9.5.5
1,pkg-005526,1.6.6
1,pkg-005527,2.7.7
1,pkg-005528,3.8.8
1,pkg-005529,4.9.9
1,pkg-005530,5.10.0
1,pkg-005531,6.11.1
1,pkg-005532,7.12.2
1,pkg-005533,8.13.3
1,pkg-005534,9.14.4
1,pkg-005535,1.15.5
1,pkg-005536,2.16.6
1,pkg-005537,3.17.7
1,pkg-005538,4.18.8
1,pkg-005539,5.19.9
1,pkg-005540,6.0.0
1,pkg-005541,7.1.1
1,pkg-005542,8.2.2
1,pkg-005543,9.3.3
1,pkg-005544,1.4.4
1,pkg-005545,2.5.5
1,pkg-005546,3.6.6
1,pkg-005547,4.7.7
1,pkg-005548,5.8.8
1,pkg-005549,6.9.9
1,pkg-005550,7.10.0
1,pkg-005551,8.11.1
1,pkg-005552,9.12.2
1,pkg-005553,1.13.3
1,pkg-005554,2.14.4
1,pkg-005555,3.15.5
1,pkg-005556,4.16.6
1,pkg-005557,5.17.7
1,pkg-005558,6.18.8
1,pkg-005559,7.19.9
1,pkg-005560,8.0.0
1,pkg-005561,9.1.1
1,pkg-005562,1.2.2
1,pkg-005563,2.3.3
1,pkg-005564,3.4.4
1,pkg-005565,4.5.5
1,pkg-005566,5.6.6
1,pkg-005567,6.7.7
1,pkg-005568,7.8.8
1,pkg-005569,8.9.9
1,pkg-005570,9.10.0
1,pkg-005571,1.11.1
1,pkg-005572,2.12.2
1,pkg-005573,3.13.3
1,pkg-005574,4.14.4
1,pkg-005575,5.15.5
1,pkg-005576,6.16.6
1,pkg-005577,7.17.7
1,pkg-005578,8.18.8
1,pkg-005579,9.19.9
1,pkg-005580,1.0.0
1,pkg-005581,2.1.1
1,pkg-005582,3.2.2
1,pkg-005583,4.3.3
1,pkg-005584,5.4.4
1,pkg-005585,6.5.5
1,pkg-005586,7.6.6
1,pkg-005587,8.7.7
1,pkg-005588,9.8.8
1,pkg-005589,1.9.9
1,pkg-005590,2.10.0
1,pkg-005591,3.11.1
1,pkg-005592,4.12.2
1,pkg-005593,5.13.3
1,pkg-005594,6.14.4
1,pkg-005595,7.15.5
1,pkg-005596,8.16.6
1,pkg-005597,9.17.7
1,pkg-005598,1.18.8
1,pkg-005599,2.19.9
1,pkg-005600,3.0.0
1,pkg-005601,4.1.1
1,pkg-005602,5.2.2
1,pkg-005603,6.3.3
1,pkg-005604,7.4.4
1,pkg-005605,8.5.5
1,pkg-005606,9.6.6
1,pkg-005607,1.7.7
1,pkg-005608,2.8.8
1,pkg-005609,3.9.9
1,pkg-005610,4.10.0
1,pkg-005611,5.11.1
1,pkg-005612,6.12.2
1,pkg-005613,7.13.3
1,pkg-005614,8.14.4
1,pkg-005615,9.15.5
1,pkg-005616,1.16.6
1,pkg-005617,2.17.7
1,pkg-005618,3.18.8
1,pkg-005619,4.19.9
1,pkg-005620,5.0.0
1,pkg-005621,6.1.1
1,pkg-005622,7.2.2
1,pkg-005623,8.3.3
1,pkg-005624,9.4.4
1,pkg-005625,1.5.5
1,pkg-005626,2.6.6
1,pkg-005627,3.7.7
1,pkg-005628,4.8.8
1,pkg-005629,5.9.9
1,pkg-005630,6.10.0
1,pkg-005631,7.11.1
1,pkg-005632,8.12.2
1,pkg-005633,9.13.3
1,pkg-005634,1.14.4
1,pkg-005635,2.15.5
1,pkg-005636,3.16.6
1,pkg-005637,4.17.7
1,pkg-005638,5.18.8
1,pkg-005639,6.19.9
1,pkg-005640,7.0.0
1,pkg-005641,8.1.1
1,pkg-005642,9.2.2
1,pkg-005643,1.3.3
1,pkg-005644,2.4.4
1,pkg-005645,3.5.5
1,pkg-005646,4.6.6
1,pkg-005647,5.7.7
1,pkg-005648,6.8.8
1,pkg-005649,7.9.9
1,pkg-005650,8.10.0
1,pkg-005651,9.11.1
1,pkg-005652,1.12.2
1,pkg-005653,2.13.3
1,pkg-005654,3.14.4
1,pkg-005655,4.15.5
1,pkg-005656,5.16.6
1,pkg-005657,6.17.7
1,pkg-005658,7.18.8
1,pkg-005659,8.19.9
1,pkg-005660,9.0.0
1,pkg-005661,1.1.1
1,pkg-005662,2.2.2
1,pkg-005663,3.3.3
1,pkg-005664,4.4.4
1,pkg-005665,5.5.5
1,pkg-005666,6.6.6
1,pkg-005667,7.7.7
1,pkg-005668,8.8.8
1,pkg-005669,9.9.9
1,pkg-005670,1.10.0
1,pkg-005671,2.11.1
1,pkg-005672,3.12.2
1,pkg-005673,4.13.3
1,pkg-005674,5.14.4
1,pkg-005675,6.15.5
1,pkg-005676,7.16.6
1,pkg-005677,8.17.7
1,pkg-005678,9.18.8
1,pkg-005679,1.19.9
1,pkg-005680,2.0.0
1,pkg-005681,3.1.1
1,pkg-005682,4.2.2
1,pkg-005683,5.3.3
1,pkg-005684,6.4.4
1,pkg-005685,7.5.5
1,pkg-005686,8.6.6
1,pkg-005687,9.7.7
1,pkg-005688,1.8.8
1,pkg-005689,2.9.9
1,pkg-005690,3.10.0
1,pkg-005691,4.11.1
1,pkg-005692,5.12.2
1,pkg-005693,6.13.3
1,pkg-005694,7.14.4
1,pkg-005695,8.15.5
1,pkg-005696,9.16.6
1,pkg-005697,1.17.7
1,pkg-005698,2.18.8
1,pkg-005699,3.19.9
1,pkg-005700,4.0.0
1,pkg-005701,5.1.1
1,pkg-005702,6.2.2
1,pkg-005703,7.3.3
1,pkg-005704,8.4.4
1,pkg-005705,9.5.5
1,pkg-005706,1.6.6
1,pkg-005707,2.7.7
1,pkg-005708,3.8.8
1,pkg-005709,4.9.9
1,pkg-005710,5.10.0
1,pkg-005711,6.11.1
1,pkg-005712,7.12.2
1,pkg-005713,8.13.3
1,pkg-005714,9.14.4
1,pkg-005715,1.15.5
1,pkg-005716,2.16.6
1,pkg-005717,3.17.7
1,pkg-005718,4.18.8
1,pkg-005719,5.19.9
1,pkg-005720,6.0.0
1,pkg-005721,7.1.1
1,pkg-005722,8.2.2
1,pkg-005723,9.3.3
1,pkg-005724,1.4.4
1,pkg-005725,2.5.5
1,pkg-005726,3.6.6
1,pkg-005727,4.7.7
1,pkg-005728,5.8.8
1,pkg-005729,6.9.9
1,pkg-005730,7.10.0
1,pkg-005731,8.11.1
1,pkg-005732,9.12.2
1,pkg-005733,1.13.3
1,pkg-005734,2.14.4
1,pkg-005735,3.15.5
1,pkg-005736,4.16.6
1,pkg-005737,5.17.7
1,pkg-005738,6.18.8
1,pkg-005739,7.19.9
1,pkg-005740,8.0.0
1,pkg-005741,9.1.1
1,pkg-005742,1.2.2
1,pkg-005743,2.3.3
1,pkg-005744,3.4.4
1,pkg-005745,4.5.5
1,pkg-005746,5.6.6
1,pkg-005747,6.7.7
1,pkg-005748,7.8.8
1,pkg-005749,8.9.9
1,pkg-005750,9.10.0
1,pkg-005751,1.11.1
1,pkg-005752,2.12.2
1,pkg-005753,3.13.3
1,pkg-005754,4.14.4
1,pkg-005755,5.15.5
1,pkg-005756,6.16.6
1,pkg-005757,7.17.7
1,pkg-005758,8.18.8
1,pkg-005759,9.19.9
1,pkg-005760,1.0.0
1,pkg-005761,2.1.1
1,pkg-005762,3.2.2
1,pkg-005763,4.3.3
1,pkg-005764,5.4.4
1,pkg-005765,6.5.5
1,pkg-005766,7.6.6
1,pkg-005767,8.7.7
1,pkg-005768,9.8.8
1,pkg-005769,1.9.9
1,pkg-005770,2.10.0
1,pkg-005771,3.11.1
1,pkg-005772,4.12.2
1,pkg-005773,5.13.3
1,pkg-005774,6.14.4
1,pkg-005775,7.15.5
1,pkg-005776,8.16.6
1,pkg-005777,9.17.7
1,pkg-005778,1.18.8
1,pkg-005779,2.19.9
1,pkg-005780,3.0.0
1,pkg-005781,4.1.1
1,pkg-005782,5.2.2
1,pkg-005783,6.3.3
1,pkg-005784,7.4.4
1,pkg-005785,8.5.5
1,pkg-005786,9.6.6
1,pkg-005787,1.7.7
1,pkg-005788,2.8.8
1,pkg-005789,3.9.9
1,pkg-005790,4.10.0
1,pkg-005791,5.11.1
1,pkg-005792,6.12.2
1,pkg-005793,7.13.3
1,pkg-005794,8.14.4
1,pkg-005795,9.15.5
1,pkg-005796,1.16.6
1,pkg-005797,2.17.7
1,pkg-005798,3.18.8
1,pkg-005799,4.19.9
1,pkg-005800,5.0.0
1,pkg-005801,6.1.1
1,pkg-005802,7.2.2
1,pkg-005803,8.3.3
1,pkg-005804,9.4.4
1,pkg-005805,1.5.5
1,pkg-005806,2.6.6
1,pkg-005807,3.7.7
1,pkg-005808,4.8.8
1,pkg-005809,5.9.9
1,pkg-005810,6.10.0
1,pkg-005811,7.11.1
1,pkg-005812,8.12.2
1,pkg-005813,9.13.3
1,pkg-005814,1.14.4
1,pkg-005815,2.15.5
1,pkg-005816,3.16.6
1,pkg-005817,4.17.7
1,pkg-005818,5.18.8
1,pkg-005819,6.19.9
1,pkg-005820,7.0.0
1,pkg-005821,8.1.1
1,pkg-005822,9.2.2
1,pkg-005823,1.3.3
1,pkg-005824,2.4.4
1,pkg-005825,3.5.5
1,pkg-005826,4.6.6
1,pkg-005827,5.7.7
1,pkg-005828,6.8.8
1,pkg-005829,7.9.9
1,pkg-005830,8.10.0
1,pkg-005831,9.11.1
1,pkg-005832,1.12.2
1,pkg-005833,2.13.3
1,pkg-005834,3.14.4
1,pkg-005835,4.15.5
1,pkg-005836,5.16.6
1,pkg-005837,6.17.7
1,pkg-005838,7.18.8
1,pkg-005839,8.19.9
1,pkg-005840,9.0.0
1,pkg-005841,1.1.1
1,pkg-005842,2.2.2
1,pkg-005843,3.3.3
1,pkg-005844,4.4.4
1,pkg-005845,5.5.5
1,pkg-005846,6.6.6
1,pkg-005847,7.7.7
1,pkg-005848,8.8.8
1,pkg-005849,9.9.9
1,pkg-005850,1.10.0
1,pkg-005851,2.11.1
1,pkg-005852,3.12.2
1,pkg-005853,4.13.3
1,pkg-005854,5.14.4
1,pkg-005855,6.15.5
1,pkg-005856,7.16.6
1,pkg-005857,8.17.7
1,pkg-005858,9.18.8
1,pkg-005859,1.19.9
1,pkg-005860,2.0.0
1,pkg-005861,3.1.1
1,pkg-005862,4.2.2
1,pkg-005863,5.3.3
1,pkg-005864,6.4.4
1,pkg-005865,7.5.5
1,pkg-005866,8.6.6
1,pkg-005867,9.7.7
1,pkg-005868,1.8.8
1,pkg-005869,2.9.9
1,pkg-005870,3.10.0
1,pkg-005871,4.11.1
1,pkg-005872,5.12.2
1,pkg-005873,6.13.3
1,pkg-005874,7.14.4
1,pkg-005875,8.15.5
1,pkg-005876,9.16.6
1,pkg-005877,1.17.7
1,pkg-005878,2.18.8
1,pkg-005879,3.19.9
1,pkg-005880,4.0.0
1,pkg-005881,5.1.1
1,pkg-005882,6.2.2
1,pkg-005883,7.3.3
1,pkg-005884,8.4.4
1,pkg-005885,9.5.5
1,pkg-005886,1.6.6
1,pkg-005887,2.7.7
1,pkg-005888,3.8.8
1,pkg-005889,4.9.9
1,pkg-005890,5.10.0
1,pkg-005891,6.11.1
1,pkg-005892,7.12.2
1,pkg-005893,8.13.3
1,pkg-005894,9.14.4
1,pkg-005895,1.15.5
1,pkg-005896,2.16.6
1,pkg-005897,3.17.7
1,pkg-005898,4.18.8
1,pkg-005899,5.19.9
1,pkg-005900,6.0.0
1,pkg-005901,7.1.1
1,pkg-005902,8.2.2
1,pkg-005903,9.3.3
1,pkg-005904,1.4.4
1,pkg-005905,2.5.5
1,pkg-005906,3.6.6
1,pkg-005907,4.7.7
1,pkg-005908,5.8.8
1,pkg-005909,6.9.9
1,pkg-005910,7.10.0
1,pkg-005911,8.11.1
1,pkg-005912,9.12.2
1,pkg-005913,1.13.3
1,pkg-005914,2.14.4
1,pkg-005915,3.15.5
1,pkg-005916,4.16.6
1,pkg-005917,5.17.7
1,pkg-005918,6.18.8
1,pkg-005919,7.19.9
1,pkg-005920,8.0.0
1,pkg-005921,9.1.1
1,pkg-005922,1.2.2
1,pkg-005923,2.3.3
1,pkg-005924,3.4.4
1,pkg-005925,4.5.5
1,pkg-005926,5.6.6
1,pkg-005927,6.7.7
1,pkg-005928,7.8.8
1,pkg-005929,8.9.9
1,pkg-005930,9.10.0
1,pkg-005931,1.11.1
1,pkg-005932,2.12.2
1,pkg-005933,3.13.3
1,pkg-005934,4.14.4
1,pkg-005935,5.15.5
1,pkg-005936,6.16.6
1,pkg-005937,7.17.7
1,pkg-005938,8.18.8
1,pkg-005939,9.19.9
1,pkg-005940,1.0.0
1,pkg-005941,2.1.1
1,pkg-005942,3.2.2
1,pkg-005943,4.3.3
1,pkg-005944,5.4.4
1,pkg-005945,6.5.5
1,pkg-005946,7.6.6
1,pkg-005947,8.7.7
1,pkg-005948,9.8.8
1,pkg-005949,1.9.9
1,pkg-005950,2.10.0
1,pkg-005951,3.11.1
1,pkg-005952,4.12.2
1,pkg-005953,5.13.3
1,pkg-005954,6.14.4
1,pkg-005955,7.15.5
1,pkg-005956,8.16.6
1,pkg-005957,9.17.7
1,pkg-005958,1.18.8
1,pkg-005959,2.19.9
1,pkg-005960,3.0.0
1,pkg-005961,4.1.1
1,pkg-005962,5.2.2
1,pkg-005963,6.3.3
1,pkg-005964,7.4.4
1,pkg-005965,8.5.5
1,pkg-005966,9.6.6
1,pkg-005967,1.7.7
1,pkg-005968,2.8.8
1,pkg-005969,3.9.9
1,pkg-005970,4.10.0
1,pkg-005971,5.11.1
1,pkg-005972,6.12.2
1,pkg-005973,7.13.3
1,pkg-005974,8.14.4
1,pkg-005975,9.15.5
1,pkg-005976,1.16.6
1,pkg-005977,2.17.7
1,pkg-005978,3.18.8
1,pkg-005979,4.19.9
1,pkg-005980,5.0.0
1,pkg-005981,6.1.1
1,pkg-005982,7.2.2
1,pkg-005983,8.3.3
1,pkg-005984,9.4.4
1,pkg-005985,1.5.5
1,pkg-005986,2.6.6
1,pkg-005987,3.7.7
1,pkg-005988,4.8.8
1,pkg-005989,5.9.9
1,pkg-005990,6.10.0
1,pkg-005991,7.11.1
1,pkg-005992,8.12.2
1,pkg-005993,9.13.3
1,pkg-005994,1.14.4
1,pkg-005995,2.15.5
1,pkg-005996,3.16.6
1,pkg-005997,4.17.7
1,pkg-005998,5.18.8
1,pkg-005999,6.19.9
1,pkg-006000,7.0.0
1,pkg-006001,8.1.1
1,pkg-006002,9.2.2
1,pkg-006003,1.3.3
1,pkg-006004,2.4.4
1,pkg-006005,3.5.5
1,pkg-006006,4.6.6
1,pkg-006007,5.7.7
1,pkg-006008,6.8.8
1,pkg-006009,7.9.9
1,pkg-006010,8.10.0
1,pkg-006011,9.11.1
1,pkg-006012,1.12.2
1,pkg-006013,2.13.3
1,pkg-006014,3.14.4
1,pkg-006015,4.15.5
1,pkg-006016,5.16.6
1,pkg-006017,6.17.7
1,pkg-006018,7.18.8
1,pkg-006019,8.19.9
1,pkg-006020,9.0.0
1,pkg-006021,1.1.1
1,pkg-006022,2.2.2
1,pkg-006023,3.3.3
1,pkg-006024,4.4.4
1,pkg-006025,5.5.5
1,pkg-006026,6.6.6
1,pkg-006027,7.7.7
1,pkg-006028,8.8.8
1,pkg-006029,9.9.9
1,pkg-006030,1.10.0
1,pkg-006031,2.11.1
1,pkg-006032,3.12.2
1,pkg-006033,4.13.3
1,pkg-006034,5.14.4
1,pkg-006035,6.15.5
1,pkg-006036,7.16.6
1,pkg-006037,8.17.7
1,pkg-006038,9.18.8
1,pkg-006039,1.19.9
1,pkg-006040,2.0.0
1,pkg-006041,3.1.1
1,pkg-006042,4.2.2
1,pkg-006043,5.3.3
1,pkg-006044,6.4.4
1,pkg-006045,7.5.5
1,pkg-006046,8.6.6
1,pkg-006047,9.7.7
1,pkg-006048,1.8.8
1,pkg-006049,2.9.9
1,pkg-006050,3.10.0
1,pkg-006051,4.11.1
1,pkg-006052,5.12.2
1,pkg-006053,6.13.3
1,pkg-006054,7.14.4
1,pkg-006055,8.15.5
1,pkg-006056,9.16.6
1,pkg-006057,1.17.7
1,pkg-006058,2.18.8
1,pkg-006059,3.19.9
1,pkg-006060,4.0.0
1,pkg-006061,5.1.1
1,pkg-006062,6.2.2
1,pkg-006063,7.3.3
1,pkg-006064,8.4.4
1,pkg-006065,9.5.5
1,pkg-006066,1.6.6
1,pkg-006067,2.7.7
1,pkg-006068,3.8.8
1,pkg-006069,4.9.9
1,pkg-006070,5.10.0
1,pkg-006071,6.11.1
1,pkg-006072,7.12.2
1,pkg-006073,8.13.3
1,pkg-006074,9.14.4
1,pkg-006075,1.15.5
1,pkg-006076,2.16.6
1,pkg-006077,3.17.7
1,pkg-006078,4.18.8
1,pkg-006079,5.19.9
1,pkg-006080,6.0.0
1,pkg-006081,7.1.1
1,pkg-006082,8.2.2
1,pkg-006083,9.3.3
1,pkg-006084,1.4.4
1,pkg-006085,2.5.5
1,pkg-006086,3.6.6
1,pkg-006087,4.7.7
1,pkg-006088,5.8.8
1,pkg-006089,6.9.9
1,pkg-006090,7.10.0
1,pkg-006091,8.11.1
1,pkg-006092,9.12.2
1,pkg-006093,1.13.3
1,pkg-006094,2.14.4
1,pkg-006095,3.15.5
1,pkg-006096,4.16.6
1,pkg-006097,5.17.7
1,pkg-006098,6.18.8
1,pkg-006099,7.19.9
1,pkg-006100,8.0.0
1,pkg-006101,9.1.1
1,pkg-006102,1.2.2
1,pkg-006103,2.3.3
1,pkg-006104,3.4.4
1,pkg-006105,4.5.5
1,pkg-006106,5.6.6
1,pkg-006107,6.7.7
1,pkg-006108,7.8.8
1,pkg-006109,8.9.9
1,pkg-006110,9.10.0
1,pkg-006111,1.11.1
1,pkg-006112,2.12.2
1,pkg-006113,3.13.3
1,pkg-006114,4.14.4
1,pkg-006115,5.15.5
1,pkg-006116,6.16.6
1,pkg-006117,7.17.7
1,pkg-006118,8.18.8
1,pkg-006119,9.19.9
1,pkg-006120,1.0.0
1,pkg-006121,2.1.1
1,pkg-006122,3.2.2
1,pkg-006123,4.3.3
1,pkg-006124,5.4.4
1,pkg-006125,6.5.5
1,pkg-006126,7.6.6
1,pkg-006127,8.7.7
1,pkg-006128,9.8.8
1,pkg-006129,1.9.9
1,pkg-006130,2.10.0
1,pkg-006131,3.11.1
1,pkg-006132,4.12.2
1,pkg-006133,5.13.3
1,pkg-006134,6.14.4
1,pkg-006135,7.15.5
1,pkg-006136,8.16.6
1,pkg-006137,9.17.7
1,pkg-006138,1.18.8
1,pkg-006139,2.19.9
1,pkg-006140,3.0.0
1,pkg-006141,4.1.1
1,pkg-006142,5.2.2
1,pkg-006143,6.3.3
1,pkg-006144,7.4.4
1,pkg-006145,8.5.5
1,pkg-006146,9.6.6
1,pkg-006147,1.7.7
1,pkg-006148,2.8.8
1,pkg-006149,3.9.9
1,pkg-006150,4.10.0
1,pkg-006151,5.11.1
1,pkg-006152,6.12.2
1,pkg-006153,7.13.3
1,pkg-006154,8.14.4
1,pkg-006155,9.15.5
1,pkg-006156,1.16.6
1,pkg-006157,2.17.7
1,pkg-006158,3.18.8
1,pkg-006159,4.19.9
1,pkg-006160,5.0.0
1,pkg-006161,6.1.1
1,pkg-006162,7.2.2
1,pkg-006163,8.3.3
1,pkg-006164,9.4.4
1,pkg-006165,1.5.5
1,pkg-006166,2.6.6
1,pkg-006167,3.7.7
1,pkg-006168,4.8.8
1,pkg-006169,5.9.9
1,pkg-006170,6.10.0
1,pkg-006171,7.11.1
1,pkg-006172,8.12.2
1,pkg-006173,9.13.3
1,pkg-006174,1.14.4
1,pkg-006175,2.15.5
1,pkg-006176,3.16.6
1,pkg-006177,4.17.7
1,pkg-006178,5.18.8
1,pkg-006179,6.19.9
1,pkg-006180,7.0.0
1,pkg-006181,8.1.1
1,pkg-006182,9.2.2
1,pkg-006183,1.3.3
1,pkg-006184,2.4.4
1,pkg-006185,3.5.5
1,pkg-006186,4.6.6
1,pkg-006187,5.7.7
1,pkg-006188,6.8.8
1,pkg-006189,7.9.9
1,pkg-006190,8.10.0
1,pkg-006191,9.11.1
1,pkg-006192,1.12.2
1,pkg-006193,2.13.3
1,pkg-006194,3.14.4
1,pkg-006195,4.15.5
1,pkg-006196,5.16.6
1,pkg-006197,6.17.7
1,pkg-006198,7.18.8
1,pkg-006199,8.19.9
1,pkg-006200,9.0.0
1,pkg-006201,1.1.1
1,pkg-006202,2.2.2
1,pkg-006203,3.3.3
1,pkg-006204,4.4.4
1,pkg-006205,5.5.5
1,pkg-006206,6.6.6
1,pkg-006207,7.7.7
1,pkg-006208,8.8.8
1,pkg-006209,9.9.9
1,pkg-006210,1.10.0
1,pkg-006211,2.11.1
1,pkg-006212,3.12.2
1,pkg-006213,4.13.3
1,pkg-006214,5.14.4
1,pkg-006215,6.15.5
1,pkg-006216,7.16.6
1,pkg-006217,8.17.7
1,pkg-006218,9.18.8
1,pkg-006219,1.19.9
1,pkg-006220,2.0.0
1,pkg-006221,3.1.1
1,pkg-006222,4.2.2
1,pkg-006223,5.3.3
1,pkg-006224,6.4.4
1,pkg-006225,7.5.5
1,pkg-006226,8.6.6
1,pkg-006227,9.7.7
1,pkg-006228,1.8.8
1,pkg-006229,2.9.9
1,pkg-006230,3.10.0
1,pkg-006231,4.11.1
1,pkg-006232,5.12.2
1,pkg-006233,6.13.3
1,pkg-006234,7.14.4
1,pkg-006235,8.15.5
1,pkg-006236,9.16.6
1,pkg-006237,1.17.7
1,pkg-006238,2.18.8
1,pkg-006239,3.19.9
1,pkg-006240,4.0.0
1,pkg-006241,5.1.1
1,pkg-006242,6.2.2
1,pkg-006243,7.3.3
1,pkg-006244,8.4.4
1,pkg-006245,9.5.5
1,pkg-006246,1.6.6
1,pkg-006247,2.7.7
1,pkg-006248,3.8.8
1,pkg-006249,4.9.9
1,pkg-006250,5.10.0
1,pkg-006251,6.11.1
1,pkg-006252,7.12.2
1,pkg-006253,8.13.3
1,pkg-006254,9.14.4
1,pkg-006255,1.15.5
1,pkg-006256,2.16.6
1,pkg-006257,3.17.7
1,pkg-006258,4.18.8
1,pkg-006259,5.19.9
1,pkg-006260,6.0.0
1,pkg-006261,7.1.1
1,pkg-006262,8.2.2
1,pkg-006263,9.3.3
1,pkg-006264,1.4.4
1,pkg-006265,2.5.5
1,pkg-006266,3.6.6
1,pkg-006267,4.7.7
1,pkg-006268,5.8.8
1,pkg-006269,6.9.9
1,pkg-006270,7.10.0
1,pkg-006271,8.11.1
1,pkg-006272,9.12.2
1,pkg-006273,1.13.3
1,pkg-006274,2.14.4
1,pkg-006275,3.15.5
1,pkg-006276,4.16.6
1,pkg-006277,5.17.7
1,pkg-006278,6.18.8
1,pkg-006279,7.19.9
1,pkg-006280,8.0.0
1,pkg-006281,9.1.1
1,pkg-006282,1.2.2
1,pkg-006283,2.3.3
1,pkg-006284,3.4.4
1,pkg-006285,4.5.5
1,pkg-006286,5.6.6
1,pkg-006287,6.7.7
1,pkg-006288,7.8.8
1,pkg-006289,8.9.9
1,pkg-006290,9.10.0
1,pkg-006291,1.11.1
1,pkg-006292,2.12.2
1,pkg-006293,3.13.3
1,pkg-006294,4.14.4
1,pkg-006295,5.15.5
1,pkg-006296,6.16.6
1,pkg-006297,7.17.7
1,pkg-006298,8.18.8
1,pkg-006299,9.19.9
1,pkg-006300,1.0.0
1,pkg-006301,2.1.1
1,pkg-006302,3.2.2
1,pkg-006303,4.3.3
1,pkg-006304,5.4.4
1,pkg-006305,6.5.5
1,pkg-006306,7.6.6
1,pkg-006307,8.7.7
1,pkg-006308,9.8.8
1,pkg-006309,1.9.9
1,pkg-006310,2.10.0
1,pkg-006311,3.11.1
1,pkg-006312,4.12.2
1,pkg-006313,5.13.3
1,pkg-006314,6.14.4
1,pkg-006315,7.15.5
1,pkg-006316,8.16.6
1,pkg-006317,9.17.7
1,pkg-006318,1.18.8
1,pkg-006319,2.19.9
1,pkg-006320,3.0.0
1,pkg-006321,4.1.1
1,pkg-006322,5.2.2
1,pkg-006323,6.3.3
1,pkg-006324,7.4.4
1,pkg-006325,8.5.5
1,pkg-006326,9.6.6
1,pkg-006327,1.7.7
1,pkg-006328,2.8.8
1,pkg-006329,3.9.9
1,pkg-006330,4.10.0
1,pkg-006331,5.11.1
1,pkg-006332,6.12.2
1,pkg-006333,7.13.3
1,pkg-006334,8.14.4
1,pkg-006335,9.15.5
1,pkg-006336,1.16.6
1,pkg-006337,2.17.7
1,pkg-006338,3.18.8
1,pkg-006339,4.19.9
1,pkg-006340,5.0.0
1,pkg-006341,6.1.1
1,pkg-006342,7.2.2
1,pkg-006343,8.3.3
1,pkg-006344,9.4.4
1,pkg-006345,1.5.5
1,pkg-006346,2.6.6
1,pkg-006347,3.7.7
1,pkg-006348,4.8.8
1,pkg-006349,5.9.9
1,pkg-006350,6.10.0
1,pkg-006351,7.11.1
1,pkg-006352,8.12.2
1,pkg-006353,9.13.3
1,pkg-006354,1.14.4
1,pkg-006355,2.15.5
1,pkg-006356,3.16.6
1,pkg-006357,4.17.7
1,pkg-006358,5.18.8
1,pkg-006359,6.19.9
1,pkg-006360,7.0.0
1,pkg-006361,8.1.1
1,pkg-006362,9.2.2
1,pkg-006363,1.3.3
1,pkg-006364,2.4.4
1,pkg-006365,3.5.5
1,pkg-006366,4.6.6
1,pkg-006367,5.7.7
1,pkg-006368,6.8.8
1,pkg-006369,7.9.9
1,pkg-006370,8.10.0
1,pkg-006371,9.11.1
1,pkg-006372,1.12.2
1,pkg-006373,2.13.3
1,pkg-006374,3.14.4
1,pkg-006375,4.15.5
1,pkg-006376,5.16.6
1,pkg-006377,6.17.7
1,pkg-006378,7.18.8
1,pkg-006379,8.19.9
1,pkg-006380,9.0.0
1,pkg-006381,1.1.1
1,pkg-006382,2.2.2
1,pkg-006383,3.3.3
1,pkg-006384,4.4.4
1,pkg-006385,5.5.5
1,pkg-006386,6.6.6
1,pkg-006387,7.7.7
1,pkg-006388,8.8.8
1,pkg-006389,9.9.9
1,pkg-006390,1.10.0
1,pkg-006391,2.11.1
1,pkg-006392,3.12.2
1,pkg-006393,4.13.3
1,pkg-006394,5.14.4
1,pkg-006395,6.15.5
1,pkg-006396,7.16.6
1,pkg-006397,8.17.7
1,pkg-006398,9.18.8
1,pkg-006399,1.19.9
1,pkg-006400,2.0.0
1,pkg-006401,3.1.1
1,pkg-006402,4.2.2
1,pkg-006403,5.3.3
1,pkg-006404,6.4.4
1,pkg-006405,7.5.5
1,pkg-006406,8.6.6
1,pkg-006407,9.7.7
1,pkg-006408,1.8.8
1,pkg-006409,2.9.9
1,pkg-006410,3.10.0
1,pkg-006411,4.11.1
1,pkg-006412,5.12.2
1,pkg-006413,6.13.3
1,pkg-006414,7.14.4
1,pkg-006415,8.15.5
1,pkg-006416,9.16.6
1,pkg-006417,1.17.7
1,pkg-006418,2.18.8
1,pkg-006419,3.19.9
1,pkg-006420,4.0.0
1,pkg-006421,5.1.1
1,pkg-006422,6.2.2
1,pkg-006423,7.3.3
1,pkg-006424,8.4.4
1,pkg-006425,9.5.5
1,pkg-006426,1.6.6
1,pkg-006427,2.7.7
1,pkg-006428,3.8.8
1,pkg-006429,4.9.9
1,pkg-006430,5.10.0
1,pkg-006431,6.11.1
1,pkg-006432,7.12.2
1,pkg-006433,8.13.3
1,pkg-006434,9.14.4
1,pkg-006435,1.15.5
1,pkg-006436,2.16.6
1,pkg-006437,3.17.7
1,pkg-006438,4.18.8
1,pkg-006439,5.19.9
1,pkg-006440,6.0.0
1,pkg-006441,7.1.1
1,pkg-006442,8.2.2
1,pkg-006443,9.3.3
1,pkg-006444,1.4.4
1,pkg-006445,2.5.5
1,pkg-006446,3.6.6
1,pkg-006447,4.7.7
1,pkg-006448,5.8.8
1,pkg-006449,6.9.9
1,pkg-006450,7.10.0
1,pkg-006451,8.11.1
1,pkg-006452,9.12.2
1,pkg-006453,1.13.3
1,pkg-006454,2.14.4
1,pkg-006455,3.15.5
1,pkg-006456,4.16.6
1,pkg-006457,5.17.7
1,pkg-006458,6.18.8
1,pkg-006459,7.19.9
1,pkg-006460,8.0.0
1,pkg-006461,9.1.1
1,pkg-006462,1.2.2
1,pkg-006463,2.3.3
1,pkg-006464,3.4.4
1,pkg-006465,4.5.5
1,pkg-006466,5.6.6
1,pkg-006467,6.7.7
1,pkg-006468,7.8.8
1,pkg-006469,8.9.9
1,pkg-006470,9.10.0
1,pkg-006471,1.11.1
1,pkg-006472,2.12.2
1,pkg-006473,3.13.3
1,pkg-006474,4.14.4
1,pkg-006475,5.15.5
1,pkg-006476,6.16.6
1,pkg-006477,7.17.7
1,pkg-006478,8.18.8
1,pkg-006479,9.19.9
1,pkg-006480,1.0.0
1,pkg-006481,2.1.1
1,pkg-006482,3.2.2
1,pkg-006483,4.3.3
1,pkg-006484,5.4.4
1,pkg-006485,6.5.5
1,pkg-006486,7.6.6
1,pkg-006487,8.7.7
1,pkg-006488,9.8.8
1,pkg-006489,1.9.9
1,pkg-006490,2.10.0
1,pkg-006491,3.11.1
1,pkg-006492,4.12.2
1,pkg-006493,5.13.3
1,pkg-006494,6.14.4
1,pkg-006495,7.15.5
1,pkg-006496,8.16.6
1,pkg-006497,9.17.7
1,pkg-006498,1.18.8
1,pkg-006499,2.19.9
1,pkg-006500,3.0.0
1,pkg-006501,4.1.1
1,pkg-006502,5.2.2
1,pkg-006503,6.3.3
1,pkg-006504,7.4.4
1,pkg-006505,8.5.5
1,pkg-006506,9.6.6
1,pkg-006507,1.7.7
1,pkg-006508,2.8.8
1,pkg-006509,3.9.9
1,pkg-006510,4.10.0
1,pkg-006511,5.11.1
1,pkg-006512,6.12.2
1,pkg-006513,7.13.3
1,pkg-006514,8.14.4
1,pkg-006515,9.15.5
1,pkg-006516,1.16.6
1,pkg-006517,2.17.7
1,pkg-006518,3.18.8
1,pkg-006519,4.19.9
1,pkg-006520,5.0.0
1,pkg-006521,6.1.1
1,pkg-006522,7.2.2
1,pkg-006523,8.3.3
1,pkg-006524,9.4.4
1,pkg-006525,1.5.5
1,pkg-006526,2.6.6
1,pkg-006527,3.7.7
1,pkg-006528,4.8.8
1,pkg-006529,5.9.9
1,pkg-006530,6.10.0
1,pkg-006531,7.11.1
1,pkg-006532,8.12.2
1,pkg-006533,9.13.3
1,pkg-006534,1.14.4
1,pkg-006535,2.15.5
1,pkg-006536,3.16.6
1,pkg-006537,4.17.7
1,pkg-006538,5.18.8
1,pkg-006539,6.19.9
1,pkg-006540,7.0.0
1,pkg-006541,8.1.1
1,pkg-006542,9.2.2
1,pkg-006543,1.3.3
1,pkg-006544,2.4.4
1,pkg-006545,3.5.5
1,pkg-006546,4.6.6
1,pkg-006547,5.7.7
1,pkg-006548,6.8.8
1,pkg-006549,7.9.9
1,pkg-006550,8.10.0
1,pkg-006551,9.11.1
1,pkg-006552,1.12.2
1,pkg-006553,2.13.3
1,pkg-006554,3.14.4
1,pkg-006555,4.15.5
1,pkg-006556,5.16.6
1,pkg-006557,6.17.7
1,pkg-006558,7.18.8
1,pkg-006559,8.19.9
1,pkg-006560,9.0.0
1,pkg-006561,1.1.1
1,pkg-006562,2.2.2
1,pkg-006563,3.3.3
1,pkg-006564,4.4.4
1,pkg-006565,5.5.5
1,pkg-006566,6.6.6
1,pkg-006567,7.7.7
1,pkg-006568,8.8.8
1,pkg-006569,9.9.9
1,pkg-006570,1.10.0
1,pkg-006571,2.11.1
1,pkg-006572,3.12.2
1,pkg-006573,4.13.3
1,pkg-006574,5.14.4
1,pkg-006575,6.15.5
1,pkg-006576,7.16.6
1,pkg-006577,8.17.7
1,pkg-006578,9.18.8
1,pkg-006579,1.19.9
1,pkg-006580,2.0.0
1,pkg-006581,3.1.1
1,pkg-006582,4.2.2
1,pkg-006583,5.3.3
1,pkg-006584,6.4.4
1,pkg-006585,7.5.5
1,pkg-006586,8.6.6
1,pkg-006587,9.7.7
1,pkg-006588,1.8.8
1,pkg-006589,2.9.9
1,pkg-006590,3.10.0
1,pkg-006591,4.11.1
1,pkg-006592,5.12.2
1,pkg-006593,6.13.3
1,pkg-006594,7.14.4
1,pkg-006595,8.15.5
1,pkg-006596,9.16.6
1,pkg-006597,1.17.7
1,pkg-006598,2.18.8
1,pkg-006599,3.19.9
1,pkg-006600,4.0.0
1,pkg-006601,5.1.1
1,pkg-006602,6.2.2
1,pkg-006603,7.3.3
1,pkg-006604,8.4.4
1,pkg-006605,9.5.5
1,pkg-006606,1.6.6
1,pkg-006607,2.7.7
1,pkg-006608,3.8.8
1,pkg-006609,4.9.9
1,pkg-006610,5.10.0
1,pkg-006611,6.11.1
1,pkg-006612,7.12.2
1,pkg-006613,8.13.3
1,pkg-006614,9.14.4
1,pkg-006615,1.15.5
1,pkg-006616,2.16.6
1,pkg-006617,3.17.7
1,pkg-006618,4.18.8
1,pkg-006619,5.19.9
1,pkg-006620,6.0.0
1,pkg-006621,7.1.1
1,pkg-006622,8.2.2
1,pkg-006623,9.3.3
1,pkg-006624,1.4.4
1,pkg-006625,2.5.5
1,pkg-006626,3.6.6
1,pkg-006627,4.7.7
1,pkg-006628,5.8.8
1,pkg-006629,6.9.9
1,pkg-006630,7.10.0
1,pkg-006631,8.11.1
1,pkg-006632,9.12.2
1,pkg-006633,1.13.3
1,pkg-006634,2.14.4
1,pkg-006635,3.15.5
1,pkg-006636,4.16.6
1,pkg-006637,5.17.7
1,pkg-006638,6.18.8
1,pkg-006639,7.19.9
1,pkg-006640,8.0.0
1,pkg-006641,9.1.1
1,pkg-006642,1.2.2
1,pkg-006643,2.3.3
1,pkg-006644,3.4.4
1,pkg-006645,4.5.5
1,pkg-006646,5.6.6
1,pkg-006647,6.7.7
1,pkg-006648,7.8.8
1,pkg-006649,8.9.9
1,pkg-006650,9.10.0
1,pkg-006651,1.11.1
1,pkg-006652,2.12.2
1,pkg-006653,3.13.3
1,pkg-006654,4.14.4
1,pkg-006655,5.15.5
1,pkg-006656,6.16.6
1,pkg-006657,7.17.7
1,pkg-006658,8.18.8
1,pkg-006659,9.19.9
1,pkg-006660,1.0.0
1,pkg-006661,2.1.1
1,pkg-006662,3.2.2
1,pkg-006663,4.3.3
1,pkg-006664,5.4.4
1,pkg-006665,6.5.5
1,pkg-006666,7.6.6
1,pkg-006667,8.7.7
1,pkg-006668,9.8.8
1,pkg-006669,1.9.9
1,pkg-006670,2.10.0
1,pkg-006671,3.11.1
1,pkg-006672,4.12.2
1,pkg-006673,5.13.3
1,pkg-006674,6.14.4
1,pkg-006675,7.15.5
1,pkg-006676,8.16.6
1,pkg-006677,9.17.7
1,pkg-006678,1.18.8
1,pkg-006679,2.19.9
1,pkg-006680,3.0.0
1,pkg-006681,4.1.1
1,pkg-006682,5.2.2
1,pkg-006683,6.3.3
1,pkg-006684,7.4.4
1,pkg-006685,8.5.5
1,pkg-006686,9.6.6
1,pkg-006687,1.7.7
1,pkg-006688,2.8.8
1,pkg-006689,3.9.9
1,pkg-006690,4.10.0
1,pkg-006691,5.11.1
1,pkg-006692,6.12.2
1,pkg-006693,7.13.3
1,pkg-006694,8.14.4
1,pkg-006695,9.15.5
1,pkg-006696,1.16.6
1,pkg-006697,2.17.7
1,pkg-006698,3.18.8
1,pkg-006699,4.19.9
1,pkg-006700,5.0.0
1,pkg-006701,6.1.1
1,pkg-006702,7.2.2
1,pkg-006703,8.3.3
1,pkg-006704,9.4.4
1,pkg-006705,1.5.5
1,pkg-006706,2.6.6
1,pkg-006707,3.7.7
1,pkg-006708,4.8.8
1,pkg-006709,5.9.9
1,pkg-006710,6.10.0
1,pkg-006711,7.11.1
1,pkg-006712,8.12.2
1,pkg-006713,9.13.3
1,pkg-006714,1.14.4
1,pkg-006715,2.15.5
1,pkg-006716,3.16.6
1,pkg-006717,4.17.7
1,pkg-006718,5.18.8
1,pkg-006719,6.19.9
1,pkg-006720,7.0.0
1,pkg-006721,8.1.1
1,pkg-006722,9.2.2
1,pkg-006723,1.3.3
1,pkg-006724,2.4.4
1,pkg-006725,3.5.5
1,pkg-006726,4.6.6
1,pkg-006727,5.7.7
1,pkg-006728,6.8.8
1,pkg-006729,7.9.9
1,pkg-006730,8.10.0
1,pkg-006731,9.11.1
1,pkg-006732,1.12.2
1,pkg-006733,2.13.3
1,pkg-006734,3.14.4
1,pkg-006735,4.15.5
1,pkg-006736,5.16.6
1,pkg-006737,6.17.7
1,pkg-006738,7.18.8
1,pkg-006739,8.19.9
1,pkg-006740,9.0.0
1,pkg-006741,1.1.1
1,pkg-006742,2.2.2
1,pkg-006743,3.3.3
1,pkg-006744,4.4.4
1,pkg-006745,5.5.5
1,pkg-006746,6.6.6
1,pkg-006747,7.7.7
1,pkg-006748,8.8.8
1,pkg-006749,9.9.9
1,pkg-006750,1.10.0
1,pkg-006751,2.11.1
1,pkg-006752,3.12.2
1,pkg-006753,4.13.3
1,pkg-006754,5.14.4
1,pkg-006755,6.15.5
1,pkg-006756,7.16.6
1,pkg-006757,8.17.7
1,pkg-006758,9.18.8
1,pkg-006759,1.19.9
1,pkg-006760,2.0.0
1,pkg-006761,3.1.1
1,pkg-006762,4.2.2
1,pkg-006763,5.3.3
1,pkg-006764,6.4.4
1,pkg-006765,7.5.5
1,pkg-006766,8.6.6
1,pkg-006767,9.7.7
1,pkg-006768,1.8.8
1,pkg-006769,2.9.9
1,pkg-006770,3.10.0
1,pkg-006771,4.11.1
1,pkg-006772,5.12.2
1,pkg-006773,6.13.3
1,pkg-006774,7.14.4
1,pkg-006775,8.15.5
1,pkg-006776,9.16.6
1,pkg-006777,1.17.7
1,pkg-006778,2.18.8
1,pkg-006779,3.19.9
1,pkg-006780,4.0.0
1,pkg-006781,5.1.1
1,pkg-006782,6.2.2
1,pkg-006783,7.3.3
1,pkg-006784,8.4.4
1,pkg-006785,9.5.5
1,pkg-006786,1.6.6
1,pkg-006787,2.7.7
1,pkg-006788,3.8.8
1,pkg-006789,4.9.9
1,pkg-006790,5.10.0
1,pkg-006791,6.11.1
1,pkg-006792,7.12.2
1,pkg-006793,8.13.3
1,pkg-006794,9.14.4
1,pkg-006795,1.15.5
1,pkg-006796,2.16.6
1,pkg-006797,3.17.7
1,pkg-006798,4.18.8
1,pkg-006799,5.19.9
1,pkg-006800,6.0.0
1,pkg-006801,7.1.1
1,pkg-006802,8.2.2
1,pkg-006803,9.3.3
1,pkg-006804,1.4.4
1,pkg-006805,2.5.5
1,pkg-006806,3.6.6
1,pkg-006807,4.7.7
1,pkg-006808,5.8.8
1,pkg-006809,6.9.9
1,pkg-006810,7.10.0
1,pkg-006811,8.11.1
1,pkg-006812,9.12.2
1,pkg-006813,1.13.3
1,pkg-006814,2.14.4
1,pkg-006815,3.15.5
1,pkg-006816,4.16.6
1,pkg-006817,5.17.7
1,pkg-006818,6.18.8
1,pkg-006819,7.19.9
1,pkg-006820,8.0.0
1,pkg-006821,9.1.1
1,pkg-006822,1.2.2
1,pkg-006823,2.3.3
1,pkg-006824,3.4.4
1,pkg-006825,4.5.5
1,pkg-006826,5.6.6
1,pkg-006827,6.7.7
1,pkg-006828,7.8.8
1,pkg-006829,8.9.9
1,pkg-006830,9.10.0
1,pkg-006831,1.11.1
1,pkg-006832,2.12.2
1,pkg-006833,3.13.3
1,pkg-006834,4.14.4
1,pkg-006835,5.15.5
1,pkg-006836,6.16.6
1,pkg-006837,7.17.7
1,pkg-006838,8.18.8
1,pkg-006839,9.19.9
1,pkg-006840,1.0.0
1,pkg-006841,2.1.1
1,pkg-006842,3.2.2
1,pkg-006843,4.3.3
1,pkg-006844,5.4.4
1,pkg-006845,6.5.5
1,pkg-006846,7.6.6
1,pkg-006847,8.7.7
1,pkg-006848,9.8.8
1,pkg-006849,1.9.9
1,pkg-006850,2.10.0
1,pkg-006851,3.11.1
1,pkg-006852,4.12.2
1,pkg-006853,5.13.3
1,pkg-006854,6.14.4
1,pkg-006855,7.15.5
1,pkg-006856,8.16.6
1,pkg-006857,9.17.7
1,pkg-006858,1.18.8
1,pkg-006859,2.19.9
1,pkg-006860,3.0.0
1,pkg-006861,4.1.1
1,pkg-006862,5.2.2
1,pkg-006863,6.3.3
1,pkg-006864,7.4.4
1,pkg-006865,8.5.5
1,pkg-006866,9.6.6
1,pkg-006867,1.7.7
1,pkg-006868,2.8.8
1,pkg-006869,3.9.9
1,pkg-006870,4.10.0
1,pkg-006871,5.11.1
1,pkg-006872,6.12.2
1,pkg-006873,7.13.3
1,pkg-006874,8.14.4
1,pkg-006875,9.15.5
1,pkg-006876,1.16.6
1,pkg-006877,2.17.7
1,pkg-006878,3.18.8
1,pkg-006879,4.19.9
1,pkg-006880,5.0.0
1,pkg-006881,6.1.1
1,pkg-006882,7.2.2
1,pkg-006883,8.3.3
1,pkg-006884,9.4.4
1,pkg-006885,1.5.5
1,pkg-006886,2.6.6
1,pkg-006887,3.7.7
1,pkg-006888,4.8.8
1,pkg-006889,5.9.9
1,pkg-006890,6.10.0
1,pkg-006891,7.11.1
1,pkg-006892,8.12.2
1,pkg-006893,9.13.3
1,pkg-006894,1.14.4
1,pkg-006895,2.15.5
1,pkg-006896,3.16.6
1,pkg-006897,4.17.7
1,pkg-006898,5.18.8
1,pkg-006899,6.19.9
1,pkg-006900,7.0.0
1,pkg-006901,8.1.1
1,pkg-006902,9.2.2
1,pkg-006903,1.3.3
1,pkg-006904,2.4.4
1,pkg-006905,3.5.5
1,pkg-006906,4.6.6
1,pkg-006907,5.7.7
1,pkg-006908,6.8.8
1,pkg-006909,7.9.9
1,pkg-006910,8.10.0
1,pkg-006911,9.11.1
1,pkg-006912,1.12.2
1,pkg-006913,2.13.3
1,pkg-006914,3.14.4
1,pkg-006915,4.15.5
1,pkg-006916,5.16.6
1,pkg-006917,6.17.7
1,pkg-006918,7.18.8
1,pkg-006919,8.19.9
1,pkg-006920,9.0.0
1,pkg-006921,1.1.1
1,pkg-006922,2.2.2
1,pkg-006923,3.3.3
1,pkg-006924,4.4.4
1,pkg-006925,5.5.5
1,pkg-006926,6.6.6
1,pkg-006927,7.7.7
1,pkg-006928,8.8.8
1,pkg-006929,9.9.9
1,pkg-006930,1.10.0
1,pkg-006931,2.11.1
1,pkg-006932,3.12.2
1,pkg-006933,4.13.3
1,pkg-006934,5.14.4
1,pkg-006935,6.15.5
1,pkg-006936,7.16.6
1,pkg-006937,8.17.7
1,pkg-006938,9.18.8
1,pkg-006939,1.19.9
1,pkg-006940,2.0.0
1,pkg-006941,3.1.1
1,pkg-006942,4.2.2
1,pkg-006943,5.3.3
1,pkg-006944,6.4.4
1,pkg-006945,7.5.5
1,pkg-006946,8.6.6
1,pkg-006947,9.7.7
1,pkg-006948,1.8.8
1,pkg-006949,2.9.9
1,pkg-006950,3.10.0
1,pkg-006951,4.11.1
1,pkg-006952,5.12.2
1,pkg-006953,6.13.3
1,pkg-006954,7.14.4
1,pkg-006955,8.15.5
1,pkg-006956,9.16.6
1,pkg-006957,1.17.7
1,pkg-006958,2.18.8
1,pkg-006959,3.19.9
1,pkg-006960,4.0.0
1,pkg-006961,5.1.1
1,pkg-006962,6.2.2
1,pkg-006963,7.3.3
1,pkg-006964,8.4.4
1,pkg-006965,9.5.5
1,pkg-006966,1.6.6
1,pkg-006967,2.7.7
1,pkg-006968,3.8.8
1,pkg-006969,4.9.9
1,pkg-006970,5.10.0
1,pkg-006971,6.11.1
1,pkg-006972,7.12.2
1,pkg-006973,8.13.3
1,pkg-006974,9.14.4
1,pkg-006975,1.15.5
1,pkg-006976,2.16.6
1,pkg-006977,3.17.7
1,pkg-006978,4.18.8
1,pkg-006979,5.19.9
1,pkg-006980,6.0.0
1,pkg-006981,7.1.1
1,pkg-006982,8.2.2
1,pkg-006983,9.3.3
1,pkg-006984,1.4.4
1,pkg-006985,2.5.5
1,pkg-006986,3.6.6
1,pkg-006987,4.7.7
1,pkg-006988,5.8.8
1,pkg-006989,6.9.9
1,pkg-006990,7.10.0
1,pkg-006991,8.11.1
1,pkg-006992,9.12.2
1,pkg-006993,1.13.3
1,pkg-006994,2.14.4
1,pkg-006995,3.15.5
1,pkg-006996,4.16.6
1,pkg-006997,5.17.7
1,pkg-006998,6.18.8
1,pkg-006999,7.19.9
1,pkg-007000,8.0.0
1,pkg-007001,9.1.1
1,pkg-007002,1.2.2
1,pkg-007003,2.3.3
1,pkg-007004,3.4.4
1,pkg-007005,4.5.5
1,pkg-007006,5.6.6
1,pkg-007007,6.7.7
1,pkg-007008,7.8.8
1,pkg-007009,8.9.9
1,pkg-007010,9.10.0
1,pkg-007011,1.11.1
1,pkg-007012,2.12.2
1,pkg-007013,3.13.3
1,pkg-007014,4.14.4
1,pkg-007015,5.15.5
1,pkg-007016,6.16.6
1,pkg-007017,7.17.7
1,pkg-007018,8.18.8
1,pkg-007019,9.19.9
1,pkg-007020,1.0.0
1,pkg-007021,2.1.1
1,pkg-007022,3.2.2
1,pkg-007023,4.3.3
1,pkg-007024,5.4.4
1,pkg-007025,6.5.5
1,pkg-007026,7.6.6
1,pkg-007027,8.7.7
1,pkg-007028,9.8.8
1,pkg-007029,1.9.9
1,pkg-007030,2.10.0
1,pkg-007031,3.11.1
1,pkg-007032,4.12.2
1,pkg-007033,5.13.3
1,pkg-007034,6.14.4
1,pkg-007035,7.15.5
1,pkg-007036,8.16.6
1,pkg-007037,9.17.7
1,pkg-007038,1.18.8
1,pkg-007039,2.19.9
1,pkg-007040,3.0.0
1,pkg-007041,4.1.1
1,pkg-007042,5.2.2
1,pkg-007043,6.3.3
1,pkg-007044,7.4.4
1,pkg-007045,8.5.5
1,pkg-007046,9.6.6
1,pkg-007047,1.7.7
1,pkg-007048,2.8.8
1,pkg-007049,3.9.9
1,pkg-007050,4.10.0
1,pkg-007051,5.11.1
1,pkg-007052,6.12.2
1,pkg-007053,7.13.3
1,pkg-007054,8.14.4
1,pkg-007055,9.15.5
1,pkg-007056,1.16.6
1,pkg-007057,2.17.7
1,pkg-007058,3.18.8
1,pkg-007059,4.19.9
1,pkg-007060,5.0.0
1,pkg-007061,6.1.1
1,pkg-007062,7.2.2
1,pkg-007063,8.3.3
1,pkg-007064,9.4.4
1,pkg-007065,1.5.5
1,pkg-007066,2.6.6
1,pkg-007067,3.7.7
1,pkg-007068,4.8.8
1,pkg-007069,5.9.9
1,pkg-007070,6.10.0
1,pkg-007071,7.11.1
1,pkg-007072,8.12.2
1,pkg-007073,9.13.3
1,pkg-007074,1.14.4
1,pkg-007075,2.15.5
1,pkg-007076,3.16.6
1,pkg-007077,4.17.7
1,pkg-007078,5.18.8
1,pkg-007079,6.19.9
1,pkg-007080,7.0.0
1,pkg-007081,8.1.1
1,pkg-007082,9.2.2
1,pkg-007083,1.3.3
1,pkg-007084,2.4.4
1,pkg-007085,3.5.5
1,pkg-007086,4.6.6
1,pkg-007087,5.7.7
1,pkg-007088,6.8.8
1,pkg-007089,7.9.9
1,pkg-007090,8.10.0
1,pkg-007091,9.11.1
1,pkg-007092,1.12.2
1,pkg-007093,2.13.3
1,pkg-007094,3.14.4
1,pkg-007095,4.15.5
1,pkg-007096,5.16.6
1,pkg-007097,6.17.7
1,pkg-007098,7.18.8
1,pkg-007099,8.19.9
1,pkg-007100,9.0.0
1,pkg-007101,1.1.1
1,pkg-007102,2.2.2
1,pkg-007103,3.3.3
1,pkg-007104,4.4.4
1,pkg-007105,5.5.5
1,pkg-007106,6.6.6
1,pkg-007107,7.7.7
1,pkg-007108,8.8.8
1,pkg-007109,9.9.9
1,pkg-007110,1.10.0
1,pkg-007111,2.11.1
1,pkg-007112,3.12.2
1,pkg-007113,4.13.3
1,pkg-007114,5.14.4
1,pkg-007115,6.15.5
1,pkg-007116,7.16.6
1,pkg-007117,8.17.7
1,pkg-007118,9.18.8
1,pkg-007119,1.19.9
1,pkg-007120,2.0.0
1,pkg-007121,3.1.1
1,pkg-007122,4.2.2
1,pkg-007123,5.3.3
1,pkg-007124,6.4.4
1,pkg-007125,7.5.5
1,pkg-007126,8.6.6
1,pkg-007127,9.7.7
1,pkg-007128,1.8.8
1,pkg-007129,2.9.9
1,pkg-007130,3.10.0
1,pkg-007131,4.11.1
1,pkg-007132,5.12.2
1,pkg-007133,6.13.3
1,pkg-007134,7.14.4
1,pkg-007135,8.15.5
1,pkg-007136,9.16.6
1,pkg-007137,1.17.7
1,pkg-007138,2.18.8
1,pkg-007139,3.19.9
1,pkg-007140,4.0.0
1,pkg-007141,5.1.1
1,pkg-007142,6.2.2
1,pkg-007143,7.3.3
1,pkg-007144,8.4.4
1,pkg-007145,9.5.5
1,pkg-007146,1.6.6
1,pkg-007147,2.7.7
1,pkg-007148,3.8.8
1,pkg-007149,4.9.9
1,pkg-007150,5.10.0
1,pkg-007151,6.11.1
1,pkg-007152,7.12.2
1,pkg-007153,8.13.3
1,pkg-007154,9.14.4
1,pkg-007155,1.15.5
1,pkg-007156,2.16.6
1,pkg-007157,3.17.7
1,pkg-007158,4.18.8
1,pkg-007159,5.19.9
1,pkg-007160,6.0.0
1,pkg-007161,7.1.1
1,pkg-007162,8.2.2
1,pkg-007163,9.3.3
1,pkg-007164,1.4.4
1,pkg-007165,2.5.5
1,pkg-007166,3.6.6
1,pkg-007167,4.7.7
1,pkg-007168,5.8.8
1,pkg-007169,6.9.9
1,pkg-007170,7.10.0
1,pkg-007171,8.11.1
1,pkg-007172,9.12.2
1,pkg-007173,1.13.3
1,pkg-007174,2.14.4
1,pkg-007175,3.15.5
1,pkg-007176,4.16.6
1,pkg-007177,5.17.7
1,pkg-007178,6.18.8
1,pkg-007179,7.19.9
1,pkg-007180,8.0.0
1,pkg-007181,9.1.1
1,pkg-007182,1.2.2
1,pkg-007183,2.3.3
1,pkg-007184,3.4.4
1,pkg-007185,4.5.5
1,pkg-007186,5.6.6
1,pkg-007187,6.7.7
1,pkg-007188,7.8.8
1,pkg-007189,8.9.9
1,pkg-007190,9.10.0
1,pkg-007191,1.11.1
1,pkg-007192,2.12.2
1,pkg-007193,3.13.3
1,pkg-007194,4.14.4
1,pkg-007195,5.15.5
1,pkg-007196,6.16.6
1,pkg-007197,7.17.7
1,pkg-007198,8.18.8
1,pkg-007199,9.19.9
1,pkg-007200,1.0.0
1,pkg-007201,2.1.1
1,pkg-007202,3.2.2
1,pkg-007203,4.3.3
1,pkg-007204,5.4.4
1,pkg-007205,6.5.5
1,pkg-007206,7.6.6
1,pkg-007207,8.7.7
1,pkg-007208,9.8.8
1,pkg-007209,1.9.9
1,pkg-007210,2.10.0
1,pkg-007211,3.11.1
1,pkg-007212,4.12.2
1,pkg-007213,5.13.3
1,pkg-007214,6.14.4
1,pkg-007215,7.15.5
1,pkg-007216,8.16.6
1,pkg-007217,9.17.7
1,pkg-007218,1.18.8
1,pkg-007219,2.19.9
1,pkg-007220,3.0.0
1,pkg-007221,4.1.1
1,pkg-007222,5.2.2
1,pkg-007223,6.3.3
1,pkg-007224,7.4.4
1,pkg-007225,8.5.5
1,pkg-007226,9.6.6
1,pkg-007227,1.7.7
1,pkg-007228,2.8.8
1,pkg-007229,3.9.9
1,pkg-007230,4.10.0
1,pkg-007231,5.11.1
1,pkg-007232,6.12.2
1,pkg-007233,7.13.3
1,pkg-007234,8.14.4
1,pkg-007235,9.15.5
1,pkg-007236,1.16.6
1,pkg-007237,2.17.7
1,pkg-007238,3.18.8
1,pkg-007239,4.19.9
1,pkg-007240,5.0.0
1,pkg-007241,6.1.1
1,pkg-007242,7.2.2
1,pkg-007243,8.3.3
1,pkg-007244,9.4.4
1,pkg-007245,1.5.5
1,pkg-007246,2.6.6
1,pkg-007247,3.7.7
1,pkg-007248,4.8.8
1,pkg-007249,5.9.9
1,pkg-007250,6.10.0
1,pkg-007251,7.11.1
1,pkg-007252,8.12.2
1,pkg-007253,9.13.3
1,pkg-007254,1.14.4
1,pkg-007255,2.15.5
1,pkg-007256,3.16.6
1,pkg-007257,4.17.7
1,pkg-007258,5.18.8
1,pkg-007259,6.19.9
1,pkg-007260,7.0.0
1,pkg-007261,8.1.1
1,pkg-007262,9.2.2
1,pkg-007263,1.3.3
1,pkg-007264,2.4.4
1,pkg-007265,3.5.5
1,pkg-007266,4.6.6
1,pkg-007267,5.7.7
1,pkg-007268,6.8.8
1,pkg-007269,7.9.9
1,pkg-007270,8.10.0
1,pkg-007271,9.11.1
1,pkg-007272,1.12.2
1,pkg-007273,2.13.3
1,pkg-007274,3.14.4
1,pkg-007275,4.15.5
1,pkg-007276,5.16.6
1,pkg-007277,6.17.7
1,pkg-007278,7.18.8
1,pkg-007279,8.19.9
1,pkg-007280,9.0.0
1,pkg-007281,1.1.1
1,pkg-007282,2.2.2
1,pkg-007283,3.3.3
1,pkg-007284,4.4.4
1,pkg-007285,5.5.5
1,pkg-007286,6.6.6
1,pkg-007287,7.7.7
1,pkg-007288,8.8.8
1,pkg-007289,9.9.9
1,pkg-007290,1.10.0
1,pkg-007291,2.11.1
1,pkg-007292,3.12.2
1,pkg-007293,4.13.3
1,pkg-007294,5.14.4
1,pkg-007295,6.15.5
1,pkg-007296,7.16.6
1,pkg-007297,8.17.7
1,pkg-007298,9.18.8
1,pkg-007299,1.19.9
1,pkg-007300,2.0.0
1,pkg-007301,3.1.1
1,pkg-007302,4.2.2
1,pkg-007303,5.3.3
1,pkg-007304,6.4.4
1,pkg-007305,7.5.5
1,pkg-007306,8.6.6
1,pkg-007307,9.7.7
1,pkg-007308,1.8.8
1,pkg-007309,2.9.9
1,pkg-007310,3.10.0
1,pkg-007311,4.11.1
1,pkg-007312,5.12.2
1,pkg-007313,6.13.3
1,pkg-007314,7.14.4
1,pkg-007315,8.15.5
1,pkg-007316,9.16.6
1,pkg-007317,1.17.7
1,pkg-007318,2.18.8
1,pkg-007319,3.19.9
1,pkg-007320,4.0.0
1,pkg-007321,5.1.1
1,pkg-007322,6.2.2
1,pkg-007323,7.3.3
1,pkg-007324,8.4.4
1,pkg-007325,9.5.5
1,pkg-007326,1.6.6
1,pkg-007327,2.7.7
1,pkg-007328,3.8.8
1,pkg-007329,4.9.9
1,pkg-007330,5.10.0
1,pkg-007331,6.11.1
1,pkg-007332,7.12.2
1,pkg-007333,8.13.3
1,pkg-007334,9.14.4
1,pkg-007335,1.15.5
1,pkg-007336,2.16.6
1,pkg-007337,3.17.7
1,pkg-007338,4.18.8
1,pkg-007339,5.19.9
1,pkg-007340,6.0.0
1,pkg-007341,7.1.1
1,pkg-007342,8.2.2
1,pkg-007343,9.3.3
1,pkg-007344,1.4.4
1,pkg-007345,2.5.5
1,pkg-007346,3.6.6
1,pkg-007347,4.7.7
1,pkg-007348,5.8.8
1,pkg-007349,6.9.9
1,pkg-007350,7.10.0
1,pkg-007351,8.11.1
1,pkg-007352,9.12.2
1,pkg-007353,1.13.3
1,pkg-007354,2.14.4
1,pkg-007355,3.15.5
1,pkg-007356,4.16.6
1,pkg-007357,5.17.7
1,pkg-007358,6.18.8
1,pkg-007359,7.19.9
1,pkg-007360,8.0.0
1,pkg-007361,9.1.1
1,pkg-007362,1.2.2
1,pkg-007363,2.3.3
1,pkg-007364,3.4.4
1,pkg-007365,4.5.5
1,pkg-007366,5.6.6
1,pkg-007367,6.7.7
1,pkg-007368,7.8.8
1,pkg-007369,8.9.9
1,pkg-007370,9.10.0
1,pkg-007371,1.11.1
1,pkg-007372,2.12.2
1,pkg-007373,3.13.3
1,pkg-007374,4.14.4
1,pkg-007375,5.15.5
1,pkg-007376,6.16.6
1,pkg-007377,7.17.7
1,pkg-007378,8.18.8
1,pkg-007379,9.19.9
1,pkg-007380,1.0.0
1,pkg-007381,2.1.1
1,pkg-007382,3.2.2
1,pkg-007383,4.3.3
1,pkg-007384,5.4.4
1,pkg-007385,6.5.5
1,pkg-007386,7.6.6
1,pkg-007387,8.7.7
1,pkg-007388,9.8.8
1,pkg-007389,1.9.9
1,pkg-007390,2.10.0
1,pkg-007391,3.11.1
1,pkg-007392,4.12.2
1,pkg-007393,5.13.3
1,pkg-007394,6.14.4
1,pkg-007395,7.15.5
1,pkg-007396,8.16.6
1,pkg-007397,9.17.7
1,pkg-007398,1.18.8
1,pkg-007399,2.19.9
1,pkg-007400,3.0.0
1,pkg-007401,4.1.1
1,pkg-007402,5.2.2
1,pkg-007403,6.3.3
1,pkg-007404,7.4.4
1,pkg-007405,8.5.5
1,pkg-007406,9.6.6
1,pkg-007407,1.7.7
1,pkg-007408,2.8.8
1,pkg-007409,3.9.9
1,pkg-007410,4.10.0
1,pkg-007411,5.11.1
1,pkg-007412,6.12.2
1,pkg-007413,7.13.3
1,pkg-007414,8.14.4
1,pkg-007415,9.15.5
1,pkg-007416,1.16.6
1,pkg-007417,2.17.7
1,pkg-007418,3.18.8
1,pkg-007419,4.19.9
1,pkg-007420,5.0.0
1,pkg-007421,6.1.1
1,pkg-007422,7.2.2
1,pkg-007423,8.3.3
1,pkg-007424,9.4.4
1,pkg-007425,1.5.5
1,pkg-007426,2.6.6
1,pkg-007427,3.7.7
1,pkg-007428,4.8.8
1,pkg-007429,5.9.9
1,pkg-007430,6.10.0
1,pkg-007431,7.11.1
1,pkg-007432,8.12.2
1,pkg-007433,9.13.3
1,pkg-007434,1.14.4
1,pkg-007435,2.15.5
1,pkg-007436,3.16.6
1,pkg-007437,4.17.7
1,pkg-007438,5.18.8
1,pkg-007439,6.19.9
1,pkg-007440,7.0.0
1,pkg-007441,8.1.1
1,pkg-007442,9.2.2
1,pkg-007443,1.3.3
1,pkg-007444,2.4.4
1,pkg-007445,3.5.5
1,pkg-007446,4.6.6
1,pkg-007447,5.7.7
1,pkg-007448,6.8.8
1,pkg-007449,7.9.9
1,pkg-007450,8.10.0
1,pkg-007451,9.11.1
1,pkg-007452,1.12.2
1,pkg-007453,2.13.3
1,pkg-007454,3.14.4
1,pkg-007455,4.15.5
1,pkg-007456,5.16.6
1,pkg-007457,6.17.7
1,pkg-007458,7.18.8
1,pkg-007459,8.19.9
1,pkg-007460,9.0.0
1,pkg-007461,1.1.1
1,pkg-007462,2.2.2
1,pkg-007463,3.3.3
1,pkg-007464,4.4.4
1,pkg-007465,5.5.5
1,pkg-007466,6.6.6
1,pkg-007467,7.7.7
1,pkg-007468,8.8.8
1,pkg-007469,9.9.9
1,pkg-007470,1.10.0
1,pkg-007471,2.11.1
1,pkg-007472,3.12.2
1,pkg-007473,4.13.3
1,pkg-007474,5.14.4
1,pkg-007475,6.15.5
1,pkg-007476,7.16.6
1,pkg-007477,8.17.7
1,pkg-007478,9.18.8
1,pkg-007479,1.19.9
1,pkg-007480,2.0.0
1,pkg-007481,3.1.1
1,pkg-007482,4.2.2
1,pkg-007483,5.3.3
1,pkg-007484,6.4.4
1,pkg-007485,7.5.5
1,pkg-007486,8.6.6
1,pkg-007487,9.7.7
1,pkg-007488,1.8.8
1,pkg-007489,2.9.9
1,pkg-007490,3.10.0
1,pkg-007491,4.11.1
1,pkg-007492,5.12.2
1,pkg-007493,6.13.3
1,pkg-007494,7.14.4
1,pkg-007495,8.15.5
1,pkg-007496,9.16.6
1,pkg-007497,1.17.7
1,pkg-007498,2.18.8
1,pkg-007499,3.19.9
1,pkg-007500,4.0.0
1,pkg-007501,5.1.1
1,pkg-007502,6.2.2
1,pkg-007503,7.3.3
1,pkg-007504,8.4.4
1,pkg-007505,9.5.5
1,pkg-007506,1.6.6
1,pkg-007507,2.7.7
1,pkg-007508,3.8.8
1,pkg-007509,4.9.9
1,pkg-007510,5.10.0
1,pkg-007511,6.11.1
1,pkg-007512,7.12.2
1,pkg-007513,8.13.3
1,pkg-007514,9.14.4
1,pkg-007515,1.15.5
1,pkg-007516,2.16.6
1,pkg-007517,3.17.7
1,pkg-007518,4.18.8
1,pkg-007519,5.19.9
1,pkg-007520,6.0.0
1,pkg-007521,7.1.1
1,pkg-007522,8.2.2
1,pkg-007523,9.3.3
1,pkg-007524,1.4.4
1,pkg-007525,2.5.5
1,pkg-007526,3.6.6
1,pkg-007527,4.7.7
1,pkg-007528,5.8.8
1,pkg-007529,6.9.9
1,pkg-007530,7.10.0
1,pkg-007531,8.11.1
1,pkg-007532,9.12.2
1,pkg-007533,1.13.3
1,pkg-007534,2.14.4
1,pkg-007535,3.15.5
1,pkg-007536,4.16.6
1,pkg-007537,5.17.7
1,pkg-007538,6.18.8
1,pkg-007539,7.19.9
1,pkg-007540,8.0.0
1,pkg-007541,9.1.1
1,pkg-007542,1.2.2
1,pkg-007543,2.3.3
1,pkg-007544,3.4.4
1,pkg-007545,4.5.5
1,pkg-007546,5.6.6
1,pkg-007547,6.7.7
1,pkg-007548,7.8.8
1,pkg-007549,8.9.9
1,pkg-007550,9.10.0
1,pkg-007551,1.11.1
1,pkg-007552,2.12.2
1,pkg-007553,3.13.3
1,pkg-007554,4.14.4
1,pkg-007555,5.15.5
1,pkg-007556,6.16.6
1,pkg-007557,7.17.7
1,pkg-007558,8.18.8
1,pkg-007559,9.19.9
1,pkg-007560,1.0.0
1,pkg-007561,2.1.1
1,pkg-007562,3.2.2
1,pkg-007563,4.3.3
1,pkg-007564,5.4.4
1,pkg-007565,6.5.5
1,pkg-007566,7.6.6
1,pkg-007567,8.7.7
1,pkg-007568,9.8.8
1,pkg-007569,1.9.9
1,pkg-007570,2.10.0
1,pkg-007571,3.11.1
1,pkg-007572,4.12.2
1,pkg-007573,5.13.3
1,pkg-007574,6.14.4
1,pkg-007575,7.15.5
1,pkg-007576,8.16.6
1,pkg-007577,9.17.7
1,pkg-007578,1.18.8
1,pkg-007579,2.19.9
1,pkg-007580,3.0.0
1,pkg-007581,4.1.1
1,pkg-007582,5.2.2
1,pkg-007583,6.3.3
1,pkg-007584,7.4.4
1,pkg-007585,8.5.5
1,pkg-007586,9.6.6
1,pkg-007587,1.7.7
1,pkg-007588,2.8.8
1,pkg-007589,3.9.9
1,pkg-007590,4.10.0
1,pkg-007591,5.11.1
1,pkg-007592,6.12.2
1,pkg-007593,7.13.3
1,pkg-007594,8.14.4
1,pkg-007595,9.15.5
1,pkg-007596,1.16.6
1,pkg-007597,2.17.7
1,pkg-007598,3.18.8
1,pkg-007599,4.19.9
1,pkg-007600,5.0.0
1,pkg-007601,6.1.1
1,pkg-007602,7.2.2
1,pkg-007603,8.3.3
1,pkg-007604,9.4.4
1,pkg-007605,1.5.5
1,pkg-007606,2.6.6
1,pkg-007607,3.7.7
1,pkg-007608,4.8.8
1,pkg-007609,5.9.9
1,pkg-007610,6.10.0
1,pkg-007611,7.11.1
1,pkg-007612,8.12.2
1,pkg-007613,9.13.3
1,pkg-007614,1.14.4
1,pkg-007615,2.15.5
1,pkg-007616,3.16.6
1,pkg-007617,4.17.7
1,pkg-007618,5.18.8
1,pkg-007619,6.19.9
1,pkg-007620,7.0.0
1,pkg-007621,8.1.1
1,pkg-007622,9.2.2
1,pkg-007623,1.3.3
1,pkg-007624,2.4.4
1,pkg-007625,3.5.5
1,pkg-007626,4.6.6
1,pkg-007627,5.7.7
1,pkg-007628,6.8.8
1,pkg-007629,7.9.9
1,pkg-007630,8.10.0
1,pkg-007631,9.11.1
1,pkg-007632,1.12.2
1,pkg-007633,2.13.3
1,pkg-007634,3.14.4
1,pkg-007635,4.15.5
1,pkg-007636,5.16.6
1,pkg-007637,6.17.7
1,pkg-007638,7.18.8
1,pkg-007639,8.19.9
1,pkg-007640,9.0.0
1,pkg-007641,1.1.1
1,pkg-007642,2.2.2
1,pkg-007643,3.3.3
1,pkg-007644,4.4.4
1,pkg-007645,5.5.5
1,pkg-007646,6.6.6
1,pkg-007647,7.7.7
1,pkg-007648,8.8.8
1,pkg-007649,9.9.9
1,pkg-007650,1.10.0
1,pkg-007651,2.11.1
1,pkg-007652,3.12.2
1,pkg-007653,4.13.3
1,pkg-007654,5.14.4
1,pkg-007655,6.15.5
1,pkg-007656,7.16.6
1,pkg-007657,8.17.7
1,pkg-007658,9.18.8
1,pkg-007659,1.19.9
1,pkg-007660,2.0.0
1,pkg-007661,3.1.1
1,pkg-007662,4.2.2
1,pkg-007663,5.3.3
1,pkg-007664,6.4.4
1,pkg-007665,7.5.5
1,pkg-007666,8.6.6
1,pkg-007667,9.7.7
1,pkg-007668,1.8.8
1,pkg-007669,2.9.9
1,pkg-007670,3.10.0
1,pkg-007671,4.11.1
1,pkg-007672,5.12.2
1,pkg-007673,6.13.3
1,pkg-007674,7.14.4
1,pkg-007675,8.15.5
1,pkg-007676,9.16.6
1,pkg-007677,1.17.7
1,pkg-007678,2.18.8
1,pkg-007679,3.19.9
1,pkg-007680,4.0.0
1,pkg-007681,5.1.1
1,pkg-007682,6.2.2
1,pkg-007683,7.3.3
1,pkg-007684,8.4.4
1,pkg-007685,9.5.5
1,pkg-007686,1.6.6
1,pkg-007687,2.7.7
1,pkg-007688,3.8.8
1,pkg-007689,4.9.9
1,pkg-007690,5.10.0
1,pkg-007691,6.11.1
1,pkg-007692,7.12.2
1,pkg-007693,8.13.3
1,pkg-007694,9.14.4
1,pkg-007695,1.15.5
1,pkg-007696,2.16.6
1,pkg-007697,3.17.7
1,pkg-007698,4.18.8
1,pkg-007699,5.19.9
1,pkg-007700,6.0.0
1,pkg-007701,7.1.1
1,pkg-007702,8.2.2
1,pkg-007703,9.3.3
1,pkg-007704,1.4.4
1,pkg-007705,2.5.5
1,pkg-007706,3.6.6
1,pkg-007707,4.7.7
1,pkg-007708,5.8.8
1,pkg-007709,6.9.9
1,pkg-007710,7.10.0
1,pkg-007711,8.11.1
1,pkg-007712,9.12.2
1,pkg-007713,1.13.3
1,pkg-007714,2.14.4
1,pkg-007715,3.15.5
1,pkg-007716,4.16.6
1,pkg-007717,5.17.7
1,pkg-007718,6.18.8
1,pkg-007719,7.19.9
1,pkg-007720,8.0.0
1,pkg-007721,9.1.1
1,pkg-007722,1.2.2
1,pkg-007723,2.3.3
1,pkg-007724,3.4.4
1,pkg-007725,4.5.5
1,pkg-007726,5.6.6
1,pkg-007727,6.7.7
1,pkg-007728,7.8.8
1,pkg-007729,8.9.9
1,pkg-007730,9.10.0
1,pkg-007731,1.11.1
1,pkg-007732,2.12.2
1,pkg-007733,3.13.3
1,pkg-007734,4.14.4
1,pkg-007735,5.15.5
1,pkg-007736,6.16.6
1,pkg-007737,7.17.7
1,pkg-007738,8.18.8
1,pkg-007739,9.19.9
1,pkg-007740,1.0.0
1,pkg-007741,2.1.1
1,pkg-007742,3.2.2
1,pkg-007743,4.3.3
1,pkg-007744,5.4.4
1,pkg-007745,6.5.5
1,pkg-007746,7.6.6
1,pkg-007747,8.7.7
1,pkg-007748,9.8.8
1,pkg-007749,1.9.9
1,pkg-007750,2.10.0
1,pkg-007751,3.11.1
1,pkg-007752,4.12.2
1,pkg-007753,5.13.3
1,pkg-007754,6.14.4
1,pkg-007755,7.15.5
1,pkg-007756,8.16.6
1,pkg-007757,9.17.7
1,pkg-007758,1.18.8
1,pkg-007759,2.19.9
1,pkg-007760,3.0.0
1,pkg-007761,4.1.1
1,pkg-007762,5.2.2
1,pkg-007763,6.3.3
1,pkg-007764,7.4.4
1,pkg-007765,8.5.5
1,pkg-007766,9.6.6
1,pkg-007767,1.7.7
1,pkg-007768,2.8.8
1,pkg-007769,3.9.9
1,pkg-007770,4.10.0
1,pkg-007771,5.11.1
1,pkg-007772,6.12.2
1,pkg-007773,7.13.3
1,pkg-007774,8.14.4
1,pkg-007775,9.15.5
1,pkg-007776,1.16.6
1,pkg-007777,2.17.7
1,pkg-007778,3.18.8
1,pkg-007779,4.19.9
1,pkg-007780,5.0.0
1,pkg-007781,6.1.1
1,pkg-007782,7.2.2
1,pkg-007783,8.3.3
1,pkg-007784,9.4.4
1,pkg-007785,1.5.5
1,pkg-007786,2.6.6
1,pkg-007787,3.7.7
1,pkg-007788,4.8.8
1,pkg-007789,5.9.9
1,pkg-007790,6.10.0
1,pkg-007791,7.11.1
1,pkg-007792,8.12.2
1,pkg-007793,9.13.3
1,pkg-007794,1.14.4
1,pkg-007795,2.15.5
1,pkg-007796,3.16.6
1,pkg-007797,4.17.7
1,pkg-007798,5.18.8
1,pkg-007799,6.19.9
1,pkg-007800,7.0.0
1,pkg-007801,8.1.1
1,pkg-007802,9.2.2
1,pkg-007803,1.3.3
1,pkg-007804,2.4.4
1,pkg-007805,3.5.5
1,pkg-007806,4.6.6
1,pkg-007807,5.7.7
1,pkg-007808,6.8.8
1,pkg-007809,7.9.9
1,pkg-007810,8.10.0
1,pkg-007811,9.11.1
1,pkg-007812,1.12.2
1,pkg-007813,2.13.3
1,pkg-007814,3.14.4
1,pkg-007815,4.15.5
1,pkg-007816,5.16.6
1,pkg-007817,6.17.7
1,pkg-007818,7.18.8
1,pkg-007819,8.19.9
1,pkg-007820,9.0.0
1,pkg-007821,1.1.1
1,pkg-007822,2.2.2
1,pkg-007823,3.3.3
1,pkg-007824,4.4.4
1,pkg-007825,5.5.5
1,pkg-007826,6.6.6
1,pkg-007827,7.7.7
1,pkg-007828,8.8.8
1,pkg-007829,9.9.9
1,pkg-007830,1.10.0
1,pkg-007831,2.11.1
1,pkg-007832,3.12.2
1,pkg-007833,4.13.3
1,pkg-007834,5.14.4
1,pkg-007835,6.15.5
1,pkg-007836,7.16.6
1,pkg-007837,8.17.7
1,pkg-007838,9.18.8
1,pkg-007839,1.19.9
1,pkg-007840,2.0.0
1,pkg-007841,3.1.1
1,pkg-007842,4.2.2
1,pkg-007843,5.3.3
1,pkg-007844,6.4.4
1,pkg-007845,7.5.5
1,pkg-007846,8.6.6
1,pkg-007847,9.7.7
1,pkg-007848,1.8.8
1,pkg-007849,2.9.9
1,pkg-007850,3.10.0
1,pkg-007851,4.11.1
1,pkg-007852,5.12.2
1,pkg-007853,6.13.3
1,pkg-007854,7.14.4
1,pkg-007855,8.15.5
1,pkg-007856,9.16.6
1,pkg-007857,1.17.7
1,pkg-007858,2.18.8
1,pkg-007859,3.19.9
1,pkg-007860,4.0.0
1,pkg-007861,5.1.1
1,pkg-007862,6.2.2
1,pkg-007863,7.3.3
1,pkg-007864,8.4.4
1,pkg-007865,9.5.5
1,pkg-007866,1.6.6
1,pkg-007867,2.7.7
1,pkg-007868,3.8.8
1,pkg-007869,4.9.9
1,pkg-007870,5.10.0
1,pkg-007871,6.11.1
1,pkg-007872,7.12.2
1,pkg-007873,8.13.3
1,pkg-007874,9.14.4
1,pkg-007875,1.15.5
1,pkg-007876,2.16.6
1,pkg-007877,3.17.7
1,pkg-007878,4.18.8
1,pkg-007879,5.19.9
1,pkg-007880,6.0.0
1,pkg-007881,7.1.1
1,pkg-007882,8.2.2
1,pkg-007883,9.3.3
1,pkg-007884,1.4.4
1,pkg-007885,2.5.5
1,pkg-007886,3.6.6
1,pkg-007887,4.7.7
1,pkg-007888,5.8.8
1,pkg-007889,6.9.9
1,pkg-007890,7.10.0
1,pkg-007891,8.11.1
1,pkg-007892,9.12.2
1,pkg-007893,1.13.3
1,pkg-007894,2.14.4
1,pkg-007895,3.15.5
1,pkg-007896,4.16.6
1,pkg-007897,5.17.7
1,pkg-007898,6.18.8
1,pkg-007899,7.19.9
1,pkg-007900,8.0.0
1,pkg-007901,9.1.1
1,pkg-007902,1.2.2
1,pkg-007903,2.3.3
1,pkg-007904,3.4.4
1,pkg-007905,4.5.5
1,pkg-007906,5.6.6
1,pkg-007907,6.7.7
1,pkg-007908,7.8.8
1,pkg-007909,8.9.9
1,pkg-007910,9.10.0
1,pkg-007911,1.11.1
1,pkg-007912,2.12.2
1,pkg-007913,3.13.3
1,pkg-007914,4.14.4
1,pkg-007915,5.15.5
1,pkg-007916,6.16.6
1,pkg-007917,7.17.7
1,pkg-007918,8.18.8
1,pkg-007919,9.19.9
1,pkg-007920,1.0.0
1,pkg-007921,2.1.1
1,pkg-007922,3.2.2
1,pkg-007923,4.3.3
1,pkg-007924,5.4.4
1,pkg-007925,6.5.5
1,pkg-007926,7.6.6
1,pkg-007927,8.7.7
1,pkg-007928,9.8.8
1,pkg-007929,1.9.9
1,pkg-007930,2.10.0
1,pkg-007931,3.11.1
1,pkg-007932,4.12.2
1,pkg-007933,5.13.3
1,pkg-007934,6.14.4
1,pkg-007935,7.15.5
1,pkg-007936,8.16.6
1,pkg-007937,9.17.7
1,pkg-007938,1.18.8
1,pkg-007939,2.19.9
1,pkg-007940,3.0.0
1,pkg-007941,4.1.1
1,pkg-007942,5.2.2
1,pkg-007943,6.3.3
1,pkg-007944,7.4.4
1,pkg-007945,8.5.5
1,pkg-007946,9.6.6
1,pkg-007947,1.7.7
1,pkg-007948,2.8.8
1,pkg-007949,3.9.9
1,pkg-007950,4.10.0
1,pkg-007951,5.11.1
1,pkg-007952,6.12.2
1,pkg-007953,7.13.3
1,pkg-007954,8.14.4
1,pkg-007955,9.15.5
1,pkg-007956,1.16.6
1,pkg-007957,2.17.7
1,pkg-007958,3.18.8
1,pkg-007959,4.19.9
1,pkg-007960,5.0.0
1,pkg-007961,6.1.1
1,pkg-007962,7.2.2
1,pkg-007963,8.3.3
1,pkg-007964,9.4.4
1,pkg-007965,1.5.5
1,pkg-007966,2.6.6
1,pkg-007967,3.7.7
1,pkg-007968,4.8.8
1,pkg-007969,5.9.9
1,pkg-007970,6.10.0
1,pkg-007971,7.11.1
1,pkg-007972,8.12.2
1,pkg-007973,9.13.3
1,pkg-007974,1.14.4
1,pkg-007975,2.15.5
1,pkg-007976,3.16.6
1,pkg-007977,4.17.7
1,pkg-007978,5.18.8
1,pkg-007979,6.19.9
1,pkg-007980,7.0.0
1,pkg-007981,8.1.1
1,pkg-007982,9.2.2
1,pkg-007983,1.3.3
1,pkg-007984,2.4.4
1,pkg-007985,3.5.5
1,pkg-007986,4.6.6
1,pkg-007987,5.7.7
1,pkg-007988,6.8.8
1,pkg-007989,7.9.9
1,pkg-007990,8.10.0
1,pkg-007991,9.11.1
1,pkg-007992,1.12.2
1,pkg-007993,2.13.3
1,pkg-007994,3.14.4
1,pkg-007995,4.15.5
1,pkg-007996,5.16.6
1,pkg-007997,6.17.7
1,pkg-007998,7.18.8
1,pkg-007999,8.19.9
1,pkg-008000,9.0.0
1,pkg-008001,1.1.1
1,pkg-008002,2.2.2
1,pkg-008003,3.3.3
1,pkg-008004,4.4.4
1,pkg-008005,5.5.5
1,pkg-008006,6.6.6
1,pkg-008007,7.7.7
1,pkg-008008,8.8.8
1,pkg-008009,9.9.9
1,pkg-008010,1.10.0
1,pkg-008011,2.11.1
1,pkg-008012,3.12.2
1,pkg-008013,4.13.3
1,pkg-008014,5.14.4
1,pkg-008015,6.15.5
1,pkg-008016,7.16.6
1,pkg-008017,8.17.7
1,pkg-008018,9.18.8
1,pkg-008019,1.19.9
1,pkg-008020,2.0.0
1,pkg-008021,3.1.1
1,pkg-008022,4.2.2
1,pkg-008023,5.3.3
1,pkg-008024,6.4.4
1,pkg-008025,7.5.5
1,pkg-008026,8.6.6
1,pkg-008027,9.7.7
1,pkg-008028,1.8.8
1,pkg-008029,2.9.9
1,pkg-008030,3.10.0
1,pkg-008031,4.11.1
1,pkg-008032,5.12.2
1,pkg-008033,6.13.3
1,pkg-008034,7.14.4
1,pkg-008035,8.15.5
1,pkg-008036,9.16.6
1,pkg-008037,1.17.7
1,pkg-008038,2.18.8
1,pkg-008039,3.19.9
1,pkg-008040,4.0.0
1,pkg-008041,5.1.1
1,pkg-008042,6.2.2
1,pkg-008043,7.3.3
1,pkg-008044,8.4.4
1,pkg-008045,9.5.5
1,pkg-008046,1.6.6
1,pkg-008047,2.7.7
1,pkg-008048,3.8.8
1,pkg-008049,4.9.9
1,pkg-008050,5.10.0
1,pkg-008051,6.11.1
1,pkg-008052,7.12.2
1,pkg-008053,8.13.3
1,pkg-008054,9.14.4
1,pkg-008055,1.15.5
1,pkg-008056,2.16.6
1,pkg-008057,3.17.7
1,pkg-008058,4.18.8
1,pkg-008059,5.19.9
1,pkg-008060,6.0.0
1,pkg-008061,7.1.1
1,pkg-008062,8.2.2
1,pkg-008063,9.3.3
1,pkg-008064,1.4.4
1,pkg-008065,2.5.5
1,pkg-008066,3.6.6
1,pkg-008067,4.7.7
1,pkg-008068,5.8.8
1,pkg-008069,6.9.9
1,pkg-008070,7.10.0
1,pkg-008071,8.11.1
1,pkg-008072,9.12.2
1,pkg-008073,1.13.3
1,pkg-008074,2.14.4
1,pkg-008075,3.15.5
1,pkg-008076,4.16.6
1,pkg-008077,5.17.7
1,pkg-008078,6.18.8
1,pkg-008079,7.19.9
1,pkg-008080,8.0.0
1,pkg-008081,9.1.1
1,pkg-008082,1.2.2
1,pkg-008083,2.3.3
1,pkg-008084,3.4.4
1,pkg-008085,4.5.5
1,pkg-008086,5.6.6
1,pkg-008087,6.7.7
1,pkg-008088,7.8.8
1,pkg-008089,8.9.9
1,pkg-008090,9.10.0
1,pkg-008091,1.11.1
1,pkg-008092,2.12.2
1,pkg-008093,3.13.3
1,pkg-008094,4.14.4
1,pkg-008095,5.15.5
1,pkg-008096,6.16.6
1,pkg-008097,7.17.7
1,pkg-008098,8.18.8
1,pkg-008099,9.19.9
1,pkg-008100,1.0.0
1,pkg-008101,2.1.1
1,pkg-008102,3.2.2
1,pkg-008103,4.3.3
1,pkg-008104,5.4.4
1,pkg-008105,6.5.5
1,pkg-008106,7.6.6
1,pkg-008107,8.7.7
1,pkg-008108,9.8.8
1,pkg-008109,1.9.9
1,pkg-008110,2.10.0
1,pkg-008111,3.11.1
1,pkg-008112,4.12.2
1,pkg-008113,5.13.3
1,pkg-008114,6.14.4
1,pkg-008115,7.15.5
1,pkg-008116,8.16.6
1,pkg-008117,9.17.7
1,pkg-008118,1.18.8
1,pkg-008119,2.19.9
1,pkg-008120,3.0.0
1,pkg-008121,4.1.1
1,pkg-008122,5.2.2
1,pkg-008123,6.3.3
1,pkg-008124,7.4.4
1,pkg-008125,8.5.5
1,pkg-008126,9.6.6
1,pkg-008127,1.7.7
1,pkg-008128,2.8.8
1,pkg-008129,3.9.9
1,pkg-008130,4.10.0
1,pkg-008131,5.11.1
1,pkg-008132,6.12.2
1,pkg-008133,7.13.3
1,pkg-008134,8.14.4
1,pkg-008135,9.15.5
1,pkg-008136,1.16.6
1,pkg-008137,2.17.7
1,pkg-008138,3.18.8
1,pkg-008139,4.19.9
1,pkg-008140,5.0.0
1,pkg-008141,6.1.1
1,pkg-008142,7.2.2
1,pkg-008143,8.3.3
1,pkg-008144,9.4.4
1,pkg-008145,1.5.5
1,pkg-008146,2.6.6
1,pkg-008147,3.7.7
1,pkg-008148,4.8.8
1,pkg-008149,5.9.9
1,pkg-008150,6.10.0
1,pkg-008151,7.11.1
1,pkg-008152,8.12.2
1,pkg-008153,9.13.3
1,pkg-008154,1.14.4
1,pkg-008155,2.15.5
1,pkg-008156,3.16.6
1,pkg-008157,4.17.7
1,pkg-008158,5.18.8
1,pkg-008159,6.19.9
1,pkg-008160,7.0.0
1,pkg-008161,8.1.1
1,pkg-008162,9.2.2
1,pkg-008163,1.3.3
1,pkg-008164,2.4.4
1,pkg-008165,3.5.5
1,pkg-008166,4.6.6
1,pkg-008167,5.7.7
1,pkg-008168,6.8.8
1,pkg-008169,7.9.9
1,pkg-008170,8.10.0
1,pkg-008171,9.11.1
1,pkg-008172,1.12.2
1,pkg-008173,2.13.3
1,pkg-008174,3.14.4
1,pkg-008175,4.15.5
1,pkg-008176,5.16.6
1,pkg-008177,6.17.7
1,pkg-008178,7.18.8
1,pkg-008179,8.19.9
1,pkg-008180,9.0.0
1,pkg-008181,1.1.1
1,pkg-008182,2.2.2
1,pkg-008183,3.3.3
1,pkg-008184,4.4.4
1,pkg-008185,5.5.5
1,pkg-008186,6.6.6
1,pkg-008187,7.7.7
1,pkg-008188,8.8.8
1,pkg-008189,9.9.9
1,pkg-008190,1.10.0
1,pkg-008191,2.11.1
1,pkg-008192,3.12.2
1,pkg-008193,4.13.3
1,pkg-008194,5.14.4
1,pkg-008195,6.15.5
1,pkg-008196,7.16.6
1,pkg-008197,8.17.7
1,pkg-008198,9.18.8
1,pkg-008199,1.19.9
1,pkg-008200,2.0.0
1,pkg-008201,3.1.1
1,pkg-008202,4.2.2
1,pkg-008203,5.3.3
1,pkg-008204,6.4.4
1,pkg-008205,7.5.5
1,pkg-008206,8.6.6
1,pkg-008207,9.7.7
1,pkg-008208,1.8.8
1,pkg-008209,2.9.9
1,pkg-008210,3.10.0
1,pkg-008211,4.11.1
1,pkg-008212,5.12.2
1,pkg-008213,6.13.3
1,pkg-008214,7.14.4
1,pkg-008215,8.15.5
1,pkg-008216,9.16.6
1,pkg-008217,1.17.7
1,pkg-008218,2.18.8
1,pkg-008219,3.19.9
1,pkg-008220,4.0.0
1,pkg-008221,5.1.1
1,pkg-008222,6.2.2
1,pkg-008223,7.3.3
1,pkg-008224,8.4.4
1,pkg-008225,9.5.5
1,pkg-008226,1.6.6
1,pkg-008227,2.7.7
1,pkg-008228,3.8.8
1,pkg-008229,4.9.9
1,pkg-008230,5.10.0
1,pkg-008231,6.11.1
1,pkg-008232,7.12.2
1,pkg-008233,8.13.3
1,pkg-008234,9.14.4
1,pkg-008235,1.15.5
1,pkg-008236,2.16.6
1,pkg-008237,3.17.7
1,pkg-008238,4.18.8
1,pkg-008239,5.19.9
1,pkg-008240,6.0.0
1,pkg-008241,7.1.1
1,pkg-008242,8.2.2
1,pkg-008243,9.3.3
1,pkg-008244,1.4.4
1,pkg-008245,2.5.5
1,pkg-008246,3.6.6
1,pkg-008247,4.7.7
1,pkg-008248,5.8.8
1,pkg-008249,6.9.9
1,pkg-008250,7.10.0
1,pkg-008251,8.11.1
1,pkg-008252,9.12.2
1,pkg-008253,1.13.3
1,pkg-008254,2.14.4
1,pkg-008255,3.15.5
1,pkg-008256,4.16.6
1,pkg-008257,5.17.7
1,pkg-008258,6.18.8
1,pkg-008259,7.19.9
1,pkg-008260,8.0.0
1,pkg-008261,9.1.1
1,pkg-008262,1.2.2
1,pkg-008263,2.3.3
1,pkg-008264,3.4.4
1,pkg-008265,4.5.5
1,pkg-008266,5.6.6
1,pkg-008267,6.7.7
1,pkg-008268,7.8.8
1,pkg-008269,8.9.9
1,pkg-008270,9.10.0
1,pkg-008271,1.11.1
1,pkg-008272,2.12.2
1,pkg-008273,3.13.3
1,pkg-008274,4.14.4
1,pkg-008275,5.15.5
1,pkg-008276,6.16.6
1,pkg-008277,7.17.7
1,pkg-008278,8.18.8
1,pkg-008279,9.19.9
1,pkg-008280,1.0.0
1,pkg-008281,2.1.1
1,pkg-008282,3.2.2
1,pkg-008283,4.3.3
1,pkg-008284,5.4.4
1,pkg-008285,6.5.5
1,pkg-008286,7.6.6
1,pkg-008287,8.7.7
1,pkg-008288,9.8.8
1,pkg-008289,1.9.9
1,pkg-008290,2.10.0
1,pkg-008291,3.11.1
1,pkg-008292,4.12.2
1,pkg-008293,5.13.3
1,pkg-008294,6.14.4
1,pkg-008295,7.15.5
1,pkg-008296,8.16.6
1,pkg-008297,9.17.7
1,pkg-008298,1.18.8
1,pkg-008299,2.19.9
1,pkg-008300,3.0.0
1,pkg-008301,4.1.1
1,pkg-008302,5.2.2
1,pkg-008303,6.3.3
1,pkg-008304,7.4.4
1,pkg-008305,8.5.5
1,pkg-008306,9.6.6
1,pkg-008307,1.7.7
1,pkg-008308,2.8.8
1,pkg-008309,3.9.9
1,pkg-008310,4.10.0
1,pkg-008311,5.11.1
1,pkg-008312,6.12.2
1,pkg-008313,7.13.3
1,pkg-008314,8.14.4
1,pkg-008315,9.15.5
1,pkg-008316,1.16.6
1,pkg-008317,2.17.7
1,pkg-008318,3.18.8
1,pkg-008319,4.19.9
1,pkg-008320,5.0.0
1,pkg-008321,6.1.1
1,pkg-008322,7.2.2
1,pkg-008323,8.3.3
1,pkg-008324,9.4.4
1,pkg-008325,1.5.5
1,pkg-008326,2.6.6
1,pkg-008327,3.7.7
1,pkg-008328,4.8.8
1,pkg-008329,5.9.9
1,pkg-008330,6.10.0
1,pkg-008331,7.11.1
1,pkg-008332,8.12.2
1,pkg-008333,9.13.3
1,pkg-008334,1.14.4
1,pkg-008335,2.15.5
1,pkg-008336,3.16.6
1,pkg-008337,4.17.7
1,pkg-008338,5.18.8
1,pkg-008339,6.19.9
1,pkg-008340,7.0.0
1,pkg-008341,8.1.1
1,pkg-008342,9.2.2
1,pkg-008343,1.3.3
1,pkg-008344,2.4.4
1,pkg-008345,3.5.5
1,pkg-008346,4.6.6
1,pkg-008347,5.7.7
1,pkg-008348,6.8.8
1,pkg-008349,7.9.9
1,pkg-008350,8.10.0
1,pkg-008351,9.11.1
1,pkg-008352,1.12.2
1,pkg-008353,2.13.3
1,pkg-008354,3.14.4
1,pkg-008355,4.15.5
1,pkg-008356,5.16.6
1,pkg-008357,6.17.7
1,pkg-008358,7.18.8
1,pkg-008359,8.19.9
1,pkg-008360,9.0.0
1,pkg-008361,1.1.1
1,pkg-008362,2.2.2
1,pkg-008363,3.3.3
1,pkg-008364,4.4.4
1,pkg-008365,5.5.5
1,pkg-008366,6.6.6
1,pkg-008367,7.7.7
1,pkg-008368,8.8.8
1,pkg-008369,9.9.9
1,pkg-008370,1.10.0
1,pkg-008371,2.11.1
1,pkg-008372,3.12.2
1,pkg-008373,4.13.3
1,pkg-008374,5.14.4
1,pkg-008375,6.15.5
1,pkg-008376,7.16.6
1,pkg-008377,8.17.7
1,pkg-008378,9.18.8
1,pkg-008379,1.19.9
1,pkg-008380,2.0.0
1,pkg-008381,3.1.1
1,pkg-008382,4.2.2
1,pkg-008383,5.3.3
1,pkg-008384,6.4.4
1,pkg-008385,7.5.5
1,pkg-008386,8.6.6
1,pkg-008387,9.7.7
1,pkg-008388,1.8.8
1,pkg-008389,2.9.9
1,pkg-008390,3.10.0
1,pkg-008391,4.11.1
1,pkg-008392,5.12.2
1,pkg-008393,6.13.3
1,pkg-008394,7.14.4
1,pkg-008395,8.15.5
1,pkg-008396,9.16.6
1,pkg-008397,1.17.7
1,pkg-008398,2.18.8
1,pkg-008399,3.19.9
1,pkg-008400,4.0.0
1,pkg-008401,5.1.1
1,pkg-008402,6.2.2
1,pkg-008403,7.3.3
1,pkg-008404,8.4.4
1,pkg-008405,9.5.5
1,pkg-008406,1.6.6
1,pkg-008407,2.7.7
1,pkg-008408,3.8.8
1,pkg-008409,4.9.9
1,pkg-008410,5.10.0
1,pkg-008411,6.11.1
1,pkg-008412,7.12.2
1,pkg-008413,8.13.3
1,pkg-008414,9.14.4
1,pkg-008415,1.15.5
1,pkg-008416,2.16.6
1,pkg-008417,3.17.7
1,pkg-008418,4.18.8
1,pkg-008419,5.19.9
1,pkg-008420,6.0.0
1,pkg-008421,7.1.1
1,pkg-008422,8.2.2
1,pkg-008423,9.3.3
1,pkg-008424,1.4.4
1,pkg-008425,2.5.5
1,pkg-008426,3.6.6
1,pkg-008427,4.7.7
1,pkg-008428,5.8.8
1,pkg-008429,6.9.9
1,pkg-008430,7.10.0
1,pkg-008431,8.11.1
1,pkg-008432,9.12.2
1,pkg-008433,1.13.3
1,pkg-008434,2.14.4
1,pkg-008435,3.15.5
1,pkg-008436,4.16.6
1,pkg-008437,5.17.7
1,pkg-008438,6.18.8
1,pkg-008439,7.19.9
1,pkg-008440,8.0.0
1,pkg-008441,9.1.1
1,pkg-008442,1.2.2
1,pkg-008443,2.3.3
1,pkg-008444,3.4.4
1,pkg-008445,4.5.5
1,pkg-008446,5.6.6
1,pkg-008447,6.7.7
1,pkg-008448,7.8.8
1,pkg-008449,8.9.9
1,pkg-008450,9.10.0
1,pkg-008451,1.11.1
1,pkg-008452,2.12.2
1,pkg-008453,3.13.3
1,pkg-008454,4.14.4
1,pkg-008455,5.15.5
1,pkg-008456,6.16.6
1,pkg-008457,7.17.7
1,pkg-008458,8.18.8
1,pkg-008459,9.19.9
1,pkg-008460,1.0.0
1,pkg-008461,2.1.1
1,pkg-008462,3.2.2
1,pkg-008463,4.3.3
1,pkg-008464,5.4.4
1,pkg-008465,6.5.5
1,pkg-008466,7.6.6
1,pkg-008467,8.7.7
1,pkg-008468,9.8.8
1,pkg-008469,1.9.9
1,pkg-008470,2.10.0
1,pkg-008471,3.11.1
1,pkg-008472,4.12.2
1,pkg-008473,5.13.3
1,pkg-008474,6.14.4
1,pkg-008475,7.15.5
1,pkg-008476,8.16.6
1,pkg-008477,9.17.7
1,pkg-008478,1.18.8
1,pkg-008479,2.19.9
1,pkg-008480,3.0.0
1,pkg-008481,4.1.1
1,pkg-008482,5.2.2
1,pkg-008483,6.3.3
1,pkg-008484,7.4.4
1,pkg-008485,8.5.5
1,pkg-008486,9.6.6
1,pkg-008487,1.7.7
1,pkg-008488,2.8.8
1,pkg-008489,3.9.9
1,pkg-008490,4.10.0
1,pkg-008491,5.11.1
1,pkg-008492,6.12.2
1,pkg-008493,7.13.3
1,pkg-008494,8.14.4
1,pkg-008495,9.15.5
1,pkg-008496,1.16.6
1,pkg-008497,2.17.7
1,pkg-008498,3.18.8
1,pkg-008499,4.19.9
1,pkg-008500,5.0.0
1,pkg-008501,6.1.1
1,pkg-008502,7.2.2
1,pkg-008503,8.3.3
1,pkg-008504,9.4.4
1,pkg-008505,1.5.5
1,pkg-008506,2.6.6
1,pkg-008507,3.7.7
1,pkg-008508,4.8.8
1,pkg-008509,5.9.9
1,pkg-008510,6.10.0
1,pkg-008511,7.11.1
1,pkg-008512,8.12.2
1,pkg-008513,9.13.3
1,pkg-008514,1.14.4
1,pkg-008515,2.15.5
1,pkg-008516,3.16.6
1,pkg-008517,4.17.7
1,pkg-008518,5.18.8
1,pkg-008519,6.19.9
1,pkg-008520,7.0.0
1,pkg-008521,8.1.1
1,pkg-008522,9.2.2
1,pkg-008523,1.3.3
1,pkg-008524,2.4.4
1,pkg-008525,3.5.5
1,pkg-008526,4.6.6
1,pkg-008527,5.7.7
1,pkg-008528,6.8.8
1,pkg-008529,7.9.9
1,pkg-008530,8.10.0
1,pkg-008531,9.11.1
1,pkg-008532,1.12.2
1,pkg-008533,2.13.3
1,pkg-008534,3.14.4
1,pkg-008535,4.15.5
1,pkg-008536,5.16.6
1,pkg-008537,6.17.7
1,pkg-008538,7.18.8
1,pkg-008539,8.19.9
1,pkg-008540,9.0.0
1,pkg-008541,1.1.1
1,pkg-008542,2.2.2
1,pkg-008543,3.3.3
1,pkg-008544,4.4.4
1,pkg-008545,5.5.5
1,pkg-008546,6.6.6
1,pkg-008547,7.7.7
1,pkg-008548,8.8.8
1,pkg-008549,9.9.9
1,pkg-008550,1.10.0
1,pkg-008551,2.11.1
1,pkg-008552,3.12.2
1,pkg-008553,4.13.3
1,pkg-008554,5.14.4
1,pkg-008555,6.15.5
1,pkg-008556,7.16.6
1,pkg-008557,8.17.7
1,pkg-008558,9.18.8
1,pkg-008559,1.19.9
1,pkg-008560,2.0.0
1,pkg-008561,3.1.1
1,pkg-008562,4.2.2
1,pkg-008563,5.3.3
1,pkg-008564,6.4.4
1,pkg-008565,7.5.5
1,pkg-008566,8.6.6
1,pkg-008567,9.7.7
1,pkg-008568,1.8.8
1,pkg-008569,2.9.9
1,pkg-008570,3.10.0
1,pkg-008571,4.11.1
1,pkg-008572,5.12.2
1,pkg-008573,6.13.3
1,pkg-008574,7.14.4
1,pkg-008575,8.15.5
1,pkg-008576,9.16.6
1,pkg-008577,1.17.7
1,pkg-008578,2.18.8
1,pkg-008579,3.19.9
1,pkg-008580,4.0.0
1,pkg-008581,5.1.1
1,pkg-008582,6.2.2
1,pkg-008583,7.3.3
1,pkg-008584,8.4.4
1,pkg-008585,9.5.5
1,pkg-008586,1.6.6
1,pkg-008587,2.7.7
1,pkg-008588,3.8.8
1,pkg-008589,4.9.9
1,pkg-008590,5.10.0
1,pkg-008591,6.11.1
1,pkg-008592,7.12.2
1,pkg-008593,8.13.3
1,pkg-008594,9.14.4
1,pkg-008595,1.15.5
1,pkg-008596,2.16.6
1,pkg-008597,3.17.7
1,pkg-008598,4.18.8
1,pkg-008599,5.19.9
1,pkg-008600,6.0.0
1,pkg-008601,7.1.1
1,pkg-008602,8.2.2
1,pkg-008603,9.3.3
1,pkg-008604,1.4.4
1,pkg-008605,2.5.5
1,pkg-008606,3.6.6
1,pkg-008607,4.7.7
1,pkg-008608,5.8.8
1,pkg-008609,6.9.9
1,pkg-008610,7.10.0
1,pkg-008611,8.11.1
1,pkg-008612,9.12.2
1,pkg-008613,1.13.3
1,pkg-008614,2.14.4
1,pkg-008615,3.15.5
1,pkg-008616,4.16.6
1,pkg-008617,5.17.7
1,pkg-008618,6.18.8
1,pkg-008619,7.19.9
1,pkg-008620,8.0.0
1,pkg-008621,9.1.1
1,pkg-008622,1.2.2
1,pkg-008623,2.3.3
1,pkg-008624,3.4.4
1,pkg-008625,4.5.5
1,pkg-008626,5.6.6
1,pkg-008627,6.7.7
1,pkg-008628,7.8.8
1,pkg-008629,8.9.9
1,pkg-008630,9.10.0
1,pkg-008631,1.11.1
1,pkg-008632,2.12.2
1,pkg-008633,3.13.3
1,pkg-008634,4.14.4
1,pkg-008635,5.15.5
1,pkg-008636,6.16.6
1,pkg-008637,7.17.7
1,pkg-008638,8.18.8
1,pkg-008639,9.19.9
1,pkg-008640,1.0.0
1,pkg-008641,2.1.1
1,pkg-008642,3.2.2
1,pkg-008643,4.3.3
1,pkg-008644,5.4.4
1,pkg-008645,6.5.5
1,pkg-008646,7.6.6
1,pkg-008647,8.7.7
1,pkg-008648,9.8.8
1,pkg-008649,1.9.9
1,pkg-008650,2.10.0
1,pkg-008651,3.11.1
1,pkg-008652,4.12.2
1,pkg-008653,5.13.3
1,pkg-008654,6.14.4
1,pkg-008655,7.15.5
1,pkg-008656,8.16.6
1,pkg-008657,9.17.7
1,pkg-008658,1.18.8
1,pkg-008659,2.19.9
1,pkg-008660,3.0.0
1,pkg-008661,4.1.1
1,pkg-008662,5.2.2
1,pkg-008663,6.3.3
1,pkg-008664,7.4.4
1,pkg-008665,8.5.5
1,pkg-008666,9.6.6
1,pkg-008667,1.7.7
1,pkg-008668,2.8.8
1,pkg-008669,3.9.9
1,pkg-008670,4.10.0
1,pkg-008671,5.11.1
1,pkg-008672,6.12.2
1,pkg-008673,7.13.3
1,pkg-008674,8.14.4
1,pkg-008675,9.15.5
1,pkg-008676,1.16.6
1,pkg-008677,2.17.7
1,pkg-008678,3.18.8
1,pkg-008679,4.19.9
1,pkg-008680,5.0.0
1,pkg-008681,6.1.1
1,pkg-008682,7.2.2
1,pkg-008683,8.3.3
1,pkg-008684,9.4.4
1,pkg-008685,1.5.5
1,pkg-008686,2.6.6
1,pkg-008687,3.7.7
1,pkg-008688,4.8.8
1,pkg-008689,5.9.9
1,pkg-008690,6.10.0
1,pkg-008691,7.11.1
1,pkg-008692,8.12.2
1,pkg-008693,9.13.3
1,pkg-008694,1.14.4
1,pkg-008695,2.15.5
1,pkg-008696,3.16.6
1,pkg-008697,4.17.7
1,pkg-008698,5.18.8
1,pkg-008699,6.19.9
1,pkg-008700,7.0.0
1,pkg-008701,8.1.1
1,pkg-008702,9.2.2
1,pkg-008703,1.3.3
1,pkg-008704,2.4.4
1,pkg-008705,3.5.5
1,pkg-008706,4.6.6
1,pkg-008707,5.7.7
1,pkg-008708,6.8.8
1,pkg-008709,7.9.9
1,pkg-008710,8.10.0
1,pkg-008711,9.11.1
1,pkg-008712,1.12.2
1,pkg-008713,2.13.3
1,pkg-008714,3.14.4
1,pkg-008715,4.15.5
1,pkg-008716,5.16.6
1,pkg-008717,6.17.7
1,pkg-008718,7.18.8
1,pkg-008719,8.19.9
1,pkg-008720,9.0.0
1,pkg-008721,1.1.1
1,pkg-008722,2.2.2
1,pkg-008723,3.3.3
1,pkg-008724,4.4.4
1,pkg-008725,5.5.5
1,pkg-008726,6.6.6
1,pkg-008727,7.7.7
1,pkg-008728,8.8.8
1,pkg-008729,9.9.9
1,pkg-008730,1.10.0
1,pkg-008731,2.11.1
1,pkg-008732,3.12.2
1,pkg-008733,4.13.3
1,pkg-008734,5.14.4
1,pkg-008735,6.15.5
1,pkg-008736,7.16.6
1,pkg-008737,8.17.7
1,pkg-008738,9.18.8
1,pkg-008739,1.19.9
1,pkg-008740,2.0.0
1,pkg-008741,3.1.1
1,pkg-008742,4.2.2
1,pkg-008743,5.3.3
1,pkg-008744,6.4.4
1,pkg-008745,7.5.5
1,pkg-008746,8.6.6
1,pkg-008747,9.7.7
1,pkg-008748,1.8.8
1,pkg-008749,2.9.9
1,pkg-008750,3.10.0
1,pkg-008751,4.11.1
1,pkg-008752,5.12.2
1,pkg-008753,6.13.3
1,pkg-008754,7.14.4
1,pkg-008755,8.15.5
1,pkg-008756,9.16.6
1,pkg-008757,1.17.7
1,pkg-008758,2.18.8
1,pkg-008759,3.19.9
1,pkg-008760,4.0.0
1,pkg-008761,5.1.1
1,pkg-008762,6.2.2
1,pkg-008763,7.3.3
1,pkg-008764,8.4.4
1,pkg-008765,9.5.5
1,pkg-008766,1.6.6
1,pkg-008767,2.7.7
1,pkg-008768,3.8.8
1,pkg-008769,4.9.9
1,pkg-008770,5.10.0
1,pkg-008771,6.11.1
1,pkg-008772,7.12.2
1,pkg-008773,8.13.3
1,pkg-008774,9.14.4
1,pkg-008775,1.15.5
1,pkg-008776,2.16.6
1,pkg-008777,3.17.7
1,pkg-008778,4.18.8
1,pkg-008779,5.19.9
1,pkg-008780,6.0.0
1,pkg-008781,7.1.1
1,pkg-008782,8.2.2
1,pkg-008783,9.3.3
1,pkg-008784,1.4.4
1,pkg-008785,2.5.5
1,pkg-008786,3.6.6
1,pkg-008787,4.7.7
1,pkg-008788,5.8.8
1,pkg-008789,6.9.9
1,pkg-008790,7.10.0
1,pkg-008791,8.11.1
1,pkg-008792,9.12.2
1,pkg-008793,1.13.3
1,pkg-008794,2.14.4
1,pkg-008795,3.15.5
1,pkg-008796,4.16.6
1,pkg-008797,5.17.7
1,pkg-008798,6.18.8
1,pkg-008799,7.19.9
1,pkg-008800,8.0.0
1,pkg-008801,9.1.1
1,pkg-008802,1.2.2
1,pkg-008803,2.3.3
1,pkg-008804,3.4.4
1,pkg-008805,4.5.5
1,pkg-008806,5.6.6
1,pkg-008807,6.7.7
1,pkg-008808,7.8.8
1,pkg-008809,8.9.9
1,pkg-008810,9.10.0
1,pkg-008811,1.11.1
1,pkg-008812,2.12.2
1,pkg-008813,3.13.3
1,pkg-008814,4.14.4
1,pkg-008815,5.15.5
1,pkg-008816,6.16.6
1,pkg-008817,7.17.7
1,pkg-008818,8.18.8
1,pkg-008819,9.19.9
1,pkg-008820,1.0.0
1,pkg-008821,2.1.1
1,pkg-008822,3.2.2
1,pkg-008823,4.3.3
1,pkg-008824,5.4.4
1,pkg-008825,6.5.5
1,pkg-008826,7.6.6
1,pkg-008827,8.7.7
1,pkg-008828,9.8.8
1,pkg-008829,1.9.9
1,pkg-008830,2.10.0
1,pkg-008831,3.11.1
1,pkg-008832,4.12.2
1,pkg-008833,5.13.3
1,pkg-008834,6.14.4
1,pkg-008835,7.15.5
1,pkg-008836,8.16.6
1,pkg-008837,9.17.7
1,pkg-008838,1.18.8
1,pkg-008839,2.19.9
1,pkg-008840,3.0.0
1,pkg-008841,4.1.1
1,pkg-008842,5.2.2
1,pkg-008843,6.3.3
1,pkg-008844,7.4.4
1,pkg-008845,8.5.5
1,pkg-008846,9.6.6
1,pkg-008847,1.7.7
1,pkg-008848,2.8.8
1,pkg-008849,3.9.9
1,pkg-008850,4.10.0
1,pkg-008851,5.11.1
1,pkg-008852,6.12.2
1,pkg-008853,7.13.3
1,pkg-008854,8.14.4
1,pkg-008855,9.15.5
1,pkg-008856,1.16.6
1,pkg-008857,2.17.7
1,pkg-008858,3.18.8
1,pkg-008859,4.19.9
1,pkg-008860,5.0.0
1,pkg-008861,6.1.1
1,pkg-008862,7.2.2
1,pkg-008863,8.3.3
1,pkg-008864,9.4.4
1,pkg-008865,1.5.5
1,pkg-008866,2.6.6
1,pkg-008867,3.7.7
1,pkg-008868,4.8.8
1,pkg-008869,5.9.9
1,pkg-008870,6.10.0
1,pkg-008871,7.11.1
1,pkg-008872,8.12.2
1,pkg-008873,9.13.3
1,pkg-008874,1.14.4
1,pkg-008875,2.15.5
1,pkg-008876,3.16.6
1,pkg-008877,4.17.7
1,pkg-008878,5.18.8
1,pkg-008879,6.19.9
1,pkg-008880,7.0.0
1,pkg-008881,8.1.1
1,pkg-008882,9.2.2
1,pkg-008883,1.3.3
1,pkg-008884,2.4.4
1,pkg-008885,3.5.5
1,pkg-008886,4.6.6
1,pkg-008887,5.7.7
1,pkg-008888,6.8.8
1,pkg-008889,7.9.9
1,pkg-008890,8.10.0
1,pkg-008891,9.11.1
1,pkg-008892,1.12.2
1,pkg-008893,2.13.3
1,pkg-008894,3.14.4
1,pkg-008895,4.15.5
1,pkg-008896,5.16.6
1,pkg-008897,6.17.7
1,pkg-008898,7.18.8
1,pkg-008899,8.19.9
1,pkg-008900,9.0.0
1,pkg-008901,1.1.1
1,pkg-008902,2.2.2
1,pkg-008903,3.3.3
1,pkg-008904,4.4.4
1,pkg-008905,5.5.5
1,pkg-008906,6.6.6
1,pkg-008907,7.7.7
1,pkg-008908,8.8.8
1,pkg-008909,9.9.9
1,pkg-008910,1.10.0
1,pkg-008911,2.11.1
1,pkg-008912,3.12.2
1,pkg-008913,4.13.3
1,pkg-008914,5.14.4
1,pkg-008915,6.15.5
1,pkg-008916,7.16.6
1,pkg-008917,8.17.7
1,pkg-008918,9.18.8
1,pkg-008919,1.19.9
1,pkg-008920,2.0.0
1,pkg-008921,3.1.1
1,pkg-008922,4.2.2
1,pkg-008923,5.3.3
1,pkg-008924,6.4.4
1,pkg-008925,7.5.5
1,pkg-008926,8.6.6
1,pkg-008927,9.7.7
1,pkg-008928,1.8.8
1,pkg-008929,2.9.9
1,pkg-008930,3.10.0
1,pkg-008931,4.11.1
1,pkg-008932,5.12.2
1,pkg-008933,6.13.3
1,pkg-008934,7.14.4
1,pkg-008935,8.15.5
1,pkg-008936,9.16.6
1,pkg-008937,1.17.7
1,pkg-008938,2.18.8
1,pkg-008939,3.19.9
1,pkg-008940,4.0.0
1,pkg-008941,5.1.1
1,pkg-008942,6.2.2
1,pkg-008943,7.3.3
1,pkg-008944,8.4.4
1,pkg-008945,9.5.5
1,pkg-008946,1.6.6
1,pkg-008947,2.7.7
1,pkg-008948,3.8.8
1,pkg-008949,4.9.9
1,pkg-008950,5.10.0
1,pkg-008951,6.11.1
1,pkg-008952,7.12.2
1,pkg-008953,8.13.3
1,pkg-008954,9.14.4
1,pkg-008955,1.15.5
1,pkg-008956,2.16.6
1,pkg-008957,3.17.7
1,pkg-008958,4.18.8
1,pkg-008959,5.19.9
1,pkg-008960,6.0.0
1,pkg-008961,7.1.1
1,pkg-008962,8.2.2
1,pkg-008963,9.3.3
1,pkg-008964,1.4.4
1,pkg-008965,2.5.5
1,pkg-008966,3.6.6
1,pkg-008967,4.7.7
1,pkg-008968,5.8.8
1,pkg-008969,6.9.9
1,pkg-008970,7.10.0
1,pkg-008971,8.11.1
1,pkg-008972,9.12.2
1,pkg-008973,1.13.3
1,pkg-008974,2.14.4
1,pkg-008975,3.15.5
1,pkg-008976,4.16.6
1,pkg-008977,5.17.7
1,pkg-008978,6.18.8
1,pkg-008979,7.19.9
1,pkg-008980,8.0.0
1,pkg-008981,9.1.1
1,pkg-008982,1.2.2
1,pkg-008983,2.3.3
1,pkg-008984,3.4.4
1,pkg-008985,4.5.5
1,pkg-008986,5.6.6
1,pkg-008987,6.7.7
1,pkg-008988,7.8.8
1,pkg-008989,8.9.9
1,pkg-008990,9.10.0
1,pkg-008991,1.11.1
1,pkg-008992,2.12.2
1,pkg-008993,3.13.3
1,pkg-008994,4.14.4
1,pkg-008995,5.15.5
1,pkg-008996,6.16.6
1,pkg-008997,7.17.7
1,pkg-008998,8.18.8
1,pkg-008999,9.19.9
1,pkg-009000,1.0.0
1,pkg-009001,2.1.1
1,pkg-009002,3.2.2
1,pkg-009003,4.3.3
1,pkg-009004,5.4.4
1,pkg-009005,6.5.5
1,pkg-009006,7.6.6
1,pkg-009007,8.7.7
1,pkg-009008,9.8.8
1,pkg-009009,1.9.9
1,pkg-009010,2.10.0
1,pkg-009011,3.11.1
1,pkg-009012,4.12.2
1,pkg-009013,5.13.3
1,pkg-009014,6.14.4
1,pkg-009015,7.15.5
1,pkg-009016,8.16.6
1,pkg-009017,9.17.7
1,pkg-009018,1.18.8
1,pkg-009019,2.19.9
1,pkg-009020,3.0.0
1,pkg-009021,4.1.1
1,pkg-009022,5.2.2
1,pkg-009023,6.3.3
1,pkg-009024,7.4.4
1,pkg-009025,8.5.5
1,pkg-009026,9.6.6
1,pkg-009027,1.7.7
1,pkg-009028,2.8.8
1,pkg-009029,3.9.9
1,pkg-009030,4.10.0
1,pkg-009031,5.11.1
1,pkg-009032,6.12.2
1,pkg-009033,7.13.3
1,pkg-009034,8.14.4
1,pkg-009035,9.15.5
1,pkg-009036,1.16.6
1,pkg-009037,2.17.7
1,pkg-009038,3.18.8
1,pkg-009039,4.19.9
1,pkg-009040,5.0.0
1,pkg-009041,6.1.1
1,pkg-009042,7.2.2
1,pkg-009043,8.3.3
1,pkg-009044,9.4.4
1,pkg-009045,1.5.5
1,pkg-009046,2.6.6
1,pkg-009047,3.7.7
1,pkg-009048,4.8.8
1,pkg-009049,5.9.9
1,pkg-009050,6.10.0
1,pkg-009051,7.11.1
1,pkg-009052,8.12.2
1,pkg-009053,9.13.3
1,pkg-009054,1.14.4
1,pkg-009055,2.15.5
1,pkg-009056,3.16.6
1,pkg-009057,4.17.7
1,pkg-009058,5.18.8
1,pkg-009059,6.19.9
1,pkg-009060,7.0.0
1,pkg-009061,8.1.1
1,pkg-009062,9.2.2
1,pkg-009063,1.3.3
1,pkg-009064,2.4.4
1,pkg-009065,3.5.5
1,pkg-009066,4.6.6
1,pkg-009067,5.7.7
1,pkg-009068,6.8.8
1,pkg-009069,7.9.9
1,pkg-009070,8.10.0
1,pkg-009071,9.11.1
1,pkg-009072,1.12.2
1,pkg-009073,2.13.3
1,pkg-009074,3.14.4
1,pkg-009075,4.15.5
1,pkg-009076,5.16.6
1,pkg-009077,6.17.7
1,pkg-009078,7.18.8
1,pkg-009079,8.19.9
1,pkg-009080,9.0.0
1,pkg-009081,1.1.1
1,pkg-009082,2.2.2
1,pkg-009083,3.3.3
1,pkg-009084,4.4.4
1,pkg-009085,5.5.5
1,pkg-009086,6.6.6
1,pkg-009087,7.7.7
1,pkg-009088,8.8.8
1,pkg-009089,9.9.9
1,pkg-009090,1.10.0
1,pkg-009091,2.11.1
1,pkg-009092,3.12.2
1,pkg-009093,4.13.3
1,pkg-009094,5.14.4
1,pkg-009095,6.15.5
1,pkg-009096,7.16.6
1,pkg-009097,8.17.7
1,pkg-009098,9.18.8
1,pkg-009099,1.19.9
1,pkg-009100,2.0.0
1,pkg-009101,3.1.1
1,pkg-009102,4.2.2
1,pkg-009103,5.3.3
1,pkg-009104,6.4.4
1,pkg-009105,7.5.5
1,pkg-009106,8.6.6
1,pkg-009107,9.7.7
1,pkg-009108,1.8.8
1,pkg-009109,2.9.9
1,pkg-009110,3.10.0
1,pkg-009111,4.11.1
1,pkg-009112,5.12.2
1,pkg-009113,6.13.3
1,pkg-009114,7.14.4
1,pkg-009115,8.15.5
1,pkg-009116,9.16.6
1,pkg-009117,1.17.7
1,pkg-009118,2.18.8
1,pkg-009119,3.19.9
1,pkg-009120,4.0.0
1,pkg-009121,5.1.1
1,pkg-009122,6.2.2
1,pkg-009123,7.3.3
1,pkg-009124,8.4.4
1,pkg-009125,9.5.5
1,pkg-009126,1.6.6
1,pkg-009127,2.7.7
1,pkg-009128,3.8.8
1,pkg-009129,4.9.9
1,pkg-009130,5.10.0
1,pkg-009131,6.11.1
1,pkg-009132,7.12.2
1,pkg-009133,8.13.3
1,pkg-009134,9.14.4
1,pkg-009135,1.15.5
1,pkg-009136,2.16.6
1,pkg-009137,3.17.7
1,pkg-009138,4.18.8
1,pkg-009139,5.19.9
1,pkg-009140,6.0.0
1,pkg-009141,7.1.1
1,pkg-009142,8.2.2
1,pkg-009143,9.3.3
1,pkg-009144,1.4.4
1,pkg-009145,2.5.5
1,pkg-009146,3.6.6
1,pkg-009147,4.7.7
1,pkg-009148,5.8.8
1,pkg-009149,6.9.9
1,pkg-009150,7.10.0
1,pkg-009151,8.11.1
1,pkg-009152,9.12.2
1,pkg-009153,1.13.3
1,pkg-009154,2.14.4
1,pkg-009155,3.15.5
1,pkg-009156,4.16.6
1,pkg-009157,5.17.7
1,pkg-009158,6.18.8
1,pkg-009159,7.19.9
1,pkg-009160,8.0.0
1,pkg-009161,9.1.1
1,pkg-009162,1.2.2
1,pkg-009163,2.3.3
1,pkg-009164,3.4.4
1,pkg-009165,4.5.5
1,pkg-009166,5.6.6
1,pkg-009167,6.7.7
1,pkg-009168,7.8.8
1,pkg-009169,8.9.9
1,pkg-009170,9.10.0
1,pkg-009171,1.11.1
1,pkg-009172,2.12.2
1,pkg-009173,3.13.3
1,pkg-009174,4.14.4
1,pkg-009175,5.15.5
1,pkg-009176,6.16.6
1,pkg-009177,7.17.7
1,pkg-009178,8.18.8
1,pkg-009179,9.19.9
1,pkg-009180,1.0.0
1,pkg-009181,2.1.1
1,pkg-009182,3.2.2
1,pkg-009183,4.3.3
1,pkg-009184,5.4.4
1,pkg-009185,6.5.5
1,pkg-009186,7.6.6
1,pkg-009187,8.7.7
1,pkg-009188,9.8.8
1,pkg-009189,1.9.9
1,pkg-009190,2.10.0
1,pkg-009191,3.11.1
1,pkg-009192,4.12.2
1,pkg-009193,5.13.3
1,pkg-009194,6.14.4
1,pkg-009195,7.15.5
1,pkg-009196,8.16.6
1,pkg-009197,9.17.7
1,pkg-009198,1.18.8
1,pkg-009199,2.19.9
1,pkg-009200,3.0.0
1,pkg-009201,4.1.1
1,pkg-009202,5.2.2
1,pkg-009203,6.3.3
1,pkg-009204,7.4.4
1,pkg-009205,8.5.5
1,pkg-009206,9.6.6
1,pkg-009207,1.7.7
1,pkg-009208,2.8.8
1,pkg-009209,3.9.9
1,pkg-009210,4.10.0
1,pkg-009211,5.11.1
1,pkg-009212,6.12.2
1,pkg-009213,7.13.3
1,pkg-009214,8.14.4
1,pkg-009215,9.15.5
1,pkg-009216,1.16.6
1,pkg-009217,2.17.7
1,pkg-009218,3.18.8
1,pkg-009219,4.19.9
1,pkg-009220,5.0.0
1,pkg-009221,6.1.1
1,pkg-009222,7.2.2
1,pkg-009223,8.3.3
1,pkg-009224,9.4.4
1,pkg-009225,1.5.5
1,pkg-009226,2.6.6
1,pkg-009227,3.7.7
1,pkg-009228,4.8.8
1,pkg-009229,5.9.9
1,pkg-009230,6.10.0
1,pkg-009231,7.11.1
1,pkg-009232,8.12.2
1,pkg-009233,9.13.3
1,pkg-009234,1.14.4
1,pkg-009235,2.15.5
1,pkg-009236,3.16.6
1,pkg-009237,4.17.7
1,pkg-009238,5.18.8
1,pkg-009239,6.19.9
1,pkg-009240,7.0.0
1,pkg-009241,8.1.1
1,pkg-009242,9.2.2
1,pkg-009243,1.3.3
1,pkg-009244,2.4.4
1,pkg-009245,3.5.5
1,pkg-009246,4.6.6
1,pkg-009247,5.7.7
1,pkg-009248,6.8.8
1,pkg-009249,7.9.9
1,pkg-009250,8.10.0
1,pkg-009251,9.11.1
1,pkg-009252,1.12.2
1,pkg-009253,2.13.3
1,pkg-009254,3.14.4
1,pkg-009255,4.15.5
1,pkg-009256,5.16.6
1,pkg-009257,6.17.7
1,pkg-009258,7.18.8
1,pkg-009259,8.19.9
1,pkg-009260,9.0.0
1,pkg-009261,1.1.1
1,pkg-009262,2.2.2
1,pkg-009263,3.3.3
1,pkg-009264,4.4.4
1,pkg-009265,5.5.5
1,pkg-009266,6.6.6
1,pkg-009267,7.7.7
1,pkg-009268,8.8.8
1,pkg-009269,9.9.9
1,pkg-009270,1.10.0
1,pkg-009271,2.11.1
1,pkg-009272,3.12.2
1,pkg-009273,4.13.3
1,pkg-009274,5.14.4
1,pkg-009275,6.15.5
1,pkg-009276,7.16.6
1,pkg-009277,8.17.7
1,pkg-009278,9.18.8
1,pkg-009279,1.19.9
1,pkg-009280,2.0.0
1,pkg-009281,3.1.1
1,pkg-009282,4.2.2
1,pkg-009283,5.3.3
1,pkg-009284,6.4.4
1,pkg-009285,7.5.5
1,pkg-009286,8.6.6
1,pkg-009287,9.7.7
1,pkg-009288,1.8.8
1,pkg-009289,2.9.9
1,pkg-009290,3.10.0
1,pkg-009291,4.11.1
1,pkg-009292,5.12.2
1,pkg-009293,6.13.3
1,pkg-009294,7.14.4
1,pkg-009295,8.15.5
1,pkg-009296,9.16.6
1,pkg-009297,1.17.7
1,pkg-009298,2.18.8
1,pkg-009299,3.19.9
1,pkg-009300,4.0.0
1,pkg-009301,5.1.1
1,pkg-009302,6.2.2
1,pkg-009303,7.3.3
1,pkg-009304,8.4.4
1,pkg-009305,9.5.5
1,pkg-009306,1.6.6
1,pkg-009307,2.7.7
1,pkg-009308,3.8.8
1,pkg-009309,4.9.9
1,pkg-009310,5.10.0
1,pkg-009311,6.11.1
1,pkg-009312,7.12.2
1,pkg-009313,8.13.3
1,pkg-009314,9.14.4
1,pkg-009315,1.15.5
1,pkg-009316,2.16.6
1,pkg-009317,3.17.7
1,pkg-009318,4.18.8
1,pkg-009319,5.19.9
1,pkg-009320,6.0.0
1,pkg-009321,7.1.1
1,pkg-009322,8.2.2
1,pkg-009323,9.3.3
1,pkg-009324,1.4.4
1,pkg-009325,2.5.5
1,pkg-009326,3.6.6
1,pkg-009327,4.7.7
1,pkg-009328,5.8.8
1,pkg-009329,6.9.9
1,pkg-009330,7.10.0
1,pkg-009331,8.11.1
1,pkg-009332,9.12.2
1,pkg-009333,1.13.3
1,pkg-009334,2.14.4
1,pkg-009335,3.15.5
1,pkg-009336,4.16.6
1,pkg-009337,5.17.7
1,pkg-009338,6.18.8
1,pkg-009339,7.19.9
1,pkg-009340,8.0.0
1,pkg-009341,9.1.1
1,pkg-009342,1.2.2
1,pkg-009343,2.3.3
1,pkg-009344,3.4.4
1,pkg-009345,4.5.5
1,pkg-009346,5.6.6
1,pkg-009347,6.7.7
1,pkg-009348,7.8.8
1,pkg-009349,8.9.9
1,pkg-009350,9.10.0
1,pkg-009351,1.11.1
1,pkg-009352,2.12.2
1,pkg-009353,3.13.3
1,pkg-009354,4.14.4
1,pkg-009355,5.15.5
1,pkg-009356,6.16.6
1,pkg-009357,7.17.7
1,pkg-009358,8.18.8
1,pkg-009359,9.19.9
1,pkg-009360,1.0.0
1,pkg-009361,2.1.1
1,pkg-009362,3.2.2
1,pkg-009363,4.3.3
1,pkg-009364,5.4.4
1,pkg-009365,6.5.5
1,pkg-009366,7.6.6
1,pkg-009367,8.7.7
1,pkg-009368,9.8.8
1,pkg-009369,1.9.9
1,pkg-009370,2.10.0
1,pkg-009371,3.11.1
1,pkg-009372,4.12.2
1,pkg-009373,5.13.3
1,pkg-009374,6.14.4
1,pkg-009375,7.15.5
1,pkg-009376,8.16.6
1,pkg-009377,9.17.7
1,pkg-009378,1.18.8
1,pkg-009379,2.19.9
1,pkg-009380,3.0.0
1,pkg-009381,4.1.1
1,pkg-009382,5.2.2
1,pkg-009383,6.3.3
1,pkg-009384,7.4.4
1,pkg-009385,8.5.5
1,pkg-009386,9.6.6
1,pkg-009387,1.7.7
1,pkg-009388,2.8.8
1,pkg-009389,3.9.9
1,pkg-009390,4.10.0
1,pkg-009391,5.11.1
1,pkg-009392,6.12.2
1,pkg-009393,7.13.3
1,pkg-009394,8.14.4
1,pkg-009395,9.15.5
1,pkg-009396,1.16.6
1,pkg-009397,2.17.7
1,pkg-009398,3.18.8
1,pkg-009399,4.19.9
1,pkg-009400,5.0.0
1,pkg-009401,6.1.1
1,pkg-009402,7.2.2
1,pkg-009403,8.3.3
1,pkg-009404,9.4.4
1,pkg-009405,1.5.5
1,pkg-009406,2.6.6
1,pkg-009407,3.7.7
1,pkg-009408,4.8.8
1,pkg-009409,5.9.9
1,pkg-009410,6.10.0
1,pkg-009411,7.11.1
1,pkg-009412,8.12.2
1,pkg-009413,9.13.3
1,pkg-009414,1.14.4
1,pkg-009415,2.15.5
1,pkg-009416,3.16.6
1,pkg-009417,4.17.7
1,pkg-009418,5.18.8
1,pkg-009419,6.19.9
1,pkg-009420,7.0.0
1,pkg-009421,8.1.1
1,pkg-009422,9.2.2
1,pkg-009423,1.3.3
1,pkg-009424,2.4.4
1,pkg-009425,3.5.5
1,pkg-009426,4.6.6
1,pkg-009427,5.7.7
1,pkg-009428,6.8.8
1,pkg-009429,7.9.9
1,pkg-009430,8.10.0
1,pkg-009431,9.11.1
1,pkg-009432,1.12.2
1,pkg-009433,2.13.3
1,pkg-009434,3.14.4
1,pkg-009435,4.15.5
1,pkg-009436,5.16.6
1,pkg-009437,6.17.7
1,pkg-009438,7.18.8
1,pkg-009439,8.19.9
1,pkg-009440,9.0.0
1,pkg-009441,1.1.1
1,pkg-009442,2.2.2
1,pkg-009443,3.3.3
1,pkg-009444,4.4.4
1,pkg-009445,5.5.5
1,pkg-009446,6.6.6
1,pkg-009447,7.7.7
1,pkg-009448,8.8.8
1,pkg-009449,9.9.9
1,pkg-009450,1.10.0
1,pkg-009451,2.11.1
1,pkg-009452,3.12.2
1,pkg-009453,4.13.3
1,pkg-009454,5.14.4
1,pkg-009455,6.15.5
1,pkg-009456,7.16.6
1,pkg-009457,8.17.7
1,pkg-009458,9.18.8
1,pkg-009459,1.19.9
1,pkg-009460,2.0.0
1,pkg-009461,3.1.1
1,pkg-009462,4.2.2
1,pkg-009463,5.3.3
1,pkg-009464,6.4.4
1,pkg-009465,7.5.5
1,pkg-009466,8.6.6
1,pkg-009467,9.7.7
1,pkg-009468,1.8.8
1,pkg-009469,2.9.9
1,pkg-009470,3.10.0
1,pkg-009471,4.11.1
1,pkg-009472,5.12.2
1,pkg-009473,6.13.3
1,pkg-009474,7.14.4
1,pkg-009475,8.15.5
1,pkg-009476,9.16.6
1,pkg-009477,1.17.7
1,pkg-009478,2.18.8
1,pkg-009479,3.19.9
1,pkg-009480,4.0.0
1,pkg-009481,5.1.1
1,pkg-009482,6.2.2
1,pkg-009483,7.3.3
1,pkg-009484,8.4.4
1,pkg-009485,9.5.5
1,pkg-009486,1.6.6
1,pkg-009487,2.7.7
1,pkg-009488,3.8.8
1,pkg-009489,4.9.9
1,pkg-009490,5.10.0
1,pkg-009491,6.11.1
1,pkg-009492,7.12.2
1,pkg-009493,8.13.3
1,pkg-009494,9.14.4
1,pkg-009495,1.15.5
1,pkg-009496,2.16.6
1,pkg-009497,3.17.7
1,pkg-009498,4.18.8
1,pkg-009499,5.19.9
1,pkg-009500,6.0.0
1,pkg-009501,7.1.1
1,pkg-009502,8.2.2
1,pkg-009503,9.3.3
1,pkg-009504,1.4.4
1,pkg-009505,2.5.5
1,pkg-009506,3.6.6
1,pkg-009507,4.7.7
1,pkg-009508,5.8.8
1,pkg-009509,6.9.9
1,pkg-009510,7.10.0
1,pkg-009511,8.11.1
1,pkg-009512,9.12.2
1,pkg-009513,1.13.3
1,pkg-009514,2.14.4
1,pkg-009515,3.15.5
1,pkg-009516,4.16.6
1,pkg-009517,5.17.7
1,pkg-009518,6.18.8
1,pkg-009519,7.19.9
1,pkg-009520,8.0.0
1,pkg-009521,9.1.1
1,pkg-009522,1.2.2
1,pkg-009523,2.3.3
1,pkg-009524,3.4.4
1,pkg-009525,4.5.5
1,pkg-009526,5.6.6
1,pkg-009527,6.7.7
1,pkg-009528,7.8.8
1,pkg-009529,8.9.9
1,pkg-009530,9.10.0
1,pkg-009531,1.11.1
1,pkg-009532,2.12.2
1,pkg-009533,3.13.3
1,pkg-009534,4.14.4
1,pkg-009535,5.15.5
1,pkg-009536,6.16.6
1,pkg-009537,7.17.7
1,pkg-009538,8.18.8
1,pkg-009539,9.19.9
1,pkg-009540,1.0.0
1,pkg-009541,2.1.1
1,pkg-009542,3.2.2
1,pkg-009543,4.3.3
1,pkg-009544,5.4.4
1,pkg-009545,6.5.5
1,pkg-009546,7.6.6
1,pkg-009547,8.7.7
1,pkg-009548,9.8.8
1,pkg-009549,1.9.9
1,pkg-009550,2.10.0
1,pkg-009551,3.11.1
1,pkg-009552,4.12.2
1,pkg-009553,5.13.3
1,pkg-009554,6.14.4
1,pkg-009555,7.15.5
1,pkg-009556,8.16.6
1,pkg-009557,9.17.7
1,pkg-009558,1.18.8
1,pkg-009559,2.19.9
1,pkg-009560,3.0.0
1,pkg-009561,4.1.1
1,pkg-009562,5.2.2
1,pkg-009563,6.3.3
1,pkg-009564,7.4.4
1,pkg-009565,8.5.5
1,pkg-009566,9.6.6
1,pkg-009567,1.7.7
1,pkg-009568,2.8.8
1,pkg-009569,3.9.9
1,pkg-009570,4.10.0
1,pkg-009571,5.11.1
1,pkg-009572,6.12.2
1,pkg-009573,7.13.3
1,pkg-009574,8.14.4
1,pkg-009575,9.15.5
1,pkg-009576,1.16.6
1,pkg-009577,2.17.7
1,pkg-009578,3.18.8
1,pkg-009579,4.19.9
1,pkg-009580,5.0.0
1,pkg-009581,6.1.1
1,pkg-009582,7.2.2
1,pkg-009583,8.3.3
1,pkg-009584,9.4.4
1,pkg-009585,1.5.5
1,pkg-009586,2.6.6
1,pkg-009587,3.7.7
1,pkg-009588,4.8.8
1,pkg-009589,5.9.9
1,pkg-009590,6.10.0
1,pkg-009591,7.11.1
1,pkg-009592,8.12.2
1,pkg-009593,9.13.3
1,pkg-009594,1.14.4
1,pkg-009595,2.15.5
1,pkg-009596,3.16.6
1,pkg-009597,4.17.7
1,pkg-009598,5.18.8
1,pkg-009599,6.19.9
1,pkg-009600,7.0.0
1,pkg-009601,8.1.1
1,pkg-009602,9.2.2
1,pkg-009603,1.3.3
1,pkg-009604,2.4.4
1,pkg-009605,3.5.5
1,pkg-009606,4.6.6
1,pkg-009607,5.7.7
1,pkg-009608,6.8.8
1,pkg-009609,7.9.9
1,pkg-009610,8.10.0
1,pkg-009611,9.11.1
1,pkg-009612,1.12.2
1,pkg-009613,2.13.3
1,pkg-009614,3.14.4
1,pkg-009615,4.15.5
1,pkg-009616,5.16.6
1,pkg-009617,6.17.7
1,pkg-009618,7.18.8
1,pkg-009619,8.19.9
1,pkg-009620,9.0.0
1,pkg-009621,1.1.1
1,pkg-009622,2.2.2
1,pkg-009623,3.3.3
1,pkg-009624,4.4.4
1,pkg-009625,5.5.5
1,pkg-009626,6.6.6
1,pkg-009627,7.7.7
1,pkg-009628,8.8.8
1,pkg-009629,9.9.9
1,pkg-009630,1.10.0
1,pkg-009631,2.11.1
1,pkg-009632,3.12.2
1,pkg-009633,4.13.3
1,pkg-009634,5.14.4
1,pkg-009635,6.15.5
1,pkg-009636,7.16.6
1,pkg-009637,8.17.7
1,pkg-009638,9.18.8
1,pkg-009639,1.19.9
1,pkg-009640,2.0.0
1,pkg-009641,3.1.1
1,pkg-009642,4.2.2
1,pkg-009643,5.3.3
1,pkg-009644,6.4.4
1,pkg-009645,7.5.5
1,pkg-009646,8.6.6
1,pkg-009647,9.7.7
1,pkg-009648,1.8.8
1,pkg-009649,2.9.9
1,pkg-009650,3.10.0
1,pkg-009651,4.11.1
1,pkg-009652,5.12.2
1,pkg-009653,6.13.3
1,pkg-009654,7.14.4
1,pkg-009655,8.15.5
1,pkg-009656,9.16.6
1,pkg-009657,1.17.7
1,pkg-009658,2.18.8
1,pkg-009659,3.19.9
1,pkg-009660,4.0.0
1,pkg-009661,5.1.1
1,pkg-009662,6.2.2
1,pkg-009663,7.3.3
1,pkg-009664,8.4.4
1,pkg-009665,9.5.5
1,pkg-009666,1.6.6
1,pkg-009667,2.7.7
1,pkg-009668,3.8.8
1,pkg-009669,4.9.9
1,pkg-009670,5.10.0
1,pkg-009671,6.11.1
1,pkg-009672,7.12.2
1,pkg-009673,8.13.3
1,pkg-009674,9.14.4
1,pkg-009675,1.15.5
1,pkg-009676,2.16.6
1,pkg-009677,3.17.7
1,pkg-009678,4.18.8
1,pkg-009679,5.19.9
1,pkg-009680,6.0.0
1,pkg-009681,7.1.1
1,pkg-009682,8.2.2
1,pkg-009683,9.3.3
1,pkg-009684,1.4.4
1,pkg-009685,2.5.5
1,pkg-009686,3.6.6
1,pkg-009687,4.7.7
1,pkg-009688,5.8.8
1,pkg-009689,6.9.9
1,pkg-009690,7.10.0
1,pkg-009691,8.11.1
1,pkg-009692,9.12.2
1,pkg-009693,1.13.3
1,pkg-009694,2.14.4
1,pkg-009695,3.15.5
1,pkg-009696,4.16.6
1,pkg-009697,5.17.7
1,pkg-009698,6.18.8
1,pkg-009699,7.19.9
1,pkg-009700,8.0.0
1,pkg-009701,9.1.1
1,pkg-009702,1.2.2
1,pkg-009703,2.3.3
1,pkg-009704,3.4.4
1,pkg-009705,4.5.5
1,pkg-009706,5.6.6
1,pkg-009707,6.7.7
1,pkg-009708,7.8.8
1,pkg-009709,8.9.9
1,pkg-009710,9.10.0
1,pkg-009711,1.11.1
1,pkg-009712,2.12.2
1,pkg-009713,3.13.3
1,pkg-009714,4.14.4
1,pkg-009715,5.15.5
1,pkg-009716,6.16.6
1,pkg-009717,7.17.7
1,pkg-009718,8.18.8
1,pkg-009719,9.19.9
1,pkg-009720,1.0.0
1,pkg-009721,2.1.1
1,pkg-009722,3.2.2
1,pkg-009723,4.3.3
1,pkg-009724,5.4.4
1,pkg-009725,6.5.5
1,pkg-009726,7.6.6
1,pkg-009727,8.7.7
1,pkg-009728,9.8.8
1,pkg-009729,1.9.9
1,pkg-009730,2.10.0
1,pkg-009731,3.11.1
1,pkg-009732,4.12.2
1,pkg-009733,5.13.3
1,pkg-009734,6.14.4
1,pkg-009735,7.15.5
1,pkg-009736,8.16.6
1,pkg-009737,9.17.7
1,pkg-009738,1.18.8
1,pkg-009739,2.19.9
1,pkg-009740,3.0.0
1,pkg-009741,4.1.1
1,pkg-009742,5.2.2
1,pkg-009743,6.3.3
1,pkg-009744,7.4.4
1,pkg-009745,8.5.5
1,pkg-009746,9.6.6
1,pkg-009747,1.7.7
1,pkg-009748,2.8.8
1,pkg-009749,3.9.9
1,pkg-009750,4.10.0
1,pkg-009751,5.11.1
1,pkg-009752,6.12.2
1,pkg-009753,7.13.3
1,pkg-009754,8.14.4
1,pkg-009755,9.15.5
1,pkg-009756,1.16.6
1,pkg-009757,2.17.7
1,pkg-009758,3.18.8
1,pkg-009759,4.19.9
1,pkg-009760,5.0.0
1,pkg-009761,6.1.1
1,pkg-009762,7.2.2
1,pkg-009763,8.3.3
1,pkg-009764,9.4.4
1,pkg-009765,1.5.5
1,pkg-009766,2.6.6
1,pkg-009767,3.7.7
1,pkg-009768,4.8.8
1,pkg-009769,5.9.9
1,pkg-009770,6.10.0
1,pkg-009771,7.11.1
1,pkg-009772,8.12.2
1,pkg-009773,9.13.3
1,pkg-009774,1.14.4
1,pkg-009775,2.15.5
1,pkg-009776,3.16.6
1,pkg-009777,4.17.7
1,pkg-009778,5.18.8
1,pkg-009779,6.19.9
1,pkg-009780,7.0.0
1,pkg-009781,8.1.1
1,pkg-009782,9.2.2
1,pkg-009783,1.3.3
1,pkg-009784,2.4.4
1,pkg-009785,3.5.5
1,pkg-009786,4.6.6
1,pkg-009787,5.7.7
1,pkg-009788,6.8.8
1,pkg-009789,7.9.9
1,pkg-009790,8.10.0
1,pkg-009791,9.11.1
1,pkg-009792,1.12.2
1,pkg-009793,2.13.3
1,pkg-009794,3.14.4
1,pkg-009795,4.15.5
1,pkg-009796,5.16.6
1,pkg-009797,6.17.7
1,pkg-009798,7.18.8
1,pkg-009799,8.19.9
1,pkg-009800,9.0.0
1,pkg-009801,1.1.1
1,pkg-009802,2.2.2
1,pkg-009803,3.3.3
1,pkg-009804,4.4.4
1,pkg-009805,5.5.5
1,pkg-009806,6.6.6
1,pkg-009807,7.7.7
1,pkg-009808,8.8.8
1,pkg-009809,9.9.9
1,pkg-009810,1.10.0
1,pkg-009811,2.11.1
1,pkg-009812,3.12.2
1,pkg-009813,4.13.3
1,pkg-009814,5.14.4
1,pkg-009815,6.15.5
1,pkg-009816,7.16.6
1,pkg-009817,8.17.7
1,pkg-009818,9.18.8
1,pkg-009819,1.19.9
1,pkg-009820,2.0.0
1,pkg-009821,3.1.1
1,pkg-009822,4.2.2
1,pkg-009823,5.3.3
1,pkg-009824,6.4.4
1,pkg-009825,7.5.5
1,pkg-009826,8.6.6
1,pkg-009827,9.7.7
1,pkg-009828,1.8.8
1,pkg-009829,2.9.9
1,pkg-009830,3.10.0
1,pkg-009831,4.11.1
1,pkg-009832,5.12.2
1,pkg-009833,6.13.3
1,pkg-009834,7.14.4
1,pkg-009835,8.15.5
1,pkg-009836,9.16.6
1,pkg-009837,1.17.7
1,pkg-009838,2.18.8
1,pkg-009839,3.19.9
1,pkg-009840,4.0.0
1,pkg-009841,5.1.1
1,pkg-009842,6.2.2
1,pkg-009843,7.3.3
1,pkg-009844,8.4.4
1,pkg-009845,9.5.5
1,pkg-009846,1.6.6
1,pkg-009847,2.7.7
1,pkg-009848,3.8.8
1,pkg-009849,4.9.9
1,pkg-009850,5.10.0
1,pkg-009851,6.11.1
1,pkg-009852,7.12.2
1,pkg-009853,8.13.3
1,pkg-009854,9.14.4
1,pkg-009855,1.15.5
1,pkg-009856,2.16.6
1,pkg-009857,3.17.7
1,pkg-009858,4.18.8
1,pkg-009859,5.19.9
1,pkg-009860,6.0.0
1,pkg-009861,7.1.1
1,pkg-009862,8.2.2
1,pkg-009863,9.3.3
1,pkg-009864,1.4.4
1,pkg-009865,2.5.5
1,pkg-009866,3.6.6
1,pkg-009867,4.7.7
1,pkg-009868,5.8.8
1,pkg-009869,6.9.9
1,pkg-009870,7.10.0
1,pkg-009871,8.11.1
1,pkg-009872,9.12.2
1,pkg-009873,1.13.3
1,pkg-009874,2.14.4
1,pkg-009875,3.15.5
1,pkg-009876,4.16.6
1,pkg-009877,5.17.7
1,pkg-009878,6.18.8
1,pkg-009879,7.19.9
1,pkg-009880,8.0.0
1,pkg-009881,9.1.1
1,pkg-009882,1.2.2
1,pkg-009883,2.3.3
1,pkg-009884,3.4.4
1,pkg-009885,4.5.5
1,pkg-009886,5.6.6
1,pkg-009887,6.7.7
1,pkg-009888,7.8.8
1,pkg-009889,8.9.9
1,pkg-009890,9.10.0
1,pkg-009891,1.11.1
1,pkg-009892,2.12.2
1,pkg-009893,3.13.3
1,pkg-009894,4.14.4
1,pkg-009895,5.15.5
1,pkg-009896,6.16.6
1,pkg-009897,7.17.7
1,pkg-009898,8.18.8
1,pkg-009899,9.19.9
1,pkg-009900,1.0.0
1,pkg-009901,2.1.1
1,pkg-009902,3.2.2
1,pkg-009903,4.3.3
1,pkg-009904,5.4.4
1,pkg-009905,6.5.5
1,pkg-009906,7.6.6
1,pkg-009907,8.7.7
1,pkg-009908,9.8.8
1,pkg-009909,1.9.9
1,pkg-009910,2.10.0
1,pkg-009911,3.11.1
1,pkg-009912,4.12.2
1,pkg-009913,5.13.3
1,pkg-009914,6.14.4
1,pkg-009915,7.15.5
1,pkg-009916,8.16.6
1,pkg-009917,9.17.7
1,pkg-009918,1.18.8
1,pkg-009919,2.19.9
1,pkg-009920,3.0.0
1,pkg-009921,4.1.1
1,pkg-009922,5.2.2
1,pkg-009923,6.3.3
1,pkg-009924,7.4.4
1,pkg-009925,8.5.5
1,pkg-009926,9.6.6
1,pkg-009927,1.7.7
1,pkg-009928,2.8.8
1,pkg-009929,3.9.9
1,pkg-009930,4.10.0
1,pkg-009931,5.11.1
1,pkg-009932,6.12.2
1,pkg-009933,7.13.3
1,pkg-009934,8.14.4
1,pkg-009935,9.15.5
1,pkg-009936,1.16.6
1,pkg-009937,2.17.7
1,pkg-009938,3.18.8
1,pkg-009939,4.19.9
1,pkg-009940,5.0.0
1,pkg-009941,6.1.1
1,pkg-009942,7.2.2
1,pkg-009943,8.3.3
1,pkg-009944,9.4.4
1,pkg-009945,1.5.5
1,pkg-009946,2.6.6
1,pkg-009947,3.7.7
1,pkg-009948,4.8.8
1,pkg-009949,5.9.9
1,pkg-009950,6.10.0
1,pkg-009951,7.11.1
1,pkg-009952,8.12.2
1,pkg-009953,9.13.3
1,pkg-009954,1.14.4
1,pkg-009955,2.15.5
1,pkg-009956,3.16.6
1,pkg-009957,4.17.7
1,pkg-009958,5.18.8
1,pkg-009959,6.19.9
1,pkg-009960,7.0.0
1,pkg-009961,8.1.1
1,pkg-009962,9.2.2
1,pkg-009963,1.3.3
1,pkg-009964,2.4.4
1,pkg-009965,3.5.5
1,pkg-009966,4.6.6
1,pkg-009967,5.7.7
1,pkg-009968,6.8.8
1,pkg-009969,7.9.9
1,pkg-009970,8.10.0
1,pkg-009971,9.11.1
1,pkg-009972,1.12.2
1,pkg-009973,2.13.3
1,pkg-009974,3.14.4
1,pkg-009975,4.15.5
1,pkg-009976,5.16.6
1,pkg-009977,6.17.7
1,pkg-009978,7.18.8
1,pkg-009979,8.19.9
1,pkg-009980,9.0.0
1,pkg-009981,1.1.1
1,pkg-009982,2.2.2
1,pkg-009983,3.3.3
1,pkg-009984,4.4.4
1,pkg-009985,5.5.5
1,pkg-009986,6.6.6
1,pkg-009987,7.7.7
1,pkg-009988,8.8.8
1,pkg-009989,9.9.9
1,pkg-009990,1.10.0
1,pkg-009991,2.11.1
1,pkg-009992,3.12.2
1,pkg-009993,4.13.3
1,pkg-009994,5.14.4
1,pkg-009995,6.15.5
1,pkg-009996,7.16.6
1,pkg-009997,8.17.7
1,pkg-009998,9.18.8
1,pkg-009999,1.19.9
1,pkg-010000,2.0.0
1,pkg-010001,3.1.1
1,pkg-010002,4.2.2
1,pkg-010003,5.3.3
1,pkg-010004,6.4.4
1,pkg-010005,7.5.5
1,pkg-010006,8.6.6
1,pkg-010007,9.7.7
1,pkg-010008,1.8.8
1,pkg-010009,2.9.9
1,pkg-010010,3.10.0
1,pkg-010011,4.11.1
1,pkg-010012,5.12.2
1,pkg-010013,6.13.3
1,pkg-010014,7.14.4
1,pkg-010015,8.15.5
1,pkg-010016,9.16.6
1,pkg-010017,1.17.7
1,pkg-010018,2.18.8
1,pkg-010019,3.19.9
1,pkg-010020,4.0.0
1,pkg-010021,5.1.1
1,pkg-010022,6.2.2
1,pkg-010023,7.3.3
1,pkg-010024,8.4.4
1,pkg-010025,9.5.5
1,pkg-010026,1.6.6
1,pkg-010027,2.7.7
1,pkg-010028,3.8.8
1,pkg-010029,4.9.9
1,pkg-010030,5.10.0
1,pkg-010031,6.11.1
1,pkg-010032,7.12.2
1,pkg-010033,8.13.3
1,pkg-010034,9.14.4
1,pkg-010035,1.15.5
1,pkg-010036,2.16.6
1,pkg-010037,3.17.7
1,pkg-010038,4.18.8
1,pkg-010039,5.19.9
1,pkg-010040,6.0.0
1,pkg-010041,7.1.1
1,pkg-010042,8.2.2
1,pkg-010043,9.3.3
1,pkg-010044,1.4.4
1,pkg-010045,2.5.5
1,pkg-010046,3.6.6
1,pkg-010047,4.7.7
1,pkg-010048,5.8.8
1,pkg-010049,6.9.9
1,pkg-010050,7.10.0
1,pkg-010051,8.11.1
1,pkg-010052,9.12.2
1,pkg-010053,1.13.3
1,pkg-010054,2.14.4
1,pkg-010055,3.15.5
1,pkg-010056,4.16.6
1,pkg-010057,5.17.7
1,pkg-010058,6.18.8
1,pkg-010059,7.19.9
1,pkg-010060,8.0.0
1,pkg-010061,9.1.1
1,pkg-010062,1.2.2
1,pkg-010063,2.3.3
1,pkg-010064,3.4.4
1,pkg-010065,4.5.5
1,pkg-010066,5.6.6
1,pkg-010067,6.7.7
1,pkg-010068,7.8.8
1,pkg-010069,8.9.9
1,pkg-010070,9.10.0
1,pkg-010071,1.11.1
1,pkg-010072,2.12.2
1,pkg-010073,3.13.3
1,pkg-010074,4.14.4
1,pkg-010075,5.15.5
1,pkg-010076,6.16.6
1,pkg-010077,7.17.7
1,pkg-010078,8.18.8
1,pkg-010079,9.19.9
1,pkg-010080,1.0.0
1,pkg-010081,2.1.1
1,pkg-010082,3.2.2
1,pkg-010083,4.3.3
1,pkg-010084,5.4.4
1,pkg-010085,6.5.5
1,pkg-010086,7.6.6
1,pkg-010087,8.7.7
1,pkg-010088,9.8.8
1,pkg-010089,1.9.9
1,pkg-010090,2.10.0
1,pkg-010091,3.11.1
1,pkg-010092,4.12.2
1,pkg-010093,5.13.3
1,pkg-010094,6.14.4
1,pkg-010095,7.15.5
1,pkg-010096,8.16.6
1,pkg-010097,9.17.7
1,pkg-010098,1.18.8
1,pkg-010099,2.19.9
1,pkg-010100,3.0.0
1,pkg-010101,4.1.1
1,pkg-010102,5.2.2
1,pkg-010103,6.3.3
1,pkg-010104,7.4.4
1,pkg-010105,8.5.5
1,pkg-010106,9.6.6
1,pkg-010107,1.7.7
1,pkg-010108,2.8.8
1,pkg-010109,3.9.9
1,pkg-010110,4.10.0
1,pkg-010111,5.11.1
1,pkg-010112,6.12.2
1,pkg-010113,7.13.3
1,pkg-010114,8.14.4
1,pkg-010115,9.15.5
1,pkg-010116,1.16.6
1,pkg-010117,2.17.7
1,pkg-010118,3.18.8
1,pkg-010119,4.19.9
1,pkg-010120,5.0.0
1,pkg-010121,6.1.1
1,pkg-010122,7.2.2
1,pkg-010123,8.3.3
1,pkg-010124,9.4.4
1,pkg-010125,1.5.5
1,pkg-010126,2.6.6
1,pkg-010127,3.7.7
1,pkg-010128,4.8.8
1,pkg-010129,5.9.9
1,pkg-010130,6.10.0
1,pkg-010131,7.11.1
1,pkg-010132,8.12.2
1,pkg-010133,9.13.3
1,pkg-010134,1.14.4
1,pkg-010135,2.15.5
1,pkg-010136,3.16.6
1,pkg-010137,4.17.7
1,pkg-010138,5.18.8
1,pkg-010139,6.19.9
1,pkg-010140,7.0.0
1,pkg-010141,8.1.1
1,pkg-010142,9.2.2
1,pkg-010143,1.3.3
1,pkg-010144,2.4.4
1,pkg-010145,3.5.5
1,pkg-010146,4.6.6
1,pkg-010147,5.7.7
1,pkg-010148,6.8.8
1,pkg-010149,7.9.9
1,pkg-010150,8.10.0
1,pkg-010151,9.11.1
1,pkg-010152,1.12.2
1,pkg-010153,2.13.3
1,pkg-010154,3.14.4
1,pkg-010155,4.15.5
1,pkg-010156,5.16.6
1,pkg-010157,6.17.7
1,pkg-010158,7.18.8
1,pkg-010159,8.19.9
1,pkg-010160,9.0.0
1,pkg-010161,1.1.1
1,pkg-010162,2.2.2
1,pkg-010163,3.3.3
1,pkg-010164,4.4.4
1,pkg-010165,5.5.5
1,pkg-010166,6.6.6
1,pkg-010167,7.7.7
1,pkg-010168,8.8.8
1,pkg-010169,9.9.9
1,pkg-010170,1.10.0
1,pkg-010171,2.11.1
1,pkg-010172,3.12.2
1,pkg-010173,4.13.3
1,pkg-010174,5.14.4
1,pkg-010175,6.15.5
1,pkg-010176,7.16.6
1,pkg-010177,8.17.7
1,pkg-010178,9.18.8
1,pkg-010179,1.19.9
1,pkg-010180,2.0.0
1,pkg-010181,3.1.1
1,pkg-010182,4.2.2
1,pkg-010183,5.3.3
1,pkg-010184,6.4.4
1,pkg-010185,7.5.5
1,pkg-010186,8.6.6
1,pkg-010187,9.7.7
1,pkg-010188,1.8.8
1,pkg-010189,2.9.9
1,pkg-010190,3.10.0
1,pkg-010191,4.11.1
1,pkg-010192,5.12.2
1,pkg-010193,6.13.3
1,pkg-010194,7.14.4
1,pkg-010195,8.15.5
1,pkg-010196,9.16.6
1,pkg-010197,1.17.7
1,pkg-010198,2.18.8
1,pkg-010199,3.19.9
1,pkg-010200,4.0.0
1,pkg-010201,5.1.1
1,pkg-010202,6.2.2
1,pkg-010203,7.3.3
1,pkg-010204,8.4.4
1,pkg-010205,9.5.5
1,pkg-010206,1.6.6
1,pkg-010207,2.7.7
1,pkg-010208,3.8.8
1,pkg-010209,4.9.9
1,pkg-010210,5.10.0
1,pkg-010211,6.11.1
1,pkg-010212,7.12.2
1,pkg-010213,8.13.3
1,pkg-010214,9.14.4
1,pkg-010215,1.15.5
1,pkg-010216,2.16.6
1,pkg-010217,3.17.7
1,pkg-010218,4.18.8
1,pkg-010219,5.19.9
1,pkg-010220,6.0.0
1,pkg-010221,7.1.1
1,pkg-010222,8.2.2
1,pkg-010223,9.3.3
1,pkg-010224,1.4.4
1,pkg-010225,2.5.5
1,pkg-010226,3.6.6
1,pkg-010227,4.7.7
1,pkg-010228,5.8.8
1,pkg-010229,6.9.9
1,pkg-010230,7.10.0
1,pkg-010231,8.11.1
1,pkg-010232,9.12.2
1,pkg-010233,1.13.3
1,pkg-010234,2.14.4
1,pkg-010235,3.15.5
1,pkg-010236,4.16.6
1,pkg-010237,5.17.7
1,pkg-010238,6.18.8
1,pkg-010239,7.19.9
1,pkg-010240,8.0.0
1,pkg-010241,9.1.1
1,pkg-010242,1.2.2
1,pkg-010243,2.3.3
1,pkg-010244,3.4.4
1,pkg-010245,4.5.5
1,pkg-010246,5.6.6
1,pkg-010247,6.7.7
1,pkg-010248,7.8.8
1,pkg-010249,8.9.9
1,pkg-010250,9.10.0
1,pkg-010251,1.11.1
1,pkg-010252,2.12.2
1,pkg-010253,3.13.3
1,pkg-010254,4.14.4
1,pkg-010255,5.15.5
1,pkg-010256,6.16.6
1,pkg-010257,7.17.7
1,pkg-010258,8.18.8
1,pkg-010259,9.19.9
1,pkg-010260,1.0.0
1,pkg-010261,2.1.1
1,pkg-010262,3.2.2
1,pkg-010263,4.3.3
1,pkg-010264,5.4.4
1,pkg-010265,6.5.5
1,pkg-010266,7.6.6
1,pkg-010267,8.7.7
1,pkg-010268,9.8.8
1,pkg-010269,1.9.9
1,pkg-010270,2.10.0
1,pkg-010271,3.11.1
1,pkg-010272,4.12.2
1,pkg-010273,5.13.3
1,pkg-010274,6.14.4
1,pkg-010275,7.15.5
1,pkg-010276,8.16.6
1,pkg-010277,9.17.7
1,pkg-010278,1.18.8
1,pkg-010279,2.19.9
1,pkg-010280,3.0.0
1,pkg-010281,4.1.1
1,pkg-010282,5.2.2
1,pkg-010283,6.3.3
1,pkg-010284,7.4.4
1,pkg-010285,8.5.5
1,pkg-010286,9.6.6
1,pkg-010287,1.7.7
1,pkg-010288,2.8.8
1,pkg-010289,3.9.9
1,pkg-010290,4.10.0
1,pkg-010291,5.11.1
1,pkg-010292,6.12.2
1,pkg-010293,7.13.3
1,pkg-010294,8.14.4
1,pkg-010295,9.15.5
1,pkg-010296,1.16.6
1,pkg-010297,2.17.7
1,pkg-010298,3.18.8
1,pkg-010299,4.19.9
1,pkg-010300,5.0.0
1,pkg-010301,6.1.1
1,pkg-010302,7.2.2
1,pkg-010303,8.3.3
1,pkg-010304,9.4.4
1,pkg-010305,1.5.5
1,pkg-010306,2.6.6
1,pkg-010307,3.7.7
1,pkg-010308,4.8.8
1,pkg-010309,5.9.9
1,pkg-010310,6.10.0
1,pkg-010311,7.11.1
1,pkg-010312,8.12.2
1,pkg-010313,9.13.3
1,pkg-010314,1.14.4
1,pkg-010315,2.15.5
1,pkg-010316,3.16.6
1,pkg-010317,4.17.7
1,pkg-010318,5.18.8
1,pkg-010319,6.19.9
1,pkg-010320,7.0.0
1,pkg-010321,8.1.1
1,pkg-010322,9.2.2
1,pkg-010323,1.3.3
1,pkg-010324,2.4.4
1,pkg-010325,3.5.5
1,pkg-010326,4.6.6
1,pkg-010327,5.7.7
1,pkg-010328,6.8.8
1,pkg-010329,7.9.9
1,pkg-010330,8.10.0
1,pkg-010331,9.11.1
1,pkg-010332,1.12.2
1,pkg-010333,2.13.3
1,pkg-010334,3.14.4
1,pkg-010335,4.15.5
1,pkg-010336,5.16.6
1,pkg-010337,6.17.7
1,pkg-010338,7.18.8
1,pkg-010339,8.19.9
1,pkg-010340,9.0.0
1,pkg-010341,1.1.1
1,pkg-010342,2.2.2
1,pkg-010343,3.3.3
1,pkg-010344,4.4.4
1,pkg-010345,5.5.5
1,pkg-010346,6.6.6
1,pkg-010347,7.7.7
1,pkg-010348,8.8.8
1,pkg-010349,9.9.9
1,pkg-010350,1.10.0
1,pkg-010351,2.11.1
1,pkg-010352,3.12.2
1,pkg-010353,4.13.3
1,pkg-010354,5.14.4
1,pkg-010355,6.15.5
1,pkg-010356,7.16.6
1,pkg-010357,8.17.7
1,pkg-010358,9.18.8
1,pkg-010359,1.19.9
1,pkg-010360,2.0.0
1,pkg-010361,3.1.1
1,pkg-010362,4.2.2
1,pkg-010363,5.3.3
1,pkg-010364,6.4.4
1,pkg-010365,7.5.5
1,pkg-010366,8.6.6
1,pkg-010367,9.7.7
1,pkg-010368,1.8.8
1,pkg-010369,2.9.9
1,pkg-010370,3.10.0
1,pkg-010371,4.11.1
1,pkg-010372,5.12.2
1,pkg-010373,6.13.3
1,pkg-010374,7.14.4
1,pkg-010375,8.15.5
1,pkg-010376,9.16.6
1,pkg-010377,1.17.7
1,pkg-010378,2.18.8
1,pkg-010379,3.19.9
1,pkg-010380,4.0.0
1,pkg-010381,5.1.1
1,pkg-010382,6.2.2
1,pkg-010383,7.3.3
1,pkg-010384,8.4.4
1,pkg-010385,9.5.5
1,pkg-010386,1.6.6
1,pkg-010387,2.7.7
1,pkg-010388,3.8.8
1,pkg-010389,4.9.9
1,pkg-010390,5.10.0
1,pkg-010391,6.11.1
1,pkg-010392,7.12.2
1,pkg-010393,8.13.3
1,pkg-010394,9.14.4
1,pkg-010395,1.15.5
1,pkg-010396,2.16.6
1,pkg-010397,3.17.7
1,pkg-010398,4.18.8
1,pkg-010399,5.19.9
1,pkg-010400,6.0.0
1,pkg-010401,7.1.1
1,pkg-010402,8.2.2
1,pkg-010403,9.3.3
1,pkg-010404,1.4.4
1,pkg-010405,2.5.5
1,pkg-010406,3.6.6
1,pkg-010407,4.7.7
1,pkg-010408,5.8.8
1,pkg-010409,6.9.9
1,pkg-010410,7.10.0
1,pkg-010411,8.11.1
1,pkg-010412,9.12.2
1,pkg-010413,1.13.3
1,pkg-010414,2.14.4
1,pkg-010415,3.15.5
1,pkg-010416,4.16.6
1,pkg-010417,5.17.7
1,pkg-010418,6.18.8
1,pkg-010419,7.19.9
1,pkg-010420,8.0.0
1,pkg-010421,9.1.1
1,pkg-010422,1.2.2
1,pkg-010423,2.3.3
1,pkg-010424,3.4.4
1,pkg-010425,4.5.5
1,pkg-010426,5.6.6
1,pkg-010427,6.7.7
1,pkg-010428,7.8.8
1,pkg-010429,8.9.9
1,pkg-010430,9.10.0
1,pkg-010431,1.11.1
1,pkg-010432,2.12.2
1,pkg-010433,3.13.3
1,pkg-010434,4.14.4
1,pkg-010435,5.15.5
1,pkg-010436,6.16.6
1,pkg-010437,7.17.7
1,pkg-010438,8.18.8
1,pkg-010439,9.19.9
1,pkg-010440,1.0.0
1,pkg-010441,2.1.1
1,pkg-010442,3.2.2
1,pkg-010443,4.3.3
1,pkg-010444,5.4.4
1,pkg-010445,6.5.5
1,pkg-010446,7.6.6
1,pkg-010447,8.7.7
1,pkg-010448,9.8.8
1,pkg-010449,1.9.9
1,pkg-010450,2.10.0
1,pkg-010451,3.11.1
1,pkg-010452,4.12.2
1,pkg-010453,5.13.3
1,pkg-010454,6.14.4
1,pkg-010455,7.15.5
1,pkg-010456,8.16.6
1,pkg-010457,9.17.7
1,pkg-010458,1.18.8
1,pkg-010459,2.19.9
1,pkg-010460,3.0.0
1,pkg-010461,4.1.1
1,pkg-010462,5.2.2
1,pkg-010463,6.3.3
1,pkg-010464,7.4.4
1,pkg-010465,8.5.5
1,pkg-010466,9.6.6
1,pkg-010467,1.7.7
1,pkg-010468,2.8.8
1,pkg-010469,3.9.9
1,pkg-010470,4.10.0
1,pkg-010471,5.11.1
1,pkg-010472,6.12.2
1,pkg-010473,7.13.3
1,pkg-010474,8.14.4
1,pkg-010475,9.15.5
1,pkg-010476,1.16.6
1,pkg-010477,2.17.7
1,pkg-010478,3.18.8
1,pkg-010479,4.19.9
1,pkg-010480,5.0.0
1,pkg-010481,6.1.1
1,pkg-010482,7.2.2
1,pkg-010483,8.3.3
1,pkg-010484,9.4.4
1,pkg-010485,1.5.5
1,pkg-010486,2.6.6
1,pkg-010487,3.7.7
1,pkg-010488,4.8.8
1,pkg-010489,5.9.9
1,pkg-010490,6.10.0
1,pkg-010491,7.11.1
1,pkg-010492,8.12.2
1,pkg-010493,9.13.3
1,pkg-010494,1.14.4
1,pkg-010495,2.15.5
1,pkg-010496,3.16.6
1,pkg-010497,4.17.7
1,pkg-010498,5.18.8
1,pkg-010499,6.19.9
1,pkg-010500,7.0.0
1,pkg-010501,8.1.1
1,pkg-010502,9.2.2
1,pkg-010503,1.3.3
1,pkg-010504,2.4.4
1,pkg-010505,3.5.5
1,pkg-010506,4.6.6
1,pkg-010507,5.7.7
1,pkg-010508,6.8.8
1,pkg-010509,7.9.9
1,pkg-010510,8.10.0
1,pkg-010511,9.11.1
1,pkg-010512,1.12.2
1,pkg-010513,2.13.3
1,pkg-010514,3.14.4
1,pkg-010515,4.15.5
1,pkg-010516,5.16.6
1,pkg-010517,6.17.7
1,pkg-010518,7.18.8
1,pkg-010519,8.19.9
1,pkg-010520,9.0.0
1,pkg-010521,1.1.1
1,pkg-010522,2.2.2
1,pkg-010523,3.3.3
1,pkg-010524,4.4.4
1,pkg-010525,5.5.5
1,pkg-010526,6.6.6
1,pkg-010527,7.7.7
1,pkg-010528,8.8.8
1,pkg-010529,9.9.9
1,pkg-010530,1.10.0
1,pkg-010531,2.11.1
1,pkg-010532,3.12.2
1,pkg-010533,4.13.3
1,pkg-010534,5.14.4
1,pkg-010535,6.15.5
1,pkg-010536,7.16.6
1,pkg-010537,8.17.7
1,pkg-010538,9.18.8
1,pkg-010539,1.19.9
1,pkg-010540,2.0.0
1,pkg-010541,3.1.1
1,pkg-010542,4.2.2
1,pkg-010543,5.3.3
1,pkg-010544,6.4.4
1,pkg-010545,7.5.5
1,pkg-010546,8.6.6
1,pkg-010547,9.7.7
1,pkg-010548,1.8.8
1,pkg-010549,2.9.9
1,pkg-010550,3.10.0
1,pkg-010551,4.11.1
1,pkg-010552,5.12.2
1,pkg-010553,6.13.3
1,pkg-010554,7.14.4
1,pkg-010555,8.15.5
1,pkg-010556,9.16.6
1,pkg-010557,1.17.7
1,pkg-010558,2.18.8
1,pkg-010559,3.19.9
1,pkg-010560,4.0.0
1,pkg-010561,5.1.1
1,pkg-010562,6.2.2
1,pkg-010563,7.3.3
1,pkg-010564,8.4.4
1,pkg-010565,9.5.5
1,pkg-010566,1.6.6
1,pkg-010567,2.7.7
1,pkg-010568,3.8.8
1,pkg-010569,4.9.9
1,pkg-010570,5.10.0
1,pkg-010571,6.11.1
1,pkg-010572,7.12.2
1,pkg-010573,8.13.3
1,pkg-010574,9.14.4
1,pkg-010575,1.15.5
1,pkg-010576,2.16.6
1,pkg-010577,3.17.7
1,pkg-010578,4.18.8
1,pkg-010579,5.19.9
1,pkg-010580,6.0.0
1,pkg-010581,7.1.1
1,pkg-010582,8.2.2
1,pkg-010583,9.3.3
1,pkg-010584,1.4.4
1,pkg-010585,2.5.5
1,pkg-010586,3.6.6
1,pkg-010587,4.7.7
1,pkg-010588,5.8.8
1,pkg-010589,6.9.9
1,pkg-010590,7.10.0
1,pkg-010591,8.11.1
1,pkg-010592,9.12.2
1,pkg-010593,1.13.3
1,pkg-010594,2.14.4
1,pkg-010595,3.15.5
1,pkg-010596,4.16.6
1,pkg-010597,5.17.7
1,pkg-010598,6.18.8
1,pkg-010599,7.19.9
1,pkg-010600,8.0.0
1,pkg-010601,9.1.1
1,pkg-010602,1.2.2
1,pkg-010603,2.3.3
1,pkg-010604,3.4.4
1,pkg-010605,4.5.5
1,pkg-010606,5.6.6
1,pkg-010607,6.7.7
1,pkg-010608,7.8.8
1,pkg-010609,8.9.9
1,pkg-010610,9.10.0
1,pkg-010611,1.11.1
1,pkg-010612,2.12.2
1,pkg-010613,3.13.3
1,pkg-010614,4.14.4
1,pkg-010615,5.15.5
1,pkg-010616,6.16.6
1,pkg-010617,7.17.7
1,pkg-010618,8.18.8
1,pkg-010619,9.19.9
1,pkg-010620,1.0.0
1,pkg-010621,2.1.1
1,pkg-010622,3.2.2
1,pkg-010623,4.3.3
1,pkg-010624,5.4.4
1,pkg-010625,6.5.5
1,pkg-010626,7.6.6
1,pkg-010627,8.7.7
1,pkg-010628,9.8.8
1,pkg-010629,1.9.9
1,pkg-010630,2.10.0
1,pkg-010631,3.11.1
1,pkg-010632,4.12.2
1,pkg-010633,5.13.3
1,pkg-010634,6.14.4
1,pkg-010635,7.15.5
1,pkg-010636,8.16.6
1,pkg-010637,9.17.7
1,pkg-010638,1.18.8
1,pkg-010639,2.19.9
1,pkg-010640,3.0.0
1,pkg-010641,4.1.1
1,pkg-010642,5.2.2
1,pkg-010643,6.3.3
1,pkg-010644,7.4.4
1,pkg-010645,8.5.5
1,pkg-010646,9.6.6
1,pkg-010647,1.7.7
1,pkg-010648,2.8.8
1,pkg-010649,3.9.9
1,pkg-010650,4.10.0
1,pkg-010651,5.11.1
1,pkg-010652,6.12.2
1,pkg-010653,7.13.3
1,pkg-010654,8.14.4
1,pkg-010655,9.15.5
1,pkg-010656,1.16.6
1,pkg-010657,2.17.7
1,pkg-010658,3.18.8
1,pkg-010659,4.19.9
1,pkg-010660,5.0.0
1,pkg-010661,6.1.1
1,pkg-010662,7.2.2
1,pkg-010663,8.3.3
1,pkg-010664,9.4.4
1,pkg-010665,1.5.5
1,pkg-010666,2.6.6
1,pkg-010667,3.7.7
1,pkg-010668,4.8.8
1,pkg-010669,5.9.9
1,pkg-010670,6.10.0
1,pkg-010671,7.11.1
1,pkg-010672,8.12.2
1,pkg-010673,9.13.3
1,pkg-010674,1.14.4
1,pkg-010675,2.15.5
1,pkg-010676,3.16.6
1,pkg-010677,4.17.7
1,pkg-010678,5.18.8
1,pkg-010679,6.19.9
1,pkg-010680,7.0.0
1,pkg-010681,8.1.1
1,pkg-010682,9.2.2
1,pkg-010683,1.3.3
1,pkg-010684,2.4.4
1,pkg-010685,3.5.5
1,pkg-010686,4.6.6
1,pkg-010687,5.7.7
1,pkg-010688,6.8.8
1,pkg-010689,7.9.9
1,pkg-010690,8.10.0
1,pkg-010691,9.11.1
1,pkg-010692,1.12.2
1,pkg-010693,2.13.3
1,pkg-010694,3.14.4
1,pkg-010695,4.15.5
1,pkg-010696,5.16.6
1,pkg-010697,6.17.7
1,pkg-010698,7.18.8
1,pkg-010699,8.19.9
1,pkg-010700,9.0.0
1,pkg-010701,1.1.1
1,pkg-010702,2.2.2
1,pkg-010703,3.3.3
1,pkg-010704,4.4.4
1,pkg-010705,5.5.5
1,pkg-010706,6.6.6
1,pkg-010707,7.7.7
1,pkg-010708,8.8.8
1,pkg-010709,9.9.9
1,pkg-010710,1.10.0
1,pkg-010711,2.11.1
1,pkg-010712,3.12.2
1,pkg-010713,4.13.3
1,pkg-010714,5.14.4
1,pkg-010715,6.15.5
1,pkg-010716,7.16.6
1,pkg-010717,8.17.7
1,pkg-010718,9.18.8
1,pkg-010719,1.19.9
1,pkg-010720,2.0.0
1,pkg-010721,3.1.1
1,pkg-010722,4.2.2
1,pkg-010723,5.3.3
1,pkg-010724,6.4.4
1,pkg-010725,7.5.5
1,pkg-010726,8.6.6
1,pkg-010727,9.7.7
1,pkg-010728,1.8.8
1,pkg-010729,2.9.9
1,pkg-010730,3.10.0
1,pkg-010731,4.11.1
1,pkg-010732,5.12.2
1,pkg-010733,6.13.3
1,pkg-010734,7.14.4
1,pkg-010735,8.15.5
1,pkg-010736,9.16.6
1,pkg-010737,1.17.7
1,pkg-010738,2.18.8
1,pkg-010739,3.19.9
1,pkg-010740,4.0.0
1,pkg-010741,5.1.1
1,pkg-010742,6.2.2
1,pkg-010743,7.3.3
1,pkg-010744,8.4.4
1,pkg-010745,9.5.5
1,pkg-010746,1.6.6
1,pkg-010747,2.7.7
1,pkg-010748,3.8.8
1,pkg-010749,4.9.9
1,pkg-010750,5.10.0
1,pkg-010751,6.11.1
1,pkg-010752,7.12.2
1,pkg-010753,8.13.3
1,pkg-010754,9.14.4
1,pkg-010755,1.15.5
1,pkg-010756,2.16.6
1,pkg-010757,3.17.7
1,pkg-010758,4.18.8
1,pkg-010759,5.19.9
1,pkg-010760,6.0.0
1,pkg-010761,7.1.1
1,pkg-010762,8.2.2
1,pkg-010763,9.3.3
1,pkg-010764,1.4.4
1,pkg-010765,2.5.5
1,pkg-010766,3.6.6
1,pkg-010767,4.7.7
1,pkg-010768,5.8.8
1,pkg-010769,6.9.9
1,pkg-010770,7.10.0
1,pkg-010771,8.11.1
1,pkg-010772,9.12.2
1,pkg-010773,1.13.3
1,pkg-010774,2.14.4
1,pkg-010775,3.15.5
1,pkg-010776,4.16.6
1,pkg-010777,5.17.7
1,pkg-010778,6.18.8
1,pkg-010779,7.19.9
1,pkg-010780,8.0.0
1,pkg-010781,9.1.1
1,pkg-010782,1.2.2
1,pkg-010783,2.3.3
1,pkg-010784,3.4.4
1,pkg-010785,4.5.5
1,pkg-010786,5.6.6
1,pkg-010787,6.7.7
1,pkg-010788,7.8.8
1,pkg-010789,8.9.9
1,pkg-010790,9.10.0
1,pkg-010791,1.11.1
1,pkg-010792,2.12.2
1,pkg-010793,3.13.3
1,pkg-010794,4.14.4
1,pkg-010795,5.15.5
1,pkg-010796,6.16.6
1,pkg-010797,7.17.7
1,pkg-010798,8.18.8
1,pkg-010799,9.19.9
1,pkg-010800,1.0.0
1,pkg-010801,2.1.1
1,pkg-010802,3.2.2
1,pkg-010803,4.3.3
1,pkg-010804,5.4.4
1,pkg-010805,6.5.5
1,pkg-010806,7.6.6
1,pkg-010807,8.7.7
1,pkg-010808,9.8.8
1,pkg-010809,1.9.9
1,pkg-010810,2.10.0
1,pkg-010811,3.11.1
1,pkg-010812,4.12.2
1,pkg-010813,5.13.3
1,pkg-010814,6.14.4
1,pkg-010815,7.15.5
1,pkg-010816,8.16.6
1,pkg-010817,9.17.7
1,pkg-010818,1.18.8
1,pkg-010819,2.19.9
1,pkg-010820,3.0.0
1,pkg-010821,4.1.1
1,pkg-010822,5.2.2
1,pkg-010823,6.3.3
1,pkg-010824,7.4.4
1,pkg-010825,8.5.5
1,pkg-010826,9.6.6
1,pkg-010827,1.7.7
1,pkg-010828,2.8.8
1,pkg-010829,3.9.9
1,pkg-010830,4.10.0
1,pkg-010831,5.11.1
1,pkg-010832,6.12.2
1,pkg-010833,7.13.3
1,pkg-010834,8.14.4
1,pkg-010835,9.15.5
1,pkg-010836,1.16.6
1,pkg-010837,2.17.7
1,pkg-010838,3.18.8
1,pkg-010839,4.19.9
1,pkg-010840,5.0.0
1,pkg-010841,6.1.1
1,pkg-010842,7.2.2
1,pkg-010843,8.3.3
1,pkg-010844,9.4.4
1,pkg-010845,1.5.5
1,pkg-010846,2.6.6
1,pkg-010847,3.7.7
1,pkg-010848,4.8.8
1,pkg-010849,5.9.9
1,pkg-010850,6.10.0
1,pkg-010851,7.11.1
1,pkg-010852,8.12.2
1,pkg-010853,9.13.3
1,pkg-010854,1.14.4
1,pkg-010855,2.15.5
1,pkg-010856,3.16.6
1,pkg-010857,4.17.7
1,pkg-010858,5.18.8
1,pkg-010859,6.19.9
1,pkg-010860,7.0.0
1,pkg-010861,8.1.1
1,pkg-010862,9.2.2
1,pkg-010863,1.3.3
1,pkg-010864,2.4.4
1,pkg-010865,3.5.5
1,pkg-010866,4.6.6
1,pkg-010867,5.7.7
1,pkg-010868,6.8.8
1,pkg-010869,7.9.9
1,pkg-010870,8.10.0
1,pkg-010871,9.11.1
1,pkg-010872,1.12.2
1,pkg-010873,2.13.3
1,pkg-010874,3.14.4
1,pkg-010875,4.15.5
1,pkg-010876,5.16.6
1,pkg-010877,6.17.7
1,pkg-010878,7.18.8
1,pkg-010879,8.19.9
1,pkg-010880,9.0.0
1,pkg-010881,1.1.1
1,pkg-010882,2.2.2
1,pkg-010883,3.3.3
1,pkg-010884,4.4.4
1,pkg-010885,5.5.5
1,pkg-010886,6.6.6
1,pkg-010887,7.7.7
1,pkg-010888,8.8.8
1,pkg-010889,9.9.9
1,pkg-010890,1.10.0
1,pkg-010891,2.11.1
1,pkg-010892,3.12.2
1,pkg-010893,4.13.3
1,pkg-010894,5.14.4
1,pkg-010895,6.15.5
1,pkg-010896,7.16.6
1,pkg-010897,8.17.7
1,pkg-010898,9.18.8
1,pkg-010899,1.19.9
1,pkg-010900,2.0.0
1,pkg-010901,3.1.1
1,pkg-010902,4.2.2
1,pkg-010903,5.3.3
1,pkg-010904,6.4.4
1,pkg-010905,7.5.5
1,pkg-010906,8.6.6
1,pkg-010907,9.7.7
1,pkg-010908,1.8.8
1,pkg-010909,2.9.9
1,pkg-010910,3.10.0
1,pkg-010911,4.11.1
1,pkg-010912,5.12.2
1,pkg-010913,6.13.3
1,pkg-010914,7.14.4
1,pkg-010915,8.15.5
1,pkg-010916,9.16.6
1,pkg-010917,1.17.7
1,pkg-010918,2.18.8
1,pkg-010919,3.19.9
1,pkg-010920,4.0.0
1,pkg-010921,5.1.1
1,pkg-010922,6.2.2
1,pkg-010923,7.3.3
1,pkg-010924,8.4.4
1,pkg-010925,9.5.5
1,pkg-010926,1.6.6
1,pkg-010927,2.7.7
1,pkg-010928,3.8.8
1,pkg-010929,4.9.9
1,pkg-010930,5.10.0
1,pkg-010931,6.11.1
1,pkg-010932,7.12.2
1,pkg-010933,8.13.3
1,pkg-010934,9.14.4
1,pkg-010935,1.15.5
1,pkg-010936,2.16.6
1,pkg-010937,3.17.7
1,pkg-010938,4.18.8
1,pkg-010939,5.19.9
1,pkg-010940,6.0.0
1,pkg-010941,7.1.1
1,pkg-010942,8.2.2
1,pkg-010943,9.3.3
1,pkg-010944,1.4.4
1,pkg-010945,2.5.5
1,pkg-010946,3.6.6
1,pkg-010947,4.7.7
1,pkg-010948,5.8.8
1,pkg-010949,6.9.9
1,pkg-010950,7.10.0
1,pkg-010951,8.11.1
1,pkg-010952,9.12.2
1,pkg-010953,1.13.3
1,pkg-010954,2.14.4
1,pkg-010955,3.15.5
1,pkg-010956,4.16.6
1,pkg-010957,5.17.7
1,pkg-010958,6.18.8
1,pkg-010959,7.19.9
1,pkg-010960,8.0.0
1,pkg-010961,9.1.1
1,pkg-010962,1.2.2
1,pkg-010963,2.3.3
1,pkg-010964,3.4.4
1,pkg-010965,4.5.5
1,pkg-010966,5.6.6
1,pkg-010967,6.7.7
1,pkg-010968,7.8.8
1,pkg-010969,8.9.9
1,pkg-010970,9.10.0
1,pkg-010971,1.11.1
1,pkg-010972,2.12.2
1,pkg-010973,3.13.3
1,pkg-010974,4.14.4
1,pkg-010975,5.15.5
1,pkg-010976,6.16.6
1,pkg-010977,7.17.7
1,pkg-010978,8.18.8
1,pkg-010979,9.19.9
1,pkg-010980,1.0.0
1,pkg-010981,2.1.1
1,pkg-010982,3.2.2
1,pkg-010983,4.3.3
1,pkg-010984,5.4.4
1,pkg-010985,6.5.5
1,pkg-010986,7.6.6
1,pkg-010987,8.7.7
1,pkg-010988,9.8.8
1,pkg-010989,1.9.9
1,pkg-010990,2.10.0
1,pkg-010991,3.11.1
1,pkg-010992,4.12.2
1,pkg-010993,5.13.3
1,pkg-010994,6.14.4
1,pkg-010995,7.15.5
1,pkg-010996,8.16.6
1,pkg-010997,9.17.7
1,pkg-010998,1.18.8
1,pkg-010999,2.19.9
1,pkg-011000,3.0.0
1,pkg-011001,4.1.1
1,pkg-011002,5.2.2
1,pkg-011003,6.3.3
1,pkg-011004,7.4.4
1,pkg-011005,8.5.5
1,pkg-011006,9.6.6
1,pkg-011007,1.7.7
1,pkg-011008,2.8.8
1,pkg-011009,3.9.9
1,pkg-011010,4.10.0
1,pkg-011011,5.11.1
1,pkg-011012,6.12.2
1,pkg-011013,7.13.3
1,pkg-011014,8.14.4
1,pkg-011015,9.15.5
1,pkg-011016,1.16.6
1,pkg-011017,2.17.7
1,pkg-011018,3.18.8
1,pkg-011019,4.19.9
1,pkg-011020,5.0.0
1,pkg-011021,6.1.1
1,pkg-011022,7.2.2
1,pkg-011023,8.3.3
1,pkg-011024,9.4.4
1,pkg-011025,1.5.5
1,pkg-011026,2.6.6
1,pkg-011027,3.7.7
1,pkg-011028,4.8.8
1,pkg-011029,5.9.9
1,pkg-011030,6.10.0
1,pkg-011031,7.11.1
1,pkg-011032,8.12.2
1,pkg-011033,9.13.3
1,pkg-011034,1.14.4
1,pkg-011035,2.15.5
1,pkg-011036,3.16.6
1,pkg-011037,4.17.7
1,pkg-011038,5.18.8
1,pkg-011039,6.19.9
1,pkg-011040,7.0.0
1,pkg-011041,8.1.1
1,pkg-011042,9.2.2
1,pkg-011043,1.3.3
1,pkg-011044,2.4.4
1,pkg-011045,3.5.5
1,pkg-011046,4.6.6
1,pkg-011047,5.7.7
1,pkg-011048,6.8.8
1,pkg-011049,7.9.9
1,pkg-011050,8.10.0
1,pkg-011051,9.11.1
1,pkg-011052,1.12.2
1,pkg-011053,2.13.3
1,pkg-011054,3.14.4
1,pkg-011055,4.15.5
1,pkg-011056,5.16.6
1,pkg-011057,6.17.7
1,pkg-011058,7.18.8
1,pkg-011059,8.19.9
1,pkg-011060,9.0.0
1,pkg-011061,1.1.1
1,pkg-011062,2.2.2
1,pkg-011063,3.3.3
1,pkg-011064,4.4.4
1,pkg-011065,5.5.5
1,pkg-011066,6.6.6
1,pkg-011067,7.7.7
1,pkg-011068,8.8.8
1,pkg-011069,9.9.9
1,pkg-011070,1.10.0
1,pkg-011071,2.11.1
1,pkg-011072,3.12.2
1,pkg-011073,4.13.3
1,pkg-011074,5.14.4
1,pkg-011075,6.15.5
1,pkg-011076,7.16.6
1,pkg-011077,8.17.7
1,pkg-011078,9.18.8
1,pkg-011079,1.19.9
1,pkg-011080,2.0.0
1,pkg-011081,3.1.1
1,pkg-011082,4.2.2
1,pkg-011083,5.3.3
1,pkg-011084,6.4.4
1,pkg-011085,7.5.5
1,pkg-011086,8.6.6
1,pkg-011087,9.7.7
1,pkg-011088,1.8.8
1,pkg-011089,2.9.9
1,pkg-011090,3.10.0
1,pkg-011091,4.11.1
1,pkg-011092,5.12.2
1,pkg-011093,6.13.3
1,pkg-011094,7.14.4
1,pkg-011095,8.15.5
1,pkg-011096,9.16.6
1,pkg-011097,1.17.7
1,pkg-011098,2.18.8
1,pkg-011099,3.19.9
1,pkg-011100,4.0.0
1,pkg-011101,5.1.1
1,pkg-011102,6.2.2
1,pkg-011103,7.3.3
1,pkg-011104,8.4.4
1,pkg-011105,9.5.5
1,pkg-011106,1.6.6
1,pkg-011107,2.7.7
1,pkg-011108,3.8.8
1,pkg-011109,4.9.9
1,pkg-011110,5.10.0
1,pkg-011111,6.11.1
1,pkg-011112,7.12.2
1,pkg-011113,8.13.3
1,pkg-011114,9.14.4
1,pkg-011115,1.15.5
1,pkg-011116,2.16.6
1,pkg-011117,3.17.7
1,pkg-011118,4.18.8
1,pkg-011119,5.19.9
1,pkg-011120,6.0.0
1,pkg-011121,7.1.1
1,pkg-011122,8.2.2
1,pkg-011123,9.3.3
1,pkg-011124,1.4.4
1,pkg-011125,2.5.5
1,pkg-011126,3.6.6
1,pkg-011127,4.7.7
1,pkg-011128,5.8.8
1,pkg-011129,6.9.9
1,pkg-011130,7.10.0
1,pkg-011131,8.11.1
1,pkg-011132,9.12.2
1,pkg-011133,1.13.3
1,pkg-011134,2.14.4
1,pkg-011135,3.15.5
1,pkg-011136,4.16.6
1,pkg-011137,5.17.7
1,pkg-011138,6.18.8
1,pkg-011139,7.19.9
1,pkg-011140,8.0.0
1,pkg-011141,9.1.1
1,pkg-011142,1.2.2
1,pkg-011143,2.3.3
1,pkg-011144,3.4.4
1,pkg-011145,4.5.5
1,pkg-011146,5.6.6
1,pkg-011147,6.7.7
1,pkg-011148,7.8.8
1,pkg-011149,8.9.9
1,pkg-011150,9.10.0
1,pkg-011151,1.11.1
1,pkg-011152,2.12.2
1,pkg-011153,3.13.3
1,pkg-011154,4.14.4
1,pkg-011155,5.15.5
1,pkg-011156,6.16.6
1,pkg-011157,7.17.7
1,pkg-011158,8.18.8
1,pkg-011159,9.19.9
1,pkg-011160,1.0.0
1,pkg-011161,2.1.1
1,pkg-011162,3.2.2
1,pkg-011163,4.3.3
1,pkg-011164,5.4.4
1,pkg-011165,6.5.5
1,pkg-011166,7.6.6
1,pkg-011167,8.7.7
1,pkg-011168,9.8.8
1,pkg-011169,1.9.9
1,pkg-011170,2.10.0
1,pkg-011171,3.11.1
1,pkg-011172,4.12.2
1,pkg-011173,5.13.3
1,pkg-011174,6.14.4
1,pkg-011175,7.15.5
1,pkg-011176,8.16.6
1,pkg-011177,9.17.7
1,pkg-011178,1.18.8
1,pkg-011179,2.19.9
1,pkg-011180,3.0.0
1,pkg-011181,4.1.1
1,pkg-011182,5.2.2
1,pkg-011183,6.3.3
1,pkg-011184,7.4.4
1,pkg-011185,8.5.5
1,pkg-011186,9.6.6
1,pkg-011187,1.7.7
1,pkg-011188,2.8.8
1,pkg-011189,3.9.9
1,pkg-011190,4.10.0
1,pkg-011191,5.11.1
1,pkg-011192,6.12.2
1,pkg-011193,7.13.3
1,pkg-011194,8.14.4
1,pkg-011195,9.15.5
1,pkg-011196,1.16.6
1,pkg-011197,2.17.7
1,pkg-011198,3.18.8
1,pkg-011199,4.19.9
1,pkg-011200,5.0.0
1,pkg-011201,6.1.1
1,pkg-011202,7.2.2
1,pkg-011203,8.3.3
1,pkg-011204,9.4.4
1,pkg-011205,1.5.5
1,pkg-011206,2.6.6
1,pkg-011207,3.7.7
1,pkg-011208,4.8.8
1,pkg-011209,5.9.9
1,pkg-011210,6.10.0
1,pkg-011211,7.11.1
1,pkg-011212,8.12.2
1,pkg-011213,9.13.3
1,pkg-011214,1.14.4
1,pkg-011215,2.15.5
1,pkg-011216,3.16.6
1,pkg-011217,4.17.7
1,pkg-011218,5.18.8
1,pkg-011219,6.19.9
1,pkg-011220,7.0.0
1,pkg-011221,8.1.1
1,pkg-011222,9.2.2
1,pkg-011223,1.3.3
1,pkg-011224,2.4.4
1,pkg-011225,3.5.5
1,pkg-011226,4.6.6
1,pkg-011227,5.7.7
1,pkg-011228,6.8.8
1,pkg-011229,7.9.9
1,pkg-011230,8.10.0
1,pkg-011231,9.11.1
1,pkg-011232,1.12.2
1,pkg-011233,2.13.3
1,pkg-011234,3.14.4
1,pkg-011235,4.15.5
1,pkg-011236,5.16.6
1,pkg-011237,6.17.7
1,pkg-011238,7.18.8
1,pkg-011239,8.19.9
1,pkg-011240,9.0.0
1,pkg-011241,1.1.1
1,pkg-011242,2.2.2
1,pkg-011243,3.3.3
1,pkg-011244,4.4.4
1,pkg-011245,5.5.5
1,pkg-011246,6.6.6
1,pkg-011247,7.7.7
1,pkg-011248,8.8.8
1,pkg-011249,9.9.9
1,pkg-011250,1.10.0
1,pkg-011251,2.11.1
1,pkg-011252,3.12.2
1,pkg-011253,4.13.3
1,pkg-011254,5.14.4
1,pkg-011255,6.15.5
1,pkg-011256,7.16.6
1,pkg-011257,8.17.7
1,pkg-011258,9.18.8
1,pkg-011259,1.19.9
1,pkg-011260,2.0.0
1,pkg-011261,3.1.1
1,pkg-011262,4.2.2
1,pkg-011263,5.3.3
1,pkg-011264,6.4.4
1,pkg-011265,7.5.5
1,pkg-011266,8.6.6
1,pkg-011267,9.7.7
1,pkg-011268,1.8.8
1,pkg-011269,2.9.9
1,pkg-011270,3.10.0
1,pkg-011271,4.11.1
1,pkg-011272,5.12.2
1,pkg-011273,6.13.3
1,pkg-011274,7.14.4
1,pkg-011275,8.15.5
1,pkg-011276,9.16.6
1,pkg-011277,1.17.7
1,pkg-011278,2.18.8
1,pkg-011279,3.19.9
1,pkg-011280,4.0.0
1,pkg-011281,5.1.1
1,pkg-011282,6.2.2
1,pkg-011283,7.3.3
1,pkg-011284,8.4.4
1,pkg-011285,9.5.5
1,pkg-011286,1.6.6
1,pkg-011287,2.7.7
1,pkg-011288,3.8.8
1,pkg-011289,4.9.9
1,pkg-011290,5.10.0
1,pkg-011291,6.11.1
1,pkg-011292,7.12.2
1,pkg-011293,8.13.3
1,pkg-011294,9.14.4
1,pkg-011295,1.15.5
1,pkg-011296,2.16.6
1,pkg-011297,3.17.7
1,pkg-011298,4.18.8
1,pkg-011299,5.19.9
1,pkg-011300,6.0.0
1,pkg-011301,7.1.1
1,pkg-011302,8.2.2
1,pkg-011303,9.3.3
1,pkg-011304,1.4.4
1,pkg-011305,2.5.5
1,pkg-011306,3.6.6
1,pkg-011307,4.7.7
1,pkg-011308,5.8.8
1,pkg-011309,6.9.9
1,pkg-011310,7.10.0
1,pkg-011311,8.11.1
1,pkg-011312,9.12.2
1,pkg-011313,1.13.3
1,pkg-011314,2.14.4
1,pkg-011315,3.15.5
1,pkg-011316,4.16.6
1,pkg-011317,5.17.7
1,pkg-011318,6.18.8
1,pkg-011319,7.19.9
1,pkg-011320,8.0.0
1,pkg-011321,9.1.1
1,pkg-011322,1.2.2
1,pkg-011323,2.3.3
1,pkg-011324,3.4.4
1,pkg-011325,4.5.5
1,pkg-011326,5.6.6
1,pkg-011327,6.7.7
1,pkg-011328,7.8.8
1,pkg-011329,8.9.9
1,pkg-011330,9.10.0
1,pkg-011331,1.11.1
1,pkg-011332,2.12.2
1,pkg-011333,3.13.3
1,pkg-011334,4.14.4
1,pkg-011335,5.15.5
1,pkg-011336,6.16.6
1,pkg-011337,7.17.7
1,pkg-011338,8.18.8
1,pkg-011339,9.19.9
1,pkg-011340,1.0.0
1,pkg-011341,2.1.1
1,pkg-011342,3.2.2
1,pkg-011343,4.3.3
1,pkg-011344,5.4.4
1,pkg-011345,6.5.5
1,pkg-011346,7.6.6
1,pkg-011347,8.7.7
1,pkg-011348,9.8.8
1,pkg-011349,1.9.9
1,pkg-011350,2.10.0
1,pkg-011351,3.11.1
1,pkg-011352,4.12.2
1,pkg-011353,5.13.3
1,pkg-011354,6.14.4
1,pkg-011355,7.15.5
1,pkg-011356,8.16.6
1,pkg-011357,9.17.7
1,pkg-011358,1.18.8
1,pkg-011359,2.19.9
1,pkg-011360,3.0.0
1,pkg-011361,4.1.1
1,pkg-011362,5.2.2
1,pkg-011363,6.3.3
1,pkg-011364,7.4.4
1,pkg-011365,8.5.5
1,pkg-011366,9.6.6
1,pkg-011367,1.7.7
1,pkg-011368,2.8.8
1,pkg-011369,3.9.9
1,pkg-011370,4.10.0
1,pkg-011371,5.11.1
1,pkg-011372,6.12.2
1,pkg-011373,7.13.3
1,pkg-011374,8.14.4
1,pkg-011375,9.15.5
1,pkg-011376,1.16.6
1,pkg-011377,2.17.7
1,pkg-011378,3.18.8
1,pkg-011379,4.19.9
1,pkg-011380,5.0.0
1,pkg-011381,6.1.1
1,pkg-011382,7.2.2
1,pkg-011383,8.3.3
1,pkg-011384,9.4.4
1,pkg-011385,1.5.5
1,pkg-011386,2.6.6
1,pkg-011387,3.7.7
1,pkg-011388,4.8.8
1,pkg-011389,5.9.9
1,pkg-011390,6.10.0
1,pkg-011391,7.11.1
1,pkg-011392,8.12.2
1,pkg-011393,9.13.3
1,pkg-011394,1.14.4
1,pkg-011395,2.15.5
1,pkg-011396,3.16.6
1,pkg-011397,4.17.7
1,pkg-011398,5.18.8
1,pkg-011399,6.19.9
1,pkg-011400,7.0.0
1,pkg-011401,8.1.1
1,pkg-011402,9.2.2
1,pkg-011403,1.3.3
1,pkg-011404,2.4.4
1,pkg-011405,3.5.5
1,pkg-011406,4.6.6
1,pkg-011407,5.7.7
1,pkg-011408,6.8.8
1,pkg-011409,7.9.9
1,pkg-011410,8.10.0
1,pkg-011411,9.11.1
1,pkg-011412,1.12.2
1,pkg-011413,2.13.3
1,pkg-011414,3.14.4
1,pkg-011415,4.15.5
1,pkg-011416,5.16.6
1,pkg-011417,6.17.7
1,pkg-011418,7.18.8
1,pkg-011419,8.19.9
1,pkg-011420,9.0.0
1,pkg-011421,1.1.1
1,pkg-011422,2.2.2
1,pkg-011423,3.3.3
1,pkg-011424,4.4.4
1,pkg-011425,5.5.5
1,pkg-011426,6.6.6
1,pkg-011427,7.7.7
1,pkg-011428,8.8.8
1,pkg-011429,9.9.9
1,pkg-011430,1.10.0
1,pkg-011431,2.11.1
1,pkg-011432,3.12.2
1,pkg-011433,4.13.3
1,pkg-011434,5.14.4
1,pkg-011435,6.15.5
1,pkg-011436,7.16.6
1,pkg-011437,8.17.7
1,pkg-011438,9.18.8
1,pkg-011439,1.19.9
1,pkg-011440,2.0.0
1,pkg-011441,3.1.1
1,pkg-011442,4.2.2
1,pkg-011443,5.3.3
1,pkg-011444,6.4.4
1,pkg-011445,7.5.5
1,pkg-011446,8.6.6
1,pkg-011447,9.7.7
1,pkg-011448,1.8.8
1,pkg-011449,2.9.9
1,pkg-011450,3.10.0
1,pkg-011451,4.11.1
1,pkg-011452,5.12.2
1,pkg-011453,6.13.3
1,pkg-011454,7.14.4
1,pkg-011455,8.15.5
1,pkg-011456,9.16.6
1,pkg-011457,1.17.7
1,pkg-011458,2.18.8
1,pkg-011459,3.19.9
1,pkg-011460,4.0.0
1,pkg-011461,5.1.1
1,pkg-011462,6.2.2
1,pkg-011463,7.3.3
1,pkg-011464,8.4.4
1,pkg-011465,9.5.5
1,pkg-011466,1.6.6
1,pkg-011467,2.7.7
1,pkg-011468,3.8.8
1,pkg-011469,4.9.9
1,pkg-011470,5.10.0
1,pkg-011471,6.11.1
1,pkg-011472,7.12.2
1,pkg-011473,8.13.3
1,pkg-011474,9.14.4
1,pkg-011475,1.15.5
1,pkg-011476,2.16.6
1,pkg-011477,3.17.7
1,pkg-011478,4.18.8
1,pkg-011479,5.19.9
1,pkg-011480,6.0.0
1,pkg-011481,7.1.1
1,pkg-011482,8.2.2
1,pkg-011483,9.3.3
1,pkg-011484,1.4.4
1,pkg-011485,2.5.5
1,pkg-011486,3.6.6
1,pkg-011487,4.7.7
1,pkg-011488,5.8.8
1,pkg-011489,6.9.9
1,pkg-011490,7.10.0
1,pkg-011491,8.11.1
1,pkg-011492,9.12.2
1,pkg-011493,1.13.3
1,pkg-011494,2.14.4
1,pkg-011495,3.15.5
1,pkg-011496,4.16.6
1,pkg-011497,5.17.7
1,pkg-011498,6.18.8
1,pkg-011499,7.19.9
1,pkg-011500,8.0.0
1,pkg-011501,9.1.1
1,pkg-011502,1.2.2
1,pkg-011503,2.3.3
1,pkg-011504,3.4.4
1,pkg-011505,4.5.5
1,pkg-011506,5.6.6
1,pkg-011507,6.7.7
1,pkg-011508,7.8.8
1,pkg-011509,8.9.9
1,pkg-011510,9.10.0
1,pkg-011511,1.11.1
1,pkg-011512,2.12.2
1,pkg-011513,3.13.3
1,pkg-011514,4.14.4
1,pkg-011515,5.15.5
1,pkg-011516,6.16.6
1,pkg-011517,7.17.7
1,pkg-011518,8.18.8
1,pkg-011519,9.19.9
1,pkg-011520,1.0.0
1,pkg-011521,2.1.1
1,pkg-011522,3.2.2
1,pkg-011523,4.3.3
1,pkg-011524,5.4.4
1,pkg-011525,6.5.5
1,pkg-011526,7.6.6
1,pkg-011527,8.7.7
1,pkg-011528,9.8.8
1,pkg-011529,1.9.9
1,pkg-011530,2.10.0
1,pkg-011531,3.11.1
1,pkg-011532,4.12.2
1,pkg-011533,5.13.3
1,pkg-011534,6.14.4
1,pkg-011535,7.15.5
1,pkg-011536,8.16.6
1,pkg-011537,9.17.7
1,pkg-011538,1.18.8
1,pkg-011539,2.19.9
1,pkg-011540,3.0.0
1,pkg-011541,4.1.1
1,pkg-011542,5.2.2
1,pkg-011543,6.3.3
1,pkg-011544,7.4.4
1,pkg-011545,8.5.5
1,pkg-011546,9.6.6
1,pkg-011547,1.7.7
1,pkg-011548,2.8.8
1,pkg-011549,3.9.9
1,pkg-011550,4.10.0
1,pkg-011551,5.11.1
1,pkg-011552,6.12.2
1,pkg-011553,7.13.3
1,pkg-011554,8.14.4
1,pkg-011555,9.15.5
1,pkg-011556,1.16.6
1,pkg-011557,2.17.7
1,pkg-011558,3.18.8
1,pkg-011559,4.19.9
1,pkg-011560,5.0.0
1,pkg-011561,6.1.1
1,pkg-011562,7.2.2
1,pkg-011563,8.3.3
1,pkg-011564,9.4.4
1,pkg-011565,1.5.5
1,pkg-011566,2.6.6
1,pkg-011567,3.7.7
1,pkg-011568,4.8.8
1,pkg-011569,5.9.9
1,pkg-011570,6.10.0
1,pkg-011571,7.11.1
1,pkg-011572,8.12.2
1,pkg-011573,9.13.3
1,pkg-011574,1.14.4
1,pkg-011575,2.15.5
1,pkg-011576,3.16.6
1,pkg-011577,4.17.7
1,pkg-011578,5.18.8
1,pkg-011579,6.19.9
1,pkg-011580,7.0.0
1,pkg-011581,8.1.1
1,pkg-011582,9.2.2
1,pkg-011583,1.3.3
1,pkg-011584,2.4.4
1,pkg-011585,3.5.5
1,pkg-011586,4.6.6
1,pkg-011587,5.7.7
1,pkg-011588,6.8.8
1,pkg-011589,7.9.9
1,pkg-011590,8.10.0
1,pkg-011591,9.11.1
1,pkg-011592,1.12.2
1,pkg-011593,2.13.3
1,pkg-011594,3.14.4
1,pkg-011595,4.15.5
1,pkg-011596,5.16.6
1,pkg-011597,6.17.7
1,pkg-011598,7.18.8
1,pkg-011599,8.19.9
1,pkg-011600,9.0.0
1,pkg-011601,1.1.1
1,pkg-011602,2.2.2
1,pkg-011603,3.3.3
1,pkg-011604,4.4.4
1,pkg-011605,5.5.5
1,pkg-011606,6.6.6
1,pkg-011607,7.7.7
1,pkg-011608,8.8.8
1,pkg-011609,9.9.9
1,pkg-011610,1.10.0
1,pkg-011611,2.11.1
1,pkg-011612,3.12.2
1,pkg-011613,4.13.3
1,pkg-011614,5.14.4
1,pkg-011615,6.15.5
1,pkg-011616,7.16.6
1,pkg-011617,8.17.7
1,pkg-011618,9.18.8
1,pkg-011619,1.19.9
1,pkg-011620,2.0.0
1,pkg-011621,3.1.1
1,pkg-011622,4.2.2
1,pkg-011623,5.3.3
1,pkg-011624,6.4.4
1,pkg-011625,7.5.5
1,pkg-011626,8.6.6
1,pkg-011627,9.7.7
1,pkg-011628,1.8.8
1,pkg-011629,2.9.9
1,pkg-011630,3.10.0
1,pkg-011631,4.11.1
1,pkg-011632,5.12.2
1,pkg-011633,6.13.3
1,pkg-011634,7.14.4
1,pkg-011635,8.15.5
1,pkg-011636,9.16.6
1,pkg-011637,1.17.7
1,pkg-011638,2.18.8
1,pkg-011639,3.19.9
1,pkg-011640,4.0.0
1,pkg-011641,5.1.1
1,pkg-011642,6.2.2
1,pkg-011643,7.3.3
1,pkg-011644,8.4.4
1,pkg-011645,9.5.5
1,pkg-011646,1.6.6
1,pkg-011647,2.7.7
1,pkg-011648,3.8.8
1,pkg-011649,4.9.9
1,pkg-011650,5.10.0
1,pkg-011651,6.11.1
1,pkg-011652,7.12.2
1,pkg-011653,8.13.3
1,pkg-011654,9.14.4
1,pkg-011655,1.15.5
1,pkg-011656,2.16.6
1,pkg-011657,3.17.7
1,pkg-011658,4.18.8
1,pkg-011659,5.19.9
1,pkg-011660,6.0.0
1,pkg-011661,7.1.1
1,pkg-011662,8.2.2
1,pkg-011663,9.3.3
1,pkg-011664,1.4.4
1,pkg-011665,2.5.5
1,pkg-011666,3.6.6
1,pkg-011667,4.7.7
1,pkg-011668,5.8.8
1,pkg-011669,6.9.9
1,pkg-011670,7.10.0
1,pkg-011671,8.11.1
1,pkg-011672,9.12.2
1,pkg-011673,1.13.3
1,pkg-011674,2.14.4
1,pkg-011675,3.15.5
1,pkg-011676,4.16.6
1,pkg-011677,5.17.7
1,pkg-011678,6.18.8
1,pkg-011679,7.19.9
1,pkg-011680,8.0.0
1,pkg-011681,9.1.1
1,pkg-011682,1.2.2
1,pkg-011683,2.3.3
1,pkg-011684,3.4.4
1,pkg-011685,4.5.5
1,pkg-011686,5.6.6
1,pkg-011687,6.7.7
1,pkg-011688,7.8.8
1,pkg-011689,8.9.9
1,pkg-011690,9.10.0
1,pkg-011691,1.11.1
1,pkg-011692,2.12.2
1,pkg-011693,3.13.3
1,pkg-011694,4.14.4
1,pkg-011695,5.15.5
1,pkg-011696,6.16.6
1,pkg-011697,7.17.7
1,pkg-011698,8.18.8
1,pkg-011699,9.19.9
1,pkg-011700,1.0.0
1,pkg-011701,2.1.1
1,pkg-011702,3.2.2
1,pkg-011703,4.3.3
1,pkg-011704,5.4.4
1,pkg-011705,6.5.5
1,pkg-011706,7.6.6
1,pkg-011707,8.7.7
1,pkg-011708,9.8.8
1,pkg-011709,1.9.9
1,pkg-011710,2.10.0
1,pkg-011711,3.11.1
1,pkg-011712,4.12.2
1,pkg-011713,5.13.3
1,pkg-011714,6.14.4
1,pkg-011715,7.15.5
1,pkg-011716,8.16.6
1,pkg-011717,9.17.7
1,pkg-011718,1.18.8
1,pkg-011719,2.19.9
1,pkg-011720,3.0.0
1,pkg-011721,4.1.1
1,pkg-011722,5.2.2
1,pkg-011723,6.3.3
1,pkg-011724,7.4.4
1,pkg-011725,8.5.5
1,pkg-011726,9.6.6
1,pkg-011727,1.7.7
1,pkg-011728,2.8.8
1,pkg-011729,3.9.9
1,pkg-011730,4.10.0
1,pkg-011731,5.11.1
1,pkg-011732,6.12.2
1,pkg-011733,7.13.3
1,pkg-011734,8.14.4
1,pkg-011735,9.15.5
1,pkg-011736,1.16.6
1,pkg-011737,2.17.7
1,pkg-011738,3.18.8
1,pkg-011739,4.19.9
1,pkg-011740,5.0.0
1,pkg-011741,6.1.1
1,pkg-011742,7.2.2
1,pkg-011743,8.3.3
1,pkg-011744,9.4.4
1,pkg-011745,1.5.5
1,pkg-011746,2.6.6
1,pkg-011747,3.7.7
1,pkg-011748,4.8.8
1,pkg-011749,5.9.9
1,pkg-011750,6.10.0
1,pkg-011751,7.11.1
1,pkg-011752,8.12.2
1,pkg-011753,9.13.3
1,pkg-011754,1.14.4
1,pkg-011755,2.15.5
1,pkg-011756,3.16.6
1,pkg-011757,4.17.7
1,pkg-011758,5.18.8
1,pkg-011759,6.19.9
1,pkg-011760,7.0.0
1,pkg-011761,8.1.1
1,pkg-011762,9.2.2
1,pkg-011763,1.3.3
1,pkg-011764,2.4.4
1,pkg-011765,3.5.5
1,pkg-011766,4.6.6
1,pkg-011767,5.7.7
1,pkg-011768,6.8.8
1,pkg-011769,7.9.9
1,pkg-011770,8.10.0
1,pkg-011771,9.11.1
1,pkg-011772,1.12.2
1,pkg-011773,2.13.3
1,pkg-011774,3.14.4
1,pkg-011775,4.15.5
1,pkg-011776,5.16.6
1,pkg-011777,6.17.7
1,pkg-011778,7.18.8
1,pkg-011779,8.19.9
1,pkg-011780,9.0.0
1,pkg-011781,1.1.1
1,pkg-011782,2.2.2
1,pkg-011783,3.3.3
1,pkg-011784,4.4.4
1,pkg-011785,5.5.5
1,pkg-011786,6.6.6
1,pkg-011787,7.7.7
1,pkg-011788,8.8.8
1,pkg-011789,9.9.9
1,pkg-011790,1.10.0
1,pkg-011791,2.11.1
1,pkg-011792,3.12.2
1,pkg-011793,4.13.3
1,pkg-011794,5.14.4
1,pkg-011795,6.15.5
1,pkg-011796,7.16.6
1,pkg-011797,8.17.7
1,pkg-011798,9.18.8
1,pkg-011799,1.19.9
1,pkg-011800,2.0.0
1,pkg-011801,3.1.1
1,pkg-011802,4.2.2
1,pkg-011803,5.3.3
1,pkg-011804,6.4.4
1,pkg-011805,7.5.5
1,pkg-011806,8.6.6
1,pkg-011807,9.7.7
1,pkg-011808,1.8.8
1,pkg-011809,2.9.9
1,pkg-011810,3.10.0
1,pkg-011811,4.11.1
1,pkg-011812,5.12.2
1,pkg-011813,6.13.3
1,pkg-011814,7.14.4
1,pkg-011815,8.15.5
1,pkg-011816,9.16.6
1,pkg-011817,1.17.7
1,pkg-011818,2.18.8
1,pkg-011819,3.19.9
1,pkg-011820,4.0.0
1,pkg-011821,5.1.1
1,pkg-011822,6.2.2
1,pkg-011823,7.3.3
1,pkg-011824,8.4.4
1,pkg-011825,9.5.5
1,pkg-011826,1.6.6
1,pkg-011827,2.7.7
1,pkg-011828,3.8.8
1,pkg-011829,4.9.9
1,pkg-011830,5.10.0
1,pkg-011831,6.11.1
1,pkg-011832,7.12.2
1,pkg-011833,8.13.3
1,pkg-011834,9.14.4
1,pkg-011835,1.15.5
1,pkg-011836,2.16.6
1,pkg-011837,3.17.7
1,pkg-011838,4.18.8
1,pkg-011839,5.19.9
1,pkg-011840,6.0.0
1,pkg-011841,7.1.1
1,pkg-011842,8.2.2
1,pkg-011843,9.3.3
1,pkg-011844,1.4.4
1,pkg-011845,2.5.5
1,pkg-011846,3.6.6
1,pkg-011847,4.7.7
1,pkg-011848,5.8.8
1,pkg-011849,6.9.9
1,pkg-011850,7.10.0
1,pkg-011851,8.11.1
1,pkg-011852,9.12.2
1,pkg-011853,1.13.3
1,pkg-011854,2.14.4
1,pkg-011855,3.15.5
1,pkg-011856,4.16.6
1,pkg-011857,5.17.7
1,pkg-011858,6.18.8
1,pkg-011859,7.19.9
1,pkg-011860,8.0.0
1,pkg-011861,9.1.1
1,pkg-011862,1.2.2
1,pkg-011863,2.3.3
1,pkg-011864,3.4.4
1,pkg-011865,4.5.5
1,pkg-011866,5.6.6
1,pkg-011867,6.7.7
1,pkg-011868,7.8.8
1,pkg-011869,8.9.9
1,pkg-011870,9.10.0
1,pkg-011871,1.11.1
1,pkg-011872,2.12.2
1,pkg-011873,3.13.3
1,pkg-011874,4.14.4
1,pkg-011875,5.15.5
1,pkg-011876,6.16.6
1,pkg-011877,7.17.7
1,pkg-011878,8.18.8
1,pkg-011879,9.19.9
1,pkg-011880,1.0.0
1,pkg-011881,2.1.1
1,pkg-011882,3.2.2
1,pkg-011883,4.3.3
1,pkg-011884,5.4.4
1,pkg-011885,6.5.5
1,pkg-011886,7.6.6
1,pkg-011887,8.7.7
1,pkg-011888,9.8.8
1,pkg-011889,1.9.9
1,pkg-011890,2.10.0
1,pkg-011891,3.11.1
1,pkg-011892,4.12.2
1,pkg-011893,5.13.3
1,pkg-011894,6.14.4
1,pkg-011895,7.15.5
1,pkg-011896,8.16.6
1,pkg-011897,9.17.7
1,pkg-011898,1.18.8
1,pkg-011899,2.19.9
1,pkg-011900,3.0.0
1,pkg-011901,4.1.1
1,pkg-011902,5.2.2
1,pkg-011903,6.3.3
1,pkg-011904,7.4.4
1,pkg-011905,8.5.5
1,pkg-011906,9.6.6
1,pkg-011907,1.7.7
1,pkg-011908,2.8.8
1,pkg-011909,3.9.9
1,pkg-011910,4.10.0
1,pkg-011911,5.11.1
1,pkg-011912,6.12.2
1,pkg-011913,7.13.3
1,pkg-011914,8.14.4
1,pkg-011915,9.15.5
1,pkg-011916,1.16.6
1,pkg-011917,2.17.7
1,pkg-011918,3.18.8
1,pkg-011919,4.19.9
1,pkg-011920,5.0.0
1,pkg-011921,6.1.1
1,pkg-011922,7.2.2
1,pkg-011923,8.3.3
1,pkg-011924,9.4.4
1,pkg-011925,1.5.5
1,pkg-011926,2.6.6
1,pkg-011927,3.7.7
1,pkg-011928,4.8.8
1,pkg-011929,5.9.9
1,pkg-011930,6.10.0
1,pkg-011931,7.11.1
1,pkg-011932,8.12.2
1,pkg-011933,9.13.3
1,pkg-011934,1.14.4
1,pkg-011935,2.15.5
1,pkg-011936,3.16.6
1,pkg-011937,4.17.7
1,pkg-011938,5.18.8
1,pkg-011939,6.19.9
1,pkg-011940,7.0.0
1,pkg-011941,8.1.1
1,pkg-011942,9.2.2
1,pkg-011943,1.3.3
1,pkg-011944,2.4.4
1,pkg-011945,3.5.5
1,pkg-011946,4.6.6
1,pkg-011947,5.7.7
1,pkg-011948,6.8.8
1,pkg-011949,7.9.9
1,pkg-011950,8.10.0
1,pkg-011951,9.11.1
1,pkg-011952,1.12.2
1,pkg-011953,2.13.3
1,pkg-011954,3.14.4
1,pkg-011955,4.15.5
1,pkg-011956,5.16.6
1,pkg-011957,6.17.7
1,pkg-011958,7.18.8
1,pkg-011959,8.19.9
1,pkg-011960,9.0.0
1,pkg-011961,1.1.1
1,pkg-011962,2.2.2
1,pkg-011963,3.3.3
1,pkg-011964,4.4.4
1,pkg-011965,5.5.5
1,pkg-011966,6.6.6
1,pkg-011967,7.7.7
1,pkg-011968,8.8.8
1,pkg-011969,9.9.9
1,pkg-011970,1.10.0
1,pkg-011971,2.11.1
1,pkg-011972,3.12.2
1,pkg-011973,4.13.3
1,pkg-011974,5.14.4
1,pkg-011975,6.15.5
1,pkg-011976,7.16.6
1,pkg-011977,8.17.7
1,pkg-011978,9.18.8
1,pkg-011979,1.19.9
1,pkg-011980,2.0.0
1,pkg-011981,3.1.1
1,pkg-011982,4.2.2
1,pkg-011983,5.3.3
1,pkg-011984,6.4.4
1,pkg-011985,7.5.5
1,pkg-011986,8.6.6
1,pkg-011987,9.7.7
1,pkg-011988,1.8.8
1,pkg-011989,2.9.9
1,pkg-011990,3.10.0
1,pkg-011991,4.11.1
1,pkg-011992,5.12.2
1,pkg-011993,6.13.3
1,pkg-011994,7.14.4
1,pkg-011995,8.15.5
1,pkg-011996,9.16.6
1,pkg-011997,1.17.7
1,pkg-011998,2.18.8
1,pkg-011999,3.19.9
1,pkg-012000,4.0.0
1,pkg-012001,5.1.1
1,pkg-012002,6.2.2
1,pkg-012003,7.3.3
1,pkg-012004,8.4.4
1,pkg-012005,9.5.5
1,pkg-012006,1.6.6
1,pkg-012007,2.7.7
1,pkg-012008,3.8.8
1,pkg-012009,4.9.9
1,pkg-012010,5.10.0
1,pkg-012011,6.11.1
1,pkg-012012,7.12.2
1,pkg-012013,8.13.3
1,pkg-012014,9.14.4
1,pkg-012015,1.15.5
1,pkg-012016,2.16.6
1,pkg-012017,3.17.7
1,pkg-012018,4.18.8
1,pkg-012019,5.19.9
1,pkg-012020,6.0.0
1,pkg-012021,7.1.1
1,pkg-012022,8.2.2
1,pkg-012023,9.3.3
1,pkg-012024,1.4.4
1,pkg-012025,2.5.5
1,pkg-012026,3.6.6
1,pkg-012027,4.7.7
1,pkg-012028,5.8.8
1,pkg-012029,6.9.9
1,pkg-012030,7.10.0
1,pkg-012031,8.11.1
1,pkg-012032,9.12.2
1,pkg-012033,1.13.3
1,pkg-012034,2.14.4
1,pkg-012035,3.15.5
1,pkg-012036,4.16.6
1,pkg-012037,5.17.7
1,pkg-012038,6.18.8
1,pkg-012039,7.19.9
1,pkg-012040,8.0.0
1,pkg-012041,9.1.1
1,pkg-012042,1.2.2
1,pkg-012043,2.3.3
1,pkg-012044,3.4.4
1,pkg-012045,4.5.5
1,pkg-012046,5.6.6
1,pkg-012047,6.7.7
1,pkg-012048,7.8.8
1,pkg-012049,8.9.9
1,pkg-012050,9.10.0
1,pkg-012051,1.11.1
1,pkg-012052,2.12.2
1,pkg-012053,3.13.3
1,pkg-012054,4.14.4
1,pkg-012055,5.15.5
1,pkg-012056,6.16.6
1,pkg-012057,7.17.7
1,pkg-012058,8.18.8
1,pkg-012059,9.19.9
1,pkg-012060,1.0.0
1,pkg-012061,2.1.1
1,pkg-012062,3.2.2
1,pkg-012063,4.3.3
1,pkg-012064,5.4.4
1,pkg-012065,6.5.5
1,pkg-012066,7.6.6
1,pkg-012067,8.7.7
1,pkg-012068,9.8.8
1,pkg-012069,1.9.9
1,pkg-012070,2.10.0
1,pkg-012071,3.11.1
1,pkg-012072,4.12.2
1,pkg-012073,5.13.3
1,pkg-012074,6.14.4
1,pkg-012075,7.15.5
1,pkg-012076,8.16.6
1,pkg-012077,9.17.7
1,pkg-012078,1.18.8
1,pkg-012079,2.19.9
1,pkg-012080,3.0.0
1,pkg-012081,4.1.1
1,pkg-012082,5.2.2
1,pkg-012083,6.3.3
1,pkg-012084,7.4.4
1,pkg-012085,8.5.5
1,pkg-012086,9.6.6
1,pkg-012087,1.7.7
1,pkg-012088,2.8.8
1,pkg-012089,3.9.9
1,pkg-012090,4.10.0
1,pkg-012091,5.11.1
1,pkg-012092,6.12.2
1,pkg-012093,7.13.3
1,pkg-012094,8.14.4
1,pkg-012095,9.15.5
1,pkg-012096,1.16.6
1,pkg-012097,2.17.7
1,pkg-012098,3.18.8
1,pkg-012099,4.19.9
1,pkg-012100,5.0.0
1,pkg-012101,6.1.1
1,pkg-012102,7.2.2
1,pkg-012103,8.3.3
1,pkg-012104,9.4.4
1,pkg-012105,1.5.5
1,pkg-012106,2.6.6
1,pkg-012107,3.7.7
1,pkg-012108,4.8.8
1,pkg-012109,5.9.9
1,pkg-012110,6.10.0
1,pkg-012111,7.11.1
1,pkg-012112,8.12.2
1,pkg-012113,9.13.3
1,pkg-012114,1.14.4
1,pkg-012115,2.15.5
1,pkg-012116,3.16.6
1,pkg-012117,4.17.7
1,pkg-012118,5.18.8
1,pkg-012119,6.19.9
1,pkg-012120,7.0.0
1,pkg-012121,8.1.1
1,pkg-012122,9.2.2
1,pkg-012123,1.3.3
1,pkg-012124,2.4.4
1,pkg-012125,3.5.5
1,pkg-012126,4.6.6
1,pkg-012127,5.7.7
1,pkg-012128,6.8.8
1,pkg-012129,7.9.9
1,pkg-012130,8.10.0
1,pkg-012131,9.11.1
1,pkg-012132,1.12.2
1,pkg-012133,2.13.3
1,pkg-012134,3.14.4
1,pkg-012135,4.15.5
1,pkg-012136,5.16.6
1,pkg-012137,6.17.7
1,pkg-012138,7.18.8
1,pkg-012139,8.19.9
1,pkg-012140,9.0.0
1,pkg-012141,1.1.1
1,pkg-012142,2.2.2
1,pkg-012143,3.3.3
1,pkg-012144,4.4.4
1,pkg-012145,5.5.5
1,pkg-012146,6.6.6
1,pkg-012147,7.7.7
1,pkg-012148,8.8.8
1,pkg-012149,9.9.9
1,pkg-012150,1.10.0
1,pkg-012151,2.11.1
1,pkg-012152,3.12.2
1,pkg-012153,4.13.3
1,pkg-012154,5.14.4
1,pkg-012155,6.15.5
1,pkg-012156,7.16.6
1,pkg-012157,8.17.7
1,pkg-012158,9.18.8
1,pkg-012159,1.19.9
1,pkg-012160,2.0.0
1,pkg-012161,3.1.1
1,pkg-012162,4.2.2
1,pkg-012163,5.3.3
1,pkg-012164,6.4.4
1,pkg-012165,7.5.5
1,pkg-012166,8.6.6
1,pkg-012167,9.7.7
1,pkg-012168,1.8.8
1,pkg-012169,2.9.9
1,pkg-012170,3.10.0
1,pkg-012171,4.11.1
1,pkg-012172,5.12.2
1,pkg-012173,6.13.3
1,pkg-012174,7.14.4
1,pkg-012175,8.15.5
1,pkg-012176,9.16.6
1,pkg-012177,1.17.7
1,pkg-012178,2.18.8
1,pkg-012179,3.19.9
1,pkg-012180,4.0.0
1,pkg-012181,5.1.1
1,pkg-012182,6.2.2
1,pkg-012183,7.3.3
1,pkg-012184,8.4.4
1,pkg-012185,9.5.5
1,pkg-012186,1.6.6
1,pkg-012187,2.7.7
1,pkg-012188,3.8.8
1,pkg-012189,4.9.9
1,pkg-012190,5.10.0
1,pkg-012191,6.11.1
1,pkg-012192,7.12.2
1,pkg-012193,8.13.3
1,pkg-012194,9.14.4
1,pkg-012195,1.15.5
1,pkg-012196,2.16.6
1,pkg-012197,3.17.7
1,pkg-012198,4.18.8
1,pkg-012199,5.19.9
1,pkg-012200,6.0.0
1,pkg-012201,7.1.1
1,pkg-012202,8.2.2
1,pkg-012203,9.3.3
1,pkg-012204,1.4.4
1,pkg-012205,2.5.5
1,pkg-012206,3.6.6
1,pkg-012207,4.7.7
1,pkg-012208,5.8.8
1,pkg-012209,6.9.9
1,pkg-012210,7.10.0
1,pkg-012211,8.11.1
1,pkg-012212,9.12.2
1,pkg-012213,1.13.3
1,pkg-012214,2.14.4
1,pkg-012215,3.15.5
1,pkg-012216,4.16.6
1,pkg-012217,5.17.7
1,pkg-012218,6.18.8
1,pkg-012219,7.19.9
1,pkg-012220,8.0.0
1,pkg-012221,9.1.1
1,pkg-012222,1.2.2
1,pkg-012223,2.3.3
1,pkg-012224,3.4.4
1,pkg-012225,4.5.5
1,pkg-012226,5.6.6
1,pkg-012227,6.7.7
1,pkg-012228,7.8.8
1,pkg-012229,8.9.9
1,pkg-012230,9.10.0
1,pkg-012231,1.11.1
1,pkg-012232,2.12.2
1,pkg-012233,3.13.3
1,pkg-012234,4.14.4
1,pkg-012235,5.15.5
1,pkg-012236,6.16.6
1,pkg-012237,7.17.7
1,pkg-012238,8.18.8
1,pkg-012239,9.19.9
1,pkg-012240,1.0.0
1,pkg-012241,2.1.1
1,pkg-012242,3.2.2
1,pkg-012243,4.3.3
1,pkg-012244,5.4.4
1,pkg-012245,6.5.5
1,pkg-012246,7.6.6
1,pkg-012247,8.7.7
1,pkg-012248,9.8.8
1,pkg-012249,1.9.9
1,pkg-012250,2.10.0
1,pkg-012251,3.11.1
1,pkg-012252,4.12.2
1,pkg-012253,5.13.3
1,pkg-012254,6.14.4
1,pkg-012255,7.15.5
1,pkg-012256,8.16.6
1,pkg-012257,9.17.7
1,pkg-012258,1.18.8
1,pkg-012259,2.19.9
1,pkg-012260,3.0.0
1,pkg-012261,4.1.1
1,pkg-012262,5.2.2
1,pkg-012263,6.3.3
1,pkg-012264,7.4.4
1,pkg-012265,8.5.5
1,pkg-012266,9.6.6
1,pkg-012267,1.7.7
1,pkg-012268,2.8.8
1,pkg-012269,3.9.9
1,pkg-012270,4.10.0
1,pkg-012271,5.11.1
1,pkg-012272,6.12.2
1,pkg-012273,7.13.3
1,pkg-012274,8.14.4
1,pkg-012275,9.15.5
1,pkg-012276,1.16.6
1,pkg-012277,2.17.7
1,pkg-012278,3.18.8
1,pkg-012279,4.19.9
1,pkg-012280,5.0.0
1,pkg-012281,6.1.1
1,pkg-012282,7.2.2
1,pkg-012283,8.3.3
1,pkg-012284,9.4.4
1,pkg-012285,1.5.5
1,pkg-012286,2.6.6
1,pkg-012287,3.7.7
1,pkg-012288,4.8.8
1,pkg-012289,5.9.9
1,pkg-012290,6.10.0
1,pkg-012291,7.11.1
1,pkg-012292,8.12.2
1,pkg-012293,9.13.3
1,pkg-012294,1.14.4
1,pkg-012295,2.15.5
1,pkg-012296,3.16.6
1,pkg-012297,4.17.7
1,pkg-012298,5.18.8
1,pkg-012299,6.19.9
1,pkg-012300,7.0.0
1,pkg-012301,8.1.1
1,pkg-012302,9.2.2
1,pkg-012303,1.3.3
1,pkg-012304,2.4.4
1,pkg-012305,3.5.5
1,pkg-012306,4.6.6
1,pkg-012307,5.7.7
1,pkg-012308,6.8.8
1,pkg-012309,7.9.9
1,pkg-012310,8.10.0
1,pkg-012311,9.11.1
1,pkg-012312,1.12.2
1,pkg-012313,2.13.3
1,pkg-012314,3.14.4
1,pkg-012315,4.15.5
1,pkg-012316,5.16.6
1,pkg-012317,6.17.7
1,pkg-012318,7.18.8
1,pkg-012319,8.19.9
1,pkg-012320,9.0.0
1,pkg-012321,1.1.1
1,pkg-012322,2.2.2
1,pkg-012323,3.3.3
1,pkg-012324,4.4.4
1,pkg-012325,5.5.5
1,pkg-012326,6.6.6
1,pkg-012327,7.7.7
1,pkg-012328,8.8.8
1,pkg-012329,9.9.9
1,pkg-012330,1.10.0
1,pkg-012331,2.11.1
1,pkg-012332,3.12.2
1,pkg-012333,4.13.3
1,pkg-012334,5.14.4
1,pkg-012335,6.15.5
1,pkg-012336,7.16.6
1,pkg-012337,8.17.7
1,pkg-012338,9.18.8
1,pkg-012339,1.19.9
1,pkg-012340,2.0.0
1,pkg-012341,3.1.1
1,pkg-012342,4.2.2
1,pkg-012343,5.3.3
1,pkg-012344,6.4.4
1,pkg-012345,7.5.5
1,pkg-012346,8.6.6
1,pkg-012347,9.7.7
1,pkg-012348,1.8.8
1,pkg-012349,2.9.9
1,pkg-012350,3.10.0
1,pkg-012351,4.11.1
1,pkg-012352,5.12.2
1,pkg-012353,6.13.3
1,pkg-012354,7.14.4
1,pkg-012355,8.15.5
1,pkg-012356,9.16.6
1,pkg-012357,1.17.7
1,pkg-012358,2.18.8
1,pkg-012359,3.19.9
1,pkg-012360,4.0.0
1,pkg-012361,5.1.1
1,pkg-012362,6.2.2
1,pkg-012363,7.3.3
1,pkg-012364,8.4.4
1,pkg-012365,9.5.5
1,pkg-012366,1.6.6
1,pkg-012367,2.7.7
1,pkg-012368,3.8.8
1,pkg-012369,4.9.9
1,pkg-012370,5.10.0
1,pkg-012371,6.11.1
1,pkg-012372,7.12.2
1,pkg-012373,8.13.3
1,pkg-012374,9.14.4
1,pkg-012375,1.15.5
1,pkg-012376,2.16.6
1,pkg-012377,3.17.7
1,pkg-012378,4.18.8
1,pkg-012379,5.19.9
1,pkg-012380,6.0.0
1,pkg-012381,7.1.1
1,pkg-012382,8.2.2
1,pkg-012383,9.3.3
1,pkg-012384,1.4.4
1,pkg-012385,2.5.5
1,pkg-012386,3.6.6
1,pkg-012387,4.7.7
1,pkg-012388,5.8.8
1,pkg-012389,6.9.9
1,pkg-012390,7.10.0
1,pkg-012391,8.11.1
1,pkg-012392,9.12.2
1,pkg-012393,1.13.3
1,pkg-012394,2.14.4
1,pkg-012395,3.15.5
1,pkg-012396,4.16.6
1,pkg-012397,5.17.7
1,pkg-012398,6.18.8
1,pkg-012399,7.19.9
1,pkg-012400,8.0.0
1,pkg-012401,9.1.1
1,pkg-012402,1.2.2
1,pkg-012403,2.3.3
1,pkg-012404,3.4.4
1,pkg-012405,4.5.5
1,pkg-012406,5.6.6
1,pkg-012407,6.7.7
1,pkg-012408,7.8.8
1,pkg-012409,8.9.9
1,pkg-012410,9.10.0
1,pkg-012411,1.11.1
1,pkg-012412,2.12.2
1,pkg-012413,3.13.3
1,pkg-012414,4.14.4
1,pkg-012415,5.15.5
1,pkg-012416,6.16.6
1,pkg-012417,7.17.7
1,pkg-012418,8.18.8
1,pkg-012419,9.19.9
1,pkg-012420,1.0.0
1,pkg-012421,2.1.1
1,pkg-012422,3.2.2
1,pkg-012423,4.3.3
1,pkg-012424,5.4.4
1,pkg-012425,6.5.5
1,pkg-012426,7.6.6
1,pkg-012427,8.7.7
1,pkg-012428,9.8.8
1,pkg-012429,1.9.9
1,pkg-012430,2.10.0
1,pkg-012431,3.11.1
1,pkg-012432,4.12.2
1,pkg-012433,5.13.3
1,pkg-012434,6.14.4
1,pkg-012435,7.15.5
1,pkg-012436,8.16.6
1,pkg-012437,9.17.7
1,pkg-012438,1.18.8
1,pkg-012439,2.19.9
1,pkg-012440,3.0.0
1,pkg-012441,4.1.1
1,pkg-012442,5.2.2
1,pkg-012443,6.3.3
1,pkg-012444,7.4.4
1,pkg-012445,8.5.5
1,pkg-012446,9.6.6
1,pkg-012447,1.7.7
1,pkg-012448,2.8.8
1,pkg-012449,3.9.9
1,pkg-012450,4.10.0
1,pkg-012451,5.11.1
1,pkg-012452,6.12.2
1,pkg-012453,7.13.3
1,pkg-012454,8.14.4
1,pkg-012455,9.15.5
1,pkg-012456,1.16.6
1,pkg-012457,2.17.7
1,pkg-012458,3.18.8
1,pkg-012459,4.19.9
1,pkg-012460,5.0.0
1,pkg-012461,6.1.1
1,pkg-012462,7.2.2
1,pkg-012463,8.3.3
1,pkg-012464,9.4.4
1,pkg-012465,1.5.5
1,pkg-012466,2.6.6
1,pkg-012467,3.7.7
1,pkg-012468,4.8.8
1,pkg-012469,5.9.9
1,pkg-012470,6.10.0
1,pkg-012471,7.11.1
1,pkg-012472,8.12.2
1,pkg-012473,9.13.3
1,pkg-012474,1.14.4
1,pkg-012475,2.15.5
1,pkg-012476,3.16.6
1,pkg-012477,4.17.7
1,pkg-012478,5.18.8
1,pkg-012479,6.19.9
1,pkg-012480,7.0.0
1,pkg-012481,8.1.1
1,pkg-012482,9.2.2
1,pkg-012483,1.3.3
1,pkg-012484,2.4.4
1,pkg-012485,3.5.5
1,pkg-012486,4.6.6
1,pkg-012487,5.7.7
1,pkg-012488,6.8.8
1,pkg-012489,7.9.9
1,pkg-012490,8.10.0
1,pkg-012491,9.11.1
1,pkg-012492,1.12.2
1,pkg-012493,2.13.3
1,pkg-012494,3.14.4
1,pkg-012495,4.15.5
1,pkg-012496,5.16.6
1,pkg-012497,6.17.7
1,pkg-012498,7.18.8
1,pkg-012499,8.19.9
1,pkg-012500,9.0.0
1,pkg-012501,1.1.1
1,pkg-012502,2.2.2
1,pkg-012503,3.3.3
1,pkg-012504,4.4.4
1,pkg-012505,5.5.5
1,pkg-012506,6.6.6
1,pkg-012507,7.7.7
1,pkg-012508,8.8.8
1,pkg-012509,9.9.9
1,pkg-012510,1.10.0
1,pkg-012511,2.11.1
1,pkg-012512,3.12.2
1,pkg-012513,4.13.3
1,pkg-012514,5.14.4
1,pkg-012515,6.15.5
1,pkg-012516,7.16.6
1,pkg-012517,8.17.7
1,pkg-012518,9.18.8
1,pkg-012519,1.19.9
1,pkg-012520,2.0.0
1,pkg-012521,3.1.1
1,pkg-012522,4.2.2
1,pkg-012523,5.3.3
1,pkg-012524,6.4.4
1,pkg-012525,7.5.5
1,pkg-012526,8.6.6
1,pkg-012527,9.7.7
1,pkg-012528,1.8.8
1,pkg-012529,2.9.9
1,pkg-012530,3.10.0
1,pkg-012531,4.11.1
1,pkg-012532,5.12.2
1,pkg-012533,6.13.3
1,pkg-012534,7.14.4
1,pkg-012535,8.15.5
1,pkg-012536,9.16.6
1,pkg-012537,1.17.7
1,pkg-012538,2.18.8
1,pkg-012539,3.19.9
1,pkg-012540,4.0.0
1,pkg-012541,5.1.1
1,pkg-012542,6.2.2
1,pkg-012543,7.3.3
1,pkg-012544,8.4.4
1,pkg-012545,9.5.5
1,pkg-012546,1.6.6
1,pkg-012547,2.7.7
1,pkg-012548,3.8.8
1,pkg-012549,4.9.9
1,pkg-012550,5.10.0
1,pkg-012551,6.11.1
1,pkg-012552,7.12.2
1,pkg-012553,8.13.3
1,pkg-012554,9.14.4
1,pkg-012555,1.15.5
1,pkg-012556,2.16.6
1,pkg-012557,3.17.7
1,pkg-012558,4.18.8
1,pkg-012559,5.19.9
1,pkg-012560,6.0.0
1,pkg-012561,7.1.1
1,pkg-012562,8.2.2
1,pkg-012563,9.3.3
1,pkg-012564,1.4.4
1,pkg-012565,2.5.5
1,pkg-012566,3.6.6
1,pkg-012567,4.7.7
1,pkg-012568,5.8.8
1,pkg-012569,6.9.9
1,pkg-012570,7.10.0
1,pkg-012571,8.11.1
1,pkg-012572,9.12.2
1,pkg-012573,1.13.3
1,pkg-012574,2.14.4
1,pkg-012575,3.15.5
1,pkg-012576,4.16.6
1,pkg-012577,5.17.7
1,pkg-012578,6.18.8
1,pkg-012579,7.19.9
1,pkg-012580,8.0.0
1,pkg-012581,9.1.1
1,pkg-012582,1.2.2
1,pkg-012583,2.3.3
1,pkg-012584,3.4.4
1,pkg-012585,4.5.5
1,pkg-012586,5.6.6
1,pkg-012587,6.7.7
1,pkg-012588,7.8.8
1,pkg-012589,8.9.9
1,pkg-012590,9.10.0
1,pkg-012591,1.11.1
1,pkg-012592,2.12.2
1,pkg-012593,3.13.3
1,pkg-012594,4.14.4
1,pkg-012595,5.15.5
1,pkg-012596,6.16.6
1,pkg-012597,7.17.7
1,pkg-012598,8.18.8
1,pkg-012599,9.19.9
1,pkg-012600,1.0.0
1,pkg-012601,2.1.1
1,pkg-012602,3.2.2
1,pkg-012603,4.3.3
1,pkg-012604,5.4.4
1,pkg-012605,6.5.5
1,pkg-012606,7.6.6
1,pkg-012607,8.7.7
1,pkg-012608,9.8.8
1,pkg-012609,1.9.9
1,pkg-012610,2.10.0
1,pkg-012611,3.11.1
1,pkg-012612,4.12.2
1,pkg-012613,5.13.3
1,pkg-012614,6.14.4
1,pkg-012615,7.15.5
1,pkg-012616,8.16.6
1,pkg-012617,9.17.7
1,pkg-012618,1.18.8
1,pkg-012619,2.19.9
1,pkg-012620,3.0.0
1,pkg-012621,4.1.1
1,pkg-012622,5.2.2
1,pkg-012623,6.3.3
1,pkg-012624,7.4.4
1,pkg-012625,8.5.5
1,pkg-012626,9.6.6
1,pkg-012627,1.7.7
1,pkg-012628,2.8.8
1,pkg-012629,3.9.9
1,pkg-012630,4.10.0
1,pkg-012631,5.11.1
1,pkg-012632,6.12.2
1,pkg-012633,7.13.3
1,pkg-012634,8.14.4
1,pkg-012635,9.15.5
1,pkg-012636,1.16.6
1,pkg-012637,2.17.7
1,pkg-012638,3.18.8
1,pkg-012639,4.19.9
1,pkg-012640,5.0.0
1,pkg-012641,6.1.1
1,pkg-012642,7.2.2
1,pkg-012643,8.3.3
1,pkg-012644,9.4.4
1,pkg-012645,1.5.5
1,pkg-012646,2.6.6
1,pkg-012647,3.7.7
1,pkg-012648,4.8.8
1,pkg-012649,5.9.9
1,pkg-012650,6.10.0
1,pkg-012651,7.11.1
1,pkg-012652,8.12.2
1,pkg-012653,9.13.3
1,pkg-012654,1.14.4
1,pkg-012655,2.15.5
1,pkg-012656,3.16.6
1,pkg-012657,4.17.7
1,pkg-012658,5.18.8
1,pkg-012659,6.19.9
1,pkg-012660,7.0.0
1,pkg-012661,8.1.1
1,pkg-012662,9.2.2
1,pkg-012663,1.3.3
1,pkg-012664,2.4.4
1,pkg-012665,3.5.5
1,pkg-012666,4.6.6
1,pkg-012667,5.7.7
1,pkg-012668,6.8.8
1,pkg-012669,7.9.9
1,pkg-012670,8.10.0
1,pkg-012671,9.11.1
1,pkg-012672,1.12.2
1,pkg-012673,2.13.3
1,pkg-012674,3.14.4
1,pkg-012675,4.15.5
1,pkg-012676,5.16.6
1,pkg-012677,6.17.7
1,pkg-012678,7.18.8
1,pkg-012679,8.19.9
1,pkg-012680,9.0.0
1,pkg-012681,1.1.1
1,pkg-012682,2.2.2
1,pkg-012683,3.3.3
1,pkg-012684,4.4.4
1,pkg-012685,5.5.5
1,pkg-012686,6.6.6
1,pkg-012687,7.7.7
1,pkg-012688,8.8.8
1,pkg-012689,9.9.9
1,pkg-012690,1.10.0
1,pkg-012691,2.11.1
1,pkg-012692,3.12.2
1,pkg-012693,4.13.3
1,pkg-012694,5.14.4
1,pkg-012695,6.15.5
1,pkg-012696,7.16.6
1,pkg-012697,8.17.7
1,pkg-012698,9.18.8
1,pkg-012699,1.19.9
1,pkg-012700,2.0.0
1,pkg-012701,3.1.1
1,pkg-012702,4.2.2
1,pkg-012703,5.3.3
1,pkg-012704,6.4.4
1,pkg-012705,7.5.5
1,pkg-012706,8.6.6
1,pkg-012707,9.7.7
1,pkg-012708,1.8.8
1,pkg-012709,2.9.9
1,pkg-012710,3.10.0
1,pkg-012711,4.11.1
1,pkg-012712,5.12.2
1,pkg-012713,6.13.3
1,pkg-012714,7.14.4
1,pkg-012715,8.15.5
1,pkg-012716,9.16.6
1,pkg-012717,1.17.7
1,pkg-012718,2.18.8
1,pkg-012719,3.19.9
1,pkg-012720,4.0.0
1,pkg-012721,5.1.1
1,pkg-012722,6.2.2
1,pkg-012723,7.3.3
1,pkg-012724,8.4.4
1,pkg-012725,9.5.5
1,pkg-012726,1.6.6
1,pkg-012727,2.7.7
1,pkg-012728,3.8.8
1,pkg-012729,4.9.9
1,pkg-012730,5.10.0
1,pkg-012731,6.11.1
1,pkg-012732,7.12.2
1,pkg-012733,8.13.3
1,pkg-012734,9.14.4
1,pkg-012735,1.15.5
1,pkg-012736,2.16.6
1,pkg-012737,3.17.7
1,pkg-012738,4.18.8
1,pkg-012739,5.19.9
1,pkg-012740,6.0.0
1,pkg-012741,7.1.1
1,pkg-012742,8.2.2
1,pkg-012743,9.3.3
1,pkg-012744,1.4.4
1,pkg-012745,2.5.5
1,pkg-012746,3.6.6
1,pkg-012747,4.7.7
1,pkg-012748,5.8.8
1,pkg-012749,6.9.9
1,pkg-012750,7.10.0
1,pkg-012751,8.11.1
1,pkg-012752,9.12.2
1,pkg-012753,1.13.3
1,pkg-012754,2.14.4
1,pkg-012755,3.15.5
1,pkg-012756,4.16.6
1,pkg-012757,5.17.7
1,pkg-012758,6.18.8
1,pkg-012759,7.19.9
1,pkg-012760,8.0.0
1,pkg-012761,9.1.1
1,pkg-012762,1.2.2
1,pkg-012763,2.3.3
1,pkg-012764,3.4.4
1,pkg-012765,4.5.5
1,pkg-012766,5.6.6
1,pkg-012767,6.7.7
1,pkg-012768,7.8.8
1,pkg-012769,8.9.9
1,pkg-012770,9.10.0
1,pkg-012771,1.11.1
1,pkg-012772,2.12.2
1,pkg-012773,3.13.3
1,pkg-012774,4.14.4
1,pkg-012775,5.15.5
1,pkg-012776,6.16.6
1,pkg-012777,7.17.7
1,pkg-012778,8.18.8
1,pkg-012779,9.19.9
1,pkg-012780,1.0.0
1,pkg-012781,2.1.1
1,pkg-012782,3.2.2
1,pkg-012783,4.3.3
1,pkg-012784,5.4.4
1,pkg-012785,6.5.5
1,pkg-012786,7.6.6
1,pkg-012787,8.7.7
1,pkg-012788,9.8.8
1,pkg-012789,1.9.9
1,pkg-012790,2.10.0
1,pkg-012791,3.11.1
1,pkg-012792,4.12.2
1,pkg-012793,5.13.3
1,pkg-012794,6.14.4
1,pkg-012795,7.15.5
1,pkg-012796,8.16.6
1,pkg-012797,9.17.7
1,pkg-012798,1.18.8
1,pkg-012799,2.19.9
1,pkg-012800,3.0.0
1,pkg-012801,4.1.1
1,pkg-012802,5.2.2
1,pkg-012803,6.3.3
1,pkg-012804,7.4.4
1,pkg-012805,8.5.5
1,pkg-012806,9.6.6
1,pkg-012807,1.7.7
1,pkg-012808,2.8.8
1,pkg-012809,3.9.9
1,pkg-012810,4.10.0
1,pkg-012811,5.11.1
1,pkg-012812,6.12.2
1,pkg-012813,7.13.3
1,pkg-012814,8.14.4
1,pkg-012815,9.15.5
1,pkg-012816,1.16.6
1,pkg-012817,2.17.7
1,pkg-012818,3.18.8
1,pkg-012819,4.19.9
1,pkg-012820,5.0.0
1,pkg-012821,6.1.1
1,pkg-012822,7.2.2
1,pkg-012823,8.3.3
1,pkg-012824,9.4.4
1,pkg-012825,1.5.5
1,pkg-012826,2.6.6
1,pkg-012827,3.7.7
1,pkg-012828,4.8.8
1,pkg-012829,5.9.9
1,pkg-012830,6.10.0
1,pkg-012831,7.11.1
1,pkg-012832,8.12.2
1,pkg-012833,9.13.3
1,pkg-012834,1.14.4
1,pkg-012835,2.15.5
1,pkg-012836,3.16.6
1,pkg-012837,4.17.7
1,pkg-012838,5.18.8
1,pkg-012839,6.19.9
1,pkg-012840,7.0.0
1,pkg-012841,8.1.1
1,pkg-012842,9.2.2
1,pkg-012843,1.3.3
1,pkg-012844,2.4.4
1,pkg-012845,3.5.5
1,pkg-012846,4.6.6
1,pkg-012847,5.7.7
1,pkg-012848,6.8.8
1,pkg-012849,7.9.9
1,pkg-012850,8.10.0
1,pkg-012851,9.11.1
1,pkg-012852,1.12.2
1,pkg-012853,2.13.3
1,pkg-012854,3.14.4
1,pkg-012855,4.15.5
1,pkg-012856,5.16.6
1,pkg-012857,6.17.7
1,pkg-012858,7.18.8
1,pkg-012859,8.19.9
1,pkg-012860,9.0.0
1,pkg-012861,1.1.1
1,pkg-012862,2.2.2
1,pkg-012863,3.3.3
1,pkg-012864,4.4.4
1,pkg-012865,5.5.5
1,pkg-012866,6.6.6
1,pkg-012867,7.7.7
1,pkg-012868,8.8.8
1,pkg-012869,9.9.9
1,pkg-012870,1.10.0
1,pkg-012871,2.11.1
1,pkg-012872,3.12.2
1,pkg-012873,4.13.3
1,pkg-012874,5.14.4
1,pkg-012875,6.15.5
1,pkg-012876,7.16.6
1,pkg-012877,8.17.7
1,pkg-012878,9.18.8
1,pkg-012879,1.19.9
1,pkg-012880,2.0.0
1,pkg-012881,3.1.1
1,pkg-012882,4.2.2
1,pkg-012883,5.3.3
1,pkg-012884,6.4.4
1,pkg-012885,7.5.5
1,pkg-012886,8.6.6
1,pkg-012887,9.7.7
1,pkg-012888,1.8.8
1,pkg-012889,2.9.9
1,pkg-012890,3.10.0
1,pkg-012891,4.11.1
1,pkg-012892,5.12.2
1,pkg-012893,6.13.3
1,pkg-012894,7.14.4
1,pkg-012895,8.15.5
1,pkg-012896,9.16.6
1,pkg-012897,1.17.7
1,pkg-012898,2.18.8
1,pkg-012899,3.19.9
1,pkg-012900,4.0.0
1,pkg-012901,5.1.1
1,pkg-012902,6.2.2
1,pkg-012903,7.3.3
1,pkg-012904,8.4.4
1,pkg-012905,9.5.5
1,pkg-012906,1.6.6
1,pkg-012907,2.7.7
1,pkg-012908,3.8.8
1,pkg-012909,4.9.9
1,pkg-012910,5.10.0
1,pkg-012911,6.11.1
1,pkg-012912,7.12.2
1,pkg-012913,8.13.3
1,pkg-012914,9.14.4
1,pkg-012915,1.15.5
1,pkg-012916,2.16.6
1,pkg-012917,3.17.7
1,pkg-012918,4.18.8
1,pkg-012919,5.19.9
1,pkg-012920,6.0.0
1,pkg-012921,7.1.1
1,pkg-012922,8.2.2
1,pkg-012923,9.3.3
1,pkg-012924,1.4.4
1,pkg-012925,2.5.5
1,pkg-012926,3.6.6
1,pkg-012927,4.7.7
1,pkg-012928,5.8.8
1,pkg-012929,6.9.9
1,pkg-012930,7.10.0
1,pkg-012931,8.11.1
1,pkg-012932,9.12.2
1,pkg-012933,1.13.3
1,pkg-012934,2.14.4
1,pkg-012935,3.15.5
1,pkg-012936,4.16.6
1,pkg-012937,5.17.7
1,pkg-012938,6.18.8
1,pkg-012939,7.19.9
1,pkg-012940,8.0.0
1,pkg-012941,9.1.1
1,pkg-012942,1.2.2
1,pkg-012943,2.3.3
1,pkg-012944,3.4.4
1,pkg-012945,4.5.5
1,pkg-012946,5.6.6
1,pkg-012947,6.7.7
1,pkg-012948,7.8.8
1,pkg-012949,8.9.9
1,pkg-012950,9.10.0
1,pkg-012951,1.11.1
1,pkg-012952,2.12.2
1,pkg-012953,3.13.3
1,pkg-012954,4.14.4
1,pkg-012955,5.15.5
1,pkg-012956,6.16.6
1,pkg-012957,7.17.7
1,pkg-012958,8.18.8
1,pkg-012959,9.19.9
1,pkg-012960,1.0.0
1,pkg-012961,2.1.1
1,pkg-012962,3.2.2
1,pkg-012963,4.3.3
1,pkg-012964,5.4.4
1,pkg-012965,6.5.5
1,pkg-012966,7.6.6
1,pkg-012967,8.7.7
1,pkg-012968,9.8.8
1,pkg-012969,1.9.9
1,pkg-012970,2.10.0
1,pkg-012971,3.11.1
1,pkg-012972,4.12.2
1,pkg-012973,5.13.3
1,pkg-012974,6.14.4
1,pkg-012975,7.15.5
1,pkg-012976,8.16.6
1,pkg-012977,9.17.7
1,pkg-012978,1.18.8
1,pkg-012979,2.19.9
1,pkg-012980,3.0.0
1,pkg-012981,4.1.1
1,pkg-012982,5.2.2
1,pkg-012983,6.3.3
1,pkg-012984,7.4.4
1,pkg-012985,8.5.5
1,pkg-012986,9.6.6
1,pkg-012987,1.7.7
1,pkg-012988,2.8.8
1,pkg-012989,3.9.9
1,pkg-012990,4.10.0
1,pkg-012991,5.11.1
1,pkg-012992,6.12.2
1,pkg-012993,7.13.3
1,pkg-012994,8.14.4
1,pkg-012995,9.15.5
1,pkg-012996,1.16.6
1,pkg-012997,2.17.7
1,pkg-012998,3.18.8
1,pkg-012999,4.19.9
1,pkg-013000,5.0.0
1,pkg-013001,6.1.1
1,pkg-013002,7.2.2
1,pkg-013003,8.3.3
1,pkg-013004,9.4.4
1,pkg-013005,1.5.5
1,pkg-013006,2.6.6
1,pkg-013007,3.7.7
1,pkg-013008,4.8.8
1,pkg-013009,5.9.9
1,pkg-013010,6.10.0
1,pkg-013011,7.11.1
1,pkg-013012,8.12.2
1,pkg-013013,9.13.3
1,pkg-013014,1.14.4
1,pkg-013015,2.15.5
1,pkg-013016,3.16.6
1,pkg-013017,4.17.7
1,pkg-013018,5.18.8
1,pkg-013019,6.19.9
1,pkg-013020,7.0.0
1,pkg-013021,8.1.1
1,pkg-013022,9.2.2
1,pkg-013023,1.3.3
1,pkg-013024,2.4.4
1,pkg-013025,3.5.5
1,pkg-013026,4.6.6
1,pkg-013027,5.7.7
1,pkg-013028,6.8.8
1,pkg-013029,7.9.9
1,pkg-013030,8.10.0
1,pkg-013031,9.11.1
1,pkg-013032,1.12.2
1,pkg-013033,2.13.3
1,pkg-013034,3.14.4
1,pkg-013035,4.15.5
1,pkg-013036,5.16.6
1,pkg-013037,6.17.7
1,pkg-013038,7.18.8
1,pkg-013039,8.19.9
1,pkg-013040,9.0.0
1,pkg-013041,1.1.1
1,pkg-013042,2.2.2
1,pkg-013043,3.3.3
1,pkg-013044,4.4.4
1,pkg-013045,5.5.5
1,pkg-013046,6.6.6
1,pkg-013047,7.7.7
1,pkg-013048,8.8.8
1,pkg-013049,9.9.9
1,pkg-013050,1.10.0
1,pkg-013051,2.11.1
1,pkg-013052,3.12.2
1,pkg-013053,4.13.3
1,pkg-013054,5.14.4
1,pkg-013055,6.15.5
1,pkg-013056,7.16.6
1,pkg-013057,8.17.7
1,pkg-013058,9.18.8
1,pkg-013059,1.19.9
1,pkg-013060,2.0.0
1,pkg-013061,3.1.1
1,pkg-013062,4.2.2
1,pkg-013063,5.3.3
1,pkg-013064,6.4.4
1,pkg-013065,7.5.5
1,pkg-013066,8.6.6
1,pkg-013067,9.7.7
1,pkg-013068,1.8.8
1,pkg-013069,2.9.9
1,pkg-013070,3.10.0
1,pkg-013071,4.11.1
1,pkg-013072,5.12.2
1,pkg-013073,6.13.3
1,pkg-013074,7.14.4
1,pkg-013075,8.15.5
1,pkg-013076,9.16.6
1,pkg-013077,1.17.7
1,pkg-013078,2.18.8
1,pkg-013079,3.19.9
1,pkg-013080,4.0.0
1,pkg-013081,5.1.1
1,pkg-013082,6.2.2
1,pkg-013083,7.3.3
1,pkg-013084,8.4.4
1,pkg-013085,9.5.5
1,pkg-013086,1.6.6
1,pkg-013087,2.7.7
1,pkg-013088,3.8.8
1,pkg-013089,4.9.9
1,pkg-013090,5.10.0
1,pkg-013091,6.11.1
1,pkg-013092,7.12.2
1,pkg-013093,8.13.3
1,pkg-013094,9.14.4
1,pkg-013095,1.15.5
1,pkg-013096,2.16.6
1,pkg-013097,3.17.7
1,pkg-013098,4.18.8
1,pkg-013099,5.19.9
1,pkg-013100,6.0.0
1,pkg-013101,7.1.1
1,pkg-013102,8.2.2
1,pkg-013103,9.3.3
1,pkg-013104,1.4.4
1,pkg-013105,2.5.5
1,pkg-013106,3.6.6
1,pkg-013107,4.7.7
1,pkg-013108,5.8.8
1,pkg-013109,6.9.9
1,pkg-013110,7.10.0
1,pkg-013111,8.11.1
1,pkg-013112,9.12.2
1,pkg-013113,1.13.3
1,pkg-013114,2.14.4
1,pkg-013115,3.15.5
1,pkg-013116,4.16.6
1,pkg-013117,5.17.7
1,pkg-013118,6.18.8
1,pkg-013119,7.19.9
1,pkg-013120,8.0.0
1,pkg-013121,9.1.1
1,pkg-013122,1.2.2
1,pkg-013123,2.3.3
1,pkg-013124,3.4.4
1,pkg-013125,4.5.5
1,pkg-013126,5.6.6
1,pkg-013127,6.7.7
1,pkg-013128,7.8.8
1,pkg-013129,8.9.9
1,pkg-013130,9.10.0
1,pkg-013131,1.11.1
1,pkg-013132,2.12.2
1,pkg-013133,3.13.3
1,pkg-013134,4.14.4
1,pkg-013135,5.15.5
1,pkg-013136,6.16.6
1,pkg-013137,7.17.7
1,pkg-013138,8.18.8
1,pkg-013139,9.19.9
1,pkg-013140,1.0.0
1,pkg-013141,2.1.1
1,pkg-013142,3.2.2
1,pkg-013143,4.3.3
1,pkg-013144,5.4.4
1,pkg-013145,6.5.5
1,pkg-013146,7.6.6
1,pkg-013147,8.7.7
1,pkg-013148,9.8.8
1,pkg-013149,1.9.9
1,pkg-013150,2.10.0
1,pkg-013151,3.11.1
1,pkg-013152,4.12.2
1,pkg-013153,5.13.3
1,pkg-013154,6.14.4
1,pkg-013155,7.15.5
1,pkg-013156,8.16.6
1,pkg-013157,9.17.7
1,pkg-013158,1.18.8
1,pkg-013159,2.19.9
1,pkg-013160,3.0.0
1,pkg-013161,4.1.1
1,pkg-013162,5.2.2
1,pkg-013163,6.3.3
1,pkg-013164,7.4.4
1,pkg-013165,8.5.5
1,pkg-013166,9.6.6
1,pkg-013167,1.7.7
1,pkg-013168,2.8.8
1,pkg-013169,3.9.9
1,pkg-013170,4.10.0
1,pkg-013171,5.11.1
1,pkg-013172,6.12.2
1,pkg-013173,7.13.3
1,pkg-013174,8.14.4
1,pkg-013175,9.15.5
1,pkg-013176,1.16.6
1,pkg-013177,2.17.7
1,pkg-013178,3.18.8
1,pkg-013179,4.19.9
1,pkg-013180,5.0.0
1,pkg-013181,6.1.1
1,pkg-013182,7.2.2
1,pkg-013183,8.3.3
1,pkg-013184,9.4.4
1,pkg-013185,1.5.5
1,pkg-013186,2.6.6
1,pkg-013187,3.7.7
1,pkg-013188,4.8.8
1,pkg-013189,5.9.9
1,pkg-013190,6.10.0
1,pkg-013191,7.11.1
1,pkg-013192,8.12.2
1,pkg-013193,9.13.3
1,pkg-013194,1.14.4
1,pkg-013195,2.15.5
1,pkg-013196,3.16.6
1,pkg-013197,4.17.7
1,pkg-013198,5.18.8
1,pkg-013199,6.19.9
1,pkg-013200,7.0.0
1,pkg-013201,8.1.1
1,pkg-013202,9.2.2
1,pkg-013203,1.3.3
1,pkg-013204,2.4.4
1,pkg-013205,3.5.5
1,pkg-013206,4.6.6
1,pkg-013207,5.7.7
1,pkg-013208,6.8.8
1,pkg-013209,7.9.9
1,pkg-013210,8.10.0
1,pkg-013211,9.11.1
1,pkg-013212,1.12.2
1,pkg-013213,2.13.3
1,pkg-013214,3.14.4
1,pkg-013215,4.15.5
1,pkg-013216,5.16.6
1,pkg-013217,6.17.7
1,pkg-013218,7.18.8
1,pkg-013219,8.19.9
1,pkg-013220,9.0.0
1,pkg-013221,1.1.1
1,pkg-013222,2.2.2
1,pkg-013223,3.3.3
1,pkg-013224,4.4.4
1,pkg-013225,5.5.5
1,pkg-013226,6.6.6
1,pkg-013227,7.7.7
1,pkg-013228,8.8.8
1,pkg-013229,9.9.9
1,pkg-013230,1.10.0
1,pkg-013231,2.11.1
1,pkg-013232,3.12.2
1,pkg-013233,4.13.3
1,pkg-013234,5.14.4
1,pkg-013235,6.15.5
1,pkg-013236,7.16.6
1,pkg-013237,8.17.7
1,pkg-013238,9.18.8
1,pkg-013239,1.19.9
1,pkg-013240,2.0.0
1,pkg-013241,3.1.1
1,pkg-013242,4.2.2
1,pkg-013243,5.3.3
1,pkg-013244,6.4.4
1,pkg-013245,7.5.5
1,pkg-013246,8.6.6
1,pkg-013247,9.7.7
1,pkg-013248,1.8.8
1,pkg-013249,2.9.9
1,pkg-013250,3.10.0
1,pkg-013251,4.11.1
1,pkg-013252,5.12.2
1,pkg-013253,6.13.3
1,pkg-013254,7.14.4
1,pkg-013255,8.15.5
1,pkg-013256,9.16.6
1,pkg-013257,1.17.7
1,pkg-013258,2.18.8
1,pkg-013259,3.19.9
1,pkg-013260,4.0.0
1,pkg-013261,5.1.1
1,pkg-013262,6.2.2
1,pkg-013263,7.3.3
1,pkg-013264,8.4.4
1,pkg-013265,9.5.5
1,pkg-013266,1.6.6
1,pkg-013267,2.7.7
1,pkg-013268,3.8.8
1,pkg-013269,4.9.9
1,pkg-013270,5.10.0
1,pkg-013271,6.11.1
1,pkg-013272,7.12.2
1,pkg-013273,8.13.3
1,pkg-013274,9.14.4
1,pkg-013275,1.15.5
1,pkg-013276,2.16.6
1,pkg-013277,3.17.7
1,pkg-013278,4.18.8
1,pkg-013279,5.19.9
1,pkg-013280,6.0.0
1,pkg-013281,7.1.1
1,pkg-013282,8.2.2
1,pkg-013283,9.3.3
1,pkg-013284,1.4.4
1,pkg-013285,2.5.5
1,pkg-013286,3.6.6
1,pkg-013287,4.7.7
1,pkg-013288,5.8.8
1,pkg-013289,6.9.9
1,pkg-013290,7.10.0
1,pkg-013291,8.11.1
1,pkg-013292,9.12.2
1,pkg-013293,1.13.3
1,pkg-013294,2.14.4
1,pkg-013295,3.15.5
1,pkg-013296,4.16.6
1,pkg-013297,5.17.7
1,pkg-013298,6.18.8
1,pkg-013299,7.19.9
1,pkg-013300,8.0.0
1,pkg-013301,9.1.1
1,pkg-013302,1.2.2
1,pkg-013303,2.3.3
1,pkg-013304,3.4.4
1,pkg-013305,4.5.5
1,pkg-013306,5.6.6
1,pkg-013307,6.7.7
1,pkg-013308,7.8.8
1,pkg-013309,8.9.9
1,pkg-013310,9.10.0
1,pkg-013311,1.11.1
1,pkg-013312,2.12.2
1,pkg-013313,3.13.3
1,pkg-013314,4.14.4
1,pkg-013315,5.15.5
1,pkg-013316,6.16.6
1,pkg-013317,7.17.7
1,pkg-013318,8.18.8
1,pkg-013319,9.19.9
1,pkg-013320,1.0.0
1,pkg-013321,2.1.1
1,pkg-013322,3.2.2
1,pkg-013323,4.3.3
1,pkg-013324,5.4.4
1,pkg-013325,6.5.5
1,pkg-013326,7.6.6
1,pkg-013327,8.7.7
1,pkg-013328,9.8.8
1,pkg-013329,1.9.9
1,pkg-013330,2.10.0
1,pkg-013331,3.11.1
1,pkg-013332,4.12.2
1,pkg-013333,5.13.3
1,pkg-013334,6.14.4
1,pkg-013335,7.15.5
1,pkg-013336,8.16.6
1,pkg-013337,9.17.7
1,pkg-013338,1.18.8
1,pkg-013339,2.19.9
1,pkg-013340,3.0.0
1,pkg-013341,4.1.1
1,pkg-013342,5.2.2
1,pkg-013343,6.3.3
1,pkg-013344,7.4.4
1,pkg-013345,8.5.5
1,pkg-013346,9.6.6
1,pkg-013347,1.7.7
1,pkg-013348,2.8.8
1,pkg-013349,3.9.9
1,pkg-013350,4.10.0
1,pkg-013351,5.11.1
1,pkg-013352,6.12.2
1,pkg-013353,7.13.3
1,pkg-013354,8.14.4
1,pkg-013355,9.15.5
1,pkg-013356,1.16.6
1,pkg-013357,2.17.7
1,pkg-013358,3.18.8
1,pkg-013359,4.19.9
1,pkg-013360,5.0.0
1,pkg-013361,6.1.1
1,pkg-013362,7.2.2
1,pkg-013363,8.3.3
1,pkg-013364,9.4.4
1,pkg-013365,1.5.5
1,pkg-013366,2.6.6
1,pkg-013367,3.7.7
1,pkg-013368,4.8.8
1,pkg-013369,5.9.9
1,pkg-013370,6.10.0
1,pkg-013371,7.11.1
1,pkg-013372,8.12.2
1,pkg-013373,9.13.3
1,pkg-013374,1.14.4
1,pkg-013375,2.15.5
1,pkg-013376,3.16.6
1,pkg-013377,4.17.7
1,pkg-013378,5.18.8
1,pkg-013379,6.19.9
1,pkg-013380,7.0.0
1,pkg-013381,8.1.1
1,pkg-013382,9.2.2
1,pkg-013383,1.3.3
1,pkg-013384,2.4.4
1,pkg-013385,3.5.5
1,pkg-013386,4.6.6
1,pkg-013387,5.7.7
1,pkg-013388,6.8.8
1,pkg-013389,7.9.9
1,pkg-013390,8.10.0
1,pkg-013391,9.11.1
1,pkg-013392,1.12.2
1,pkg-013393,2.13.3
1,pkg-013394,3.14.4
1,pkg-013395,4.15.5
1,pkg-013396,5.16.6
1,pkg-013397,6.17.7
1,pkg-013398,7.18.8
1,pkg-013399,8.19.9
1,pkg-013400,9.0.0
1,pkg-013401,1.1.1
1,pkg-013402,2.2.2
1,pkg-013403,3.3.3
1,pkg-013404,4.4.4
1,pkg-013405,5.5.5
1,pkg-013406,6.6.6
1,pkg-013407,7.7.7
1,pkg-013408,8.8.8
1,pkg-013409,9.9.9
1,pkg-013410,1.10.0
1,pkg-013411,2.11.1
1,pkg-013412,3.12.2
1,pkg-013413,4.13.3
1,pkg-013414,5.14.4
1,pkg-013415,6.15.5
1,pkg-013416,7.16.6
1,pkg-013417,8.17.7
1,pkg-013418,9.18.8
1,pkg-013419,1.19.9
1,pkg-013420,2.0.0
1,pkg-013421,3.1.1
1,pkg-013422,4.2.2
1,pkg-013423,5.3.3
1,pkg-013424,6.4.4
1,pkg-013425,7.5.5
1,pkg-013426,8.6.6
1,pkg-013427,9.7.7
1,pkg-013428,1.8.8
1,pkg-013429,2.9.9
1,pkg-013430,3.10.0
1,pkg-013431,4.11.1
1,pkg-013432,5.12.2
1,pkg-013433,6.13.3
1,pkg-013434,7.14.4
1,pkg-013435,8.15.5
1,pkg-013436,9.16.6
1,pkg-013437,1.17.7
1,pkg-013438,2.18.8
1,pkg-013439,3.19.9
1,pkg-013440,4.0.0
1,pkg-013441,5.1.1
1,pkg-013442,6.2.2
1,pkg-013443,7.3.3
1,pkg-013444,8.4.4
1,pkg-013445,9.5.5
1,pkg-013446,1.6.6
1,pkg-013447,2.7.7
1,pkg-013448,3.8.8
1,pkg-013449,4.9.9
1,pkg-013450,5.10.0
1,pkg-013451,6.11.1
1,pkg-013452,7.12.2
1,pkg-013453,8.13.3
1,pkg-013454,9.14.4
1,pkg-013455,1.15.5
1,pkg-013456,2.16.6
1,pkg-013457,3.17.7
1,pkg-013458,4.18.8
1,pkg-013459,5.19.9
1,pkg-013460,6.0.0
1,pkg-013461,7.1.1
1,pkg-013462,8.2.2
1,pkg-013463,9.3.3
1,pkg-013464,1.4.4
1,pkg-013465,2.5.5
1,pkg-013466,3.6.6
1,pkg-013467,4.7.7
1,pkg-013468,5.8.8
1,pkg-013469,6.9.9
1,pkg-013470,7.10.0
1,pkg-013471,8.11.1
1,pkg-013472,9.12.2
1,pkg-013473,1.13.3
1,pkg-013474,2.14.4
1,pkg-013475,3.15.5
1,pkg-013476,4.16.6
1,pkg-013477,5.17.7
1,pkg-013478,6.18.8
1,pkg-013479,7.19.9
1,pkg-013480,8.0.0
1,pkg-013481,9.1.1
1,pkg-013482,1.2.2
1,pkg-013483,2.3.3
1,pkg-013484,3.4.4
1,pkg-013485,4.5.5
1,pkg-013486,5.6.6
1,pkg-013487,6.7.7
1,pkg-013488,7.8.8
1,pkg-013489,8.9.9
1,pkg-013490,9.10.0
1,pkg-013491,1.11.1
1,pkg-013492,2.12.2
1,pkg-013493,3.13.3
1,pkg-013494,4.14.4
1,pkg-013495,5.15.5
1,pkg-013496,6.16.6
1,pkg-013497,7.17.7
1,pkg-013498,8.18.8
1,pkg-013499,9.19.9
1,pkg-013500,1.0.0
1,pkg-013501,2.1.1
1,pkg-013502,3.2.2
1,pkg-013503,4.3.3
1,pkg-013504,5.4.4
1,pkg-013505,6.5.5
1,pkg-013506,7.6.6
1,pkg-013507,8.7.7
1,pkg-013508,9.8.8
1,pkg-013509,1.9.9
1,pkg-013510,2.10.0
1,pkg-013511,3.11.1
1,pkg-013512,4.12.2
1,pkg-013513,5.13.3
1,pkg-013514,6.14.4
1,pkg-013515,7.15.5
1,pkg-013516,8.16.6
1,pkg-013517,9.17.7
1,pkg-013518,1.18.8
1,pkg-013519,2.19.9
1,pkg-013520,3.0.0
1,pkg-013521,4.1.1
1,pkg-013522,5.2.2
1,pkg-013523,6.3.3
1,pkg-013524,7.4.4
1,pkg-013525,8.5.5
1,pkg-013526,9.6.6
1,pkg-013527,1.7.7
1,pkg-013528,2.8.8
1,pkg-013529,3.9.9
1,pkg-013530,4.10.0
1,pkg-013531,5.11.1
1,pkg-013532,6.12.2
1,pkg-013533,7.13.3
1,pkg-013534,8.14.4
1,pkg-013535,9.15.5
1,pkg-013536,1.16.6
1,pkg-013537,2.17.7
1,pkg-013538,3.18.8
1,pkg-013539,4.19.9
1,pkg-013540,5.0.0
1,pkg-013541,6.1.1
1,pkg-013542,7.2.2
1,pkg-013543,8.3.3
1,pkg-013544,9.4.4
1,pkg-013545,1.5.5
1,pkg-013546,2.6.6
1,pkg-013547,3.7.7
1,pkg-013548,4.8.8
1,pkg-013549,5.9.9
1,pkg-013550,6.10.0
1,pkg-013551,7.11.1
1,pkg-013552,8.12.2
1,pkg-013553,9.13.3
1,pkg-013554,1.14.4
1,pkg-013555,2.15.5
1,pkg-013556,3.16.6
1,pkg-013557,4.17.7
1,pkg-013558,5.18.8
1,pkg-013559,6.19.9
1,pkg-013560,7.0.0
1,pkg-013561,8.1.1
1,pkg-013562,9.2.2
1,pkg-013563,1.3.3
1,pkg-013564,2.4.4
1,pkg-013565,3.5.5
1,pkg-013566,4.6.6
1,pkg-013567,5.7.7
1,pkg-013568,6.8.8
1,pkg-013569,7.9.9
1,pkg-013570,8.10.0
1,pkg-013571,9.11.1
1,pkg-013572,1.12.2
1,pkg-013573,2.13.3
1,pkg-013574,3.14.4
1,pkg-013575,4.15.5
1,pkg-013576,5.16.6
1,pkg-013577,6.17.7
1,pkg-013578,7.18.8
1,pkg-013579,8.19.9
1,pkg-013580,9.0.0
1,pkg-013581,1.1.1
1,pkg-013582,2.2.2
1,pkg-013583,3.3.3
1,pkg-013584,4.4.4
1,pkg-013585,5.5.5
1,pkg-013586,6.6.6
1,pkg-013587,7.7.7
1,pkg-013588,8.8.8
1,pkg-013589,9.9.9
1,pkg-013590,1.10.0
1,pkg-013591,2.11.1
1,pkg-013592,3.12.2
1,pkg-013593,4.13.3
1,pkg-013594,5.14.4
1,pkg-013595,6.15.5
1,pkg-013596,7.16.6
1,pkg-013597,8.17.7
1,pkg-013598,9.18.8
1,pkg-013599,1.19.9
1,pkg-013600,2.0.0
1,pkg-013601,3.1.1
1,pkg-013602,4.2.2
1,pkg-013603,5.3.3
1,pkg-013604,6.4.4
1,pkg-013605,7.5.5
1,pkg-013606,8.6.6
1,pkg-013607,9.7.7
1,pkg-013608,1.8.8
1,pkg-013609,2.9.9
1,pkg-013610,3.10.0
1,pkg-013611,4.11.1
1,pkg-013612,5.12.2
1,pkg-013613,6.13.3
1,pkg-013614,7.14.4
1,pkg-013615,8.15.5
1,pkg-013616,9.16.6
1,pkg-013617,1.17.7
1,pkg-013618,2.18.8
1,pkg-013619,3.19.9
1,pkg-013620,4.0.0
1,pkg-013621,5.1.1
1,pkg-013622,6.2.2
1,pkg-013623,7.3.3
1,pkg-013624,8.4.4
1,pkg-013625,9.5.5
1,pkg-013626,1.6.6
1,pkg-013627,2.7.7
1,pkg-013628,3.8.8
1,pkg-013629,4.9.9
1,pkg-013630,5.10.0
1,pkg-013631,6.11.1
1,pkg-013632,7.12.2
1,pkg-013633,8.13.3
1,pkg-013634,9.14.4
1,pkg-013635,1.15.5
1,pkg-013636,2.16.6
1,pkg-013637,3.17.7
1,pkg-013638,4.18.8
1,pkg-013639,5.19.9
1,pkg-013640,6.0.0
1,pkg-013641,7.1.1
1,pkg-013642,8.2.2
1,pkg-013643,9.3.3
1,pkg-013644,1.4.4
1,pkg-013645,2.5.5
1,pkg-013646,3.6.6
1,pkg-013647,4.7.7
1,pkg-013648,5.8.8
1,pkg-013649,6.9.9
1,pkg-013650,7.10.0
1,pkg-013651,8.11.1
1,pkg-013652,9.12.2
1,pkg-013653,1.13.3
1,pkg-013654,2.14.4
1,pkg-013655,3.15.5
1,pkg-013656,4.16.6
1,pkg-013657,5.17.7
1,pkg-013658,6.18.8
1,pkg-013659,7.19.9
1,pkg-013660,8.0.0
1,pkg-013661,9.1.1
1,pkg-013662,1.2.2
1,pkg-013663,2.3.3
1,pkg-013664,3.4.4
1,pkg-013665,4.5.5
1,pkg-013666,5.6.6
1,pkg-013667,6.7.7
1,pkg-013668,7.8.8
1,pkg-013669,8.9.9
1,pkg-013670,9.10.0
1,pkg-013671,1.11.1
1,pkg-013672,2.12.2
1,pkg-013673,3.13.3
1,pkg-013674,4.14.4
1,pkg-013675,5.15.5
1,pkg-013676,6.16.6
1,pkg-013677,7.17.7
1,pkg-013678,8.18.8
1,pkg-013679,9.19.9
1,pkg-013680,1.0.0
1,pkg-013681,2.1.1
1,pkg-013682,3.2.2
1,pkg-013683,4.3.3
1,pkg-013684,5.4.4
1,pkg-013685,6.5.5
1,pkg-013686,7.6.6
1,pkg-013687,8.7.7
1,pkg-013688,9.8.8
1,pkg-013689,1.9.9
1,pkg-013690,2.10.0
1,pkg-013691,3.11.1
1,pkg-013692,4.12.2
1,pkg-013693,5.13.3
1,pkg-013694,6.14.4
1,pkg-013695,7.15.5
1,pkg-013696,8.16.6
1,pkg-013697,9.17.7
1,pkg-013698,1.18.8
1,pkg-013699,2.19.9
1,pkg-013700,3.0.0
1,pkg-013701,4.1.1
1,pkg-013702,5.2.2
1,pkg-013703,6.3.3
1,pkg-013704,7.4.4
1,pkg-013705,8.5.5
1,pkg-013706,9.6.6
1,pkg-013707,1.7.7
1,pkg-013708,2.8.8
1,pkg-013709,3.9.9
1,pkg-013710,4.10.0
1,pkg-013711,5.11.1
1,pkg-013712,6.12.2
1,pkg-013713,7.13.3
1,pkg-013714,8.14.4
1,pkg-013715,9.15.5
1,pkg-013716,1.16.6
1,pkg-013717,2.17.7
1,pkg-013718,3.18.8
1,pkg-013719,4.19.9
1,pkg-013720,5.0.0
1,pkg-013721,6.1.1
1,pkg-013722,7.2.2
1,pkg-013723,8.3.3
1,pkg-013724,9.4.4
1,pkg-013725,1.5.5
1,pkg-013726,2.6.6
1,pkg-013727,3.7.7
1,pkg-013728,4.8.8
1,pkg-013729,5.9.9
1,pkg-013730,6.10.0
1,pkg-013731,7.11.1
1,pkg-013732,8.12.2
1,pkg-013733,9.13.3
1,pkg-013734,1.14.4
1,pkg-013735,2.15.5
1,pkg-013736,3.16.6
1,pkg-013737,4.17.7
1,pkg-013738,5.18.8
1,pkg-013739,6.19.9
1,pkg-013740,7.0.0
1,pkg-013741,8.1.1
1,pkg-013742,9.2.2
1,pkg-013743,1.3.3
1,pkg-013744,2.4.4
1,pkg-013745,3.5.5
1,pkg-013746,4.6.6
1,pkg-013747,5.7.7
1,pkg-013748,6.8.8
1,pkg-013749,7.9.9
1,pkg-013750,8.10.0
1,pkg-013751,9.11.1
1,pkg-013752,1.12.2
1,pkg-013753,2.13.3
1,pkg-013754,3.14.4
1,pkg-013755,4.15.5
1,pkg-013756,5.16.6
1,pkg-013757,6.17.7
1,pkg-013758,7.18.8
1,pkg-013759,8.19.9
1,pkg-013760,9.0.0
1,pkg-013761,1.1.1
1,pkg-013762,2.2.2
1,pkg-013763,3.3.3
1,pkg-013764,4.4.4
1,pkg-013765,5.5.5
1,pkg-013766,6.6.6
1,pkg-013767,7.7.7
1,pkg-013768,8.8.8
1,pkg-013769,9.9.9
1,pkg-013770,1.10.0
1,pkg-013771,2.11.1
1,pkg-013772,3.12.2
1,pkg-013773,4.13.3
1,pkg-013774,5.14.4
1,pkg-013775,6.15.5
1,pkg-013776,7.16.6
1,pkg-013777,8.17.7
1,pkg-013778,9.18.8
1,pkg-013779,1.19.9
1,pkg-013780,2.0.0
1,pkg-013781,3.1.1
1,pkg-013782,4.2.2
1,pkg-013783,5.3.3
1,pkg-013784,6.4.4
1,pkg-013785,7.5.5
1,pkg-013786,8.6.6
1,pkg-013787,9.7.7
1,pkg-013788,1.8.8
1,pkg-013789,2.9.9
1,pkg-013790,3.10.0
1,pkg-013791,4.11.1
1,pkg-013792,5.12.2
1,pkg-013793,6.13.3
1,pkg-013794,7.14.4
1,pkg-013795,8.15.5
1,pkg-013796,9.16.6
1,pkg-013797,1.17.7
1,pkg-013798,2.18.8
1,pkg-013799,3.19.9
1,pkg-013800,4.0.0
1,pkg-013801,5.1.1
1,pkg-013802,6.2.2
1,pkg-013803,7.3.3
1,pkg-013804,8.4.4
1,pkg-013805,9.5.5
1,pkg-013806,1.6.6
1,pkg-013807,2.7.7
1,pkg-013808,3.8.8
1,pkg-013809,4.9.9
1,pkg-013810,5.10.0
1,pkg-013811,6.11.1
1,pkg-013812,7.12.2
1,pkg-013813,8.13.3
1,pkg-013814,9.14.4
1,pkg-013815,1.15.5
1,pkg-013816,2.16.6
1,pkg-013817,3.17.7
1,pkg-013818,4.18.8
1,pkg-013819,5.19.9
1,pkg-013820,6.0.0
1,pkg-013821,7.1.1
1,pkg-013822,8.2.2
1,pkg-013823,9.3.3
1,pkg-013824,1.4.4
1,pkg-013825,2.5.5
1,pkg-013826,3.6.6
1,pkg-013827,4.7.7
1,pkg-013828,5.8.8
1,pkg-013829,6.9.9
1,pkg-013830,7.10.0
1,pkg-013831,8.11.1
1,pkg-013832,9.12.2
1,pkg-013833,1.13.3
1,pkg-013834,2.14.4
1,pkg-013835,3.15.5
1,pkg-013836,4.16.6
1,pkg-013837,5.17.7
1,pkg-013838,6.18.8
1,pkg-013839,7.19.9
1,pkg-013840,8.0.0
1,pkg-013841,9.1.1
1,pkg-013842,1.2.2
1,pkg-013843,2.3.3
1,pkg-013844,3.4.4
1,pkg-013845,4.5.5
1,pkg-013846,5.6.6
1,pkg-013847,6.7.7
1,pkg-013848,7.8.8
1,pkg-013849,8.9.9
1,pkg-013850,9.10.0
1,pkg-013851,1.11.1
1,pkg-013852,2.12.2
1,pkg-013853,3.13.3
1,pkg-013854,4.14.4
1,pkg-013855,5.15.5
1,pkg-013856,6.16.6
1,pkg-013857,7.17.7
1,pkg-013858,8.18.8
1,pkg-013859,9.19.9
1,pkg-013860,1.0.0
1,pkg-013861,2.1.1
1,pkg-013862,3.2.2
1,pkg-013863,4.3.3
1,pkg-013864,5.4.4
1,pkg-013865,6.5.5
1,pkg-013866,7.6.6
1,pkg-013867,8.7.7
1,pkg-013868,9.8.8
1,pkg-013869,1.9.9
1,pkg-013870,2.10.0
1,pkg-013871,3.11.1
1,pkg-013872,4.12.2
1,pkg-013873,5.13.3
1,pkg-013874,6.14.4
1,pkg-013875,7.15.5
1,pkg-013876,8.16.6
1,pkg-013877,9.17.7
1,pkg-013878,1.18.8
1,pkg-013879,2.19.9
1,pkg-013880,3.0.0
1,pkg-013881,4.1.1
1,pkg-013882,5.2.2
1,pkg-013883,6.3.3
1,pkg-013884,7.4.4
1,pkg-013885,8.5.5
1,pkg-013886,9.6.6
1,pkg-013887,1.7.7
1,pkg-013888,2.8.8
1,pkg-013889,3.9.9
1,pkg-013890,4.10.0
1,pkg-013891,5.11.1
1,pkg-013892,6.12.2
1,pkg-013893,7.13.3
1,pkg-013894,8.14.4
1,pkg-013895,9.15.5
1,pkg-013896,1.16.6
1,pkg-013897,2.17.7
1,pkg-013898,3.18.8
1,pkg-013899,4.19.9
1,pkg-013900,5.0.0
1,pkg-013901,6.1.1
1,pkg-013902,7.2.2
1,pkg-013903,8.3.3
1,pkg-013904,9.4.4
1,pkg-013905,1.5.5
1,pkg-013906,2.6.6
1,pkg-013907,3.7.7
1,pkg-013908,4.8.8
1,pkg-013909,5.9.9
1,pkg-013910,6.10.0
1,pkg-013911,7.11.1
1,pkg-013912,8.12.2
1,pkg-013913,9.13.3
1,pkg-013914,1.14.4
1,pkg-013915,2.15.5
1,pkg-013916,3.16.6
1,pkg-013917,4.17.7
1,pkg-013918,5.18.8
1,pkg-013919,6.19.9
1,pkg-013920,7.0.0
1,pkg-013921,8.1.1
1,pkg-013922,9.2.2
1,pkg-013923,1.3.3
1,pkg-013924,2.4.4
1,pkg-013925,3.5.5
1,pkg-013926,4.6.6
1,pkg-013927,5.7.7
1,pkg-013928,6.8.8
1,pkg-013929,7.9.9
1,pkg-013930,8.10.0
1,pkg-013931,9.11.1
1,pkg-013932,1.12.2
1,pkg-013933,2.13.3
1,pkg-013934,3.14.4
1,pkg-013935,4.15.5
1,pkg-013936,5.16.6
1,pkg-013937,6.17.7
1,pkg-013938,7.18.8
1,pkg-013939,8.19.9
1,pkg-013940,9.0.0
1,pkg-013941,1.1.1
1,pkg-013942,2.2.2
1,pkg-013943,3.3.3
1,pkg-013944,4.4.4
1,pkg-013945,5.5.5
1,pkg-013946,6.6.6
1,pkg-013947,7.7.7
1,pkg-013948,8.8.8
1,pkg-013949,9.9.9
1,pkg-013950,1.10.0
1,pkg-013951,2.11.1
1,pkg-013952,3.12.2
1,pkg-013953,4.13.3
1,pkg-013954,5.14.4
1,pkg-013955,6.15.5
1,pkg-013956,7.16.6
1,pkg-013957,8.17.7
1,pkg-013958,9.18.8
1,pkg-013959,1.19.9
1,pkg-013960,2.0.0
1,pkg-013961,3.1.1
1,pkg-013962,4.2.2
1,pkg-013963,5.3.3
1,pkg-013964,6.4.4
1,pkg-013965,7.5.5
1,pkg-013966,8.6.6
1,pkg-013967,9.7.7
1,pkg-013968,1.8.8
1,pkg-013969,2.9.9
1,pkg-013970,3.10.0
1,pkg-013971,4.11.1
1,pkg-013972,5.12.2
1,pkg-013973,6.13.3
1,pkg-013974,7.14.4
1,pkg-013975,8.15.5
1,pkg-013976,9.16.6
1,pkg-013977,1.17.7
1,pkg-013978,2.18.8
1,pkg-013979,3.19.9
1,pkg-013980,4.0.0
1,pkg-013981,5.1.1
1,pkg-013982,6.2.2
1,pkg-013983,7.3.3
1,pkg-013984,8.4.4
1,pkg-013985,9.5.5
1,pkg-013986,1.6.6
1,pkg-013987,2.7.7
1,pkg-013988,3.8.8
1,pkg-013989,4.9.9
1,pkg-013990,5.10.0
1,pkg-013991,6.11.1
1,pkg-013992,7.12.2
1,pkg-013993,8.13.3
1,pkg-013994,9.14.4
1,pkg-013995,1.15.5
1,pkg-013996,2.16.6
1,pkg-013997,3.17.7
1,pkg-013998,4.18.8
1,pkg-013999,5.19.9
1,pkg-014000,6.0.0
1,pkg-014001,7.1.1
1,pkg-014002,8.2.2
1,pkg-014003,9.3.3
1,pkg-014004,1.4.4
1,pkg-014005,2.5.5
1,pkg-014006,3.6.6
1,pkg-014007,4.7.7
1,pkg-014008,5.8.8
1,pkg-014009,6.9.9
1,pkg-014010,7.10.0
1,pkg-014011,8.11.1
1,pkg-014012,9.12.2
1,pkg-014013,1.13.3
1,pkg-014014,2.14.4
1,pkg-014015,3.15.5
1,pkg-014016,4.16.6
1,pkg-014017,5.17.7
1,pkg-014018,6.18.8
1,pkg-014019,7.19.9
1,pkg-014020,8.0.0
1,pkg-014021,9.1.1
1,pkg-014022,1.2.2
1,pkg-014023,2.3.3
1,pkg-014024,3.4.4
1,pkg-014025,4.5.5
1,pkg-014026,5.6.6
1,pkg-014027,6.7.7
1,pkg-014028,7.8.8
1,pkg-014029,8.9.9
1,pkg-014030,9.10.0
1,pkg-014031,1.11.1
1,pkg-014032,2.12.2
1,pkg-014033,3.13.3
1,pkg-014034,4.14.4
1,pkg-014035,5.15.5
1,pkg-014036,6.16.6
1,pkg-014037,7.17.7
1,pkg-014038,8.18.8
1,pkg-014039,9.19.9
1,pkg-014040,1.0.0
1,pkg-014041,2.1.1
1,pkg-014042,3.2.2
1,pkg-014043,4.3.3
1,pkg-014044,5.4.4
1,pkg-014045,6.5.5
1,pkg-014046,7.6.6
1,pkg-014047,8.7.7
1,pkg-014048,9.8.8
1,pkg-014049,1.9.9
1,pkg-014050,2.10.0
1,pkg-014051,3.11.1
1,pkg-014052,4.12.2
1,pkg-014053,5.13.3
1,pkg-014054,6.14.4
1,pkg-014055,7.15.5
1,pkg-014056,8.16.6
1,pkg-014057,9.17.7
1,pkg-014058,1.18.8
1,pkg-014059,2.19.9
1,pkg-014060,3.0.0
1,pkg-014061,4.1.1
1,pkg-014062,5.2.2
1,pkg-014063,6.3.3
1,pkg-014064,7.4.4
1,pkg-014065,8.5.5
1,pkg-014066,9.6.6
1,pkg-014067,1.7.7
1,pkg-014068,2.8.8
1,pkg-014069,3.9.9
1,pkg-014070,4.10.0
1,pkg-014071,5.11.1
1,pkg-014072,6.12.2
1,pkg-014073,7.13.3
1,pkg-014074,8.14.4
1,pkg-014075,9.15.5
1,pkg-014076,1.16.6
1,pkg-014077,2.17.7
1,pkg-014078,3.18.8
1,pkg-014079,4.19.9
1,pkg-014080,5.0.0
1,pkg-014081,6.1.1
1,pkg-014082,7.2.2
1,pkg-014083,8.3.3
1,pkg-014084,9.4.4
1,pkg-014085,1.5.5
1,pkg-014086,2.6.6
1,pkg-014087,3.7.7
1,pkg-014088,4.8.8
1,pkg-014089,5.9.9
1,pkg-014090,6.10.0
1,pkg-014091,7.11.1
1,pkg-014092,8.12.2
1,pkg-014093,9.13.3
1,pkg-014094,1.14.4
1,pkg-014095,2.15.5
1,pkg-014096,3.16.6
1,pkg-014097,4.17.7
1,pkg-014098,5.18.8
1,pkg-014099,6.19.9
1,pkg-014100,7.0.0
1,pkg-014101,8.1.1
1,pkg-014102,9.2.2
1,pkg-014103,1.3.3
1,pkg-014104,2.4.4
1,pkg-014105,3.5.5
1,pkg-014106,4.6.6
1,pkg-014107,5.7.7
1,pkg-014108,6.8.8
1,pkg-014109,7.9.9
1,pkg-014110,8.10.0
1,pkg-014111,9.11.1
1,pkg-014112,1.12.2
1,pkg-014113,2.13.3
1,pkg-014114,3.14.4
1,pkg-014115,4.15.5
1,pkg-014116,5.16.6
1,pkg-014117,6.17.7
1,pkg-014118,7.18.8
1,pkg-014119,8.19.9
1,pkg-014120,9.0.0
1,pkg-014121,1.1.1
1,pkg-014122,2.2.2
1,pkg-014123,3.3.3
1,pkg-014124,4.4.4
1,pkg-014125,5.5.5
1,pkg-014126,6.6.6
1,pkg-014127,7.7.7
1,pkg-014128,8.8.8
1,pkg-014129,9.9.9
1,pkg-014130,1.10.0
1,pkg-014131,2.11.1
1,pkg-014132,3.12.2
1,pkg-014133,4.13.3
1,pkg-014134,5.14.4
1,pkg-014135,6.15.5
1,pkg-014136,7.16.6
1,pkg-014137,8.17.7
1,pkg-014138,9.18.8
1,pkg-014139,1.19.9
1,pkg-014140,2.0.0
1,pkg-014141,3.1.1
1,pkg-014142,4.2.2
1,pkg-014143,5.3.3
1,pkg-014144,6.4.4
1,pkg-014145,7.5.5
1,pkg-014146,8.6.6
1,pkg-014147,9.7.7
1,pkg-014148,1.8.8
1,pkg-014149,2.9.9
1,pkg-014150,3.10.0
1,pkg-014151,4.11.1
1,pkg-014152,5.12.2
1,pkg-014153,6.13.3
1,pkg-014154,7.14.4
1,pkg-014155,8.15.5
1,pkg-014156,9.16.6
1,pkg-014157,1.17.7
1,pkg-014158,2.18.8
1,pkg-014159,3.19.9
1,pkg-014160,4.0.0
1,pkg-014161,5.1.1
1,pkg-014162,6.2.2
1,pkg-014163,7.3.3
1,pkg-014164,8.4.4
1,pkg-014165,9.5.5
1,pkg-014166,1.6.6
1,pkg-014167,2.7.7
1,pkg-014168,3.8.8
1,pkg-014169,4.9.9
1,pkg-014170,5.10.0
1,pkg-014171,6.11.1
1,pkg-014172,7.12.2
1,pkg-014173,8.13.3
1,pkg-014174,9.14.4
1,pkg-014175,1.15.5
1,pkg-014176,2.16.6
1,pkg-014177,3.17.7
1,pkg-014178,4.18.8
1,pkg-014179,5.19.9
1,pkg-014180,6.0.0
1,pkg-014181,7.1.1
1,pkg-014182,8.2.2
1,pkg-014183,9.3.3
1,pkg-014184,1.4.4
1,pkg-014185,2.5.5
1,pkg-014186,3.6.6
1,pkg-014187,4.7.7
1,pkg-014188,5.8.8
1,pkg-014189,6.9.9
1,pkg-014190,7.10.0
1,pkg-014191,8.11.1
1,pkg-014192,9.12.2
1,pkg-014193,1.13.3
1,pkg-014194,2.14.4
1,pkg-014195,3.15.5
1,pkg-014196,4.16.6
1,pkg-014197,5.17.7
1,pkg-014198,6.18.8
1,pkg-014199,7.19.9
1,pkg-014200,8.0.0
1,pkg-014201,9.1.1
1,pkg-014202,1.2.2
1,pkg-014203,2.3.3
1,pkg-014204,3.4.4
1,pkg-014205,4.5.5
1,pkg-014206,5.6.6
1,pkg-014207,6.7.7
1,pkg-014208,7.8.8
1,pkg-014209,8.9.9
1,pkg-014210,9.10.0
1,pkg-014211,1.11.1
1,pkg-014212,2.12.2
1,pkg-014213,3.13.3
1,pkg-014214,4.14.4
1,pkg-014215,5.15.5
1,pkg-014216,6.16.6
1,pkg-014217,7.17.7
1,pkg-014218,8.18.8
1,pkg-014219,9.19.9
1,pkg-014220,1.0.0
1,pkg-014221,2.1.1
1,pkg-014222,3.2.2
1,pkg-014223,4.3.3
1,pkg-014224,5.4.4
1,pkg-014225,6.5.5
1,pkg-014226,7.6.6
1,pkg-014227,8.7.7
1,pkg-014228,9.8.8
1,pkg-014229,1.9.9
1,pkg-014230,2.10.0
1,pkg-014231,3.11.1
1,pkg-014232,4.12.2
1,pkg-014233,5.13.3
1,pkg-014234,6.14.4
1,pkg-014235,7.15.5
1,pkg-014236,8.16.6
1,pkg-014237,9.17.7
1,pkg-014238,1.18.8
1,pkg-014239,2.19.9
1,pkg-014240,3.0.0
1,pkg-014241,4.1.1
1,pkg-014242,5.2.2
1,pkg-014243,6.3.3
1,pkg-014244,7.4.4
1,pkg-014245,8.5.5
1,pkg-014246,9.6.6
1,pkg-014247,1.7.7
1,pkg-014248,2.8.8
1,pkg-014249,3.9.9
1,pkg-014250,4.10.0
1,pkg-014251,5.11.1
1,pkg-014252,6.12.2
1,pkg-014253,7.13.3
1,pkg-014254,8.14.4
1,pkg-014255,9.15.5
1,pkg-014256,1.16.6
1,pkg-014257,2.17.7
1,pkg-014258,3.18.8
1,pkg-014259,4.19.9
1,pkg-014260,5.0.0
1,pkg-014261,6.1.1
1,pkg-014262,7.2.2
1,pkg-014263,8.3.3
1,pkg-014264,9.4.4
1,pkg-014265,1.5.5
1,pkg-014266,2.6.6
1,pkg-014267,3.7.7
1,pkg-014268,4.8.8
1,pkg-014269,5.9.9
1,pkg-014270,6.10.0
1,pkg-014271,7.11.1
1,pkg-014272,8.12.2
1,pkg-014273,9.13.3
1,pkg-014274,1.14.4
1,pkg-014275,2.15.5
1,pkg-014276,3.16.6
1,pkg-014277,4.17.7
1,pkg-014278,5.18.8
1,pkg-014279,6.19.9
1,pkg-014280,7.0.0
1,pkg-014281,8.1.1
1,pkg-014282,9.2.2
1,pkg-014283,1.3.3
1,pkg-014284,2.4.4
1,pkg-014285,3.5.5
1,pkg-014286,4.6.6
1,pkg-014287,5.7.7
1,pkg-014288,6.8.8
1,pkg-014289,7.9.9
1,pkg-014290,8.10.0
1,pkg-014291,9.11.1
1,pkg-014292,1.12.2
1,pkg-014293,2.13.3
1,pkg-014294,3.14.4
1,pkg-014295,4.15.5
1,pkg-014296,5.16.6
1,pkg-014297,6.17.7
1,pkg-014298,7.18.8
1,pkg-014299,8.19.9
1,pkg-014300,9.0.0
1,pkg-014301,1.1.1
1,pkg-014302,2.2.2
1,pkg-014303,3.3.3
1,pkg-014304,4.4.4
1,pkg-014305,5.5.5
1,pkg-014306,6.6.6
1,pkg-014307,7.7.7
1,pkg-014308,8.8.8
1,pkg-014309,9.9.9
1,pkg-014310,1.10.0
1,pkg-014311,2.11.1
1,pkg-014312,3.12.2
1,pkg-014313,4.13.3
1,pkg-014314,5.14.4
1,pkg-014315,6.15.5
1,pkg-014316,7.16.6
1,pkg-014317,8.17.7
1,pkg-014318,9.18.8
1,pkg-014319,1.19.9
1,pkg-014320,2.0.0
1,pkg-014321,3.1.1
1,pkg-014322,4.2.2
1,pkg-014323,5.3.3
1,pkg-014324,6.4.4
1,pkg-014325,7.5.5
1,pkg-014326,8.6.6
1,pkg-014327,9.7.7
1,pkg-014328,1.8.8
1,pkg-014329,2.9.9
1,pkg-014330,3.10.0
1,pkg-014331,4.11.1
1,pkg-014332,5.12.2
1,pkg-014333,6.13.3
1,pkg-014334,7.14.4
1,pkg-014335,8.15.5
1,pkg-014336,9.16.6
1,pkg-014337,1.17.7
1,pkg-014338,2.18.8
1,pkg-014339,3.19.9
1,pkg-014340,4.0.0
1,pkg-014341,5.1.1
1,pkg-014342,6.2.2
1,pkg-014343,7.3.3
1,pkg-014344,8.4.4
1,pkg-014345,9.5.5
1,pkg-014346,1.6.6
1,pkg-014347,2.7.7
1,pkg-014348,3.8.8
1,pkg-014349,4.9.9
1,pkg-014350,5.10.0
1,pkg-014351,6.11.1
1,pkg-014352,7.12.2
1,pkg-014353,8.13.3
1,pkg-014354,9.14.4
1,pkg-014355,1.15.5
1,pkg-014356,2.16.6
1,pkg-014357,3.17.7
1,pkg-014358,4.18.8
1,pkg-014359,5.19.9
1,pkg-014360,6.0.0
1,pkg-014361,7.1.1
1,pkg-014362,8.2.2
1,pkg-014363,9.3.3
1,pkg-014364,1.4.4
1,pkg-014365,2.5.5
1,pkg-014366,3.6.6
1,pkg-014367,4.7.7
1,pkg-014368,5.8.8
1,pkg-014369,6.9.9
1,pkg-014370,7.10.0
1,pkg-014371,8.11.1
1,pkg-014372,9.12.2
1,pkg-014373,1.13.3
1,pkg-014374,2.14.4
1,pkg-014375,3.15.5
1,pkg-014376,4.16.6
1,pkg-014377,5.17.7
1,pkg-014378,6.18.8
1,pkg-014379,7.19.9
1,pkg-014380,8.0.0
1,pkg-014381,9.1.1
1,pkg-014382,1.2.2
1,pkg-014383,2.3.3
1,pkg-014384,3.4.4
1,pkg-014385,4.5.5
1,pkg-014386,5.6.6
1,pkg-014387,6.7.7
1,pkg-014388,7.8.8
1,pkg-014389,8.9.9
1,pkg-014390,9.10.0
1,pkg-014391,1.11.1
1,pkg-014392,2.12.2
1,pkg-014393,3.13.3
1,pkg-014394,4.14.4
1,pkg-014395,5.15.5
1,pkg-014396,6.16.6
1,pkg-014397,7.17.7
1,pkg-014398,8.18.8
1,pkg-014399,9.19.9
1,pkg-014400,1.0.0
1,pkg-014401,2.1.1
1,pkg-014402,3.2.2
1,pkg-014403,4.3.3
1,pkg-014404,5.4.4
1,pkg-014405,6.5.5
1,pkg-014406,7.6.6
1,pkg-014407,8.7.7
1,pkg-014408,9.8.8
1,pkg-014409,1.9.9
1,pkg-014410,2.10.0
1,pkg-014411,3.11.1
1,pkg-014412,4.12.2
1,pkg-014413,5.13.3
1,pkg-014414,6.14.4
1,pkg-014415,7.15.5
1,pkg-014416,8.16.6
1,pkg-014417,9.17.7
1,pkg-014418,1.18.8
1,pkg-014419,2.19.9
1,pkg-014420,3.0.0
1,pkg-014421,4.1.1
1,pkg-014422,5.2.2
1,pkg-014423,6.3.3
1,pkg-014424,7.4.4
1,pkg-014425,8.5.5
1,pkg-014426,9.6.6
1,pkg-014427,1.7.7
1,pkg-014428,2.8.8
1,pkg-014429,3.9.9
1,pkg-014430,4.10.0
1,pkg-014431,5.11.1
1,pkg-014432,6.12.2
1,pkg-014433,7.13.3
1,pkg-014434,8.14.4
1,pkg-014435,9.15.5
1,pkg-014436,1.16.6
1,pkg-014437,2.17.7
1,pkg-014438,3.18.8
1,pkg-014439,4.19.9
1,pkg-014440,5.0.0
1,pkg-014441,6.1.1
1,pkg-014442,7.2.2
1,pkg-014443,8.3.3
1,pkg-014444,9.4.4
1,pkg-014445,1.5.5
1,pkg-014446,2.6.6
1,pkg-014447,3.7.7
1,pkg-014448,4.8.8
1,pkg-014449,5.9.9
1,pkg-014450,6.10.0
1,pkg-014451,7.11.1
1,pkg-014452,8.12.2
1,pkg-014453,9.13.3
1,pkg-014454,1.14.4
1,pkg-014455,2.15.5
1,pkg-014456,3.16.6
1,pkg-014457,4.17.7
1,pkg-014458,5.18.8
1,pkg-014459,6.19.9
1,pkg-014460,7.0.0
1,pkg-014461,8.1.1
1,pkg-014462,9.2.2
1,pkg-014463,1.3.3
1,pkg-014464,2.4.4
1,pkg-014465,3.5.5
1,pkg-014466,4.6.6
1,pkg-014467,5.7.7
1,pkg-014468,6.8.8
1,pkg-014469,7.9.9
1,pkg-014470,8.10.0
1,pkg-014471,9.11.1
1,pkg-014472,1.12.2
1,pkg-014473,2.13.3
1,pkg-014474,3.14.4
1,pkg-014475,4.15.5
1,pkg-014476,5.16.6
1,pkg-014477,6.17.7
1,pkg-014478,7.18.8
1,pkg-014479,8.19.9
1,pkg-014480,9.0.0
1,pkg-014481,1.1.1
1,pkg-014482,2.2.2
1,pkg-014483,3.3.3
1,pkg-014484,4.4.4
1,pkg-014485,5.5.5
1,pkg-014486,6.6.6
1,pkg-014487,7.7.7
1,pkg-014488,8.8.8
1,pkg-014489,9.9.9
1,pkg-014490,1.10.0
1,pkg-014491,2.11.1
1,pkg-014492,3.12.2
1,pkg-014493,4.13.3
1,pkg-014494,5.14.4
1,pkg-014495,6.15.5
1,pkg-014496,7.16.6
1,pkg-014497,8.17.7
1,pkg-014498,9.18.8
1,pkg-014499,1.19.9
1,pkg-014500,2.0.0
1,pkg-014501,3.1.1
1,pkg-014502,4.2.2
1,pkg-014503,5.3.3
1,pkg-014504,6.4.4
1,pkg-014505,7.5.5
1,pkg-014506,8.6.6
1,pkg-014507,9.7.7
1,pkg-014508,1.8.8
1,pkg-014509,2.9.9
1,pkg-014510,3.10.0
1,pkg-014511,4.11.1
1,pkg-014512,5.12.2
1,pkg-014513,6.13.3
1,pkg-014514,7.14.4
1,pkg-014515,8.15.5
1,pkg-014516,9.16.6
1,pkg-014517,1.17.7
1,pkg-014518,2.18.8
1,pkg-014519,3.19.9
1,pkg-014520,4.0.0
1,pkg-014521,5.1.1
1,pkg-014522,6.2.2
1,pkg-014523,7.3.3
1,pkg-014524,8.4.4
1,pkg-014525,9.5.5
1,pkg-014526,1.6.6
1,pkg-014527,2.7.7
1,pkg-014528,3.8.8
1,pkg-014529,4.9.9
1,pkg-014530,5.10.0
1,pkg-014531,6.11.1
1,pkg-014532,7.12.2
1,pkg-014533,8.13.3
1,pkg-014534,9.14.4
1,pkg-014535,1.15.5
1,pkg-014536,2.16.6
1,pkg-014537,3.17.7
1,pkg-014538,4.18.8
1,pkg-014539,5.19.9
1,pkg-014540,6.0.0
1,pkg-014541,7.1.1
1,pkg-014542,8.2.2
1,pkg-014543,9.3.3
1,pkg-014544,1.4.4
1,pkg-014545,2.5.5
1,pkg-014546,3.6.6
1,pkg-014547,4.7.7
1,pkg-014548,5.8.8
1,pkg-014549,6.9.9
1,pkg-014550,7.10.0
1,pkg-014551,8.11.1
1,pkg-014552,9.12.2
1,pkg-014553,1.13.3
1,pkg-014554,2.14.4
1,pkg-014555,3.15.5
1,pkg-014556,4.16.6
1,pkg-014557,5.17.7
1,pkg-014558,6.18.8
1,pkg-014559,7.19.9
1,pkg-014560,8.0.0
1,pkg-014561,9.1.1
1,pkg-014562,1.2.2
1,pkg-014563,2.3.3
1,pkg-014564,3.4.4
1,pkg-014565,4.5.5
1,pkg-014566,5.6.6
1,pkg-014567,6.7.7
1,pkg-014568,7.8.8
1,pkg-014569,8.9.9
1,pkg-014570,9.10.0
1,pkg-014571,1.11.1
1,pkg-014572,2.12.2
1,pkg-014573,3.13.3
1,pkg-014574,4.14.4
1,pkg-014575,5.15.5
1,pkg-014576,6.16.6
1,pkg-014577,7.17.7
1,pkg-014578,8.18.8
1,pkg-014579,9.19.9
1,pkg-014580,1.0.0
1,pkg-014581,2.1.1
1,pkg-014582,3.2.2
1,pkg-014583,4.3.3
1,pkg-014584,5.4.4
1,pkg-014585,6.5.5
1,pkg-014586,7.6.6
1,pkg-014587,8.7.7
1,pkg-014588,9.8.8
1,pkg-014589,1.9.9
1,pkg-014590,2.10.0
1,pkg-014591,3.11.1
1,pkg-014592,4.12.2
1,pkg-014593,5.13.3
1,pkg-014594,6.14.4
1,pkg-014595,7.15.5
1,pkg-014596,8.16.6
1,pkg-014597,9.17.7
1,pkg-014598,1.18.8
1,pkg-014599,2.19.9
1,pkg-014600,3.0.0
1,pkg-014601,4.1.1
1,pkg-014602,5.2.2
1,pkg-014603,6.3.3
1,pkg-014604,7.4.4
1,pkg-014605,8.5.5
1,pkg-014606,9.6.6
1,pkg-014607,1.7.7
1,pkg-014608,2.8.8
1,pkg-014609,3.9.9
1,pkg-014610,4.10.0
1,pkg-014611,5.11.1
1,pkg-014612,6.12.2
1,pkg-014613,7.13.3
1,pkg-014614,8.14.4
1,pkg-014615,9.15.5
1,pkg-014616,1.16.6
1,pkg-014617,2.17.7
1,pkg-014618,3.18.8
1,pkg-014619,4.19.9
1,pkg-014620,5.0.0
1,pkg-014621,6.1.1
1,pkg-014622,7.2.2
1,pkg-014623,8.3.3
1,pkg-014624,9.4.4
1,pkg-014625,1.5.5
1,pkg-014626,2.6.6
1,pkg-014627,3.7.7
1,pkg-014628,4.8.8
1,pkg-014629,5.9.9
1,pkg-014630,6.10.0
1,pkg-014631,7.11.1
1,pkg-014632,8.12.2
1,pkg-014633,9.13.3
1,pkg-014634,1.14.4
1,pkg-014635,2.15.5
1,pkg-014636,3.16.6
1,pkg-014637,4.17.7
1,pkg-014638,5.18.8
1,pkg-014639,6.19.9
1,pkg-014640,7.0.0
1,pkg-014641,8.1.1
1,pkg-014642,9.2.2
1,pkg-014643,1.3.3
1,pkg-014644,2.4.4
1,pkg-014645,3.5.5
1,pkg-014646,4.6.6
1,pkg-014647,5.7.7
1,pkg-014648,6.8.8
1,pkg-014649,7.9.9
1,pkg-014650,8.10.0
1,pkg-014651,9.11.1
1,pkg-014652,1.12.2
1,pkg-014653,2.13.3
1,pkg-014654,3.14.4
1,pkg-014655,4.15.5
1,pkg-014656,5.16.6
1,pkg-014657,6.17.7
1,pkg-014658,7.18.8
1,pkg-014659,8.19.9
1,pkg-014660,9.0.0
1,pkg-014661,1.1.1
1,pkg-014662,2.2.2
1,pkg-014663,3.3.3
1,pkg-014664,4.4.4
1,pkg-014665,5.5.5
1,pkg-014666,6.6.6
1,pkg-014667,7.7.7
1,pkg-014668,8.8.8
1,pkg-014669,9.9.9
1,pkg-014670,1.10.0
1,pkg-014671,2.11.1
1,pkg-014672,3.12.2
1,pkg-014673,4.13.3
1,pkg-014674,5.14.4
1,pkg-014675,6.15.5
1,pkg-014676,7.16.6
1,pkg-014677,8.17.7
1,pkg-014678,9.18.8
1,pkg-014679,1.19.9
1,pkg-014680,2.0.0
1,pkg-014681,3.1.1
1,pkg-014682,4.2.2
1,pkg-014683,5.3.3
1,pkg-014684,6.4.4
1,pkg-014685,7.5.5
1,pkg-014686,8.6.6
1,pkg-014687,9.7.7
1,pkg-014688,1.8.8
1,pkg-014689,2.9.9
1,pkg-014690,3.10.0
1,pkg-014691,4.11.1
1,pkg-014692,5.12.2
1,pkg-014693,6.13.3
1,pkg-014694,7.14.4
1,pkg-014695,8.15.5
1,pkg-014696,9.16.6
1,pkg-014697,1.17.7
1,pkg-014698,2.18.8
1,pkg-014699,3.19.9
1,pkg-014700,4.0.0
1,pkg-014701,5.1.1
1,pkg-014702,6.2.2
1,pkg-014703,7.3.3
1,pkg-014704,8.4.4
1,pkg-014705,9.5.5
1,pkg-014706,1.6.6
1,pkg-014707,2.7.7
1,pkg-014708,3.8.8
1,pkg-014709,4.9.9
1,pkg-014710,5.10.0
1,pkg-014711,6.11.1
1,pkg-014712,7.12.2
1,pkg-014713,8.13.3
1,pkg-014714,9.14.4
1,pkg-014715,1.15.5
1,pkg-014716,2.16.6
1,pkg-014717,3.17.7
1,pkg-014718,4.18.8
1,pkg-014719,5.19.9
1,pkg-014720,6.0.0
1,pkg-014721,7.1.1
1,pkg-014722,8.2.2
1,pkg-014723,9.3.3
1,pkg-014724,1.4.4
1,pkg-014725,2.5.5
1,pkg-014726,3.6.6
1,pkg-014727,4.7.7
1,pkg-014728,5.8.8
1,pkg-014729,6.9.9
1,pkg-014730,7.10.0
1,pkg-014731,8.11.1
1,pkg-014732,9.12.2
1,pkg-014733,1.13.3
1,pkg-014734,2.14.4
1,pkg-014735,3.15.5
1,pkg-014736,4.16.6
1,pkg-014737,5.17.7
1,pkg-014738,6.18.8
1,pkg-014739,7.19.9
1,pkg-014740,8.0.0
1,pkg-014741,9.1.1
1,pkg-014742,1.2.2
1,pkg-014743,2.3.3
1,pkg-014744,3.4.4
1,pkg-014745,4.5.5
1,pkg-014746,5.6.6
1,pkg-014747,6.7.7
1,pkg-014748,7.8.8
1,pkg-014749,8.9.9
1,pkg-014750,9.10.0
1,pkg-014751,1.11.1
1,pkg-014752,2.12.2
1,pkg-014753,3.13.3
1,pkg-014754,4.14.4
1,pkg-014755,5.15.5
1,pkg-014756,6.16.6
1,pkg-014757,7.17.7
1,pkg-014758,8.18.8
1,pkg-014759,9.19.9
1,pkg-014760,1.0.0
1,pkg-014761,2.1.1
1,pkg-014762,3.2.2
1,pkg-014763,4.3.3
1,pkg-014764,5.4.4
1,pkg-014765,6.5.5
1,pkg-014766,7.6.6
1,pkg-014767,8.7.7
1,pkg-014768,9.8.8
1,pkg-014769,1.9.9
1,pkg-014770,2.10.0
1,pkg-014771,3.11.1
1,pkg-014772,4.12.2
1,pkg-014773,5.13.3
1,pkg-014774,6.14.4
1,pkg-014775,7.15.5
1,pkg-014776,8.16.6
1,pkg-014777,9.17.7
1,pkg-014778,1.18.8
1,pkg-014779,2.19.9
1,pkg-014780,3.0.0
1,pkg-014781,4.1.1
1,pkg-014782,5.2.2
1,pkg-014783,6.3.3
1,pkg-014784,7.4.4
1,pkg-014785,8.5.5
1,pkg-014786,9.6.6
1,pkg-014787,1.7.7
1,pkg-014788,2.8.8
1,pkg-014789,3.9.9
1,pkg-014790,4.10.0
1,pkg-014791,5.11.1
1,pkg-014792,6.12.2
1,pkg-014793,7.13.3
1,pkg-014794,8.14.4
1,pkg-014795,9.15.5
1,pkg-014796,1.16.6
1,pkg-014797,2.17.7
1,pkg-014798,3.18.8
1,pkg-014799,4.19.9
1,pkg-014800,5.0.0
1,pkg-014801,6.1.1
1,pkg-014802,7.2.2
1,pkg-014803,8.3.3
1,pkg-014804,9.4.4
1,pkg-014805,1.5.5
1,pkg-014806,2.6.6
1,pkg-014807,3.7.7
1,pkg-014808,4.8.8
1,pkg-014809,5.9.9
1,pkg-014810,6.10.0
1,pkg-014811,7.11.1
1,pkg-014812,8.12.2
1,pkg-014813,9.13.3
1,pkg-014814,1.14.4
1,pkg-014815,2.15.5
1,pkg-014816,3.16.6
1,pkg-014817,4.17.7
1,pkg-014818,5.18.8
1,pkg-014819,6.19.9
1,pkg-014820,7.0.0
1,pkg-014821,8.1.1
1,pkg-014822,9.2.2
1,pkg-014823,1.3.3
1,pkg-014824,2.4.4
1,pkg-014825,3.5.5
1,pkg-014826,4.6.6
1,pkg-014827,5.7.7
1,pkg-014828,6.8.8
1,pkg-014829,7.9.9
1,pkg-014830,8.10.0
1,pkg-014831,9.11.1
1,pkg-014832,1.12.2
1,pkg-014833,2.13.3
1,pkg-014834,3.14.4
1,pkg-014835,4.15.5
1,pkg-014836,5.16.6
1,pkg-014837,6.17.7
1,pkg-014838,7.18.8
1,pkg-014839,8.19.9
1,pkg-014840,9.0.0
1,pkg-014841,1.1.1
1,pkg-014842,2.2.2
1,pkg-014843,3.3.3
1,pkg-014844,4.4.4
1,pkg-014845,5.5.5
1,pkg-014846,6.6.6
1,pkg-014847,7.7.7
1,pkg-014848,8.8.8
1,pkg-014849,9.9.9
1,pkg-014850,1.10.0
1,pkg-014851,2.11.1
1,pkg-014852,3.12.2
1,pkg-014853,4.13.3
1,pkg-014854,5.14.4
1,pkg-014855,6.15.5
1,pkg-014856,7.16.6
1,pkg-014857,8.17.7
1,pkg-014858,9.18.8
1,pkg-014859,1.19.9
1,pkg-014860,2.0.0
1,pkg-014861,3.1.1
1,pkg-014862,4.2.2
1,pkg-014863,5.3.3
1,pkg-014864,6.4.4
1,pkg-014865,7.5.5
1,pkg-014866,8.6.6
1,pkg-014867,9.7.7
1,pkg-014868,1.8.8
1,pkg-014869,2.9.9
1,pkg-014870,3.10.0
1,pkg-014871,4.11.1
1,pkg-014872,5.12.2
1,pkg-014873,6.13.3
1,pkg-014874,7.14.4
1,pkg-014875,8.15.5
1,pkg-014876,9.16.6
1,pkg-014877,1.17.7
1,pkg-014878,2.18.8
1,pkg-014879,3.19.9
1,pkg-014880,4.0.0
1,pkg-014881,5.1.1
1,pkg-014882,6.2.2
1,pkg-014883,7.3.3
1,pkg-014884,8.4.4
1,pkg-014885,9.5.5
1,pkg-014886,1.6.6
1,pkg-014887,2.7.7
1,pkg-014888,3.8.8
1,pkg-014889,4.9.9
1,pkg-014890,5.10.0
1,pkg-014891,6.11.1
1,pkg-014892,7.12.2
1,pkg-014893,8.13.3
1,pkg-014894,9.14.4
1,pkg-014895,1.15.5
1,pkg-014896,2.16.6
1,pkg-014897,3.17.7
1,pkg-014898,4.18.8
1,pkg-014899,5.19.9
1,pkg-014900,6.0.0
1,pkg-014901,7.1.1
1,pkg-014902,8.2.2
1,pkg-014903,9.3.3
1,pkg-014904,1.4.4
1,pkg-014905,2.5.5
1,pkg-014906,3.6.6
1,pkg-014907,4.7.7
1,pkg-014908,5.8.8
1,pkg-014909,6.9.9
1,pkg-014910,7.10.0
1,pkg-014911,8.11.1
1,pkg-014912,9.12.2
1,pkg-014913,1.13.3
1,pkg-014914,2.14.4
1,pkg-014915,3.15.5
1,pkg-014916,4.16.6
1,pkg-014917,5.17.7
1,pkg-014918,6.18.8
1,pkg-014919,7.19.9
1,pkg-014920,8.0.0
1,pkg-014921,9.1.1
1,pkg-014922,1.2.2
1,pkg-014923,2.3.3
1,pkg-014924,3.4.4
1,pkg-014925,4.5.5
1,pkg-014926,5.6.6
1,pkg-014927,6.7.7
1,pkg-014928,7.8.8
1,pkg-014929,8.9.9
1,pkg-014930,9.10.0
1,pkg-014931,1.11.1
1,pkg-014932,2.12.2
1,pkg-014933,3.13.3
1,pkg-014934,4.14.4
1,pkg-014935,5.15.5
1,pkg-014936,6.16.6
1,pkg-014937,7.17.7
1,pkg-014938,8.18.8
1,pkg-014939,9.19.9
1,pkg-014940,1.0.0
1,pkg-014941,2.1.1
1,pkg-014942,3.2.2
1,pkg-014943,4.3.3
1,pkg-014944,5.4.4
1,pkg-014945,6.5.5
1,pkg-014946,7.6.6
1,pkg-014947,8.7.7
1,pkg-014948,9.8.8
1,pkg-014949,1.9.9
1,pkg-014950,2.10.0
1,pkg-014951,3.11.1
1,pkg-014952,4.12.2
1,pkg-014953,5.13.3
1,pkg-014954,6.14.4
1,pkg-014955,7.15.5
1,pkg-014956,8.16.6
1,pkg-014957,9.17.7
1,pkg-014958,1.18.8
1,pkg-014959,2.19.9
1,pkg-014960,3.0.0
1,pkg-014961,4.1.1
1,pkg-014962,5.2.2
1,pkg-014963,6.3.3
1,pkg-014964,7.4.4
1,pkg-014965,8.5.5
1,pkg-014966,9.6.6
1,pkg-014967,1.7.7
1,pkg-014968,2.8.8
1,pkg-014969,3.9.9
1,pkg-014970,4.10.0
1,pkg-014971,5.11.1
1,pkg-014972,6.12.2
1,pkg-014973,7.13.3
1,pkg-014974,8.14.4
1,pkg-014975,9.15.5
1,pkg-014976,1.16.6
1,pkg-014977,2.17.7
1,pkg-014978,3.18.8
1,pkg-014979,4.19.9
1,pkg-014980,5.0.0
1,pkg-014981,6.1.1
1,pkg-014982,7.2.2
1,pkg-014983,8.3.3
1,pkg-014984,9.4.4
1,pkg-014985,1.5.5
1,pkg-014986,2.6.6
1,pkg-014987,3.7.7
1,pkg-014988,4.8.8
1,pkg-014989,5.9.9
1,pkg-014990,6.10.0
1,pkg-014991,7.11.1
1,pkg-014992,8.12.2
1,pkg-014993,9.13.3
1,pkg-014994,1.14.4
1,pkg-014995,2.15.5
1,pkg-014996,3.16.6
1,pkg-014997,4.17.7
1,pkg-014998,5.18.8
1,pkg-014999,6.19.9
1,pkg-015000,7.0.0
1,pkg-015001,8.1.1
1,pkg-015002,9.2.2
1,pkg-015003,1.3.3
1,pkg-015004,2.4.4
1,pkg-015005,3.5.5
1,pkg-015006,4.6.6
1,pkg-015007,5.7.7
1,pkg-015008,6.8.8
1,pkg-015009,7.9.9
1,pkg-015010,8.10.0
1,pkg-015011,9.11.1
1,pkg-015012,1.12.2
1,pkg-015013,2.13.3
1,pkg-015014,3.14.4
1,pkg-015015,4.15.5
1,pkg-015016,5.16.6
1,pkg-015017,6.17.7
1,pkg-015018,7.18.8
1,pkg-015019,8.19.9
1,pkg-015020,9.0.0
1,pkg-015021,1.1.1
1,pkg-015022,2.2.2
1,pkg-015023,3.3.3
1,pkg-015024,4.4.4
1,pkg-015025,5.5.5
1,pkg-015026,6.6.6
1,pkg-015027,7.7.7
1,pkg-015028,8.8.8
1,pkg-015029,9.9.9
1,pkg-015030,1.10.0
1,pkg-015031,2.11.1
1,pkg-015032,3.12.2
1,pkg-015033,4.13.3
1,pkg-015034,5.14.4
1,pkg-015035,6.15.5
1,pkg-015036,7.16.6
1,pkg-015037,8.17.7
1,pkg-015038,9.18.8
1,pkg-015039,1.19.9
1,pkg-015040,2.0.0
1,pkg-015041,3.1.1
1,pkg-015042,4.2.2
1,pkg-015043,5.3.3
1,pkg-015044,6.4.4
1,pkg-015045,7.5.5
1,pkg-015046,8.6.6
1,pkg-015047,9.7.7
1,pkg-015048,1.8.8
1,pkg-015049,2.9.9
1,pkg-015050,3.10.0
1,pkg-015051,4.11.1
1,pkg-015052,5.12.2
1,pkg-015053,6.13.3
1,pkg-015054,7.14.4
1,pkg-015055,8.15.5
1,pkg-015056,9.16.6
1,pkg-015057,1.17.7
1,pkg-015058,2.18.8
1,pkg-015059,3.19.9
1,pkg-015060,4.0.0
1,pkg-015061,5.1.1
1,pkg-015062,6.2.2
1,pkg-015063,7.3.3
1,pkg-015064,8.4.4
1,pkg-015065,9.5.5
1,pkg-015066,1.6.6
1,pkg-015067,2.7.7
1,pkg-015068,3.8.8
1,pkg-015069,4.9.9
1,pkg-015070,5.10.0
1,pkg-015071,6.11.1
1,pkg-015072,7.12.2
1,pkg-015073,8.13.3
1,pkg-015074,9.14.4
1,pkg-015075,1.15.5
1,pkg-015076,2.16.6
1,pkg-015077,3.17.7
1,pkg-015078,4.18.8
1,pkg-015079,5.19.9
1,pkg-015080,6.0.0
1,pkg-015081,7.1.1
1,pkg-015082,8.2.2
1,pkg-015083,9.3.3
1,pkg-015084,1.4.4
1,pkg-015085,2.5.5
1,pkg-015086,3.6.6
1,pkg-015087,4.7.7
1,pkg-015088,5.8.8
1,pkg-015089,6.9.9
1,pkg-015090,7.10.0
1,pkg-015091,8.11.1
1,pkg-015092,9.12.2
1,pkg-015093,1.13.3
1,pkg-015094,2.14.4
1,pkg-015095,3.15.5
1,pkg-015096,4.16.6
1,pkg-015097,5.17.7
1,pkg-015098,6.18.8
1,pkg-015099,7.19.9
1,pkg-015100,8.0.0
1,pkg-015101,9.1.1
1,pkg-015102,1.2.2
1,pkg-015103,2.3.3
1,pkg-015104,3.4.4
1,pkg-015105,4.5.5
1,pkg-015106,5.6.6
1,pkg-015107,6.7.7
1,pkg-015108,7.8.8
1,pkg-015109,8.9.9
1,pkg-015110,9.10.0
1,pkg-015111,1.11.1
1,pkg-015112,2.12.2
1,pkg-015113,3.13.3
1,pkg-015114,4.14.4
1,pkg-015115,5.15.5
1,pkg-015116,6.16.6
1,pkg-015117,7.17.7
1,pkg-015118,8.18.8
1,pkg-015119,9.19.9
1,pkg-015120,1.0.0
1,pkg-015121,2.1.1
1,pkg-015122,3.2.2
1,pkg-015123,4.3.3
1,pkg-015124,5.4.4
1,pkg-015125,6.5.5
1,pkg-015126,7.6.6
1,pkg-015127,8.7.7
1,pkg-015128,9.8.8
1,pkg-015129,1.9.9
1,pkg-015130,2.10.0
1,pkg-015131,3.11.1
1,pkg-015132,4.12.2
1,pkg-015133,5.13.3
1,pkg-015134,6.14.4
1,pkg-015135,7.15.5
1,pkg-015136,8.16.6
1,pkg-015137,9.17.7
1,pkg-015138,1.18.8
1,pkg-015139,2.19.9
1,pkg-015140,3.0.0
1,pkg-015141,4.1.1
1,pkg-015142,5.2.2
1,pkg-015143,6.3.3
1,pkg-015144,7.4.4
1,pkg-015145,8.5.5
1,pkg-015146,9.6.6
1,pkg-015147,1.7.7
1,pkg-015148,2.8.8
1,pkg-015149,3.9.9
1,pkg-015150,4.10.0
1,pkg-015151,5.11.1
1,pkg-015152,6.12.2
1,pkg-015153,7.13.3
1,pkg-015154,8.14.4
1,pkg-015155,9.15.5
1,pkg-015156,1.16.6
1,pkg-015157,2.17.7
1,pkg-015158,3.18.8
1,pkg-015159,4.19.9
1,pkg-015160,5.0.0
1,pkg-015161,6.1.1
1,pkg-015162,7.2.2
1,pkg-015163,8.3.3
1,pkg-015164,9.4.4
1,pkg-015165,1.5.5
1,pkg-015166,2.6.6
1,pkg-015167,3.7.7
1,pkg-015168,4.8.8
1,pkg-015169,5.9.9
1,pkg-015170,6.10.0
1,pkg-015171,7.11.1
1,pkg-015172,8.12.2
1,pkg-015173,9.13.3
1,pkg-015174,1.14.4
1,pkg-015175,2.15.5
1,pkg-015176,3.16.6
1,pkg-015177,4.17.7
1,pkg-015178,5.18.8
1,pkg-015179,6.19.9
1,pkg-015180,7.0.0
1,pkg-015181,8.1.1
1,pkg-015182,9.2.2
1,pkg-015183,1.3.3
1,pkg-015184,2.4.4
1,pkg-015185,3.5.5
1,pkg-015186,4.6.6
1,pkg-015187,5.7.7
1,pkg-015188,6.8.8
1,pkg-015189,7.9.9
1,pkg-015190,8.10.0
1,pkg-015191,9.11.1
1,pkg-015192,1.12.2
1,pkg-015193,2.13.3
1,pkg-015194,3.14.4
1,pkg-015195,4.15.5
1,pkg-015196,5.16.6
1,pkg-015197,6.17.7
1,pkg-015198,7.18.8
1,pkg-015199,8.19.9
1,pkg-015200,9.0.0
1,pkg-015201,1.1.1
1,pkg-015202,2.2.2
1,pkg-015203,3.3.3
1,pkg-015204,4.4.4
1,pkg-015205,5.5.5
1,pkg-015206,6.6.6
1,pkg-015207,7.7.7
1,pkg-015208,8.8.8
1,pkg-015209,9.9.9
1,pkg-015210,1.10.0
1,pkg-015211,2.11.1
1,pkg-015212,3.12.2
1,pkg-015213,4.13.3
1,pkg-015214,5.14.4
1,pkg-015215,6.15.5
1,pkg-015216,7.16.6
1,pkg-015217,8.17.7
1,pkg-015218,9.18.8
1,pkg-015219,1.19.9
1,pkg-015220,2.0.0
1,pkg-015221,3.1.1
1,pkg-015222,4.2.2
1,pkg-015223,5.3.3
1,pkg-015224,6.4.4
1,pkg-015225,7.5.5
1,pkg-015226,8.6.6
1,pkg-015227,9.7.7
1,pkg-015228,1.8.8
1,pkg-015229,2.9.9
1,pkg-015230,3.10.0
1,pkg-015231,4.11.1
1,pkg-015232,5.12.2
1,pkg-015233,6.13.3
1,pkg-015234,7.14.4
1,pkg-015235,8.15.5
1,pkg-015236,9.16.6
1,pkg-015237,1.17.7
1,pkg-015238,2.18.8
1,pkg-015239,3.19.9
1,pkg-015240,4.0.0
1,pkg-015241,5.1.1
1,pkg-015242,6.2.2
1,pkg-015243,7.3.3
1,pkg-015244,8.4.4
1,pkg-015245,9.5.5
1,pkg-015246,1.6.6
1,pkg-015247,2.7.7
1,pkg-015248,3.8.8
1,pkg-015249,4.9.9
1,pkg-015250,5.10.0
1,pkg-015251,6.11.1
1,pkg-015252,7.12.2
1,pkg-015253,8.13.3
1,pkg-015254,9.14.4
1,pkg-015255,1.15.5
1,pkg-015256,2.16.6
1,pkg-015257,3.17.7
1,pkg-015258,4.18.8
1,pkg-015259,5.19.9
1,pkg-015260,6.0.0
1,pkg-015261,7.1.1
1,pkg-015262,8.2.2
1,pkg-015263,9.3.3
1,pkg-015264,1.4.4
1,pkg-015265,2.5.5
1,pkg-015266,3.6.6
1,pkg-015267,4.7.7
1,pkg-015268,5.8.8
1,pkg-015269,6.9.9
1,pkg-015270,7.10.0
1,pkg-015271,8.11.1
1,pkg-015272,9.12.2
1,pkg-015273,1.13.3
1,pkg-015274,2.14.4
1,pkg-015275,3.15.5
1,pkg-015276,4.16.6
1,pkg-015277,5.17.7
1,pkg-015278,6.18.8
1,pkg-015279,7.19.9
1,pkg-015280,8.0.0
1,pkg-015281,9.1.1
1,pkg-015282,1.2.2
1,pkg-015283,2.3.3
1,pkg-015284,3.4.4
1,pkg-015285,4.5.5
1,pkg-015286,5.6.6
1,pkg-015287,6.7.7
1,pkg-015288,7.8.8
1,pkg-015289,8.9.9
1,pkg-015290,9.10.0
1,pkg-015291,1.11.1
1,pkg-015292,2.12.2
1,pkg-015293,3.13.3
1,pkg-015294,4.14.4
1,pkg-015295,5.15.5
1,pkg-015296,6.16.6
1,pkg-015297,7.17.7
1,pkg-015298,8.18.8
1,pkg-015299,9.19.9
1,pkg-015300,1.0.0
1,pkg-015301,2.1.1
1,pkg-015302,3.2.2
1,pkg-015303,4.3.3
1,pkg-015304,5.4.4
1,pkg-015305,6.5.5
1,pkg-015306,7.6.6
1,pkg-015307,8.7.7
1,pkg-015308,9.8.8
1,pkg-015309,1.9.9
1,pkg-015310,2.10.0
1,pkg-015311,3.11.1
1,pkg-015312,4.12.2
1,pkg-015313,5.13.3
1,pkg-015314,6.14.4
1,pkg-015315,7.15.5
1,pkg-015316,8.16.6
1,pkg-015317,9.17.7
1,pkg-015318,1.18.8
1,pkg-015319,2.19.9
1,pkg-015320,3.0.0
1,pkg-015321,4.1.1
1,pkg-015322,5.2.2
1,pkg-015323,6.3.3
1,pkg-015324,7.4.4
1,pkg-015325,8.5.5
1,pkg-015326,9.6.6
1,pkg-015327,1.7.7
1,pkg-015328,2.8.8
1,pkg-015329,3.9.9
1,pkg-015330,4.10.0
1,pkg-015331,5.11.1
1,pkg-015332,6.12.2
1,pkg-015333,7.13.3
1,pkg-015334,8.14.4
1,pkg-015335,9.15.5
1,pkg-015336,1.16.6
1,pkg-015337,2.17.7
1,pkg-015338,3.18.8
1,pkg-015339,4.19.9
1,pkg-015340,5.0.0
1,pkg-015341,6.1.1
1,pkg-015342,7.2.2
1,pkg-015343,8.3.3
1,pkg-015344,9.4.4
1,pkg-015345,1.5.5
1,pkg-015346,2.6.6
1,pkg-015347,3.7.7
1,pkg-015348,4.8.8
1,pkg-015349,5.9.9
1,pkg-015350,6.10.0
1,pkg-015351,7.11.1
1,pkg-015352,8.12.2
1,pkg-015353,9.13.3
1,pkg-015354,1.14.4
1,pkg-015355,2.15.5
1,pkg-015356,3.16.6
1,pkg-015357,4.17.7
1,pkg-015358,5.18.8
1,pkg-015359,6.19.9
1,pkg-015360,7.0.0
1,pkg-015361,8.1.1
1,pkg-015362,9.2.2
1,pkg-015363,1.3.3
1,pkg-015364,2.4.4
1,pkg-015365,3.5.5
1,pkg-015366,4.6.6
1,pkg-015367,5.7.7
1,pkg-015368,6.8.8
1,pkg-015369,7.9.9
1,pkg-015370,8.10.0
1,pkg-015371,9.11.1
1,pkg-015372,1.12.2
1,pkg-015373,2.13.3
1,pkg-015374,3.14.4
1,pkg-015375,4.15.5
1,pkg-015376,5.16.6
1,pkg-015377,6.17.7
1,pkg-015378,7.18.8
1,pkg-015379,8.19.9
1,pkg-015380,9.0.0
1,pkg-015381,1.1.1
1,pkg-015382,2.2.2
1,pkg-015383,3.3.3
1,pkg-015384,4.4.4
1,pkg-015385,5.5.5
1,pkg-015386,6.6.6
1,pkg-015387,7.7.7
1,pkg-015388,8.8.8
1,pkg-015389,9.9.9
1,pkg-015390,1.10.0
1,pkg-015391,2.11.1
1,pkg-015392,3.12.2
1,pkg-015393,4.13.3
1,pkg-015394,5.14.4
1,pkg-015395,6.15.5
1,pkg-015396,7.16.6
1,pkg-015397,8.17.7
1,pkg-015398,9.18.8
1,pkg-015399,1.19.9
1,pkg-015400,2.0.0
1,pkg-015401,3.1.1
1,pkg-015402,4.2.2
1,pkg-015403,5.3.3
1,pkg-015404,6.4.4
1,pkg-015405,7.5.5
1,pkg-015406,8.6.6
1,pkg-015407,9.7.7
1,pkg-015408,1.8.8
1,pkg-015409,2.9.9
1,pkg-015410,3.10.0
1,pkg-015411,4.11.1
1,pkg-015412,5.12.2
1,pkg-015413,6.13.3
1,pkg-015414,7.14.4
1,pkg-015415,8.15.5
1,pkg-015416,9.16.6
1,pkg-015417,1.17.7
1,pkg-015418,2.18.8
1,pkg-015419,3.19.9
1,pkg-015420,4.0.0
1,pkg-015421,5.1.1
1,pkg-015422,6.2.2
1,pkg-015423,7.3.3
1,pkg-015424,8.4.4
1,pkg-015425,9.5.5
1,pkg-015426,1.6.6
1,pkg-015427,2.7.7
1,pkg-015428,3.8.8
1,pkg-015429,4.9.9
1,pkg-015430,5.10.0
1,pkg-015431,6.11.1
1,pkg-015432,7.12.2
1,pkg-015433,8.13.3
1,pkg-015434,9.14.4
1,pkg-015435,1.15.5
1,pkg-015436,2.16.6
1,pkg-015437,3.17.7
1,pkg-015438,4.18.8
1,pkg-015439,5.19.9
1,pkg-015440,6.0.0
1,pkg-015441,7.1.1
1,pkg-015442,8.2.2
1,pkg-015443,9.3.3
1,pkg-015444,1.4.4
1,pkg-015445,2.5.5
1,pkg-015446,3.6.6
1,pkg-015447,4.7.7
1,pkg-015448,5.8.8
1,pkg-015449,6.9.9
1,pkg-015450,7.10.0
1,pkg-015451,8.11.1
1,pkg-015452,9.12.2
1,pkg-015453,1.13.3
1,pkg-015454,2.14.4
1,pkg-015455,3.15.5
1,pkg-015456,4.16.6
1,pkg-015457,5.17.7
1,pkg-015458,6.18.8
1,pkg-015459,7.19.9
1,pkg-015460,8.0.0
1,pkg-015461,9.1.1
1,pkg-015462,1.2.2
1,pkg-015463,2.3.3
1,pkg-015464,3.4.4
1,pkg-015465,4.5.5
1,pkg-015466,5.6.6
1,pkg-015467,6.7.7
1,pkg-015468,7.8.8
1,pkg-015469,8.9.9
1,pkg-015470,9.10.0
1,pkg-015471,1.11.1
1,pkg-015472,2.12.2
1,pkg-015473,3.13.3
1,pkg-015474,4.14.4
1,pkg-015475,5.15.5
1,pkg-015476,6.16.6
1,pkg-015477,7.17.7
1,pkg-015478,8.18.8
1,pkg-015479,9.19.9
1,pkg-015480,1.0.0
1,pkg-015481,2.1.1
1,pkg-015482,3.2.2
1,pkg-015483,4.3.3
1,pkg-015484,5.4.4
1,pkg-015485,6.5.5
1,pkg-015486,7.6.6
1,pkg-015487,8.7.7
1,pkg-015488,9.8.8
1,pkg-015489,1.9.9
1,pkg-015490,2.10.0
1,pkg-015491,3.11.1
1,pkg-015492,4.12.2
1,pkg-015493,5.13.3
1,pkg-015494,6.14.4
1,pkg-015495,7.15.5
1,pkg-015496,8.16.6
1,pkg-015497,9.17.7
1,pkg-015498,1.18.8
1,pkg-015499,2.19.9
1,pkg-015500,3.0.0
1,pkg-015501,4.1.1
1,pkg-015502,5.2.2
1,pkg-015503,6.3.3
1,pkg-015504,7.4.4
1,pkg-015505,8.5.5
1,pkg-015506,9.6.6
1,pkg-015507,1.7.7
1,pkg-015508,2.8.8
1,pkg-015509,3.9.9
1,pkg-015510,4.10.0
1,pkg-015511,5.11.1
1,pkg-015512,6.12.2
1,pkg-015513,7.13.3
1,pkg-015514,8.14.4
1,pkg-015515,9.15.5
1,pkg-015516,1.16.6
1,pkg-015517,2.17.7
1,pkg-015518,3.18.8
1,pkg-015519,4.19.9
1,pkg-015520,5.0.0
1,pkg-015521,6.1.1
1,pkg-015522,7.2.2
1,pkg-015523,8.3.3
1,pkg-015524,9.4.4
1,pkg-015525,1.5.5
1,pkg-015526,2.6.6
1,pkg-015527,3.7.7
1,pkg-015528,4.8.8
1,pkg-015529,5.9.9
1,pkg-015530,6.10.0
1,pkg-015531,7.11.1
1,pkg-015532,8.12.2
1,pkg-015533,9.13.3
1,pkg-015534,1.14.4
1,pkg-015535,2.15.5
1,pkg-015536,3.16.6
1,pkg-015537,4.17.7
1,pkg-015538,5.18.8
1,pkg-015539,6.19.9
1,pkg-015540,7.0.0
1,pkg-015541,8.1.1
1,pkg-015542,9.2.2
1,pkg-015543,1.3.3
1,pkg-015544,2.4.4
1,pkg-015545,3.5.5
1,pkg-015546,4.6.6
1,pkg-015547,5.7.7
1,pkg-015548,6.8.8
1,pkg-015549,7.9.9
1,pkg-015550,8.10.0
1,pkg-015551,9.11.1
1,pkg-015552,1.12.2
1,pkg-015553,2.13.3
1,pkg-015554,3.14.4
1,pkg-015555,4.15.5
1,pkg-015556,5.16.6
1,pkg-015557,6.17.7
1,pkg-015558,7.18.8
1,pkg-015559,8.19.9
1,pkg-015560,9.0.0
1,pkg-015561,1.1.1
1,pkg-015562,2.2.2
1,pkg-015563,3.3.3
1,pkg-015564,4.4.4
1,pkg-015565,5.5.5
1,pkg-015566,6.6.6
1,pkg-015567,7.7.7
1,pkg-015568,8.8.8
1,pkg-015569,9.9.9
1,pkg-015570,1.10.0
1,pkg-015571,2.11.1
1,pkg-015572,3.12.2
1,pkg-015573,4.13.3
1,pkg-015574,5.14.4
1,pkg-015575,6.15.5
1,pkg-015576,7.16.6
1,pkg-015577,8.17.7
1,pkg-015578,9.18.8
1,pkg-015579,1.19.9
1,pkg-015580,2.0.0
1,pkg-015581,3.1.1
1,pkg-015582,4.2.2
1,pkg-015583,5.3.3
1,pkg-015584,6.4.4
1,pkg-015585,7.5.5
1,pkg-015586,8.6.6
1,pkg-015587,9.7.7
1,pkg-015588,1.8.8
1,pkg-015589,2.9.9
1,pkg-015590,3.10.0
1,pkg-015591,4.11.1
1,pkg-015592,5.12.2
1,pkg-015593,6.13.3
1,pkg-015594,7.14.4
1,pkg-015595,8.15.5
1,pkg-015596,9.16.6
1,pkg-015597,1.17.7
1,pkg-015598,2.18.8
1,pkg-015599,3.19.9
1,pkg-015600,4.0.0
1,pkg-015601,5.1.1
1,pkg-015602,6.2.2
1,pkg-015603,7.3.3
1,pkg-015604,8.4.4
1,pkg-015605,9.5.5
1,pkg-015606,1.6.6
1,pkg-015607,2.7.7
1,pkg-015608,3.8.8
1,pkg-015609,4.9.9
1,pkg-015610,5.10.0
1,pkg-015611,6.11.1
1,pkg-015612,7.12.2
1,pkg-015613,8.13.3
1,pkg-015614,9.14.4
1,pkg-015615,1.15.5
1,pkg-015616,2.16.6
1,pkg-015617,3.17.7
1,pkg-015618,4.18.8
1,pkg-015619,5.19.9
1,pkg-015620,6.0.0
1,pkg-015621,7.1.1
1,pkg-015622,8.2.2
1,pkg-015623,9.3.3
1,pkg-015624,1.4.4
1,pkg-015625,2.5.5
1,pkg-015626,3.6.6
1,pkg-015627,4.7.7
1,pkg-015628,5.8.8
1,pkg-015629,6.9.9
1,pkg-015630,7.10.0
1,pkg-015631,8.11.1
1,pkg-015632,9.12.2
1,pkg-015633,1.13.3
1,pkg-015634,2.14.4
1,pkg-015635,3.15.5
1,pkg-015636,4.16.6
1,pkg-015637,5.17.7
1,pkg-015638,6.18.8
1,pkg-015639,7.19.9
1,pkg-015640,8.0.0
1,pkg-015641,9.1.1
1,pkg-015642,1.2.2
1,pkg-015643,2.3.3
1,pkg-015644,3.4.4
1,pkg-015645,4.5.5
1,pkg-015646,5.6.6
1,pkg-015647,6.7.7
1,pkg-015648,7.8.8
1,pkg-015649,8.9.9
1,pkg-015650,9.10.0
1,pkg-015651,1.11.1
1,pkg-015652,2.12.2
1,pkg-015653,3.13.3
1,pkg-015654,4.14.4
1,pkg-015655,5.15.5
1,pkg-015656,6.16.6
1,pkg-015657,7.17.7
1,pkg-015658,8.18.8
1,pkg-015659,9.19.9
1,pkg-015660,1.0.0
1,pkg-015661,2.1.1
1,pkg-015662,3.2.2
1,pkg-015663,4.3.3
1,pkg-015664,5.4.4
1,pkg-015665,6.5.5
1,pkg-015666,7.6.6
1,pkg-015667,8.7.7
1,pkg-015668,9.8.8
1,pkg-015669,1.9.9
1,pkg-015670,2.10.0
1,pkg-015671,3.11.1
1,pkg-015672,4.12.2
1,pkg-015673,5.13.3
1,pkg-015674,6.14.4
1,pkg-015675,7.15.5
1,pkg-015676,8.16.6
1,pkg-015677,9.17.7
1,pkg-015678,1.18.8
1,pkg-015679,2.19.9
1,pkg-015680,3.0.0
1,pkg-015681,4.1.1
1,pkg-015682,5.2.2
1,pkg-015683,6.3.3
1,pkg-015684,7.4.4
1,pkg-015685,8.5.5
1,pkg-015686,9.6.6
1,pkg-015687,1.7.7
1,pkg-015688,2.8.8
1,pkg-015689,3.9.9
1,pkg-015690,4.10.0
1,pkg-015691,5.11.1
1,pkg-015692,6.12.2
1,pkg-015693,7.13.3
1,pkg-015694,8.14.4
1,pkg-015695,9.15.5
1,pkg-015696,1.16.6
1,pkg-015697,2.17.7
1,pkg-015698,3.18.8
1,pkg-015699,4.19.9
1,pkg-015700,5.0.0
1,pkg-015701,6.1.1
1,pkg-015702,7.2.2
1,pkg-015703,8.3.3
1,pkg-015704,9.4.4
1,pkg-015705,1.5.5
1,pkg-015706,2.6.6
1,pkg-015707,3.7.7
1,pkg-015708,4.8.8
1,pkg-015709,5.9.9
1,pkg-015710,6.10.0
1,pkg-015711,7.11.1
1,pkg-015712,8.12.2
1,pkg-015713,9.13.3
1,pkg-015714,1.14.4
1,pkg-015715,2.15.5
1,pkg-015716,3.16.6
1,pkg-015717,4.17.7
1,pkg-015718,5.18.8
1,pkg-015719,6.19.9
1,pkg-015720,7.0.0
1,pkg-015721,8.1.1
1,pkg-015722,9.2.2
1,pkg-015723,1.3.3
1,pkg-015724,2.4.4
1,pkg-015725,3.5.5
1,pkg-015726,4.6.6
1,pkg-015727,5.7.7
1,pkg-015728,6.8.8
1,pkg-015729,7.9.9
1,pkg-015730,8.10.0
1,pkg-015731,9.11.1
1,pkg-015732,1.12.2
1,pkg-015733,2.13.3
1,pkg-015734,3.14.4
1,pkg-015735,4.15.5
1,pkg-015736,5.16.6
1,pkg-015737,6.17.7
1,pkg-015738,7.18.8
1,pkg-015739,8.19.9
1,pkg-015740,9.0.0
1,pkg-015741,1.1.1
1,pkg-015742,2.2.2
1,pkg-015743,3.3.3
1,pkg-015744,4.4.4
1,pkg-015745,5.5.5
1,pkg-015746,6.6.6
1,pkg-015747,7.7.7
1,pkg-015748,8.8.8
1,pkg-015749,9.9.9
1,pkg-015750,1.10.0
1,pkg-015751,2.11.1
1,pkg-015752,3.12.2
1,pkg-015753,4.13.3
1,pkg-015754,5.14.4
1,pkg-015755,6.15.5
1,pkg-015756,7.16.6
1,pkg-015757,8.17.7
1,pkg-015758,9.18.8
1,pkg-015759,1.19.9
1,pkg-015760,2.0.0
1,pkg-015761,3.1.1
1,pkg-015762,4.2.2
1,pkg-015763,5.3.3
1,pkg-015764,6.4.4
1,pkg-015765,7.5.5
1,pkg-015766,8.6.6
1,pkg-015767,9.7.7
1,pkg-015768,1.8.8
1,pkg-015769,2.9.9
1,pkg-015770,3.10.0
1,pkg-015771,4.11.1
1,pkg-015772,5.12.2
1,pkg-015773,6.13.3
1,pkg-015774,7.14.4
1,pkg-015775,8.15.5
1,pkg-015776,9.16.6
1,pkg-015777,1.17.7
1,pkg-015778,2.18.8
1,pkg-015779,3.19.9
1,pkg-015780,4.0.0
1,pkg-015781,5.1.1
1,pkg-015782,6.2.2
1,pkg-015783,7.3.3
1,pkg-015784,8.4.4
1,pkg-015785,9.5.5
1,pkg-015786,1.6.6
1,pkg-015787,2.7.7
1,pkg-015788,3.8.8
1,pkg-015789,4.9.9
1,pkg-015790,5.10.0
1,pkg-015791,6.11.1
1,pkg-015792,7.12.2
1,pkg-015793,8.13.3
1,pkg-015794,9.14.4
1,pkg-015795,1.15.5
1,pkg-015796,2.16.6
1,pkg-015797,3.17.7
1,pkg-015798,4.18.8
1,pkg-015799,5.19.9
1,pkg-015800,6.0.0
1,pkg-015801,7.1.1
1,pkg-015802,8.2.2
1,pkg-015803,9.3.3
1,pkg-015804,1.4.4
1,pkg-015805,2.5.5
1,pkg-015806,3.6.6
1,pkg-015807,4.7.7
1,pkg-015808,5.8.8
1,pkg-015809,6.9.9
1,pkg-015810,7.10.0
1,pkg-015811,8.11.1
1,pkg-015812,9.12.2
1,pkg-015813,1.13.3
1,pkg-015814,2.14.4
1,pkg-015815,3.15.5
1,pkg-015816,4.16.6
1,pkg-015817,5.17.7
1,pkg-015818,6.18.8
1,pkg-015819,7.19.9
1,pkg-015820,8.0.0
1,pkg-015821,9.1.1
1,pkg-015822,1.2.2
1,pkg-015823,2.3.3
1,pkg-015824,3.4.4
1,pkg-015825,4.5.5
1,pkg-015826,5.6.6
1,pkg-015827,6.7.7
1,pkg-015828,7.8.8
1,pkg-015829,8.9.9
1,pkg-015830,9.10.0
1,pkg-015831,1.11.1
1,pkg-015832,2.12.2
1,pkg-015833,3.13.3
1,pkg-015834,4.14.4
1,pkg-015835,5.15.5
1,pkg-015836,6.16.6
1,pkg-015837,7.17.7
1,pkg-015838,8.18.8
1,pkg-015839,9.19.9
1,pkg-015840,1.0.0
1,pkg-015841,2.1.1
1,pkg-015842,3.2.2
1,pkg-015843,4.3.3
1,pkg-015844,5.4.4
1,pkg-015845,6.5.5
1,pkg-015846,7.6.6
1,pkg-015847,8.7.7
1,pkg-015848,9.8.8
1,pkg-015849,1.9.9
1,pkg-015850,2.10.0
1,pkg-015851,3.11.1
1,pkg-015852,4.12.2
1,pkg-015853,5.13.3
1,pkg-015854,6.14.4
1,pkg-015855,7.15.5
1,pkg-015856,8.16.6
1,pkg-015857,9.17.7
1,pkg-015858,1.18.8
1,pkg-015859,2.19.9
1,pkg-015860,3.0.0
1,pkg-015861,4.1.1
1,pkg-015862,5.2.2
1,pkg-015863,6.3.3
1,pkg-015864,7.4.4
1,pkg-015865,8.5.5
1,pkg-015866,9.6.6
1,pkg-015867,1.7.7
1,pkg-015868,2.8.8
1,pkg-015869,3.9.9
1,pkg-015870,4.10.0
1,pkg-015871,5.11.1
1,pkg-015872,6.12.2
1,pkg-015873,7.13.3
1,pkg-015874,8.14.4
1,pkg-015875,9.15.5
1,pkg-015876,1.16.6
1,pkg-015877,2.17.7
1,pkg-015878,3.18.8
1,pkg-015879,4.19.9
1,pkg-015880,5.0.0
1,pkg-015881,6.1.1
1,pkg-015882,7.2.2
1,pkg-015883,8.3.3
1,pkg-015884,9.4.4
1,pkg-015885,1.5.5
1,pkg-015886,2.6.6
1,pkg-015887,3.7.7
1,pkg-015888,4.8.8
1,pkg-015889,5.9.9
1,pkg-015890,6.10.0
1,pkg-015891,7.11.1
1,pkg-015892,8.12.2
1,pkg-015893,9.13.3
1,pkg-015894,1.14.4
1,pkg-015895,2.15.5
1,pkg-015896,3.16.6
1,pkg-015897,4.17.7
1,pkg-015898,5.18.8
1,pkg-015899,6.19.9
1,pkg-015900,7.0.0
1,pkg-015901,8.1.1
1,pkg-015902,9.2.2
1,pkg-015903,1.3.3
1,pkg-015904,2.4.4
1,pkg-015905,3.5.5
1,pkg-015906,4.6.6
1,pkg-015907,5.7.7
1,pkg-015908,6.8.8
1,pkg-015909,7.9.9
1,pkg-015910,8.10.0
1,pkg-015911,9.11.1
1,pkg-015912,1.12.2
1,pkg-015913,2.13.3
1,pkg-015914,3.14.4
1,pkg-015915,4.15.5
1,pkg-015916,5.16.6
1,pkg-015917,6.17.7
1,pkg-015918,7.18.8
1,pkg-015919,8.19.9
1,pkg-015920,9.0.0
1,pkg-015921,1.1.1
1,pkg-015922,2.2.2
1,pkg-015923,3.3.3
1,pkg-015924,4.4.4
1,pkg-015925,5.5.5
1,pkg-015926,6.6.6
1,pkg-015927,7.7.7
1,pkg-015928,8.8.8
1,pkg-015929,9.9.9
1,pkg-015930,1.10.0
1,pkg-015931,2.11.1
1,pkg-015932,3.12.2
1,pkg-015933,4.13.3
1,pkg-015934,5.14.4
1,pkg-015935,6.15.5
1,pkg-015936,7.16.6
1,pkg-015937,8.17.7
1,pkg-015938,9.18.8
1,pkg-015939,1.19.9
1,pkg-015940,2.0.0
1,pkg-015941,3.1.1
1,pkg-015942,4.2.2
1,pkg-015943,5.3.3
1,pkg-015944,6.4.4
1,pkg-015945,7.5.5
1,pkg-015946,8.6.6
1,pkg-015947,9.7.7
1,pkg-015948,1.8.8
1,pkg-015949,2.9.9
1,pkg-015950,3.10.0
1,pkg-015951,4.11.1
1,pkg-015952,5.12.2
1,pkg-015953,6.13.3
1,pkg-015954,7.14.4
1,pkg-015955,8.15.5
1,pkg-015956,9.16.6
1,pkg-015957,1.17.7
1,pkg-015958,2.18.8
1,pkg-015959,3.19.9
1,pkg-015960,4.0.0
1,pkg-015961,5.1.1
1,pkg-015962,6.2.2
1,pkg-015963,7.3.3
1,pkg-015964,8.4.4
1,pkg-015965,9.5.5
1,pkg-015966,1.6.6
1,pkg-015967,2.7.7
1,pkg-015968,3.8.8
1,pkg-015969,4.9.9
1,pkg-015970,5.10.0
1,pkg-015971,6.11.1
1,pkg-015972,7.12.2
1,pkg-015973,8.13.3
1,pkg-015974,9.14.4
1,pkg-015975,1.15.5
1,pkg-015976,2.16.6
1,pkg-015977,3.17.7
1,pkg-015978,4.18.8
1,pkg-015979,5.19.9
1,pkg-015980,6.0.0
1,pkg-015981,7.1.1
1,pkg-015982,8.2.2
1,pkg-015983,9.3.3
1,pkg-015984,1.4.4
1,pkg-015985,2.5.5
1,pkg-015986,3.6.6
1,pkg-015987,4.7.7
1,pkg-015988,5.8.8
1,pkg-015989,6.9.9
1,pkg-015990,7.10.0
1,pkg-015991,8.11.1
1,pkg-015992,9.12.2
1,pkg-015993,1.13.3
1,pkg-015994,2.14.4
1,pkg-015995,3.15.5
1,pkg-015996,4.16.6
1,pkg-015997,5.17.7
1,pkg-015998,6.18.8
1,pkg-015999,7.19.9
1,pkg-016000,8.0.0
1,pkg-016001,9.1.1
1,pkg-016002,1.2.2
1,pkg-016003,2.3.3
1,pkg-016004,3.4.4
1,pkg-016005,4.5.5
1,pkg-016006,5.6.6
1,pkg-016007,6.7.7
1,pkg-016008,7.8.8
1,pkg-016009,8.9.9
1,pkg-016010,9.10.0
1,pkg-016011,1.11.1
1,pkg-016012,2.12.2
1,pkg-016013,3.13.3
1,pkg-016014,4.14.4
1,pkg-016015,5.15.5
1,pkg-016016,6.16.6
1,pkg-016017,7.17.7
1,pkg-016018,8.18.8
1,pkg-016019,9.19.9
1,pkg-016020,1.0.0
1,pkg-016021,2.1.1
1,pkg-016022,3.2.2
1,pkg-016023,4.3.3
1,pkg-016024,5.4.4
1,pkg-016025,6.5.5
1,pkg-016026,7.6.6
1,pkg-016027,8.7.7
1,pkg-016028,9.8.8
1,pkg-016029,1.9.9
1,pkg-016030,2.10.0
1,pkg-016031,3.11.1
1,pkg-016032,4.12.2
1,pkg-016033,5.13.3
1,pkg-016034,6.14.4
1,pkg-016035,7.15.5
1,pkg-016036,8.16.6
1,pkg-016037,9.17.7
1,pkg-016038,1.18.8
1,pkg-016039,2.19.9
1,pkg-016040,3.0.0
1,pkg-016041,4.1.1
1,pkg-016042,5.2.2
1,pkg-016043,6.3.3
1,pkg-016044,7.4.4
1,pkg-016045,8.5.5
1,pkg-016046,9.6.6
1,pkg-016047,1.7.7
1,pkg-016048,2.8.8
1,pkg-016049,3.9.9
1,pkg-016050,4.10.0
1,pkg-016051,5.11.1
1,pkg-016052,6.12.2
1,pkg-016053,7.13.3
1,pkg-016054,8.14.4
1,pkg-016055,9.15.5
1,pkg-016056,1.16.6
1,pkg-016057,2.17.7
1,pkg-016058,3.18.8
1,pkg-016059,4.19.9
1,pkg-016060,5.0.0
1,pkg-016061,6.1.1
1,pkg-016062,7.2.2
1,pkg-016063,8.3.3
1,pkg-016064,9.4.4
1,pkg-016065,1.5.5
1,pkg-016066,2.6.6
1,pkg-016067,3.7.7
1,pkg-016068,4.8.8
1,pkg-016069,5.9.9
1,pkg-016070,6.10.0
1,pkg-016071,7.11.1
1,pkg-016072,8.12.2
1,pkg-016073,9.13.3
1,pkg-016074,1.14.4
1,pkg-016075,2.15.5
1,pkg-016076,3.16.6
1,pkg-016077,4.17.7
1,pkg-016078,5.18.8
1,pkg-016079,6.19.9
1,pkg-016080,7.0.0
1,pkg-016081,8.1.1
1,pkg-016082,9.2.2
1,pkg-016083,1.3.3
1,pkg-016084,2.4.4
1,pkg-016085,3.5.5
1,pkg-016086,4.6.6
1,pkg-016087,5.7.7
1,pkg-016088,6.8.8
1,pkg-016089,7.9.9
1,pkg-016090,8.10.0
1,pkg-016091,9.11.1
1,pkg-016092,1.12.2
1,pkg-016093,2.13.3
1,pkg-016094,3.14.4
1,pkg-016095,4.15.5
1,pkg-016096,5.16.6
1,pkg-016097,6.17.7
1,pkg-016098,7.18.8
1,pkg-016099,8.19.9
1,pkg-016100,9.0.0
1,pkg-016101,1.1.1
1,pkg-016102,2.2.2
1,pkg-016103,3.3.3
1,pkg-016104,4.4.4
1,pkg-016105,5.5.5
1,pkg-016106,6.6.6
1,pkg-016107,7.7.7
1,pkg-016108,8.8.8
1,pkg-016109,9.9.9
1,pkg-016110,1.10.0
1,pkg-016111,2.11.1
1,pkg-016112,3.12.2
1,pkg-016113,4.13.3
1,pkg-016114,5.14.4
1,pkg-016115,6.15.5
1,pkg-016116,7.16.6
1,pkg-016117,8.17.7
1,pkg-016118,9.18.8
1,pkg-016119,1.19.9
1,pkg-016120,2.0.0
1,pkg-016121,3.1.1
1,pkg-016122,4.2.2
1,pkg-016123,5.3.3
1,pkg-016124,6.4.4
1,pkg-016125,7.5.5
1,pkg-016126,8.6.6
1,pkg-016127,9.7.7
1,pkg-016128,1.8.8
1,pkg-016129,2.9.9
1,pkg-016130,3.10.0
1,pkg-016131,4.11.1
1,pkg-016132,5.12.2
1,pkg-016133,6.13.3
1,pkg-016134,7.14.4
1,pkg-016135,8.15.5
1,pkg-016136,9.16.6
1,pkg-016137,1.17.7
1,pkg-016138,2.18.8
1,pkg-016139,3.19.9
1,pkg-016140,4.0.0
1,pkg-016141,5.1.1
1,pkg-016142,6.2.2
1,pkg-016143,7.3.3
1,pkg-016144,8.4.4
1,pkg-016145,9.5.5
1,pkg-016146,1.6.6
1,pkg-016147,2.7.7
1,pkg-016148,3.8.8
1,pkg-016149,4.9.9
1,pkg-016150,5.10.0
1,pkg-016151,6.11.1
1,pkg-016152,7.12.2
1,pkg-016153,8.13.3
1,pkg-016154,9.14.4
1,pkg-016155,1.15.5
1,pkg-016156,2.16.6
1,pkg-016157,3.17.7
1,pkg-016158,4.18.8
1,pkg-016159,5.19.9
1,pkg-016160,6.0.0
1,pkg-016161,7.1.1
1,pkg-016162,8.2.2
1,pkg-016163,9.3.3
1,pkg-016164,1.4.4
1,pkg-016165,2.5.5
1,pkg-016166,3.6.6
1,pkg-016167,4.7.7
1,pkg-016168,5.8.8
1,pkg-016169,6.9.9
1,pkg-016170,7.10.0
1,pkg-016171,8.11.1
1,pkg-016172,9.12.2
1,pkg-016173,1.13.3
1,pkg-016174,2.14.4
1,pkg-016175,3.15.5
1,pkg-016176,4.16.6
1,pkg-016177,5.17.7
1,pkg-016178,6.18.8
1,pkg-016179,7.19.9
1,pkg-016180,8.0.0
1,pkg-016181,9.1.1
1,pkg-016182,1.2.2
1,pkg-016183,2.3.3
1,pkg-016184,3.4.4
1,pkg-016185,4.5.5
1,pkg-016186,5.6.6
1,pkg-016187,6.7.7
1,pkg-016188,7.8.8
1,pkg-016189,8.9.9
1,pkg-016190,9.10.0
1,pkg-016191,1.11.1
1,pkg-016192,2.12.2
1,pkg-016193,3.13.3
1,pkg-016194,4.14.4
1,pkg-016195,5.15.5
1,pkg-016196,6.16.6
1,pkg-016197,7.17.7
1,pkg-016198,8.18.8
1,pkg-016199,9.19.9
1,pkg-016200,1.0.0
1,pkg-016201,2.1.1
1,pkg-016202,3.2.2
1,pkg-016203,4.3.3
1,pkg-016204,5.4.4
1,pkg-016205,6.5.5
1,pkg-016206,7.6.6
1,pkg-016207,8.7.7
1,pkg-016208,9.8.8
1,pkg-016209,1.9.9
1,pkg-016210,2.10.0
1,pkg-016211,3.11.1
1,pkg-016212,4.12.2
1,pkg-016213,5.13.3
1,pkg-016214,6.14.4
1,pkg-016215,7.15.5
1,pkg-016216,8.16.6
1,pkg-016217,9.17.7
1,pkg-016218,1.18.8
1,pkg-016219,2.19.9
1,pkg-016220,3.0.0
1,pkg-016221,4.1.1
1,pkg-016222,5.2.2
1,pkg-016223,6.3.3
1,pkg-016224,7.4.4
1,pkg-016225,8.5.5
1,pkg-016226,9.6.6
1,pkg-016227,1.7.7
1,pkg-016228,2.8.8
1,pkg-016229,3.9.9
1,pkg-016230,4.10.0
1,pkg-016231,5.11.1
1,pkg-016232,6.12.2
1,pkg-016233,7.13.3
1,pkg-016234,8.14.4
1,pkg-016235,9.15.5
1,pkg-016236,1.16.6
1,pkg-016237,2.17.7
1,pkg-016238,3.18.8
1,pkg-016239,4.19.9
1,pkg-016240,5.0.0
1,pkg-016241,6.1.1
1,pkg-016242,7.2.2
1,pkg-016243,8.3.3
1,pkg-016244,9.4.4
1,pkg-016245,1.5.5
1,pkg-016246,2.6.6
1,pkg-016247,3.7.7
1,pkg-016248,4.8.8
1,pkg-016249,5.9.9
1,pkg-016250,6.10.0
1,pkg-016251,7.11.1
1,pkg-016252,8.12.2
1,pkg-016253,9.13.3
1,pkg-016254,1.14.4
1,pkg-016255,2.15.5
1,pkg-016256,3.16.6
1,pkg-016257,4.17.7
1,pkg-016258,5.18.8
1,pkg-016259,6.19.9
1,pkg-016260,7.0.0
1,pkg-016261,8.1.1
1,pkg-016262,9.2.2
1,pkg-016263,1.3.3
1,pkg-016264,2.4.4
1,pkg-016265,3.5.5
1,pkg-016266,4.6.6
1,pkg-016267,5.7.7
1,pkg-016268,6.8.8
1,pkg-016269,7.9.9
1,pkg-016270,8.10.0
1,pkg-016271,9.11.1
1,pkg-016272,1.12.2
1,pkg-016273,2.13.3
1,pkg-016274,3.14.4
1,pkg-016275,4.15.5
1,pkg-016276,5.16.6
1,pkg-016277,6.17.7
1,pkg-016278,7.18.8
1,pkg-016279,8.19.9
1,pkg-016280,9.0.0
1,pkg-016281,1.1.1
1,pkg-016282,2.2.2
1,pkg-016283,3.3.3
1,pkg-016284,4.4.4
1,pkg-016285,5.5.5
1,pkg-016286,6.6.6
1,pkg-016287,7.7.7
1,pkg-016288,8.8.8
1,pkg-016289,9.9.9
1,pkg-016290,1.10.0
1,pkg-016291,2.11.1
1,pkg-016292,3.12.2
1,pkg-016293,4.13.3
1,pkg-016294,5.14.4
1,pkg-016295,6.15.5
1,pkg-016296,7.16.6
1,pkg-016297,8.17.7
1,pkg-016298,9.18.8
1,pkg-016299,1.19.9
1,pkg-016300,2.0.0
1,pkg-016301,3.1.1
1,pkg-016302,4.2.2
1,pkg-016303,5.3.3
1,pkg-016304,6.4.4
1,pkg-016305,7.5.5
1,pkg-016306,8.6.6
1,pkg-016307,9.7.7
1,pkg-016308,1.8.8
1,pkg-016309,2.9.9
1,pkg-016310,3.10.0
1,pkg-016311,4.11.1
1,pkg-016312,5.12.2
1,pkg-016313,6.13.3
1,pkg-016314,7.14.4
1,pkg-016315,8.15.5
1,pkg-016316,9.16.6
1,pkg-016317,1.17.7
1,pkg-016318,2.18.8
1,pkg-016319,3.19.9
1,pkg-016320,4.0.0
1,pkg-016321,5.1.1
1,pkg-016322,6.2.2
1,pkg-016323,7.3.3
1,pkg-016324,8.4.4
1,pkg-016325,9.5.5
1,pkg-016326,1.6.6
1,pkg-016327,2.7.7
1,pkg-016328,3.8.8
1,pkg-016329,4.9.9
1,pkg-016330,5.10.0
1,pkg-016331,6.11.1
1,pkg-016332,7.12.2
1,pkg-016333,8.13.3
1,pkg-016334,9.14.4
1,pkg-016335,1.15.5
1,pkg-016336,2.16.6
1,pkg-016337,3.17.7
1,pkg-016338,4.18.8
1,pkg-016339,5.19.9
1,pkg-016340,6.0.0
1,pkg-016341,7.1.1
1,pkg-016342,8.2.2
1,pkg-016343,9.3.3
1,pkg-016344,1.4.4
1,pkg-016345,2.5.5
1,pkg-016346,3.6.6
1,pkg-016347,4.7.7
1,pkg-016348,5.8.8
1,pkg-016349,6.9.9
1,pkg-016350,7.10.0
1,pkg-016351,8.11.1
1,pkg-016352,9.12.2
1,pkg-016353,1.13.3
1,pkg-016354,2.14.4
1,pkg-016355,3.15.5
1,pkg-016356,4.16.6
1,pkg-016357,5.17.7
1,pkg-016358,6.18.8
1,pkg-016359,7.19.9
1,pkg-016360,8.0.0
1,pkg-016361,9.1.1
1,pkg-016362,1.2.2
1,pkg-016363,2.3.3
1,pkg-016364,3.4.4
1,pkg-016365,4.5.5
1,pkg-016366,5.6.6
1,pkg-016367,6.7.7
1,pkg-016368,7.8.8
1,pkg-016369,8.9.9
1,pkg-016370,9.10.0
1,pkg-016371,1.11.1
1,pkg-016372,2.12.2
1,pkg-016373,3.13.3
1,pkg-016374,4.14.4
1,pkg-016375,5.15.5
1,pkg-016376,6.16.6
1,pkg-016377,7.17.7
1,pkg-016378,8.18.8
1,pkg-016379,9.19.9
1,pkg-016380,1.0.0
1,pkg-016381,2.1.1
1,pkg-016382,3.2.2
1,pkg-016383,4.3.3
1,pkg-016384,5.4.4
1,pkg-016385,6.5.5
1,pkg-016386,7.6.6
1,pkg-016387,8.7.7
1,pkg-016388,9.8.8
1,pkg-016389,1.9.9
1,pkg-016390,2.10.0
1,pkg-016391,3.11.1
1,pkg-016392,4.12.2
1,pkg-016393,5.13.3
1,pkg-016394,6.14.4
1,pkg-016395,7.15.5
1,pkg-016396,8.16.6
1,pkg-016397,9.17.7
1,pkg-016398,1.18.8
1,pkg-016399,2.19.9
1,pkg-016400,3.0.0
1,pkg-016401,4.1.1
1,pkg-016402,5.2.2
1,pkg-016403,6.3.3
1,pkg-016404,7.4.4
1,pkg-016405,8.5.5
1,pkg-016406,9.6.6
1,pkg-016407,1.7.7
1,pkg-016408,2.8.8
1,pkg-016409,3.9.9
1,pkg-016410,4.10.0
1,pkg-016411,5.11.1
1,pkg-016412,6.12.2
1,pkg-016413,7.13.3
1,pkg-016414,8.14.4
1,pkg-016415,9.15.5
1,pkg-016416,1.16.6
1,pkg-016417,2.17.7
1,pkg-016418,3.18.8
1,pkg-016419,4.19.9
1,pkg-016420,5.0.0
1,pkg-016421,6.1.1
1,pkg-016422,7.2.2
1,pkg-016423,8.3.3
1,pkg-016424,9.4.4
1,pkg-016425,1.5.5
1,pkg-016426,2.6.6
1,pkg-016427,3.7.7
1,pkg-016428,4.8.8
1,pkg-016429,5.9.9
1,pkg-016430,6.10.0
1,pkg-016431,7.11.1
1,pkg-016432,8.12.2
1,pkg-016433,9.13.3
1,pkg-016434,1.14.4
1,pkg-016435,2.15.5
1,pkg-016436,3.16.6
1,pkg-016437,4.17.7
1,pkg-016438,5.18.8
1,pkg-016439,6.19.9
1,pkg-016440,7.0.0
1,pkg-016441,8.1.1
1,pkg-016442,9.2.2
1,pkg-016443,1.3.3
1,pkg-016444,2.4.4
1,pkg-016445,3.5.5
1,pkg-016446,4.6.6
1,pkg-016447,5.7.7
1,pkg-016448,6.8.8
1,pkg-016449,7.9.9
1,pkg-016450,8.10.0
1,pkg-016451,9.11.1
1,pkg-016452,1.12.2
1,pkg-016453,2.13.3
1,pkg-016454,3.14.4
1,pkg-016455,4.15.5
1,pkg-016456,5.16.6
1,pkg-016457,6.17.7
1,pkg-016458,7.18.8
1,pkg-016459,8.19.9
1,pkg-016460,9.0.0
1,pkg-016461,1.1.1
1,pkg-016462,2.2.2
1,pkg-016463,3.3.3
1,pkg-016464,4.4.4
1,pkg-016465,5.5.5
1,pkg-016466,6.6.6
1,pkg-016467,7.7.7
1,pkg-016468,8.8.8
1,pkg-016469,9.9.9
1,pkg-016470,1.10.0
1,pkg-016471,2.11.1
1,pkg-016472,3.12.2
1,pkg-016473,4.13.3
1,pkg-016474,5.14.4
1,pkg-016475,6.15.5
1,pkg-016476,7.16.6
1,pkg-016477,8.17.7
1,pkg-016478,9.18.8
1,pkg-016479,1.19.9
1,pkg-016480,2.0.0
1,pkg-016481,3.1.1
1,pkg-016482,4.2.2
1,pkg-016483,5.3.3
1,pkg-016484,6.4.4
1,pkg-016485,7.5.5
1,pkg-016486,8.6.6
1,pkg-016487,9.7.7
1,pkg-016488,1.8.8
1,pkg-016489,2.9.9
1,pkg-016490,3.10.0
1,pkg-016491,4.11.1
1,pkg-016492,5.12.2
1,pkg-016493,6.13.3
1,pkg-016494,7.14.4
1,pkg-016495,8.15.5
1,pkg-016496,9.16.6
1,pkg-016497,1.17.7
1,pkg-016498,2.18.8
1,pkg-016499,3.19.9
1,pkg-016500,4.0.0
1,pkg-016501,5.1.1
1,pkg-016502,6.2.2
1,pkg-016503,7.3.3
1,pkg-016504,8.4.4
1,pkg-016505,9.5.5
1,pkg-016506,1.6.6
1,pkg-016507,2.7.7
1,pkg-016508,3.8.8
1,pkg-016509,4.9.9
1,pkg-016510,5.10.0
1,pkg-016511,6.11.1
1,pkg-016512,7.12.2
1,pkg-016513,8.13.3
1,pkg-016514,9.14.4
1,pkg-016515,1.15.5
1,pkg-016516,2.16.6
1,pkg-016517,3.17.7
1,pkg-016518,4.18.8
1,pkg-016519,5.19.9
1,pkg-016520,6.0.0
1,pkg-016521,7.1.1
1,pkg-016522,8.2.2
1,pkg-016523,9.3.3
1,pkg-016524,1.4.4
1,pkg-016525,2.5.5
1,pkg-016526,3.6.6
1,pkg-016527,4.7.7
1,pkg-016528,5.8.8
1,pkg-016529,6.9.9
1,pkg-016530,7.10.0
1,pkg-016531,8.11.1
1,pkg-016532,9.12.2
1,pkg-016533,1.13.3
1,pkg-016534,2.14.4
1,pkg-016535,3.15.5
1,pkg-016536,4.16.6
1,pkg-016537,5.17.7
1,pkg-016538,6.18.8
1,pkg-016539,7.19.9
1,pkg-016540,8.0.0
1,pkg-016541,9.1.1
1,pkg-016542,1.2.2
1,pkg-016543,2.3.3
1,pkg-016544,3.4.4
1,pkg-016545,4.5.5
1,pkg-016546,5.6.6
1,pkg-016547,6.7.7
1,pkg-016548,7.8.8
1,pkg-016549,8.9.9
1,pkg-016550,9.10.0
1,pkg-016551,1.11.1
1,pkg-016552,2.12.2
1,pkg-016553,3.13.3
1,pkg-016554,4.14.4
1,pkg-016555,5.15.5
1,pkg-016556,6.16.6
1,pkg-016557,7.17.7
1,pkg-016558,8.18.8
1,pkg-016559,9.19.9
1,pkg-016560,1.0.0
1,pkg-016561,2.1.1
1,pkg-016562,3.2.2
1,pkg-016563,4.3.3
1,pkg-016564,5.4.4
1,pkg-016565,6.5.5
1,pkg-016566,7.6.6
1,pkg-016567,8.7.7
1,pkg-016568,9.8.8
1,pkg-016569,1.9.9
1,pkg-016570,2.10.0
1,pkg-016571,3.11.1
1,pkg-016572,4.12.2
1,pkg-016573,5.13.3
1,pkg-016574,6.14.4
1,pkg-016575,7.15.5
1,pkg-016576,8.16.6
1,pkg-016577,9.17.7
1,pkg-016578,1.18.8
1,pkg-016579,2.19.9
1,pkg-016580,3.0.0
1,pkg-016581,4.1.1
1,pkg-016582,5.2.2
1,pkg-016583,6.3.3
1,pkg-016584,7.4.4
1,pkg-016585,8.5.5
1,pkg-016586,9.6.6
1,pkg-016587,1.7.7
1,pkg-016588,2.8.8
1,pkg-016589,3.9.9
1,pkg-016590,4.10.0
1,pkg-016591,5.11.1
1,pkg-016592,6.12.2
1,pkg-016593,7.13.3
1,pkg-016594,8.14.4
1,pkg-016595,9.15.5
1,pkg-016596,1.16.6
1,pkg-016597,2.17.7
1,pkg-016598,3.18.8
1,pkg-016599,4.19.9
1,pkg-016600,5.0.0
1,pkg-016601,6.1.1
1,pkg-016602,7.2.2
1,pkg-016603,8.3.3
1,pkg-016604,9.4.4
1,pkg-016605,1.5.5
1,pkg-016606,2.6.6
1,pkg-016607,3.7.7
1,pkg-016608,4.8.8
1,pkg-016609,5.9.9
1,pkg-016610,6.10.0
1,pkg-016611,7.11.1
1,pkg-016612,8.12.2
1,pkg-016613,9.13.3
1,pkg-016614,1.14.4
1,pkg-016615,2.15.5
1,pkg-016616,3.16.6
1,pkg-016617,4.17.7
1,pkg-016618,5.18.8
1,pkg-016619,6.19.9
1,pkg-016620,7.0.0
1,pkg-016621,8.1.1
1,pkg-016622,9.2.2
1,pkg-016623,1.3.3
1,pkg-016624,2.4.4
1,pkg-016625,3.5.5
1,pkg-016626,4.6.6
1,pkg-016627,5.7.7
1,pkg-016628,6.8.8
1,pkg-016629,7.9.9
1,pkg-016630,8.10.0
1,pkg-016631,9.11.1
1,pkg-016632,1.12.2
1,pkg-016633,2.13.3
1,pkg-016634,3.14.4
1,pkg-016635,4.15.5
1,pkg-016636,5.16.6
1,pkg-016637,6.17.7
1,pkg-016638,7.18.8
1,pkg-016639,8.19.9
1,pkg-016640,9.0.0
1,pkg-016641,1.1.1
1,pkg-016642,2.2.2
1,pkg-016643,3.3.3
1,pkg-016644,4.4.4
1,pkg-016645,5.5.5
1,pkg-016646,6.6.6
1,pkg-016647,7.7.7
1,pkg-016648,8.8.8
1,pkg-016649,9.9.9
1,pkg-016650,1.10.0
1,pkg-016651,2.11.1
1,pkg-016652,3.12.2
1,pkg-016653,4.13.3
1,pkg-016654,5.14.4
1,pkg-016655,6.15.5
1,pkg-016656,7.16.6
1,pkg-016657,8.17.7
1,pkg-016658,9.18.8
1,pkg-016659,1.19.9
1,pkg-016660,2.0.0
1,pkg-016661,3.1.1
1,pkg-016662,4.2.2
1,pkg-016663,5.3.3
1,pkg-016664,6.4.4
1,pkg-016665,7.5.5
1,pkg-016666,8.6.6
1,pkg-016667,9.7.7
1,pkg-016668,1.8.8
1,pkg-016669,2.9.9
1,pkg-016670,3.10.0
1,pkg-016671,4.11.1
1,pkg-016672,5.12.2
1,pkg-016673,6.13.3
1,pkg-016674,7.14.4
1,pkg-016675,8.15.5
1,pkg-016676,9.16.6
1,pkg-016677,1.17.7
1,pkg-016678,2.18.8
1,pkg-016679,3.19.9
1,pkg-016680,4.0.0
1,pkg-016681,5.1.1
1,pkg-016682,6.2.2
1,pkg-016683,7.3.3
1,pkg-016684,8.4.4
1,pkg-016685,9.5.5
1,pkg-016686,1.6.6
1,pkg-016687,2.7.7
1,pkg-016688,3.8.8
1,pkg-016689,4.9.9
1,pkg-016690,5.10.0
1,pkg-016691,6.11.1
1,pkg-016692,7.12.2
1,pkg-016693,8.13.3
1,pkg-016694,9.14.4
1,pkg-016695,1.15.5
1,pkg-016696,2.16.6
1,pkg-016697,3.17.7
1,pkg-016698,4.18.8
1,pkg-016699,5.19.9
1,pkg-016700,6.0.0
1,pkg-016701,7.1.1
1,pkg-016702,8.2.2
1,pkg-016703,9.3.3
1,pkg-016704,1.4.4
1,pkg-016705,2.5.5
1,pkg-016706,3.6.6
1,pkg-016707,4.7.7
1,pkg-016708,5.8.8
1,pkg-016709,6.9.9
1,pkg-016710,7.10.0
1,pkg-016711,8.11.1
1,pkg-016712,9.12.2
1,pkg-016713,1.13.3
1,pkg-016714,2.14.4
1,pkg-016715,3.15.5
1,pkg-016716,4.16.6
1,pkg-016717,5.17.7
1,pkg-016718,6.18.8
1,pkg-016719,7.19.9
1,pkg-016720,8.0.0
1,pkg-016721,9.1.1
1,pkg-016722,1.2.2
1,pkg-016723,2.3.3
1,pkg-016724,3.4.4
1,pkg-016725,4.5.5
1,pkg-016726,5.6.6
1,pkg-016727,6.7.7
1,pkg-016728,7.8.8
1,pkg-016729,8.9.9
1,pkg-016730,9.10.0
1,pkg-016731,1.11.1
1,pkg-016732,2.12.2
1,pkg-016733,3.13.3
1,pkg-016734,4.14.4
1,pkg-016735,5.15.5
1,pkg-016736,6.16.6
1,pkg-016737,7.17.7
1,pkg-016738,8.18.8
1,pkg-016739,9.19.9
1,pkg-016740,1.0.0
1,pkg-016741,2.1.1
1,pkg-016742,3.2.2
1,pkg-016743,4.3.3
1,pkg-016744,5.4.4
1,pkg-016745,6.5.5
1,pkg-016746,7.6.6
1,pkg-016747,8.7.7
1,pkg-016748,9.8.8
1,pkg-016749,1.9.9
1,pkg-016750,2.10.0
1,pkg-016751,3.11.1
1,pkg-016752,4.12.2
1,pkg-016753,5.13.3
1,pkg-016754,6.14.4
1,pkg-016755,7.15.5
1,pkg-016756,8.16.6
1,pkg-016757,9.17.7
1,pkg-016758,1.18.8
1,pkg-016759,2.19.9
1,pkg-016760,3.0.0
1,pkg-016761,4.1.1
1,pkg-016762,5.2.2
1,pkg-016763,6.3.3
1,pkg-016764,7.4.4
1,pkg-016765,8.5.5
1,pkg-016766,9.6.6
1,pkg-016767,1.7.7
1,pkg-016768,2.8.8
1,pkg-016769,3.9.9
1,pkg-016770,4.10.0
1,pkg-016771,5.11.1
1,pkg-016772,6.12.2
1,pkg-016773,7.13.3
1,pkg-016774,8.14.4
1,pkg-016775,9.15.5
1,pkg-016776,1.16.6
1,pkg-016777,2.17.7
1,pkg-016778,3.18.8
1,pkg-016779,4.19.9
1,pkg-016780,5.0.0
1,pkg-016781,6.1.1
1,pkg-016782,7.2.2
1,pkg-016783,8.3.3
1,pkg-016784,9.4.4
1,pkg-016785,1.5.5
1,pkg-016786,2.6.6
1,pkg-016787,3.7.7
1,pkg-016788,4.8.8
1,pkg-016789,5.9.9
1,pkg-016790,6.10.0
1,pkg-016791,7.11.1
1,pkg-016792,8.12.2
1,pkg-016793,9.13.3
1,pkg-016794,1.14.4
1,pkg-016795,2.15.5
1,pkg-016796,3.16.6
1,pkg-016797,4.17.7
1,pkg-016798,5.18.8
1,pkg-016799,6.19.9
1,pkg-016800,7.0.0
1,pkg-016801,8.1.1
1,pkg-016802,9.2.2
1,pkg-016803,1.3.3
1,pkg-016804,2.4.4
1,pkg-016805,3.5.5
1,pkg-016806,4.6.6
1,pkg-016807,5.7.7
1,pkg-016808,6.8.8
1,pkg-016809,7.9.9
1,pkg-016810,8.10.0
1,pkg-016811,9.11.1
1,pkg-016812,1.12.2
1,pkg-016813,2.13.3
1,pkg-016814,3.14.4
1,pkg-016815,4.15.5
1,pkg-016816,5.16.6
1,pkg-016817,6.17.7
1,pkg-016818,7.18.8
1,pkg-016819,8.19.9
1,pkg-016820,9.0.0
1,pkg-016821,1.1.1
1,pkg-016822,2.2.2
1,pkg-016823,3.3.3
1,pkg-016824,4.4.4
1,pkg-016825,5.5.5
1,pkg-016826,6.6.6
1,pkg-016827,7.7.7
1,pkg-016828,8.8.8
1,pkg-016829,9.9.9
1,pkg-016830,1.10.0
1,pkg-016831,2.11.1
1,pkg-016832,3.12.2
1,pkg-016833,4.13.3
1,pkg-016834,5.14.4
1,pkg-016835,6.15.5
1,pkg-016836,7.16.6
1,pkg-016837,8.17.7
1,pkg-016838,9.18.8
1,pkg-016839,1.19.9
1,pkg-016840,2.0.0
1,pkg-016841,3.1.1
1,pkg-016842,4.2.2
1,pkg-016843,5.3.3
1,pkg-016844,6.4.4
1,pkg-016845,7.5.5
1,pkg-016846,8.6.6
1,pkg-016847,9.7.7
1,pkg-016848,1.8.8
1,pkg-016849,2.9.9
1,pkg-016850,3.10.0
1,pkg-016851,4.11.1
1,pkg-016852,5.12.2
1,pkg-016853,6.13.3
1,pkg-016854,7.14.4
1,pkg-016855,8.15.5
1,pkg-016856,9.16.6
1,pkg-016857,1.17.7
1,pkg-016858,2.18.8
1,pkg-016859,3.19.9
1,pkg-016860,4.0.0
1,pkg-016861,5.1.1
1,pkg-016862,6.2.2
1,pkg-016863,7.3.3
1,pkg-016864,8.4.4
1,pkg-016865,9.5.5
1,pkg-016866,1.6.6
1,pkg-016867,2.7.7
1,pkg-016868,3.8.8
1,pkg-016869,4.9.9
1,pkg-016870,5.10.0
1,pkg-016871,6.11.1
1,pkg-016872,7.12.2
1,pkg-016873,8.13.3
1,pkg-016874,9.14.4
1,pkg-016875,1.15.5
1,pkg-016876,2.16.6
1,pkg-016877,3.17.7
1,pkg-016878,4.18.8
1,pkg-016879,5.19.9
1,pkg-016880,6.0.0
1,pkg-016881,7.1.1
1,pkg-016882,8.2.2
1,pkg-016883,9.3.3
1,pkg-016884,1.4.4
1,pkg-016885,2.5.5
1,pkg-016886,3.6.6
1,pkg-016887,4.7.7
1,pkg-016888,5.8.8
1,pkg-016889,6.9.9
1,pkg-016890,7.10.0
1,pkg-016891,8.11.1
1,pkg-016892,9.12.2
1,pkg-016893,1.13.3
1,pkg-016894,2.14.4
1,pkg-016895,3.15.5
1,pkg-016896,4.16.6
1,pkg-016897,5.17.7
1,pkg-016898,6.18.8
1,pkg-016899,7.19.9
1,pkg-016900,8.0.0
1,pkg-016901,9.1.1
1,pkg-016902,1.2.2
1,pkg-016903,2.3.3
1,pkg-016904,3.4.4
1,pkg-016905,4.5.5
1,pkg-016906,5.6.6
1,pkg-016907,6.7.7
1,pkg-016908,7.8.8
1,pkg-016909,8.9.9
1,pkg-016910,9.10.0
1,pkg-016911,1.11.1
1,pkg-016912,2.12.2
1,pkg-016913,3.13.3
1,pkg-016914,4.14.4
1,pkg-016915,5.15.5
1,pkg-016916,6.16.6
1,pkg-016917,7.17.7
1,pkg-016918,8.18.8
1,pkg-016919,9.19.9
1,pkg-016920,1.0.0
1,pkg-016921,2.1.1
1,pkg-016922,3.2.2
1,pkg-016923,4.3.3
1,pkg-016924,5.4.4
1,pkg-016925,6.5.5
1,pkg-016926,7.6.6
1,pkg-016927,8.7.7
1,pkg-016928,9.8.8
1,pkg-016929,1.9.9
1,pkg-016930,2.10.0
1,pkg-016931,3.11.1
1,pkg-016932,4.12.2
1,pkg-016933,5.13.3
1,pkg-016934,6.14.4
1,pkg-016935,7.15.5
1,pkg-016936,8.16.6
1,pkg-016937,9.17.7
1,pkg-016938,1.18.8
1,pkg-016939,2.19.9
1,pkg-016940,3.0.0
1,pkg-016941,4.1.1
1,pkg-016942,5.2.2
1,pkg-016943,6.3.3
1,pkg-016944,7.4.4
1,pkg-016945,8.5.5
1,pkg-016946,9.6.6
1,pkg-016947,1.7.7
1,pkg-016948,2.8.8
1,pkg-016949,3.9.9
1,pkg-016950,4.10.0
1,pkg-016951,5.11.1
1,pkg-016952,6.12.2
1,pkg-016953,7.13.3
1,pkg-016954,8.14.4
1,pkg-016955,9.15.5
1,pkg-016956,1.16.6
1,pkg-016957,2.17.7
1,pkg-016958,3.18.8
1,pkg-016959,4.19.9
1,pkg-016960,5.0.0
1,pkg-016961,6.1.1
1,pkg-016962,7.2.2
1,pkg-016963,8.3.3
1,pkg-016964,9.4.4
1,pkg-016965,1.5.5
1,pkg-016966,2.6.6
1,pkg-016967,3.7.7
1,pkg-016968,4.8.8
1,pkg-016969,5.9.9
1,pkg-016970,6.10.0
1,pkg-016971,7.11.1
1,pkg-016972,8.12.2
1,pkg-016973,9.13.3
1,pkg-016974,1.14.4
1,pkg-016975,2.15.5
1,pkg-016976,3.16.6
1,pkg-016977,4.17.7
1,pkg-016978,5.18.8
1,pkg-016979,6.19.9
1,pkg-016980,7.0.0
1,pkg-016981,8.1.1
1,pkg-016982,9.2.2
1,pkg-016983,1.3.3
1,pkg-016984,2.4.4
1,pkg-016985,3.5.5
1,pkg-016986,4.6.6
1,pkg-016987,5.7.7
1,pkg-016988,6.8.8
1,pkg-016989,7.9.9
1,pkg-016990,8.10.0
1,pkg-016991,9.11.1
1,pkg-016992,1.12.2
1,pkg-016993,2.13.3
1,pkg-016994,3.14.4
1,pkg-016995,4.15.5
1,pkg-016996,5.16.6
1,pkg-016997,6.17.7
1,pkg-016998,7.18.8
1,pkg-016999,8.19.9
1,pkg-017000,9.0.0
1,pkg-017001,1.1.1
1,pkg-017002,2.2.2
1,pkg-017003,3.3.3
1,pkg-017004,4.4.4
1,pkg-017005,5.5.5
1,pkg-017006,6.6.6
1,pkg-017007,7.7.7
1,pkg-017008,8.8.8
1,pkg-017009,9.9.9
1,pkg-017010,1.10.0
1,pkg-017011,2.11.1
1,pkg-017012,3.12.2
1,pkg-017013,4.13.3
1,pkg-017014,5.14.4
1,pkg-017015,6.15.5
1,pkg-017016,7.16.6
1,pkg-017017,8.17.7
1,pkg-017018,9.18.8
1,pkg-017019,1.19.9
1,pkg-017020,2.0.0
1,pkg-017021,3.1.1
1,pkg-017022,4.2.2
1,pkg-017023,5.3.3
1,pkg-017024,6.4.4
1,pkg-017025,7.5.5
1,pkg-017026,8.6.6
1,pkg-017027,9.7.7
1,pkg-017028,1.8.8
1,pkg-017029,2.9.9
1,pkg-017030,3.10.0
1,pkg-017031,4.11.1
1,pkg-017032,5.12.2
1,pkg-017033,6.13.3
1,pkg-017034,7.14.4
1,pkg-017035,8.15.5
1,pkg-017036,9.16.6
1,pkg-017037,1.17.7
1,pkg-017038,2.18.8
1,pkg-017039,3.19.9
1,pkg-017040,4.0.0
1,pkg-017041,5.1.1
1,pkg-017042,6.2.2
1,pkg-017043,7.3.3
1,pkg-017044,8.4.4
1,pkg-017045,9.5.5
1,pkg-017046,1.6.6
1,pkg-017047,2.7.7
1,pkg-017048,3.8.8
1,pkg-017049,4.9.9
1,pkg-017050,5.10.0
1,pkg-017051,6.11.1
1,pkg-017052,7.12.2
1,pkg-017053,8.13.3
1,pkg-017054,9.14.4
1,pkg-017055,1.15.5
1,pkg-017056,2.16.6
1,pkg-017057,3.17.7
1,pkg-017058,4.18.8
1,pkg-017059,5.19.9
1,pkg-017060,6.0.0
1,pkg-017061,7.1.1
1,pkg-017062,8.2.2
1,pkg-017063,9.3.3
1,pkg-017064,1.4.4
1,pkg-017065,2.5.5
1,pkg-017066,3.6.6
1,pkg-017067,4.7.7
1,pkg-017068,5.8.8
1,pkg-017069,6.9.9
1,pkg-017070,7.10.0
1,pkg-017071,8.11.1
1,pkg-017072,9.12.2
1,pkg-017073,1.13.3
1,pkg-017074,2.14.4
1,pkg-017075,3.15.5
1,pkg-017076,4.16.6
1,pkg-017077,5.17.7
1,pkg-017078,6.18.8
1,pkg-017079,7.19.9
1,pkg-017080,8.0.0
1,pkg-017081,9.1.1
1,pkg-017082,1.2.2
1,pkg-017083,2.3.3
1,pkg-017084,3.4.4
1,pkg-017085,4.5.5
1,pkg-017086,5.6.6
1,pkg-017087,6.7.7
1,pkg-017088,7.8.8
1,pkg-017089,8.9.9
1,pkg-017090,9.10.0
1,pkg-017091,1.11.1
1,pkg-017092,2.12.2
1,pkg-017093,3.13.3
1,pkg-017094,4.14.4
1,pkg-017095,5.15.5
1,pkg-017096,6.16.6
1,pkg-017097,7.17.7
1,pkg-017098,8.18.8
1,pkg-017099,9.19.9
1,pkg-017100,1.0.0
1,pkg-017101,2.1.1
1,pkg-017102,3.2.2
1,pkg-017103,4.3.3
1,pkg-017104,5.4.4
1,pkg-017105,6.5.5
1,pkg-017106,7.6.6
1,pkg-017107,8.7.7
1,pkg-017108,9.8.8
1,pkg-017109,1.9.9
1,pkg-017110,2.10.0
1,pkg-017111,3.11.1
1,pkg-017112,4.12.2
1,pkg-017113,5.13.3
1,pkg-017114,6.14.4
1,pkg-017115,7.15.5
1,pkg-017116,8.16.6
1,pkg-017117,9.17.7
1,pkg-017118,1.18.8
1,pkg-017119,2.19.9
1,pkg-017120,3.0.0
1,pkg-017121,4.1.1
1,pkg-017122,5.2.2
1,pkg-017123,6.3.3
1,pkg-017124,7.4.4
1,pkg-017125,8.5.5
1,pkg-017126,9.6.6
1,pkg-017127,1.7.7
1,pkg-017128,2.8.8
1,pkg-017129,3.9.9
1,pkg-017130,4.10.0
1,pkg-017131,5.11.1
1,pkg-017132,6.12.2
1,pkg-017133,7.13.3
1,pkg-017134,8.14.4
1,pkg-017135,9.15.5
1,pkg-017136,1.16.6
1,pkg-017137,2.17.7
1,pkg-017138,3.18.8
1,pkg-017139,4.19.9
1,pkg-017140,5.0.0
1,pkg-017141,6.1.1
1,pkg-017142,7.2.2
1,pkg-017143,8.3.3
1,pkg-017144,9.4.4
1,pkg-017145,1.5.5
1,pkg-017146,2.6.6
1,pkg-017147,3.7.7
1,pkg-017148,4.8.8
1,pkg-017149,5.9.9
1,pkg-017150,6.10.0
1,pkg-017151,7.11.1
1,pkg-017152,8.12.2
1,pkg-017153,9.13.3
1,pkg-017154,1.14.4
1,pkg-017155,2.15.5
1,pkg-017156,3.16.6
1,pkg-017157,4.17.7
1,pkg-017158,5.18.8
1,pkg-017159,6.19.9
1,pkg-017160,7.0.0
1,pkg-017161,8.1.1
1,pkg-017162,9.2.2
1,pkg-017163,1.3.3
1,pkg-017164,2.4.4
1,pkg-017165,3.5.5
1,pkg-017166,4.6.6
1,pkg-017167,5.7.7
1,pkg-017168,6.8.8
1,pkg-017169,7.9.9
1,pkg-017170,8.10.0
1,pkg-017171,9.11.1
1,pkg-017172,1.12.2
1,pkg-017173,2.13.3
1,pkg-017174,3.14.4
1,pkg-017175,4.15.5
1,pkg-017176,5.16.6
1,pkg-017177,6.17.7
1,pkg-017178,7.18.8
1,pkg-017179,8.19.9
1,pkg-017180,9.0.0
1,pkg-017181,1.1.1
1,pkg-017182,2.2.2
1,pkg-017183,3.3.3
1,pkg-017184,4.4.4
1,pkg-017185,5.5.5
1,pkg-017186,6.6.6
1,pkg-017187,7.7.7
1,pkg-017188,8.8.8
1,pkg-017189,9.9.9
1,pkg-017190,1.10.0
1,pkg-017191,2.11.1
1,pkg-017192,3.12.2
1,pkg-017193,4.13.3
1,pkg-017194,5.14.4
1,pkg-017195,6.15.5
1,pkg-017196,7.16.6
1,pkg-017197,8.17.7
1,pkg-017198,9.18.8
1,pkg-017199,1.19.9
1,pkg-017200,2.0.0
1,pkg-017201,3.1.1
1,pkg-017202,4.2.2
1,pkg-017203,5.3.3
1,pkg-017204,6.4.4
1,pkg-017205,7.5.5
1,pkg-017206,8.6.6
1,pkg-017207,9.7.7
1,pkg-017208,1.8.8
1,pkg-017209,2.9.9
1,pkg-017210,3.10.0
1,pkg-017211,4.11.1
1,pkg-017212,5.12.2
1,pkg-017213,6.13.3
1,pkg-017214,7.14.4
1,pkg-017215,8.15.5
1,pkg-017216,9.16.6
1,pkg-017217,1.17.7
1,pkg-017218,2.18.8
1,pkg-017219,3.19.9
1,pkg-017220,4.0.0
1,pkg-017221,5.1.1
1,pkg-017222,6.2.2
1,pkg-017223,7.3.3
1,pkg-017224,8.4.4
1,pkg-017225,9.5.5
1,pkg-017226,1.6.6
1,pkg-017227,2.7.7
1,pkg-017228,3.8.8
1,pkg-017229,4.9.9
1,pkg-017230,5.10.0
1,pkg-017231,6.11.1
1,pkg-017232,7.12.2
1,pkg-017233,8.13.3
1,pkg-017234,9.14.4
1,pkg-017235,1.15.5
1,pkg-017236,2.16.6
1,pkg-017237,3.17.7
1,pkg-017238,4.18.8
1,pkg-017239,5.19.9
1,pkg-017240,6.0.0
1,pkg-017241,7.1.1
1,pkg-017242,8.2.2
1,pkg-017243,9.3.3
1,pkg-017244,1.4.4
1,pkg-017245,2.5.5
1,pkg-017246,3.6.6
1,pkg-017247,4.7.7
1,pkg-017248,5.8.8
1,pkg-017249,6.9.9
1,pkg-017250,7.10.0
1,pkg-017251,8.11.1
1,pkg-017252,9.12.2
1,pkg-017253,1.13.3
1,pkg-017254,2.14.4
1,pkg-017255,3.15.5
1,pkg-017256,4.16.6
1,pkg-017257,5.17.7
1,pkg-017258,6.18.8
1,pkg-017259,7.19.9
1,pkg-017260,8.0.0
1,pkg-017261,9.1.1
1,pkg-017262,1.2.2
1,pkg-017263,2.3.3
1,pkg-017264,3.4.4
1,pkg-017265,4.5.5
1,pkg-017266,5.6.6
1,pkg-017267,6.7.7
1,pkg-017268,7.8.8
1,pkg-017269,8.9.9
1,pkg-017270,9.10.0
1,pkg-017271,1.11.1
1,pkg-017272,2.12.2
1,pkg-017273,3.13.3
1,pkg-017274,4.14.4
1,pkg-017275,5.15.5
1,pkg-017276,6.16.6
1,pkg-017277,7.17.7
1,pkg-017278,8.18.8
1,pkg-017279,9.19.9
1,pkg-017280,1.0.0
1,pkg-017281,2.1.1
1,pkg-017282,3.2.2
1,pkg-017283,4.3.3
1,pkg-017284,5.4.4
1,pkg-017285,6.5.5
1,pkg-017286,7.6.6
1,pkg-017287,8.7.7
1,pkg-017288,9.8.8
1,pkg-017289,1.9.9
1,pkg-017290,2.10.0
1,pkg-017291,3.11.1
1,pkg-017292,4.12.2
1,pkg-017293,5.13.3
1,pkg-017294,6.14.4
1,pkg-017295,7.15.5
1,pkg-017296,8.16.6
1,pkg-017297,9.17.7
1,pkg-017298,1.18.8
1,pkg-017299,2.19.9
1,pkg-017300,3.0.0
1,pkg-017301,4.1.1
1,pkg-017302,5.2.2
1,pkg-017303,6.3.3
1,pkg-017304,7.4.4
1,pkg-017305,8.5.5
1,pkg-017306,9.6.6
1,pkg-017307,1.7.7
1,pkg-017308,2.8.8
1,pkg-017309,3.9.9
1,pkg-017310,4.10.0
1,pkg-017311,5.11.1
1,pkg-017312,6.12.2
1,pkg-017313,7.13.3
1,pkg-017314,8.14.4
1,pkg-017315,9.15.5
1,pkg-017316,1.16.6
1,pkg-017317,2.17.7
1,pkg-017318,3.18.8
1,pkg-017319,4.19.9
1,pkg-017320,5.0.0
1,pkg-017321,6.1.1
1,pkg-017322,7.2.2
1,pkg-017323,8.3.3
1,pkg-017324,9.4.4
1,pkg-017325,1.5.5
1,pkg-017326,2.6.6
1,pkg-017327,3.7.7
1,pkg-017328,4.8.8
1,pkg-017329,5.9.9
1,pkg-017330,6.10.0
1,pkg-017331,7.11.1
1,pkg-017332,8.12.2
1,pkg-017333,9.13.3
1,pkg-017334,1.14.4
1,pkg-017335,2.15.5
1,pkg-017336,3.16.6
1,pkg-017337,4.17.7
1,pkg-017338,5.18.8
1,pkg-017339,6.19.9
1,pkg-017340,7.0.0
1,pkg-017341,8.1.1
1,pkg-017342,9.2.2
1,pkg-017343,1.3.3
1,pkg-017344,2.4.4
1,pkg-017345,3.5.5
1,pkg-017346,4.6.6
1,pkg-017347,5.7.7
1,pkg-017348,6.8.8
1,pkg-017349,7.9.9
1,pkg-017350,8.10.0
1,pkg-017351,9.11.1
1,pkg-017352,1.12.2
1,pkg-017353,2.13.3
1,pkg-017354,3.14.4
1,pkg-017355,4.15.5
1,pkg-017356,5.16.6
1,pkg-017357,6.17.7
1,pkg-017358,7.18.8
1,pkg-017359,8.19.9
1,pkg-017360,9.0.0
1,pkg-017361,1.1.1
1,pkg-017362,2.2.2
1,pkg-017363,3.3.3
1,pkg-017364,4.4.4
1,pkg-017365,5.5.5
1,pkg-017366,6.6.6
1,pkg-017367,7.7.7
1,pkg-017368,8.8.8
1,pkg-017369,9.9.9
1,pkg-017370,1.10.0
1,pkg-017371,2.11.1
1,pkg-017372,3.12.2
1,pkg-017373,4.13.3
1,pkg-017374,5.14.4
1,pkg-017375,6.15.5
1,pkg-017376,7.16.6
1,pkg-017377,8.17.7
1,pkg-017378,9.18.8
1,pkg-017379,1.19.9
1,pkg-017380,2.0.0
1,pkg-017381,3.1.1
1,pkg-017382,4.2.2
1,pkg-017383,5.3.3
1,pkg-017384,6.4.4
1,pkg-017385,7.5.5
1,pkg-017386,8.6.6
1,pkg-017387,9.7.7
1,pkg-017388,1.8.8
1,pkg-017389,2.9.9
1,pkg-017390,3.10.0
1,pkg-017391,4.11.1
1,pkg-017392,5.12.2
1,pkg-017393,6.13.3
1,pkg-017394,7.14.4
1,pkg-017395,8.15.5
1,pkg-017396,9.16.6
1,pkg-017397,1.17.7
1,pkg-017398,2.18.8
1,pkg-017399,3.19.9
1,pkg-017400,4.0.0
1,pkg-017401,5.1.1
1,pkg-017402,6.2.2
1,pkg-017403,7.3.3
1,pkg-017404,8.4.4
1,pkg-017405,9.5.5
1,pkg-017406,1.6.6
1,pkg-017407,2.7.7
1,pkg-017408,3.8.8
1,pkg-017409,4.9.9
1,pkg-017410,5.10.0
1,pkg-017411,6.11.1
1,pkg-017412,7.12.2
1,pkg-017413,8.13.3
1,pkg-017414,9.14.4
1,pkg-017415,1.15.5
1,pkg-017416,2.16.6
1,pkg-017417,3.17.7
1,pkg-017418,4.18.8
1,pkg-017419,5.19.9
1,pkg-017420,6.0.0
1,pkg-017421,7.1.1
1,pkg-017422,8.2.2
1,pkg-017423,9.3.3
1,pkg-017424,1.4.4
1,pkg-017425,2.5.5
1,pkg-017426,3.6.6
1,pkg-017427,4.7.7
1,pkg-017428,5.8.8
1,pkg-017429,6.9.9
1,pkg-017430,7.10.0
1,pkg-017431,8.11.1
1,pkg-017432,9.12.2
1,pkg-017433,1.13.3
1,pkg-017434,2.14.4
1,pkg-017435,3.15.5
1,pkg-017436,4.16.6
1,pkg-017437,5.17.7
1,pkg-017438,6.18.8
1,pkg-017439,7.19.9
1,pkg-017440,8.0.0
1,pkg-017441,9.1.1
1,pkg-017442,1.2.2
1,pkg-017443,2.3.3
1,pkg-017444,3.4.4
1,pkg-017445,4.5.5
1,pkg-017446,5.6.6
1,pkg-017447,6.7.7
1,pkg-017448,7.8.8
1,pkg-017449,8.9.9
1,pkg-017450,9.10.0
1,pkg-017451,1.11.1
1,pkg-017452,2.12.2
1,pkg-017453,3.13.3
1,pkg-017454,4.14.4
1,pkg-017455,5.15.5
1,pkg-017456,6.16.6
1,pkg-017457,7.17.7
1,pkg-017458,8.18.8
1,pkg-017459,9.19.9
1,pkg-017460,1.0.0
1,pkg-017461,2.1.1
1,pkg-017462,3.2.2
1,pkg-017463,4.3.3
1,pkg-017464,5.4.4
1,pkg-017465,6.5.5
1,pkg-017466,7.6.6
1,pkg-017467,8.7.7
1,pkg-017468,9.8.8
1,pkg-017469,1.9.9
1,pkg-017470,2.10.0
1,pkg-017471,3.11.1
1,pkg-017472,4.12.2
1,pkg-017473,5.13.3
1,pkg-017474,6.14.4
1,pkg-017475,7.15.5
1,pkg-017476,8.16.6
1,pkg-017477,9.17.7
1,pkg-017478,1.18.8
1,pkg-017479,2.19.9
1,pkg-017480,3.0.0
1,pkg-017481,4.1.1
1,pkg-017482,5.2.2
1,pkg-017483,6.3.3
1,pkg-017484,7.4.4
1,pkg-017485,8.5.5
1,pkg-017486,9.6.6
1,pkg-017487,1.7.7
1,pkg-017488,2.8.8
1,pkg-017489,3.9.9
1,pkg-017490,4.10.0
1,pkg-017491,5.11.1
1,pkg-017492,6.12.2
1,pkg-017493,7.13.3
1,pkg-017494,8.14.4
1,pkg-017495,9.15.5
1,pkg-017496,1.16.6
1,pkg-017497,2.17.7
1,pkg-017498,3.18.8
1,pkg-017499,4.19.9
1,pkg-017500,5.0.0
1,pkg-017501,6.1.1
1,pkg-017502,7.2.2
1,pkg-017503,8.3.3
1,pkg-017504,9.4.4
1,pkg-017505,1.5.5
1,pkg-017506,2.6.6
1,pkg-017507,3.7.7
1,pkg-017508,4.8.8
1,pkg-017509,5.9.9
1,pkg-017510,6.10.0
1,pkg-017511,7.11.1
1,pkg-017512,8.12.2
1,pkg-017513,9.13.3
1,pkg-017514,1.14.4
1,pkg-017515,2.15.5
1,pkg-017516,3.16.6
1,pkg-017517,4.17.7
1,pkg-017518,5.18.8
1,pkg-017519,6.19.9
1,pkg-017520,7.0.0
1,pkg-017521,8.1.1
1,pkg-017522,9.2.2
1,pkg-017523,1.3.3
1,pkg-017524,2.4.4
1,pkg-017525,3.5.5
1,pkg-017526,4.6.6
1,pkg-017527,5.7.7
1,pkg-017528,6.8.8
1,pkg-017529,7.9.9
1,pkg-017530,8.10.0
1,pkg-017531,9.11.1
1,pkg-017532,1.12.2
1,pkg-017533,2.13.3
1,pkg-017534,3.14.4
1,pkg-017535,4.15.5
1,pkg-017536,5.16.6
1,pkg-017537,6.17.7
1,pkg-017538,7.18.8
1,pkg-017539,8.19.9
1,pkg-017540,9.0.0
1,pkg-017541,1.1.1
1,pkg-017542,2.2.2
1,pkg-017543,3.3.3
1,pkg-017544,4.4.4
1,pkg-017545,5.5.5
1,pkg-017546,6.6.6
1,pkg-017547,7.7.7
1,pkg-017548,8.8.8
1,pkg-017549,9.9.9
1,pkg-017550,1.10.0
1,pkg-017551,2.11.1
1,pkg-017552,3.12.2
1,pkg-017553,4.13.3
1,pkg-017554,5.14.4
1,pkg-017555,6.15.5
1,pkg-017556,7.16.6
1,pkg-017557,8.17.7
1,pkg-017558,9.18.8
1,pkg-017559,1.19.9
1,pkg-017560,2.0.0
1,pkg-017561,3.1.1
1,pkg-017562,4.2.2
1,pkg-017563,5.3.3
1,pkg-017564,6.4.4
1,pkg-017565,7.5.5
1,pkg-017566,8.6.6
1,pkg-017567,9.7.7
1,pkg-017568,1.8.8
1,pkg-017569,2.9.9
1,pkg-017570,3.10.0
1,pkg-017571,4.11.1
1,pkg-017572,5.12.2
1,pkg-017573,6.13.3
1,pkg-017574,7.14.4
1,pkg-017575,8.15.5
1,pkg-017576,9.16.6
1,pkg-017577,1.17.7
1,pkg-017578,2.18.8
1,pkg-017579,3.19.9
1,pkg-017580,4.0.0
1,pkg-017581,5.1.1
1,pkg-017582,6.2.2
1,pkg-017583,7.3.3
1,pkg-017584,8.4.4
1,pkg-017585,9.5.5
1,pkg-017586,1.6.6
1,pkg-017587,2.7.7
1,pkg-017588,3.8.8
1,pkg-017589,4.9.9
1,pkg-017590,5.10.0
1,pkg-017591,6.11.1
1,pkg-017592,7.12.2
1,pkg-017593,8.13.3
1,pkg-017594,9.14.4
1,pkg-017595,1.15.5
1,pkg-017596,2.16.6
1,pkg-017597,3.17.7
1,pkg-017598,4.18.8
1,pkg-017599,5.19.9
1,pkg-017600,6.0.0
1,pkg-017601,7.1.1
1,pkg-017602,8.2.2
1,pkg-017603,9.3.3
1,pkg-017604,1.4.4
1,pkg-017605,2.5.5
1,pkg-017606,3.6.6
1,pkg-017607,4.7.7
1,pkg-017608,5.8.8
1,pkg-017609,6.9.9
1,pkg-017610,7.10.0
1,pkg-017611,8.11.1
1,pkg-017612,9.12.2
1,pkg-017613,1.13.3
1,pkg-017614,2.14.4
1,pkg-017615,3.15.5
1,pkg-017616,4.16.6
1,pkg-017617,5.17.7
1,pkg-017618,6.18.8
1,pkg-017619,7.19.9
1,pkg-017620,8.0.0
1,pkg-017621,9.1.1
1,pkg-017622,1.2.2
1,pkg-017623,2.3.3
1,pkg-017624,3.4.4
1,pkg-017625,4.5.5
1,pkg-017626,5.6.6
1,pkg-017627,6.7.7
1,pkg-017628,7.8.8
1,pkg-017629,8.9.9
1,pkg-017630,9.10.0
1,pkg-017631,1.11.1
1,pkg-017632,2.12.2
1,pkg-017633,3.13.3
1,pkg-017634,4.14.4
1,pkg-017635,5.15.5
1,pkg-017636,6.16.6
1,pkg-017637,7.17.7
1,pkg-017638,8.18.8
1,pkg-017639,9.19.9
1,pkg-017640,1.0.0
1,pkg-017641,2.1.1
1,pkg-017642,3.2.2
1,pkg-017643,4.3.3
1,pkg-017644,5.4.4
1,pkg-017645,6.5.5
1,pkg-017646,7.6.6
1,pkg-017647,8.7.7
1,pkg-017648,9.8.8
1,pkg-017649,1.9.9
1,pkg-017650,2.10.0
1,pkg-017651,3.11.1
1,pkg-017652,4.12.2
1,pkg-017653,5.13.3
1,pkg-017654,6.14.4
1,pkg-017655,7.15.5
1,pkg-017656,8.16.6
1,pkg-017657,9.17.7
1,pkg-017658,1.18.8
1,pkg-017659,2.19.9
1,pkg-017660,3.0.0
1,pkg-017661,4.1.1
1,pkg-017662,5.2.2
1,pkg-017663,6.3.3
1,pkg-017664,7.4.4
1,pkg-017665,8.5.5
1,pkg-017666,9.6.6
1,pkg-017667,1.7.7
1,pkg-017668,2.8.8
1,pkg-017669,3.9.9
1,pkg-017670,4.10.0
1,pkg-017671,5.11.1
1,pkg-017672,6.12.2
1,pkg-017673,7.13.3
1,pkg-017674,8.14.4
1,pkg-017675,9.15.5
1,pkg-017676,1.16.6
1,pkg-017677,2.17.7
1,pkg-017678,3.18.8
1,pkg-017679,4.19.9
1,pkg-017680,5.0.0
1,pkg-017681,6.1.1
1,pkg-017682,7.2.2
1,pkg-017683,8.3.3
1,pkg-017684,9.4.4
1,pkg-017685,1.5.5
1,pkg-017686,2.6.6
1,pkg-017687,3.7.7
1,pkg-017688,4.8.8
1,pkg-017689,5.9.9
1,pkg-017690,6.10.0
1,pkg-017691,7.11.1
1,pkg-017692,8.12.2
1,pkg-017693,9.13.3
1,pkg-017694,1.14.4
1,pkg-017695,2.15.5
1,pkg-017696,3.16.6
1,pkg-017697,4.17.7
1,pkg-017698,5.18.8
1,pkg-017699,6.19.9
1,pkg-017700,7.0.0
1,pkg-017701,8.1.1
1,pkg-017702,9.2.2
1,pkg-017703,1.3.3
1,pkg-017704,2.4.4
1,pkg-017705,3.5.5
1,pkg-017706,4.6.6
1,pkg-017707,5.7.7
1,pkg-017708,6.8.8
1,pkg-017709,7.9.9
1,pkg-017710,8.10.0
1,pkg-017711,9.11.1
1,pkg-017712,1.12.2
1,pkg-017713,2.13.3
1,pkg-017714,3.14.4
1,pkg-017715,4.15.5
1,pkg-017716,5.16.6
1,pkg-017717,6.17.7
1,pkg-017718,7.18.8
1,pkg-017719,8.19.9
1,pkg-017720,9.0.0
1,pkg-017721,1.1.1
1,pkg-017722,2.2.2
1,pkg-017723,3.3.3
1,pkg-017724,4.4.4
1,pkg-017725,5.5.5
1,pkg-017726,6.6.6
1,pkg-017727,7.7.7
1,pkg-017728,8.8.8
1,pkg-017729,9.9.9
1,pkg-017730,1.10.0
1,pkg-017731,2.11.1
1,pkg-017732,3.12.2
1,pkg-017733,4.13.3
1,pkg-017734,5.14.4
1,pkg-017735,6.15.5
1,pkg-017736,7.16.6
1,pkg-017737,8.17.7
1,pkg-017738,9.18.8
1,pkg-017739,1.19.9
1,pkg-017740,2.0.0
1,pkg-017741,3.1.1
1,pkg-017742,4.2.2
1,pkg-017743,5.3.3
1,pkg-017744,6.4.4
1,pkg-017745,7.5.5
1,pkg-017746,8.6.6
1,pkg-017747,9.7.7
1,pkg-017748,1.8.8
1,pkg-017749,2.9.9
1,pkg-017750,3.10.0
1,pkg-017751,4.11.1
1,pkg-017752,5.12.2
1,pkg-017753,6.13.3
1,pkg-017754,7.14.4
1,pkg-017755,8.15.5
1,pkg-017756,9.16.6
1,pkg-017757,1.17.7
1,pkg-017758,2.18.8
1,pkg-017759,3.19.9
1,pkg-017760,4.0.0
1,pkg-017761,5.1.1
1,pkg-017762,6.2.2
1,pkg-017763,7.3.3
1,pkg-017764,8.4.4
1,pkg-017765,9.5.5
1,pkg-017766,1.6.6
1,pkg-017767,2.7.7
1,pkg-017768,3.8.8
1,pkg-017769,4.9.9
1,pkg-017770,5.10.0
1,pkg-017771,6.11.1
1,pkg-017772,7.12.2
1,pkg-017773,8.13.3
1,pkg-017774,9.14.4
1,pkg-017775,1.15.5
1,pkg-017776,2.16.6
1,pkg-017777,3.17.7
1,pkg-017778,4.18.8
1,pkg-017779,5.19.9
1,pkg-017780,6.0.0
1,pkg-017781,7.1.1
1,pkg-017782,8.2.2
1,pkg-017783,9.3.3
1,pkg-017784,1.4.4
1,pkg-017785,2.5.5
1,pkg-017786,3.6.6
1,pkg-017787,4.7.7
1,pkg-017788,5.8.8
1,pkg-017789,6.9.9
1,pkg-017790,7.10.0
1,pkg-017791,8.11.1
1,pkg-017792,9.12.2
1,pkg-017793,1.13.3
1,pkg-017794,2.14.4
1,pkg-017795,3.15.5
1,pkg-017796,4.16.6
1,pkg-017797,5.17.7
1,pkg-017798,6.18.8
1,pkg-017799,7.19.9
1,pkg-017800,8.0.0
1,pkg-017801,9.1.1
1,pkg-017802,1.2.2
1,pkg-017803,2.3.3
1,pkg-017804,3.4.4
1,pkg-017805,4.5.5
1,pkg-017806,5.6.6
1,pkg-017807,6.7.7
1,pkg-017808,7.8.8
1,pkg-017809,8.9.9
1,pkg-017810,9.10.0
1,pkg-017811,1.11.1
1,pkg-017812,2.12.2
1,pkg-017813,3.13.3
1,pkg-017814,4.14.4
1,pkg-017815,5.15.5
1,pkg-017816,6.16.6
1,pkg-017817,7.17.7
1,pkg-017818,8.18.8
1,pkg-017819,9.19.9
1,pkg-017820,1.0.0
1,pkg-017821,2.1.1
1,pkg-017822,3.2.2
1,pkg-017823,4.3.3
1,pkg-017824,5.4.4
1,pkg-017825,6.5.5
1,pkg-017826,7.6.6
1,pkg-017827,8.7.7
1,pkg-017828,9.8.8
1,pkg-017829,1.9.9
1,pkg-017830,2.10.0
1,pkg-017831,3.11.1
1,pkg-017832,4.12.2
1,pkg-017833,5.13.3
1,pkg-017834,6.14.4
1,pkg-017835,7.15.5
1,pkg-017836,8.16.6
1,pkg-017837,9.17.7
1,pkg-017838,1.18.8
1,pkg-017839,2.19.9
1,pkg-017840,3.0.0
1,pkg-017841,4.1.1
1,pkg-017842,5.2.2
1,pkg-017843,6.3.3
1,pkg-017844,7.4.4
1,pkg-017845,8.5.5
1,pkg-017846,9.6.6
1,pkg-017847,1.7.7
1,pkg-017848,2.8.8
1,pkg-017849,3.9.9
1,pkg-017850,4.10.0
1,pkg-017851,5.11.1
1,pkg-017852,6.12.2
1,pkg-017853,7.13.3
1,pkg-017854,8.14.4
1,pkg-017855,9.15.5
1,pkg-017856,1.16.6
1,pkg-017857,2.17.7
1,pkg-017858,3.18.8
1,pkg-017859,4.19.9
1,pkg-017860,5.0.0
1,pkg-017861,6.1.1
1,pkg-017862,7.2.2
1,pkg-017863,8.3.3
1,pkg-017864,9.4.4
1,pkg-017865,1.5.5
1,pkg-017866,2.6.6
1,pkg-017867,3.7.7
1,pkg-017868,4.8.8
1,pkg-017869,5.9.9
1,pkg-017870,6.10.0
1,pkg-017871,7.11.1
1,pkg-017872,8.12.2
1,pkg-017873,9.13.3
1,pkg-017874,1.14.4
1,pkg-017875,2.15.5
1,pkg-017876,3.16.6
1,pkg-017877,4.17.7
1,pkg-017878,5.18.8
1,pkg-017879,6.19.9
1,pkg-017880,7.0.0
1,pkg-017881,8.1.1
1,pkg-017882,9.2.2
1,pkg-017883,1.3.3
1,pkg-017884,2.4.4
1,pkg-017885,3.5.5
1,pkg-017886,4.6.6
1,pkg-017887,5.7.7
1,pkg-017888,6.8.8
1,pkg-017889,7.9.9
1,pkg-017890,8.10.0
1,pkg-017891,9.11.1
1,pkg-017892,1.12.2
1,pkg-017893,2.13.3
1,pkg-017894,3.14.4
1,pkg-017895,4.15.5
1,pkg-017896,5.16.6
1,pkg-017897,6.17.7
1,pkg-017898,7.18.8
1,pkg-017899,8.19.9
1,pkg-017900,9.0.0
1,pkg-017901,1.1.1
1,pkg-017902,2.2.2
1,pkg-017903,3.3.3
1,pkg-017904,4.4.4
1,pkg-017905,5.5.5
1,pkg-017906,6.6.6
1,pkg-017907,7.7.7
1,pkg-017908,8.8.8
1,pkg-017909,9.9.9
1,pkg-017910,1.10.0
1,pkg-017911,2.11.1
1,pkg-017912,3.12.2
1,pkg-017913,4.13.3
1,pkg-017914,5.14.4
1,pkg-017915,6.15.5
1,pkg-017916,7.16.6
1,pkg-017917,8.17.7
1,pkg-017918,9.18.8
1,pkg-017919,1.19.9
1,pkg-017920,2.0.0
1,pkg-017921,3.1.1
1,pkg-017922,4.2.2
1,pkg-017923,5.3.3
1,pkg-017924,6.4.4
1,pkg-017925,7.5.5
1,pkg-017926,8.6.6
1,pkg-017927,9.7.7
1,pkg-017928,1.8.8
1,pkg-017929,2.9.9
1,pkg-017930,3.10.0
1,pkg-017931,4.11.1
1,pkg-017932,5.12.2
1,pkg-017933,6.13.3
1,pkg-017934,7.14.4
1,pkg-017935,8.15.5
1,pkg-017936,9.16.6
1,pkg-017937,1.17.7
1,pkg-017938,2.18.8
1,pkg-017939,3.19.9
1,pkg-017940,4.0.0
1,pkg-017941,5.1.1
1,pkg-017942,6.2.2
1,pkg-017943,7.3.3
1,pkg-017944,8.4.4
1,pkg-017945,9.5.5
1,pkg-017946,1.6.6
1,pkg-017947,2.7.7
1,pkg-017948,3.8.8
1,pkg-017949,4.9.9
1,pkg-017950,5.10.0
1,pkg-017951,6.11.1
1,pkg-017952,7.12.2
1,pkg-017953,8.13.3
1,pkg-017954,9.14.4
1,pkg-017955,1.15.5
1,pkg-017956,2.16.6
1,pkg-017957,3.17.7
1,pkg-017958,4.18.8
1,pkg-017959,5.19.9
1,pkg-017960,6.0.0
1,pkg-017961,7.1.1
1,pkg-017962,8.2.2
1,pkg-017963,9.3.3
1,pkg-017964,1.4.4
1,pkg-017965,2.5.5
1,pkg-017966,3.6.6
1,pkg-017967,4.7.7
1,pkg-017968,5.8.8
1,pkg-017969,6.9.9
1,pkg-017970,7.10.0
1,pkg-017971,8.11.1
1,pkg-017972,9.12.2
1,pkg-017973,1.13.3
1,pkg-017974,2.14.4
1,pkg-017975,3.15.5
1,pkg-017976,4.16.6
1,pkg-017977,5.17.7
1,pkg-017978,6.18.8
1,pkg-017979,7.19.9
1,pkg-017980,8.0.0
1,pkg-017981,9.1.1
1,pkg-017982,1.2.2
1,pkg-017983,2.3.3
1,pkg-017984,3.4.4
1,pkg-017985,4.5.5
1,pkg-017986,5.6.6
1,pkg-017987,6.7.7
1,pkg-017988,7.8.8
1,pkg-017989,8.9.9
1,pkg-017990,9.10.0
1,pkg-017991,1.11.1
1,pkg-017992,2.12.2
1,pkg-017993,3.13.3
1,pkg-017994,4.14.4
1,pkg-017995,5.15.5
1,pkg-017996,6.16.6
1,pkg-017997,7.17.7
1,pkg-017998,8.18.8
1,pkg-017999,9.19.9
1,pkg-018000,1.0.0
1,pkg-018001,2.1.1
1,pkg-018002,3.2.2
1,pkg-018003,4.3.3
1,pkg-018004,5.4.4
1,pkg-018005,6.5.5
1,pkg-018006,7.6.6
1,pkg-018007,8.7.7
1,pkg-018008,9.8.8
1,pkg-018009,1.9.9
1,pkg-018010,2.10.0
1,pkg-018011,3.11.1
1,pkg-018012,4.12.2
1,pkg-018013,5.13.3
1,pkg-018014,6.14.4
1,pkg-018015,7.15.5
1,pkg-018016,8.16.6
1,pkg-018017,9.17.7
1,pkg-018018,1.18.8
1,pkg-018019,2.19.9
1,pkg-018020,3.0.0
1,pkg-018021,4.1.1
1,pkg-018022,5.2.2
1,pkg-018023,6.3.3
1,pkg-018024,7.4.4
1,pkg-018025,8.5.5
1,pkg-018026,9.6.6
1,pkg-018027,1.7.7
1,pkg-018028,2.8.8
1,pkg-018029,3.9.9
1,pkg-018030,4.10.0
1,pkg-018031,5.11.1
1,pkg-018032,6.12.2
1,pkg-018033,7.13.3
1,pkg-018034,8.14.4
1,pkg-018035,9.15.5
1,pkg-018036,1.16.6
1,pkg-018037,2.17.7
1,pkg-018038,3.18.8
1,pkg-018039,4.19.9
1,pkg-018040,5.0.0
1,pkg-018041,6.1.1
1,pkg-018042,7.2.2
1,pkg-018043,8.3.3
1,pkg-018044,9.4.4
1,pkg-018045,1.5.5
1,pkg-018046,2.6.6
1,pkg-018047,3.7.7
1,pkg-018048,4.8.8
1,pkg-018049,5.9.9
1,pkg-018050,6.10.0
1,pkg-018051,7.11.1
1,pkg-018052,8.12.2
1,pkg-018053,9.13.3
1,pkg-018054,1.14.4
1,pkg-018055,2.15.5
1,pkg-018056,3.16.6
1,pkg-018057,4.17.7
1,pkg-018058,5.18.8
1,pkg-018059,6.19.9
1,pkg-018060,7.0.0
1,pkg-018061,8.1.1
1,pkg-018062,9.2.2
1,pkg-018063,1.3.3
1,pkg-018064,2.4.4
1,pkg-018065,3.5.5
1,pkg-018066,4.6.6
1,pkg-018067,5.7.7
1,pkg-018068,6.8.8
1,pkg-018069,7.9.9
1,pkg-018070,8.10.0
1,pkg-018071,9.11.1
1,pkg-018072,1.12.2
1,pkg-018073,2.13.3
1,pkg-018074,3.14.4
1,pkg-018075,4.15.5
1,pkg-018076,5.16.6
1,pkg-018077,6.17.7
1,pkg-018078,7.18.8
1,pkg-018079,8.19.9
1,pkg-018080,9.0.0
1,pkg-018081,1.1.1
1,pkg-018082,2.2.2
1,pkg-018083,3.3.3
1,pkg-018084,4.4.4
1,pkg-018085,5.5.5
1,pkg-018086,6.6.6
1,pkg-018087,7.7.7
1,pkg-018088,8.8.8
1,pkg-018089,9.9.9
1,pkg-018090,1.10.0
1,pkg-018091,2.11.1
1,pkg-018092,3.12.2
1,pkg-018093,4.13.3
1,pkg-018094,5.14.4
1,pkg-018095,6.15.5
1,pkg-018096,7.16.6
1,pkg-018097,8.17.7
1,pkg-018098,9.18.8
1,pkg-018099,1.19.9
1,pkg-018100,2.0.0
1,pkg-018101,3.1.1
1,pkg-018102,4.2.2
1,pkg-018103,5.3.3
1,pkg-018104,6.4.4
1,pkg-018105,7.5.5
1,pkg-018106,8.6.6
1,pkg-018107,9.7.7
1,pkg-018108,1.8.8
1,pkg-018109,2.9.9
1,pkg-018110,3.10.0
1,pkg-018111,4.11.1
1,pkg-018112,5.12.2
1,pkg-018113,6.13.3
1,pkg-018114,7.14.4
1,pkg-018115,8.15.5
1,pkg-018116,9.16.6
1,pkg-018117,1.17.7
1,pkg-018118,2.18.8
1,pkg-018119,3.19.9
1,pkg-018120,4.0.0
1,pkg-018121,5.1.1
1,pkg-018122,6.2.2
1,pkg-018123,7.3.3
1,pkg-018124,8.4.4
1,pkg-018125,9.5.5
1,pkg-018126,1.6.6
1,pkg-018127,2.7.7
1,pkg-018128,3.8.8
1,pkg-018129,4.9.9
1,pkg-018130,5.10.0
1,pkg-018131,6.11.1
1,pkg-018132,7.12.2
1,pkg-018133,8.13.3
1,pkg-018134,9.14.4
1,pkg-018135,1.15.5
1,pkg-018136,2.16.6
1,pkg-018137,3.17.7
1,pkg-018138,4.18.8
1,pkg-018139,5.19.9
1,pkg-018140,6.0.0
1,pkg-018141,7.1.1
1,pkg-018142,8.2.2
1,pkg-018143,9.3.3
1,pkg-018144,1.4.4
1,pkg-018145,2.5.5
1,pkg-018146,3.6.6
1,pkg-018147,4.7.7
1,pkg-018148,5.8.8
1,pkg-018149,6.9.9
1,pkg-018150,7.10.0
1,pkg-018151,8.11.1
1,pkg-018152,9.12.2
1,pkg-018153,1.13.3
1,pkg-018154,2.14.4
1,pkg-018155,3.15.5
1,pkg-018156,4.16.6
1,pkg-018157,5.17.7
1,pkg-018158,6.18.8
1,pkg-018159,7.19.9
1,pkg-018160,8.0.0
1,pkg-018161,9.1.1
1,pkg-018162,1.2.2
1,pkg-018163,2.3.3
1,pkg-018164,3.4.4
1,pkg-018165,4.5.5
1,pkg-018166,5.6.6
1,pkg-018167,6.7.7
1,pkg-018168,7.8.8
1,pkg-018169,8.9.9
1,pkg-018170,9.10.0
1,pkg-018171,1.11.1
1,pkg-018172,2.12.2
1,pkg-018173,3.13.3
1,pkg-018174,4.14.4
1,pkg-018175,5.15.5
1,pkg-018176,6.16.6
1,pkg-018177,7.17.7
1,pkg-018178,8.18.8
1,pkg-018179,9.19.9
1,pkg-018180,1.0.0
1,pkg-018181,2.1.1
1,pkg-018182,3.2.2
1,pkg-018183,4.3.3
1,pkg-018184,5.4.4
1,pkg-018185,6.5.5
1,pkg-018186,7.6.6
1,pkg-018187,8.7.7
1,pkg-018188,9.8.8
1,pkg-018189,1.9.9
1,pkg-018190,2.10.0
1,pkg-018191,3.11.1
1,pkg-018192,4.12.2
1,pkg-018193,5.13.3
1,pkg-018194,6.14.4
1,pkg-018195,7.15.5
1,pkg-018196,8.16.6
1,pkg-018197,9.17.7
1,pkg-018198,1.18.8
1,pkg-018199,2.19.9
1,pkg-018200,3.0.0
1,pkg-018201,4.1.1
1,pkg-018202,5.2.2
1,pkg-018203,6.3.3
1,pkg-018204,7.4.4
1,pkg-018205,8.5.5
1,pkg-018206,9.6.6
1,pkg-018207,1.7.7
1,pkg-018208,2.8.8
1,pkg-018209,3.9.9
1,pkg-018210,4.10.0
1,pkg-018211,5.11.1
1,pkg-018212,6.12.2
1,pkg-018213,7.13.3
1,pkg-018214,8.14.4
1,pkg-018215,9.15.5
1,pkg-018216,1.16.6
1,pkg-018217,2.17.7
1,pkg-018218,3.18.8
1,pkg-018219,4.19.9
1,pkg-018220,5.0.0
1,pkg-018221,6.1.1
1,pkg-018222,7.2.2
1,pkg-018223,8.3.3
1,pkg-018224,9.4.4
1,pkg-018225,1.5.5
1,pkg-018226,2.6.6
1,pkg-018227,3.7.7
1,pkg-018228,4.8.8
1,pkg-018229,5.9.9
1,pkg-018230,6.10.0
1,pkg-018231,7.11.1
1,pkg-018232,8.12.2
1,pkg-018233,9.13.3
1,pkg-018234,1.14.4
1,pkg-018235,2.15.5
1,pkg-018236,3.16.6
1,pkg-018237,4.17.7
1,pkg-018238,5.18.8
1,pkg-018239,6.19.9
1,pkg-018240,7.0.0
1,pkg-018241,8.1.1
1,pkg-018242,9.2.2
1,pkg-018243,1.3.3
1,pkg-018244,2.4.4
1,pkg-018245,3.5.5
1,pkg-018246,4.6.6
1,pkg-018247,5.7.7
1,pkg-018248,6.8.8
1,pkg-018249,7.9.9
1,pkg-018250,8.10.0
1,pkg-018251,9.11.1
1,pkg-018252,1.12.2
1,pkg-018253,2.13.3
1,pkg-018254,3.14.4
1,pkg-018255,4.15.5
1,pkg-018256,5.16.6
1,pkg-018257,6.17.7
1,pkg-018258,7.18.8
1,pkg-018259,8.19.9
1,pkg-018260,9.0.0
1,pkg-018261,1.1.1
1,pkg-018262,2.2.2
1,pkg-018263,3.3.3
1,pkg-018264,4.4.4
1,pkg-018265,5.5.5
1,pkg-018266,6.6.6
1,pkg-018267,7.7.7
1,pkg-018268,8.8.8
1,pkg-018269,9.9.9
1,pkg-018270,1.10.0
1,pkg-018271,2.11.1
1,pkg-018272,3.12.2
1,pkg-018273,4.13.3
1,pkg-018274,5.14.4
1,pkg-018275,6.15.5
1,pkg-018276,7.16.6
1,pkg-018277,8.17.7
1,pkg-018278,9.18.8
1,pkg-018279,1.19.9
1,pkg-018280,2.0.0
1,pkg-018281,3.1.1
1,pkg-018282,4.2.2
1,pkg-018283,5.3.3
1,pkg-018284,6.4.4
1,pkg-018285,7.5.5
1,pkg-018286,8.6.6
1,pkg-018287,9.7.7
1,pkg-018288,1.8.8
1,pkg-018289,2.9.9
1,pkg-018290,3.10.0
1,pkg-018291,4.11.1
1,pkg-018292,5.12.2
1,pkg-018293,6.13.3
1,pkg-018294,7.14.4
1,pkg-018295,8.15.5
1,pkg-018296,9.16.6
1,pkg-018297,1.17.7
1,pkg-018298,2.18.8
1,pkg-018299,3.19.9
1,pkg-018300,4.0.0
1,pkg-018301,5.1.1
1,pkg-018302,6.2.2
1,pkg-018303,7.3.3
1,pkg-018304,8.4.4
1,pkg-018305,9.5.5
1,pkg-018306,1.6.6
1,pkg-018307,2.7.7
1,pkg-018308,3.8.8
1,pkg-018309,4.9.9
1,pkg-018310,5.10.0
1,pkg-018311,6.11.1
1,pkg-018312,7.12.2
1,pkg-018313,8.13.3
1,pkg-018314,9.14.4
1,pkg-018315,1.15.5
1,pkg-018316,2.16.6
1,pkg-018317,3.17.7
1,pkg-018318,4.18.8
1,pkg-018319,5.19.9
1,pkg-018320,6.0.0
1,pkg-018321,7.1.1
1,pkg-018322,8.2.2
1,pkg-018323,9.3.3
1,pkg-018324,1.4.4
1,pkg-018325,2.5.5
1,pkg-018326,3.6.6
1,pkg-018327,4.7.7
1,pkg-018328,5.8.8
1,pkg-018329,6.9.9
1,pkg-018330,7.10.0
1,pkg-018331,8.11.1
1,pkg-018332,9.12.2
1,pkg-018333,1.13.3
1,pkg-018334,2.14.4
1,pkg-018335,3.15.5
1,pkg-018336,4.16.6
1,pkg-018337,5.17.7
1,pkg-018338,6.18.8
1,pkg-018339,7.19.9
1,pkg-018340,8.0.0
1,pkg-018341,9.1.1
1,pkg-018342,1.2.2
1,pkg-018343,2.3.3
1,pkg-018344,3.4.4
1,pkg-018345,4.5.5
1,pkg-018346,5.6.6
1,pkg-018347,6.7.7
1,pkg-018348,7.8.8
1,pkg-018349,8.9.9
1,pkg-018350,9.10.0
1,pkg-018351,1.11.1
1,pkg-018352,2.12.2
1,pkg-018353,3.13.3
1,pkg-018354,4.14.4
1,pkg-018355,5.15.5
1,pkg-018356,6.16.6
1,pkg-018357,7.17.7
1,pkg-018358,8.18.8
1,pkg-018359,9.19.9
1,pkg-018360,1.0.0
1,pkg-018361,2.1.1
1,pkg-018362,3.2.2
1,pkg-018363,4.3.3
1,pkg-018364,5.4.4
1,pkg-018365,6.5.5
1,pkg-018366,7.6.6
1,pkg-018367,8.7.7
1,pkg-018368,9.8.8
1,pkg-018369,1.9.9
1,pkg-018370,2.10.0
1,pkg-018371,3.11.1
1,pkg-018372,4.12.2
1,pkg-018373,5.13.3
1,pkg-018374,6.14.4
1,pkg-018375,7.15.5
1,pkg-018376,8.16.6
1,pkg-018377,9.17.7
1,pkg-018378,1.18.8
1,pkg-018379,2.19.9
1,pkg-018380,3.0.0
1,pkg-018381,4.1.1
1,pkg-018382,5.2.2
1,pkg-018383,6.3.3
1,pkg-018384,7.4.4
1,pkg-018385,8.5.5
1,pkg-018386,9.6.6
1,pkg-018387,1.7.7
1,pkg-018388,2.8.8
1,pkg-018389,3.9.9
1,pkg-018390,4.10.0
1,pkg-018391,5.11.1
1,pkg-018392,6.12.2
1,pkg-018393,7.13.3
1,pkg-018394,8.14.4
1,pkg-018395,9.15.5
1,pkg-018396,1.16.6
1,pkg-018397,2.17.7
1,pkg-018398,3.18.8
1,pkg-018399,4.19.9
1,pkg-018400,5.0.0
1,pkg-018401,6.1.1
1,pkg-018402,7.2.2
1,pkg-018403,8.3.3
1,pkg-018404,9.4.4
1,pkg-018405,1.5.5
1,pkg-018406,2.6.6
1,pkg-018407,3.7.7
1,pkg-018408,4.8.8
1,pkg-018409,5.9.9
1,pkg-018410,6.10.0
1,pkg-018411,7.11.1
1,pkg-018412,8.12.2
1,pkg-018413,9.13.3
1,pkg-018414,1.14.4
1,pkg-018415,2.15.5
1,pkg-018416,3.16.6
1,pkg-018417,4.17.7
1,pkg-018418,5.18.8
1,pkg-018419,6.19.9
1,pkg-018420,7.0.0
1,pkg-018421,8.1.1
1,pkg-018422,9.2.2
1,pkg-018423,1.3.3
1,pkg-018424,2.4.4
1,pkg-018425,3.5.5
1,pkg-018426,4.6.6
1,pkg-018427,5.7.7
1,pkg-018428,6.8.8
1,pkg-018429,7.9.9
1,pkg-018430,8.10.0
1,pkg-018431,9.11.1
1,pkg-018432,1.12.2
1,pkg-018433,2.13.3
1,pkg-018434,3.14.4
1,pkg-018435,4.15.5
1,pkg-018436,5.16.6
1,pkg-018437,6.17.7
1,pkg-018438,7.18.8
1,pkg-018439,8.19.9
1,pkg-018440,9.0.0
1,pkg-018441,1.1.1
1,pkg-018442,2.2.2
1,pkg-018443,3.3.3
1,pkg-018444,4.4.4
1,pkg-018445,5.5.5
1,pkg-018446,6.6.6
1,pkg-018447,7.7.7
1,pkg-018448,8.8.8
1,pkg-018449,9.9.9
1,pkg-018450,1.10.0
1,pkg-018451,2.11.1
1,pkg-018452,3.12.2
1,pkg-018453,4.13.3
1,pkg-018454,5.14.4
1,pkg-018455,6.15.5
1,pkg-018456,7.16.6
1,pkg-018457,8.17.7
1,pkg-018458,9.18.8
1,pkg-018459,1.19.9
1,pkg-018460,2.0.0
1,pkg-018461,3.1.1
1,pkg-018462,4.2.2
1,pkg-018463,5.3.3
1,pkg-018464,6.4.4
1,pkg-018465,7.5.5
1,pkg-018466,8.6.6
1,pkg-018467,9.7.7
1,pkg-018468,1.8.8
1,pkg-018469,2.9.9
1,pkg-018470,3.10.0
1,pkg-018471,4.11.1
1,pkg-018472,5.12.2
1,pkg-018473,6.13.3
1,pkg-018474,7.14.4
1,pkg-018475,8.15.5
1,pkg-018476,9.16.6
1,pkg-018477,1.17.7
1,pkg-018478,2.18.8
1,pkg-018479,3.19.9
1,pkg-018480,4.0.0
1,pkg-018481,5.1.1
1,pkg-018482,6.2.2
1,pkg-018483,7.3.3
1,pkg-018484,8.4.4
1,pkg-018485,9.5.5
1,pkg-018486,1.6.6
1,pkg-018487,2.7.7
1,pkg-018488,3.8.8
1,pkg-018489,4.9.9
1,pkg-018490,5.10.0
1,pkg-018491,6.11.1
1,pkg-018492,7.12.2
1,pkg-018493,8.13.3
1,pkg-018494,9.14.4
1,pkg-018495,1.15.5
1,pkg-018496,2.16.6
1,pkg-018497,3.17.7
1,pkg-018498,4.18.8
1,pkg-018499,5.19.9
1,pkg-018500,6.0.0
1,pkg-018501,7.1.1
1,pkg-018502,8.2.2
1,pkg-018503,9.3.3
1,pkg-018504,1.4.4
1,pkg-018505,2.5.5
1,pkg-018506,3.6.6
1,pkg-018507,4.7.7
1,pkg-018508,5.8.8
1,pkg-018509,6.9.9
1,pkg-018510,7.10.0
1,pkg-018511,8.11.1
1,pkg-018512,9.12.2
1,pkg-018513,1.13.3
1,pkg-018514,2.14.4
1,pkg-018515,3.15.5
1,pkg-018516,4.16.6
1,pkg-018517,5.17.7
1,pkg-018518,6.18.8
1,pkg-018519,7.19.9
1,pkg-018520,8.0.0
1,pkg-018521,9.1.1
1,pkg-018522,1.2.2
1,pkg-018523,2.3.3
1,pkg-018524,3.4.4
1,pkg-018525,4.5.5
1,pkg-018526,5.6.6
1,pkg-018527,6.7.7
1,pkg-018528,7.8.8
1,pkg-018529,8.9.9
1,pkg-018530,9.10.0
1,pkg-018531,1.11.1
1,pkg-018532,2.12.2
1,pkg-018533,3.13.3
1,pkg-018534,4.14.4
1,pkg-018535,5.15.5
1,pkg-018536,6.16.6
1,pkg-018537,7.17.7
1,pkg-018538,8.18.8
1,pkg-018539,9.19.9
1,pkg-018540,1.0.0
1,pkg-018541,2.1.1
1,pkg-018542,3.2.2
1,pkg-018543,4.3.3
1,pkg-018544,5.4.4
1,pkg-018545,6.5.5
1,pkg-018546,7.6.6
1,pkg-018547,8.7.7
1,pkg-018548,9.8.8
1,pkg-018549,1.9.9
1,pkg-018550,2.10.0
1,pkg-018551,3.11.1
1,pkg-018552,4.12.2
1,pkg-018553,5.13.3
1,pkg-018554,6.14.4
1,pkg-018555,7.15.5
1,pkg-018556,8.16.6
1,pkg-018557,9.17.7
1,pkg-018558,1.18.8
1,pkg-018559,2.19.9
1,pkg-018560,3.0.0
1,pkg-018561,4.1.1
1,pkg-018562,5.2.2
1,pkg-018563,6.3.3
1,pkg-018564,7.4.4
1,pkg-018565,8.5.5
1,pkg-018566,9.6.6
1,pkg-018567,1.7.7
1,pkg-018568,2.8.8
1,pkg-018569,3.9.9
1,pkg-018570,4.10.0
1,pkg-018571,5.11.1
1,pkg-018572,6.12.2
1,pkg-018573,7.13.3
1,pkg-018574,8.14.4
1,pkg-018575,9.15.5
1,pkg-018576,1.16.6
1,pkg-018577,2.17.7
1,pkg-018578,3.18.8
1,pkg-018579,4.19.9
1,pkg-018580,5.0.0
1,pkg-018581,6.1.1
1,pkg-018582,7.2.2
1,pkg-018583,8.3.3
1,pkg-018584,9.4.4
1,pkg-018585,1.5.5
1,pkg-018586,2.6.6
1,pkg-018587,3.7.7
1,pkg-018588,4.8.8
1,pkg-018589,5.9.9
1,pkg-018590,6.10.0
1,pkg-018591,7.11.1
1,pkg-018592,8.12.2
1,pkg-018593,9.13.3
1,pkg-018594,1.14.4
1,pkg-018595,2.15.5
1,pkg-018596,3.16.6
1,pkg-018597,4.17.7
1,pkg-018598,5.18.8
1,pkg-018599,6.19.9
1,pkg-018600,7.0.0
1,pkg-018601,8.1.1
1,pkg-018602,9.2.2
1,pkg-018603,1.3.3
1,pkg-018604,2.4.4
1,pkg-018605,3.5.5
1,pkg-018606,4.6.6
1,pkg-018607,5.7.7
1,pkg-018608,6.8.8
1,pkg-018609,7.9.9
1,pkg-018610,8.10.0
1,pkg-018611,9.11.1
1,pkg-018612,1.12.2
1,pkg-018613,2.13.3
1,pkg-018614,3.14.4
1,pkg-018615,4.15.5
1,pkg-018616,5.16.6
1,pkg-018617,6.17.7
1,pkg-018618,7.18.8
1,pkg-018619,8.19.9
1,pkg-018620,9.0.0
1,pkg-018621,1.1.1
1,pkg-018622,2.2.2
1,pkg-018623,3.3.3
1,pkg-018624,4.4.4
1,pkg-018625,5.5.5
1,pkg-018626,6.6.6
1,pkg-018627,7.7.7
1,pkg-018628,8.8.8
1,pkg-018629,9.9.9
1,pkg-018630,1.10.0
1,pkg-018631,2.11.1
1,pkg-018632,3.12.2
1,pkg-018633,4.13.3
1,pkg-018634,5.14.4
1,pkg-018635,6.15.5
1,pkg-018636,7.16.6
1,pkg-018637,8.17.7
1,pkg-018638,9.18.8
1,pkg-018639,1.19.9
1,pkg-018640,2.0.0
1,pkg-018641,3.1.1
1,pkg-018642,4.2.2
1,pkg-018643,5.3.3
1,pkg-018644,6.4.4
1,pkg-018645,7.5.5
1,pkg-018646,8.6.6
1,pkg-018647,9.7.7
1,pkg-018648,1.8.8
1,pkg-018649,2.9.9
1,pkg-018650,3.10.0
1,pkg-018651,4.11.1
1,pkg-018652,5.12.2
1,pkg-018653,6.13.3
1,pkg-018654,7.14.4
1,pkg-018655,8.15.5
1,pkg-018656,9.16.6
1,pkg-018657,1.17.7
1,pkg-018658,2.18.8
1,pkg-018659,3.19.9
1,pkg-018660,4.0.0
1,pkg-018661,5.1.1
1,pkg-018662,6.2.2
1,pkg-018663,7.3.3
1,pkg-018664,8.4.4
1,pkg-018665,9.5.5
1,pkg-018666,1.6.6
1,pkg-018667,2.7.7
1,pkg-018668,3.8.8
1,pkg-018669,4.9.9
1,pkg-018670,5.10.0
1,pkg-018671,6.11.1
1,pkg-018672,7.12.2
1,pkg-018673,8.13.3
1,pkg-018674,9.14.4
1,pkg-018675,1.15.5
1,pkg-018676,2.16.6
1,pkg-018677,3.17.7
1,pkg-018678,4.18.8
1,pkg-018679,5.19.9
1,pkg-018680,6.0.0
1,pkg-018681,7.1.1
1,pkg-018682,8.2.2
1,pkg-018683,9.3.3
1,pkg-018684,1.4.4
1,pkg-018685,2.5.5
1,pkg-018686,3.6.6
1,pkg-018687,4.7.7
1,pkg-018688,5.8.8
1,pkg-018689,6.9.9
1,pkg-018690,7.10.0
1,pkg-018691,8.11.1
1,pkg-018692,9.12.2
1,pkg-018693,1.13.3
1,pkg-018694,2.14.4
1,pkg-018695,3.15.5
1,pkg-018696,4.16.6
1,pkg-018697,5.17.7
1,pkg-018698,6.18.8
1,pkg-018699,7.19.9
1,pkg-018700,8.0.0
1,pkg-018701,9.1.1
1,pkg-018702,1.2.2
1,pkg-018703,2.3.3
1,pkg-018704,3.4.4
1,pkg-018705,4.5.5
1,pkg-018706,5.6.6
1,pkg-018707,6.7.7
1,pkg-018708,7.8.8
1,pkg-018709,8.9.9
1,pkg-018710,9.10.0
1,pkg-018711,1.11.1
1,pkg-018712,2.12.2
1,pkg-018713,3.13.3
1,pkg-018714,4.14.4
1,pkg-018715,5.15.5
1,pkg-018716,6.16.6
1,pkg-018717,7.17.7
1,pkg-018718,8.18.8
1,pkg-018719,9.19.9
1,pkg-018720,1.0.0
1,pkg-018721,2.1.1
1,pkg-018722,3.2.2
1,pkg-018723,4.3.3
1,pkg-018724,5.4.4
1,pkg-018725,6.5.5
1,pkg-018726,7.6.6
1,pkg-018727,8.7.7
1,pkg-018728,9.8.8
1,pkg-018729,1.9.9
1,pkg-018730,2.10.0
1,pkg-018731,3.11.1
1,pkg-018732,4.12.2
1,pkg-018733,5.13.3
1,pkg-018734,6.14.4
1,pkg-018735,7.15.5
1,pkg-018736,8.16.6
1,pkg-018737,9.17.7
1,pkg-018738,1.18.8
1,pkg-018739,2.19.9
1,pkg-018740,3.0.0
1,pkg-018741,4.1.1
1,pkg-018742,5.2.2
1,pkg-018743,6.3.3
1,pkg-018744,7.4.4
1,pkg-018745,8.5.5
1,pkg-018746,9.6.6
1,pkg-018747,1.7.7
1,pkg-018748,2.8.8
1,pkg-018749,3.9.9
1,pkg-018750,4.10.0
1,pkg-018751,5.11.1
1,pkg-018752,6.12.2
1,pkg-018753,7.13.3
1,pkg-018754,8.14.4
1,pkg-018755,9.15.5
1,pkg-018756,1.16.6
1,pkg-018757,2.17.7
1,pkg-018758,3.18.8
1,pkg-018759,4.19.9
1,pkg-018760,5.0.0
1,pkg-018761,6.1.1
1,pkg-018762,7.2.2
1,pkg-018763,8.3.3
1,pkg-018764,9.4.4
1,pkg-018765,1.5.5
1,pkg-018766,2.6.6
1,pkg-018767,3.7.7
1,pkg-018768,4.8.8
1,pkg-018769,5.9.9
1,pkg-018770,6.10.0
1,pkg-018771,7.11.1
1,pkg-018772,8.12.2
1,pkg-018773,9.13.3
1,pkg-018774,1.14.4
1,pkg-018775,2.15.5
1,pkg-018776,3.16.6
1,pkg-018777,4.17.7
1,pkg-018778,5.18.8
1,pkg-018779,6.19.9
1,pkg-018780,7.0.0
1,pkg-018781,8.1.1
1,pkg-018782,9.2.2
1,pkg-018783,1.3.3
1,pkg-018784,2.4.4
1,pkg-018785,3.5.5
1,pkg-018786,4.6.6
1,pkg-018787,5.7.7
1,pkg-018788,6.8.8
1,pkg-018789,7.9.9
1,pkg-018790,8.10.0
1,pkg-018791,9.11.1
1,pkg-018792,1.12.2
1,pkg-018793,2.13.3
1,pkg-018794,3.14.4
1,pkg-018795,4.15.5
1,pkg-018796,5.16.6
1,pkg-018797,6.17.7
1,pkg-018798,7.18.8
1,pkg-018799,8.19.9
1,pkg-018800,9.0.0
1,pkg-018801,1.1.1
1,pkg-018802,2.2.2
1,pkg-018803,3.3.3
1,pkg-018804,4.4.4
1,pkg-018805,5.5.5
1,pkg-018806,6.6.6
1,pkg-018807,7.7.7
1,pkg-018808,8.8.8
1,pkg-018809,9.9.9
1,pkg-018810,1.10.0
1,pkg-018811,2.11.1
1,pkg-018812,3.12.2
1,pkg-018813,4.13.3
1,pkg-018814,5.14.4
1,pkg-018815,6.15.5
1,pkg-018816,7.16.6
1,pkg-018817,8.17.7
1,pkg-018818,9.18.8
1,pkg-018819,1.19.9
1,pkg-018820,2.0.0
1,pkg-018821,3.1.1
1,pkg-018822,4.2.2
1,pkg-018823,5.3.3
1,pkg-018824,6.4.4
1,pkg-018825,7.5.5
1,pkg-018826,8.6.6
1,pkg-018827,9.7.7
1,pkg-018828,1.8.8
1,pkg-018829,2.9.9
1,pkg-018830,3.10.0
1,pkg-018831,4.11.1
1,pkg-018832,5.12.2
1,pkg-018833,6.13.3
1,pkg-018834,7.14.4
1,pkg-018835,8.15.5
1,pkg-018836,9.16.6
1,pkg-018837,1.17.7
1,pkg-018838,2.18.8
1,pkg-018839,3.19.9
1,pkg-018840,4.0.0
1,pkg-018841,5.1.1
1,pkg-018842,6.2.2
1,pkg-018843,7.3.3
1,pkg-018844,8.4.4
1,pkg-018845,9.5.5
1,pkg-018846,1.6.6
1,pkg-018847,2.7.7
1,pkg-018848,3.8.8
1,pkg-018849,4.9.9
1,pkg-018850,5.10.0
1,pkg-018851,6.11.1
1,pkg-018852,7.12.2
1,pkg-018853,8.13.3
1,pkg-018854,9.14.4
1,pkg-018855,1.15.5
1,pkg-018856,2.16.6
1,pkg-018857,3.17.7
1,pkg-018858,4.18.8
1,pkg-018859,5.19.9
1,pkg-018860,6.0.0
1,pkg-018861,7.1.1
1,pkg-018862,8.2.2
1,pkg-018863,9.3.3
1,pkg-018864,1.4.4
1,pkg-018865,2.5.5
1,pkg-018866,3.6.6
1,pkg-018867,4.7.7
1,pkg-018868,5.8.8
1,pkg-018869,6.9.9
1,pkg-018870,7.10.0
1,pkg-018871,8.11.1
1,pkg-018872,9.12.2
1,pkg-018873,1.13.3
1,pkg-018874,2.14.4
1,pkg-018875,3.15.5
1,pkg-018876,4.16.6
1,pkg-018877,5.17.7
1,pkg-018878,6.18.8
1,pkg-018879,7.19.9
1,pkg-018880,8.0.0
1,pkg-018881,9.1.1
1,pkg-018882,1.2.2
1,pkg-018883,2.3.3
1,pkg-018884,3.4.4
1,pkg-018885,4.5.5
1,pkg-018886,5.6.6
1,pkg-018887,6.7.7
1,pkg-018888,7.8.8
1,pkg-018889,8.9.9
1,pkg-018890,9.10.0
1,pkg-018891,1.11.1
1,pkg-018892,2.12.2
1,pkg-018893,3.13.3
1,pkg-018894,4.14.4
1,pkg-018895,5.15.5
1,pkg-018896,6.16.6
1,pkg-018897,7.17.7
1,pkg-018898,8.18.8
1,pkg-018899,9.19.9
1,pkg-018900,1.0.0
1,pkg-018901,2.1.1
1,pkg-018902,3.2.2
1,pkg-018903,4.3.3
1,pkg-018904,5.4.4
1,pkg-018905,6.5.5
1,pkg-018906,7.6.6
1,pkg-018907,8.7.7
1,pkg-018908,9.8.8
1,pkg-018909,1.9.9
1,pkg-018910,2.10.0
1,pkg-018911,3.11.1
1,pkg-018912,4.12.2
1,pkg-018913,5.13.3
1,pkg-018914,6.14.4
1,pkg-018915,7.15.5
1,pkg-018916,8.16.6
1,pkg-018917,9.17.7
1,pkg-018918,1.18.8
1,pkg-018919,2.19.9
1,pkg-018920,3.0.0
1,pkg-018921,4.1.1
1,pkg-018922,5.2.2
1,pkg-018923,6.3.3
1,pkg-018924,7.4.4
1,pkg-018925,8.5.5
1,pkg-018926,9.6.6
1,pkg-018927,1.7.7
1,pkg-018928,2.8.8
1,pkg-018929,3.9.9
1,pkg-018930,4.10.0
1,pkg-018931,5.11.1
1,pkg-018932,6.12.2
1,pkg-018933,7.13.3
1,pkg-018934,8.14.4
1,pkg-018935,9.15.5
1,pkg-018936,1.16.6
1,pkg-018937,2.17.7
1,pkg-018938,3.18.8
1,pkg-018939,4.19.9
1,pkg-018940,5.0.0
1,pkg-018941,6.1.1
1,pkg-018942,7.2.2
1,pkg-018943,8.3.3
1,pkg-018944,9.4.4
1,pkg-018945,1.5.5
1,pkg-018946,2.6.6
1,pkg-018947,3.7.7
1,pkg-018948,4.8.8
1,pkg-018949,5.9.9
1,pkg-018950,6.10.0
1,pkg-018951,7.11.1
1,pkg-018952,8.12.2
1,pkg-018953,9.13.3
1,pkg-018954,1.14.4
1,pkg-018955,2.15.5
1,pkg-018956,3.16.6
1,pkg-018957,4.17.7
1,pkg-018958,5.18.8
1,pkg-018959,6.19.9
1,pkg-018960,7.0.0
1,pkg-018961,8.1.1
1,pkg-018962,9.2.2
1,pkg-018963,1.3.3
1,pkg-018964,2.4.4
1,pkg-018965,3.5.5
1,pkg-018966,4.6.6
1,pkg-018967,5.7.7
1,pkg-018968,6.8.8
1,pkg-018969,7.9.9
1,pkg-018970,8.10.0
1,pkg-018971,9.11.1
1,pkg-018972,1.12.2
1,pkg-018973,2.13.3
1,pkg-018974,3.14.4
1,pkg-018975,4.15.5
1,pkg-018976,5.16.6
1,pkg-018977,6.17.7
1,pkg-018978,7.18.8
1,pkg-018979,8.19.9
1,pkg-018980,9.0.0
1,pkg-018981,1.1.1
1,pkg-018982,2.2.2
1,pkg-018983,3.3.3
1,pkg-018984,4.4.4
1,pkg-018985,5.5.5
1,pkg-018986,6.6.6
1,pkg-018987,7.7.7
1,pkg-018988,8.8.8
1,pkg-018989,9.9.9
1,pkg-018990,1.10.0
1,pkg-018991,2.11.1
1,pkg-018992,3.12.2
1,pkg-018993,4.13.3
1,pkg-018994,5.14.4
1,pkg-018995,6.15.5
1,pkg-018996,7.16.6
1,pkg-018997,8.17.7
1,pkg-018998,9.18.8
1,pkg-018999,1.19.9
1,pkg-019000,2.0.0
1,pkg-019001,3.1.1
1,pkg-019002,4.2.2
1,pkg-019003,5.3.3
1,pkg-019004,6.4.4
1,pkg-019005,7.5.5
1,pkg-019006,8.6.6
1,pkg-019007,9.7.7
1,pkg-019008,1.8.8
1,pkg-019009,2.9.9
1,pkg-019010,3.10.0
1,pkg-019011,4.11.1
1,pkg-019012,5.12.2
1,pkg-019013,6.13.3
1,pkg-019014,7.14.4
1,pkg-019015,8.15.5
1,pkg-019016,9.16.6
1,pkg-019017,1.17.7
1,pkg-019018,2.18.8
1,pkg-019019,3.19.9
1,pkg-019020,4.0.0
1,pkg-019021,5.1.1
1,pkg-019022,6.2.2
1,pkg-019023,7.3.3
1,pkg-019024,8.4.4
1,pkg-019025,9.5.5
1,pkg-019026,1.6.6
1,pkg-019027,2.7.7
1,pkg-019028,3.8.8
1,pkg-019029,4.9.9
1,pkg-019030,5.10.0
1,pkg-019031,6.11.1
1,pkg-019032,7.12.2
1,pkg-019033,8.13.3
1,pkg-019034,9.14.4
1,pkg-019035,1.15.5
1,pkg-019036,2.16.6
1,pkg-019037,3.17.7
1,pkg-019038,4.18.8
1,pkg-019039,5.19.9
1,pkg-019040,6.0.0
1,pkg-019041,7.1.1
1,pkg-019042,8.2.2
1,pkg-019043,9.3.3
1,pkg-019044,1.4.4
1,pkg-019045,2.5.5
1,pkg-019046,3.6.6
1,pkg-019047,4.7.7
1,pkg-019048,5.8.8
1,pkg-019049,6.9.9
1,pkg-019050,7.10.0
1,pkg-019051,8.11.1
1,pkg-019052,9.12.2
1,pkg-019053,1.13.3
1,pkg-019054,2.14.4
1,pkg-019055,3.15.5
1,pkg-019056,4.16.6
1,pkg-019057,5.17.7
1,pkg-019058,6.18.8
1,pkg-019059,7.19.9
1,pkg-019060,8.0.0
1,pkg-019061,9.1.1
1,pkg-019062,1.2.2
1,pkg-019063,2.3.3
1,pkg-019064,3.4.4
1,pkg-019065,4.5.5
1,pkg-019066,5.6.6
1,pkg-019067,6.7.7
1,pkg-019068,7.8.8
1,pkg-019069,8.9.9
1,pkg-019070,9.10.0
1,pkg-019071,1.11.1
1,pkg-019072,2.12.2
1,pkg-019073,3.13.3
1,pkg-019074,4.14.4
1,pkg-019075,5.15.5
1,pkg-019076,6.16.6
1,pkg-019077,7.17.7
1,pkg-019078,8.18.8
1,pkg-019079,9.19.9
1,pkg-019080,1.0.0
1,pkg-019081,2.1.1
1,pkg-019082,3.2.2
1,pkg-019083,4.3.3
1,pkg-019084,5.4.4
1,pkg-019085,6.5.5
1,pkg-019086,7.6.6
1,pkg-019087,8.7.7
1,pkg-019088,9.8.8
1,pkg-019089,1.9.9
1,pkg-019090,2.10.0
1,pkg-019091,3.11.1
1,pkg-019092,4.12.2
1,pkg-019093,5.13.3
1,pkg-019094,6.14.4
1,pkg-019095,7.15.5
1,pkg-019096,8.16.6
1,pkg-019097,9.17.7
1,pkg-019098,1.18.8
1,pkg-019099,2.19.9
1,pkg-019100,3.0.0
1,pkg-019101,4.1.1
1,pkg-019102,5.2.2
1,pkg-019103,6.3.3
1,pkg-019104,7.4.4
1,pkg-019105,8.5.5
1,pkg-019106,9.6.6
1,pkg-019107,1.7.7
1,pkg-019108,2.8.8
1,pkg-019109,3.9.9
1,pkg-019110,4.10.0
1,pkg-019111,5.11.1
1,pkg-019112,6.12.2
1,pkg-019113,7.13.3
1,pkg-019114,8.14.4
1,pkg-019115,9.15.5
1,pkg-019116,1.16.6
1,pkg-019117,2.17.7
1,pkg-019118,3.18.8
1,pkg-019119,4.19.9
1,pkg-019120,5.0.0
1,pkg-019121,6.1.1
1,pkg-019122,7.2.2
1,pkg-019123,8.3.3
1,pkg-019124,9.4.4
1,pkg-019125,1.5.5
1,pkg-019126,2.6.6
1,pkg-019127,3.7.7
1,pkg-019128,4.8.8
1,pkg-019129,5.9.9
1,pkg-019130,6.10.0
1,pkg-019131,7.11.1
1,pkg-019132,8.12.2
1,pkg-019133,9.13.3
1,pkg-019134,1.14.4
1,pkg-019135,2.15.5
1,pkg-019136,3.16.6
1,pkg-019137,4.17.7
1,pkg-019138,5.18.8
1,pkg-019139,6.19.9
1,pkg-019140,7.0.0
1,pkg-019141,8.1.1
1,pkg-019142,9.2.2
1,pkg-019143,1.3.3
1,pkg-019144,2.4.4
1,pkg-019145,3.5.5
1,pkg-019146,4.6.6
1,pkg-019147,5.7.7
1,pkg-019148,6.8.8
1,pkg-019149,7.9.9
1,pkg-019150,8.10.0
1,pkg-019151,9.11.1
1,pkg-019152,1.12.2
1,pkg-019153,2.13.3
1,pkg-019154,3.14.4
1,pkg-019155,4.15.5
1,pkg-019156,5.16.6
1,pkg-019157,6.17.7
1,pkg-019158,7.18.8
1,pkg-019159,8.19.9
1,pkg-019160,9.0.0
1,pkg-019161,1.1.1
1,pkg-019162,2.2.2
1,pkg-019163,3.3.3
1,pkg-019164,4.4.4
1,pkg-019165,5.5.5
1,pkg-019166,6.6.6
1,pkg-019167,7.7.7
1,pkg-019168,8.8.8
1,pkg-019169,9.9.9
1,pkg-019170,1.10.0
1,pkg-019171,2.11.1
1,pkg-019172,3.12.2
1,pkg-019173,4.13.3
1,pkg-019174,5.14.4
1,pkg-019175,6.15.5
1,pkg-019176,7.16.6
1,pkg-019177,8.17.7
1,pkg-019178,9.18.8
1,pkg-019179,1.19.9
1,pkg-019180,2.0.0
1,pkg-019181,3.1.1
1,pkg-019182,4.2.2
1,pkg-019183,5.3.3
1,pkg-019184,6.4.4
1,pkg-019185,7.5.5
1,pkg-019186,8.6.6
1,pkg-019187,9.7.7
1,pkg-019188,1.8.8
1,pkg-019189,2.9.9
1,pkg-019190,3.10.0
1,pkg-019191,4.11.1
1,pkg-019192,5.12.2
1,pkg-019193,6.13.3
1,pkg-019194,7.14.4
1,pkg-019195,8.15.5
1,pkg-019196,9.16.6
1,pkg-019197,1.17.7
1,pkg-019198,2.18.8
1,pkg-019199,3.19.9
1,pkg-019200,4.0.0
1,pkg-019201,5.1.1
1,pkg-019202,6.2.2
1,pkg-019203,7.3.3
1,pkg-019204,8.4.4
1,pkg-019205,9.5.5
1,pkg-019206,1.6.6
1,pkg-019207,2.7.7
1,pkg-019208,3.8.8
1,pkg-019209,4.9.9
1,pkg-019210,5.10.0
1,pkg-019211,6.11.1
1,pkg-019212,7.12.2
1,pkg-019213,8.13.3
1,pkg-019214,9.14.4
1,pkg-019215,1.15.5
1,pkg-019216,2.16.6
1,pkg-019217,3.17.7
1,pkg-019218,4.18.8
1,pkg-019219,5.19.9
1,pkg-019220,6.0.0
1,pkg-019221,7.1.1
1,pkg-019222,8.2.2
1,pkg-019223,9.3.3
1,pkg-019224,1.4.4
1,pkg-019225,2.5.5
1,pkg-019226,3.6.6
1,pkg-019227,4.7.7
1,pkg-019228,5.8.8
1,pkg-019229,6.9.9
1,pkg-019230,7.10.0
1,pkg-019231,8.11.1
1,pkg-019232,9.12.2
1,pkg-019233,1.13.3
1,pkg-019234,2.14.4
1,pkg-019235,3.15.5
1,pkg-019236,4.16.6
1,pkg-019237,5.17.7
1,pkg-019238,6.18.8
1,pkg-019239,7.19.9
1,pkg-019240,8.0.0
1,pkg-019241,9.1.1
1,pkg-019242,1.2.2
1,pkg-019243,2.3.3
1,pkg-019244,3.4.4
1,pkg-019245,4.5.5
1,pkg-019246,5.6.6
1,pkg-019247,6.7.7
1,pkg-019248,7.8.8
1,pkg-019249,8.9.9
1,pkg-019250,9.10.0
1,pkg-019251,1.11.1
1,pkg-019252,2.12.2
1,pkg-019253,3.13.3
1,pkg-019254,4.14.4
1,pkg-019255,5.15.5
1,pkg-019256,6.16.6
1,pkg-019257,7.17.7
1,pkg-019258,8.18.8
1,pkg-019259,9.19.9
1,pkg-019260,1.0.0
1,pkg-019261,2.1.1
1,pkg-019262,3.2.2
1,pkg-019263,4.3.3
1,pkg-019264,5.4.4
1,pkg-019265,6.5.5
1,pkg-019266,7.6.6
1,pkg-019267,8.7.7
1,pkg-019268,9.8.8
1,pkg-019269,1.9.9
1,pkg-019270,2.10.0
1,pkg-019271,3.11.1
1,pkg-019272,4.12.2
1,pkg-019273,5.13.3
1,pkg-019274,6.14.4
1,pkg-019275,7.15.5
1,pkg-019276,8.16.6
1,pkg-019277,9.17.7
1,pkg-019278,1.18.8
1,pkg-019279,2.19.9
1,pkg-019280,3.0.0
1,pkg-019281,4.1.1
1,pkg-019282,5.2.2
1,pkg-019283,6.3.3
1,pkg-019284,7.4.4
1,pkg-019285,8.5.5
1,pkg-019286,9.6.6
1,pkg-019287,1.7.7
1,pkg-019288,2.8.8
1,pkg-019289,3.9.9
1,pkg-019290,4.10.0
1,pkg-019291,5.11.1
1,pkg-019292,6.12.2
1,pkg-019293,7.13.3
1,pkg-019294,8.14.4
1,pkg-019295,9.15.5
1,pkg-019296,1.16.6
1,pkg-019297,2.17.7
1,pkg-019298,3.18.8
1,pkg-019299,4.19.9
1,pkg-019300,5.0.0
1,pkg-019301,6.1.1
1,pkg-019302,7.2.2
1,pkg-019303,8.3.3
1,pkg-019304,9.4.4
1,pkg-019305,1.5.5
1,pkg-019306,2.6.6
1,pkg-019307,3.7.7
1,pkg-019308,4.8.8
1,pkg-019309,5.9.9
1,pkg-019310,6.10.0
1,pkg-019311,7.11.1
1,pkg-019312,8.12.2
1,pkg-019313,9.13.3
1,pkg-019314,1.14.4
1,pkg-019315,2.15.5
1,pkg-019316,3.16.6
1,pkg-019317,4.17.7
1,pkg-019318,5.18.8
1,pkg-019319,6.19.9
1,pkg-019320,7.0.0
1,pkg-019321,8.1.1
1,pkg-019322,9.2.2
1,pkg-019323,1.3.3
1,pkg-019324,2.4.4
1,pkg-019325,3.5.5
1,pkg-019326,4.6.6
1,pkg-019327,5.7.7
1,pkg-019328,6.8.8
1,pkg-019329,7.9.9
1,pkg-019330,8.10.0
1,pkg-019331,9.11.1
1,pkg-019332,1.12.2
1,pkg-019333,2.13.3
1,pkg-019334,3.14.4
1,pkg-019335,4.15.5
1,pkg-019336,5.16.6
1,pkg-019337,6.17.7
1,pkg-019338,7.18.8
1,pkg-019339,8.19.9
1,pkg-019340,9.0.0
1,pkg-019341,1.1.1
1,pkg-019342,2.2.2
1,pkg-019343,3.3.3
1,pkg-019344,4.4.4
1,pkg-019345,5.5.5
1,pkg-019346,6.6.6
1,pkg-019347,7.7.7
1,pkg-019348,8.8.8
1,pkg-019349,9.9.9
1,pkg-019350,1.10.0
1,pkg-019351,2.11.1
1,pkg-019352,3.12.2
1,pkg-019353,4.13.3
1,pkg-019354,5.14.4
1,pkg-019355,6.15.5
1,pkg-019356,7.16.6
1,pkg-019357,8.17.7
1,pkg-019358,9.18.8
1,pkg-019359,1.19.9
1,pkg-019360,2.0.0
1,pkg-019361,3.1.1
1,pkg-019362,4.2.2
1,pkg-019363,5.3.3
1,pkg-019364,6.4.4
1,pkg-019365,7.5.5
1,pkg-019366,8.6.6
1,pkg-019367,9.7.7
1,pkg-019368,1.8.8
1,pkg-019369,2.9.9
1,pkg-019370,3.10.0
1,pkg-019371,4.11.1
1,pkg-019372,5.12.2
1,pkg-019373,6.13.3
1,pkg-019374,7.14.4
1,pkg-019375,8.15.5
1,pkg-019376,9.16.6
1,pkg-019377,1.17.7
1,pkg-019378,2.18.8
1,pkg-019379,3.19.9
1,pkg-019380,4.0.0
1,pkg-019381,5.1.1
1,pkg-019382,6.2.2
1,pkg-019383,7.3.3
1,pkg-019384,8.4.4
1,pkg-019385,9.5.5
1,pkg-019386,1.6.6
1,pkg-019387,2.7.7
1,pkg-019388,3.8.8
1,pkg-019389,4.9.9
1,pkg-019390,5.10.0
1,pkg-019391,6.11.1
1,pkg-019392,7.12.2
1,pkg-019393,8.13.3
1,pkg-019394,9.14.4
1,pkg-019395,1.15.5
1,pkg-019396,2.16.6
1,pkg-019397,3.17.7
1,pkg-019398,4.18.8
1,pkg-019399,5.19.9
1,pkg-019400,6.0.0
1,pkg-019401,7.1.1
1,pkg-019402,8.2.2
1,pkg-019403,9.3.3
1,pkg-019404,1.4.4
1,pkg-019405,2.5.5
1,pkg-019406,3.6.6
1,pkg-019407,4.7.7
1,pkg-019408,5.8.8
1,pkg-019409,6.9.9
1,pkg-019410,7.10.0
1,pkg-019411,8.11.1
1,pkg-019412,9.12.2
1,pkg-019413,1.13.3
1,pkg-019414,2.14.4
1,pkg-019415,3.15.5
1,pkg-019416,4.16.6
1,pkg-019417,5.17.7
1,pkg-019418,6.18.8
1,pkg-019419,7.19.9
1,pkg-019420,8.0.0
1,pkg-019421,9.1.1
1,pkg-019422,1.2.2
1,pkg-019423,2.3.3
1,pkg-019424,3.4.4
1,pkg-019425,4.5.5
1,pkg-019426,5.6.6
1,pkg-019427,6.7.7
1,pkg-019428,7.8.8
1,pkg-019429,8.9.9
1,pkg-019430,9.10.0
1,pkg-019431,1.11.1
1,pkg-019432,2.12.2
1,pkg-019433,3.13.3
1,pkg-019434,4.14.4
1,pkg-019435,5.15.5
1,pkg-019436,6.16.6
1,pkg-019437,7.17.7
1,pkg-019438,8.18.8
1,pkg-019439,9.19.9
1,pkg-019440,1.0.0
1,pkg-019441,2.1.1
1,pkg-019442,3.2.2
1,pkg-019443,4.3.3
1,pkg-019444,5.4.4
1,pkg-019445,6.5.5
1,pkg-019446,7.6.6
1,pkg-019447,8.7.7
1,pkg-019448,9.8.8
1,pkg-019449,1.9.9
1,pkg-019450,2.10.0
1,pkg-019451,3.11.1
1,pkg-019452,4.12.2
1,pkg-019453,5.13.3
1,pkg-019454,6.14.4
1,pkg-019455,7.15.5
1,pkg-019456,8.16.6
1,pkg-019457,9.17.7
1,pkg-019458,1.18.8
1,pkg-019459,2.19.9
1,pkg-019460,3.0.0
1,pkg-019461,4.1.1
1,pkg-019462,5.2.2
1,pkg-019463,6.3.3
1,pkg-019464,7.4.4
1,pkg-019465,8.5.5
1,pkg-019466,9.6.6
1,pkg-019467,1.7.7
1,pkg-019468,2.8.8
1,pkg-019469,3.9.9
1,pkg-019470,4.10.0
1,pkg-019471,5.11.1
1,pkg-019472,6.12.2
1,pkg-019473,7.13.3
1,pkg-019474,8.14.4
1,pkg-019475,9.15.5
1,pkg-019476,1.16.6
1,pkg-019477,2.17.7
1,pkg-019478,3.18.8
1,pkg-019479,4.19.9
1,pkg-019480,5.0.0
1,pkg-019481,6.1.1
1,pkg-019482,7.2.2
1,pkg-019483,8.3.3
1,pkg-019484,9.4.4
1,pkg-019485,1.5.5
1,pkg-019486,2.6.6
1,pkg-019487,3.7.7
1,pkg-019488,4.8.8
1,pkg-019489,5.9.9
1,pkg-019490,6.10.0
1,pkg-019491,7.11.1
1,pkg-019492,8.12.2
1,pkg-019493,9.13.3
1,pkg-019494,1.14.4
1,pkg-019495,2.15.5
1,pkg-019496,3.16.6
1,pkg-019497,4.17.7
1,pkg-019498,5.18.8
1,pkg-019499,6.19.9
1,pkg-019500,7.0.0
1,pkg-019501,8.1.1
1,pkg-019502,9.2.2
1,pkg-019503,1.3.3
1,pkg-019504,2.4.4
1,pkg-019505,3.5.5
1,pkg-019506,4.6.6
1,pkg-019507,5.7.7
1,pkg-019508,6.8.8
1,pkg-019509,7.9.9
1,pkg-019510,8.10.0
1,pkg-019511,9.11.1
1,pkg-019512,1.12.2
1,pkg-019513,2.13.3
1,pkg-019514,3.14.4
1,pkg-019515,4.15.5
1,pkg-019516,5.16.6
1,pkg-019517,6.17.7
1,pkg-019518,7.18.8
1,pkg-019519,8.19.9
1,pkg-019520,9.0.0
1,pkg-019521,1.1.1
1,pkg-019522,2.2.2
1,pkg-019523,3.3.3
1,pkg-019524,4.4.4
1,pkg-019525,5.5.5
1,pkg-019526,6.6.6
1,pkg-019527,7.7.7
1,pkg-019528,8.8.8
1,pkg-019529,9.9.9
1,pkg-019530,1.10.0
1,pkg-019531,2.11.1
1,pkg-019532,3.12.2
1,pkg-019533,4.13.3
1,pkg-019534,5.14.4
1,pkg-019535,6.15.5
1,pkg-019536,7.16.6
1,pkg-019537,8.17.7
1,pkg-019538,9.18.8
1,pkg-019539,1.19.9
1,pkg-019540,2.0.0
1,pkg-019541,3.1.1
1,pkg-019542,4.2.2
1,pkg-019543,5.3.3
1,pkg-019544,6.4.4
1,pkg-019545,7.5.5
1,pkg-019546,8.6.6
1,pkg-019547,9.7.7
1,pkg-019548,1.8.8
1,pkg-019549,2.9.9
1,pkg-019550,3.10.0
1,pkg-019551,4.11.1
1,pkg-019552,5.12.2
1,pkg-019553,6.13.3
1,pkg-019554,7.14.4
1,pkg-019555,8.15.5
1,pkg-019556,9.16.6
1,pkg-019557,1.17.7
1,pkg-019558,2.18.8
1,pkg-019559,3.19.9
1,pkg-019560,4.0.0
1,pkg-019561,5.1.1
1,pkg-019562,6.2.2
1,pkg-019563,7.3.3
1,pkg-019564,8.4.4
1,pkg-019565,9.5.5
1,pkg-019566,1.6.6
1,pkg-019567,2.7.7
1,pkg-019568,3.8.8
1,pkg-019569,4.9.9
1,pkg-019570,5.10.0
1,pkg-019571,6.11.1
1,pkg-019572,7.12.2
1,pkg-019573,8.13.3
1,pkg-019574,9.14.4
1,pkg-019575,1.15.5
1,pkg-019576,2.16.6
1,pkg-019577,3.17.7
1,pkg-019578,4.18.8
1,pkg-019579,5.19.9
1,pkg-019580,6.0.0
1,pkg-019581,7.1.1
1,pkg-019582,8.2.2
1,pkg-019583,9.3.3
1,pkg-019584,1.4.4
1,pkg-019585,2.5.5
1,pkg-019586,3.6.6
1,pkg-019587,4.7.7
1,pkg-019588,5.8.8
1,pkg-019589,6.9.9
1,pkg-019590,7.10.0
1,pkg-019591,8.11.1
1,pkg-019592,9.12.2
1,pkg-019593,1.13.3
1,pkg-019594,2.14.4
1,pkg-019595,3.15.5
1,pkg-019596,4.16.6
1,pkg-019597,5.17.7
1,pkg-019598,6.18.8
1,pkg-019599,7.19.9
1,pkg-019600,8.0.0
1,pkg-019601,9.1.1
1,pkg-019602,1.2.2
1,pkg-019603,2.3.3
1,pkg-019604,3.4.4
1,pkg-019605,4.5.5
1,pkg-019606,5.6.6
1,pkg-019607,6.7.7
1,pkg-019608,7.8.8
1,pkg-019609,8.9.9
1,pkg-019610,9.10.0
1,pkg-019611,1.11.1
1,pkg-019612,2.12.2
1,pkg-019613,3.13.3
1,pkg-019614,4.14.4
1,pkg-019615,5.15.5
1,pkg-019616,6.16.6
1,pkg-019617,7.17.7
1,pkg-019618,8.18.8
1,pkg-019619,9.19.9
1,pkg-019620,1.0.0
1,pkg-019621,2.1.1
1,pkg-019622,3.2.2
1,pkg-019623,4.3.3
1,pkg-019624,5.4.4
1,pkg-019625,6.5.5
1,pkg-019626,7.6.6
1,pkg-019627,8.7.7
1,pkg-019628,9.8.8
1,pkg-019629,1.9.9
1,pkg-019630,2.10.0
1,pkg-019631,3.11.1
1,pkg-019632,4.12.2
1,pkg-019633,5.13.3
1,pkg-019634,6.14.4
1,pkg-019635,7.15.5
1,pkg-019636,8.16.6
1,pkg-019637,9.17.7
1,pkg-019638,1.18.8
1,pkg-019639,2.19.9
1,pkg-019640,3.0.0
1,pkg-019641,4.1.1
1,pkg-019642,5.2.2
1,pkg-019643,6.3.3
1,pkg-019644,7.4.4
1,pkg-019645,8.5.5
1,pkg-019646,9.6.6
1,pkg-019647,1.7.7
1,pkg-019648,2.8.8
1,pkg-019649,3.9.9
1,pkg-019650,4.10.0
1,pkg-019651,5.11.1
1,pkg-019652,6.12.2
1,pkg-019653,7.13.3
1,pkg-019654,8.14.4
1,pkg-019655,9.15.5
1,pkg-019656,1.16.6
1,pkg-019657,2.17.7
1,pkg-019658,3.18.8
1,pkg-019659,4.19.9
1,pkg-019660,5.0.0
1,pkg-019661,6.1.1
1,pkg-019662,7.2.2
1,pkg-019663,8.3.3
1,pkg-019664,9.4.4
1,pkg-019665,1.5.5
1,pkg-019666,2.6.6
1,pkg-019667,3.7.7
1,pkg-019668,4.8.8
1,pkg-019669,5.9.9
1,pkg-019670,6.10.0
1,pkg-019671,7.11.1
1,pkg-019672,8.12.2
1,pkg-019673,9.13.3
1,pkg-019674,1.14.4
1,pkg-019675,2.15.5
1,pkg-019676,3.16.6
1,pkg-019677,4.17.7
1,pkg-019678,5.18.8
1,pkg-019679,6.19.9
1,pkg-019680,7.0.0
1,pkg-019681,8.1.1
1,pkg-019682,9.2.2
1,pkg-019683,1.3.3
1,pkg-019684,2.4.4
1,pkg-019685,3.5.5
1,pkg-019686,4.6.6
1,pkg-019687,5.7.7
1,pkg-019688,6.8.8
1,pkg-019689,7.9.9
1,pkg-019690,8.10.0
1,pkg-019691,9.11.1
1,pkg-019692,1.12.2
1,pkg-019693,2.13.3
1,pkg-019694,3.14.4
1,pkg-019695,4.15.5
1,pkg-019696,5.16.6
1,pkg-019697,6.17.7
1,pkg-019698,7.18.8
1,pkg-019699,8.19.9
1,pkg-019700,9.0.0
1,pkg-019701,1.1.1
1,pkg-019702,2.2.2
1,pkg-019703,3.3.3
1,pkg-019704,4.4.4
1,pkg-019705,5.5.5
1,pkg-019706,6.6.6
1,pkg-019707,7.7.7
1,pkg-019708,8.8.8
1,pkg-019709,9.9.9
1,pkg-019710,1.10.0
1,pkg-019711,2.11.1
1,pkg-019712,3.12.2
1,pkg-019713,4.13.3
1,pkg-019714,5.14.4
1,pkg-019715,6.15.5
1,pkg-019716,7.16.6
1,pkg-019717,8.17.7
1,pkg-019718,9.18.8
1,pkg-019719,1.19.9
1,pkg-019720,2.0.0
1,pkg-019721,3.1.1
1,pkg-019722,4.2.2
1,pkg-019723,5.3.3
1,pkg-019724,6.4.4
1,pkg-019725,7.5.5
1,pkg-019726,8.6.6
1,pkg-019727,9.7.7
1,pkg-019728,1.8.8
1,pkg-019729,2.9.9
1,pkg-019730,3.10.0
1,pkg-019731,4.11.1
1,pkg-019732,5.12.2
1,pkg-019733,6.13.3
1,pkg-019734,7.14.4
1,pkg-019735,8.15.5
1,pkg-019736,9.16.6
1,pkg-019737,1.17.7
1,pkg-019738,2.18.8
1,pkg-019739,3.19.9
1,pkg-019740,4.0.0
1,pkg-019741,5.1.1
1,pkg-019742,6.2.2
1,pkg-019743,7.3.3
1,pkg-019744,8.4.4
1,pkg-019745,9.5.5
1,pkg-019746,1.6.6
1,pkg-019747,2.7.7
1,pkg-019748,3.8.8
1,pkg-019749,4.9.9
1,pkg-019750,5.10.0
1,pkg-019751,6.11.1
1,pkg-019752,7.12.2
1,pkg-019753,8.13.3
1,pkg-019754,9.14.4
1,pkg-019755,1.15.5
1,pkg-019756,2.16.6
1,pkg-019757,3.17.7
1,pkg-019758,4.18.8
1,pkg-019759,5.19.9
1,pkg-019760,6.0.0
1,pkg-019761,7.1.1
1,pkg-019762,8.2.2
1,pkg-019763,9.3.3
1,pkg-019764,1.4.4
1,pkg-019765,2.5.5
1,pkg-019766,3.6.6
1,pkg-019767,4.7.7
1,pkg-019768,5.8.8
1,pkg-019769,6.9.9
1,pkg-019770,7.10.0
1,pkg-019771,8.11.1
1,pkg-019772,9.12.2
1,pkg-019773,1.13.3
1,pkg-019774,2.14.4
1,pkg-019775,3.15.5
1,pkg-019776,4.16.6
1,pkg-019777,5.17.7
1,pkg-019778,6.18.8
1,pkg-019779,7.19.9
1,pkg-019780,8.0.0
1,pkg-019781,9.1.1
1,pkg-019782,1.2.2
1,pkg-019783,2.3.3
1,pkg-019784,3.4.4
1,pkg-019785,4.5.5
1,pkg-019786,5.6.6
1,pkg-019787,6.7.7
1,pkg-019788,7.8.8
1,pkg-019789,8.9.9
1,pkg-019790,9.10.0
1,pkg-019791,1.11.1
1,pkg-019792,2.12.2
1,pkg-019793,3.13.3
1,pkg-019794,4.14.4
1,pkg-019795,5.15.5
1,pkg-019796,6.16.6
1,pkg-019797,7.17.7
1,pkg-019798,8.18.8
1,pkg-019799,9.19.9
1,pkg-019800,1.0.0
1,pkg-019801,2.1.1
1,pkg-019802,3.2.2
1,pkg-019803,4.3.3
1,pkg-019804,5.4.4
1,pkg-019805,6.5.5
1,pkg-019806,7.6.6
1,pkg-019807,8.7.7
1,pkg-019808,9.8.8
1,pkg-019809,1.9.9
1,pkg-019810,2.10.0
1,pkg-019811,3.11.1
1,pkg-019812,4.12.2
1,pkg-019813,5.13.3
1,pkg-019814,6.14.4
1,pkg-019815,7.15.5
1,pkg-019816,8.16.6
1,pkg-019817,9.17.7
1,pkg-019818,1.18.8
1,pkg-019819,2.19.9
1,pkg-019820,3.0.0
1,pkg-019821,4.1.1
1,pkg-019822,5.2.2
1,pkg-019823,6.3.3
1,pkg-019824,7.4.4
1,pkg-019825,8.5.5
1,pkg-019826,9.6.6
1,pkg-019827,1.7.7
1,pkg-019828,2.8.8
1,pkg-019829,3.9.9
1,pkg-019830,4.10.0
1,pkg-019831,5.11.1
1,pkg-019832,6.12.2
1,pkg-019833,7.13.3
1,pkg-019834,8.14.4
1,pkg-019835,9.15.5
1,pkg-019836,1.16.6
1,pkg-019837,2.17.7
1,pkg-019838,3.18.8
1,pkg-019839,4.19.9
1,pkg-019840,5.0.0
1,pkg-019841,6.1.1
1,pkg-019842,7.2.2
1,pkg-019843,8.3.3
1,pkg-019844,9.4.4
1,pkg-019845,1.5.5
1,pkg-019846,2.6.6
1,pkg-019847,3.7.7
1,pkg-019848,4.8.8
1,pkg-019849,5.9.9
1,pkg-019850,6.10.0
1,pkg-019851,7.11.1
1,pkg-019852,8.12.2
1,pkg-019853,9.13.3
1,pkg-019854,1.14.4
1,pkg-019855,2.15.5
1,pkg-019856,3.16.6
1,pkg-019857,4.17.7
1,pkg-019858,5.18.8
1,pkg-019859,6.19.9
1,pkg-019860,7.0.0
1,pkg-019861,8.1.1
1,pkg-019862,9.2.2
1,pkg-019863,1.3.3
1,pkg-019864,2.4.4
1,pkg-019865,3.5.5
1,pkg-019866,4.6.6
1,pkg-019867,5.7.7
1,pkg-019868,6.8.8
1,pkg-019869,7.9.9
1,pkg-019870,8.10.0
1,pkg-019871,9.11.1
1,pkg-019872,1.12.2
1,pkg-019873,2.13.3
1,pkg-019874,3.14.4
1,pkg-019875,4.15.5
1,pkg-019876,5.16.6
1,pkg-019877,6.17.7
1,pkg-019878,7.18.8
1,pkg-019879,8.19.9
1,pkg-019880,9.0.0
1,pkg-019881,1.1.1
1,pkg-019882,2.2.2
1,pkg-019883,3.3.3
1,pkg-019884,4.4.4
1,pkg-019885,5.5.5
1,pkg-019886,6.6.6
1,pkg-019887,7.7.7
1,pkg-019888,8.8.8
1,pkg-019889,9.9.9
1,pkg-019890,1.10.0
1,pkg-019891,2.11.1
1,pkg-019892,3.12.2
1,pkg-019893,4.13.3
1,pkg-019894,5.14.4
1,pkg-019895,6.15.5
1,pkg-019896,7.16.6
1,pkg-019897,8.17.7
1,pkg-019898,9.18.8
1,pkg-019899,1.19.9
1,pkg-019900,2.0.0
1,pkg-019901,3.1.1
1,pkg-019902,4.2.2
1,pkg-019903,5.3.3
1,pkg-019904,6.4.4
1,pkg-019905,7.5.5
1,pkg-019906,8.6.6
1,pkg-019907,9.7.7
1,pkg-019908,1.8.8
1,pkg-019909,2.9.9
1,pkg-019910,3.10.0
1,pkg-019911,4.11.1
1,pkg-019912,5.12.2
1,pkg-019913,6.13.3
1,pkg-019914,7.14.4
1,pkg-019915,8.15.5
1,pkg-019916,9.16.6
1,pkg-019917,1.17.7
1,pkg-019918,2.18.8
1,pkg-019919,3.19.9
1,pkg-019920,4.0.0
1,pkg-019921,5.1.1
1,pkg-019922,6.2.2
1,pkg-019923,7.3.3
1,pkg-019924,8.4.4
1,pkg-019925,9.5.5
1,pkg-019926,1.6.6
1,pkg-019927,2.7.7
1,pkg-019928,3.8.8
1,pkg-019929,4.9.9
1,pkg-019930,5.10.0
1,pkg-019931,6.11.1
1,pkg-019932,7.12.2
1,pkg-019933,8.13.3
1,pkg-019934,9.14.4
1,pkg-019935,1.15.5
1,pkg-019936,2.16.6
1,pkg-019937,3.17.7
1,pkg-019938,4.18.8
1,pkg-019939,5.19.9
1,pkg-019940,6.0.0
1,pkg-019941,7.1.1
1,pkg-019942,8.2.2
1,pkg-019943,9.3.3
1,pkg-019944,1.4.4
1,pkg-019945,2.5.5
1,pkg-019946,3.6.6
1,pkg-019947,4.7.7
1,pkg-019948,5.8.8
1,pkg-019949,6.9.9
1,pkg-019950,7.10.0
1,pkg-019951,8.11.1
1,pkg-019952,9.12.2
1,pkg-019953,1.13.3
1,pkg-019954,2.14.4
1,pkg-019955,3.15.5
1,pkg-019956,4.16.6
1,pkg-019957,5.17.7
1,pkg-019958,6.18.8
1,pkg-019959,7.19.9
1,pkg-019960,8.0.0
1,pkg-019961,9.1.1
1,pkg-019962,1.2.2
1,pkg-019963,2.3.3
1,pkg-019964,3.4.4
1,pkg-019965,4.5.5
1,pkg-019966,5.6.6
1,pkg-019967,6.7.7
1,pkg-019968,7.8.8
1,pkg-019969,8.9.9
1,pkg-019970,9.10.0
1,pkg-019971,1.11.1
1,pkg-019972,2.12.2
1,pkg-019973,3.13.3
1,pkg-019974,4.14.4
1,pkg-019975,5.15.5
1,pkg-019976,6.16.6
1,pkg-019977,7.17.7
1,pkg-019978,8.18.8
1,pkg-019979,9.19.9
1,pkg-019980,1.0.0
1,pkg-019981,2.1.1
1,pkg-019982,3.2.2
1,pkg-019983,4.3.3
1,pkg-019984,5.4.4
1,pkg-019985,6.5.5
1,pkg-019986,7.6.6
1,pkg-019987,8.7.7
1,pkg-019988,9.8.8
1,pkg-019989,1.9.9
1,pkg-019990,2.10.0
1,pkg-019991,3.11.1
1,pkg-019992,4.12.2
1,pkg-019993,5.13.3
1,pkg-019994,6.14.4
1,pkg-019995,7.15.5
1,pkg-019996,8.16.6
1,pkg-019997,9.17.7
1,pkg-019998,1.18.8
1,pkg-019999,2.19.9
1,pkg-020000,3.0.0
1,pkg-020001,4.1.1
1,pkg-020002,5.2.2
1,pkg-020003,6.3.3
1,pkg-020004,7.4.4
1,pkg-020005,8.5.5
1,pkg-020006,9.6.6
1,pkg-020007,1.7.7
1,pkg-020008,2.8.8
1,pkg-020009,3.9.9
1,pkg-020010,4.10.0
1,pkg-020011,5.11.1
1,pkg-020012,6.12.2
1,pkg-020013,7.13.3
1,pkg-020014,8.14.4
1,pkg-020015,9.15.5
1,pkg-020016,1.16.6
1,pkg-020017,2.17.7
1,pkg-020018,3.18.8
1,pkg-020019,4.19.9
1,pkg-020020,5.0.0
1,pkg-020021,6.1.1
1,pkg-020022,7.2.2
1,pkg-020023,8.3.3
1,pkg-020024,9.4.4
1,pkg-020025,1.5.5
1,pkg-020026,2.6.6
1,pkg-020027,3.7.7
1,pkg-020028,4.8.8
1,pkg-020029,5.9.9
1,pkg-020030,6.10.0
1,pkg-020031,7.11.1
1,pkg-020032,8.12.2
1,pkg-020033,9.13.3
1,pkg-020034,1.14.4
1,pkg-020035,2.15.5
1,pkg-020036,3.16.6
1,pkg-020037,4.17.7
1,pkg-020038,5.18.8
1,pkg-020039,6.19.9
1,pkg-020040,7.0.0
1,pkg-020041,8.1.1
1,pkg-020042,9.2.2
1,pkg-020043,1.3.3
1,pkg-020044,2.4.4
1,pkg-020045,3.5.5
1,pkg-020046,4.6.6
1,pkg-020047,5.7.7
1,pkg-020048,6.8.8
1,pkg-020049,7.9.9
1,pkg-020050,8.10.0
1,pkg-020051,9.11.1
1,pkg-020052,1.12.2
1,pkg-020053,2.13.3
1,pkg-020054,3.14.4
1,pkg-020055,4.15.5
1,pkg-020056,5.16.6
1,pkg-020057,6.17.7
1,pkg-020058,7.18.8
1,pkg-020059,8.19.9
1,pkg-020060,9.0.0
1,pkg-020061,1.1.1
1,pkg-020062,2.2.2
1,pkg-020063,3.3.3
1,pkg-020064,4.4.4
1,pkg-020065,5.5.5
1,pkg-020066,6.6.6
1,pkg-020067,7.7.7
1,pkg-020068,8.8.8
1,pkg-020069,9.9.9
1,pkg-020070,1.10.0
1,pkg-020071,2.11.1
1,pkg-020072,3.12.2
1,pkg-020073,4.13.3
1,pkg-020074,5.14.4
1,pkg-020075,6.15.5
1,pkg-020076,7.16.6
1,pkg-020077,8.17.7
1,pkg-020078,9.18.8
1,pkg-020079,1.19.9
1,pkg-020080,2.0.0
1,pkg-020081,3.1.1
1,pkg-020082,4.2.2
1,pkg-020083,5.3.3
1,pkg-020084,6.4.4
1,pkg-020085,7.5.5
1,pkg-020086,8.6.6
1,pkg-020087,9.7.7
1,pkg-020088,1.8.8
1,pkg-020089,2.9.9
1,pkg-020090,3.10.0
1,pkg-020091,4.11.1
1,pkg-020092,5.12.2
1,pkg-020093,6.13.3
1,pkg-020094,7.14.4
1,pkg-020095,8.15.5
1,pkg-020096,9.16.6
1,pkg-020097,1.17.7
1,pkg-020098,2.18.8
1,pkg-020099,3.19.9
1,pkg-020100,4.0.0
1,pkg-020101,5.1.1
1,pkg-020102,6.2.2
1,pkg-020103,7.3.3
1,pkg-020104,8.4.4
1,pkg-020105,9.5.5
1,pkg-020106,1.6.6
1,pkg-020107,2.7.7
1,pkg-020108,3.8.8
1,pkg-020109,4.9.9
1,pkg-020110,5.10.0
1,pkg-020111,6.11.1
1,pkg-020112,7.12.2
1,pkg-020113,8.13.3
1,pkg-020114,9.14.4
1,pkg-020115,1.15.5
1,pkg-020116,2.16.6
1,pkg-020117,3.17.7
1,pkg-020118,4.18.8
1,pkg-020119,5.19.9
1,pkg-020120,6.0.0
1,pkg-020121,7.1.1
1,pkg-020122,8.2.2
1,pkg-020123,9.3.3
1,pkg-020124,1.4.4
1,pkg-020125,2.5.5
1,pkg-020126,3.6.6
1,pkg-020127,4.7.7
1,pkg-020128,5.8.8
1,pkg-020129,6.9.9
1,pkg-020130,7.10.0
1,pkg-020131,8.11.1
1,pkg-020132,9.12.2
1,pkg-020133,1.13.3
1,pkg-020134,2.14.4
1,pkg-020135,3.15.5
1,pkg-020136,4.16.6
1,pkg-020137,5.17.7
1,pkg-020138,6.18.8
1,pkg-020139,7.19.9
1,pkg-020140,8.0.0
1,pkg-020141,9.1.1
1,pkg-020142,1.2.2
1,pkg-020143,2.3.3
1,pkg-020144,3.4.4
1,pkg-020145,4.5.5
1,pkg-020146,5.6.6
1,pkg-020147,6.7.7
1,pkg-020148,7.8.8
1,pkg-020149,8.9.9
1,pkg-020150,9.10.0
1,pkg-020151,1.11.1
1,pkg-020152,2.12.2
1,pkg-020153,3.13.3
1,pkg-020154,4.14.4
1,pkg-020155,5.15.5
1,pkg-020156,6.16.6
1,pkg-020157,7.17.7
1,pkg-020158,8.18.8
1,pkg-020159,9.19.9
1,pkg-020160,1.0.0
1,pkg-020161,2.1.1
1,pkg-020162,3.2.2
1,pkg-020163,4.3.3
1,pkg-020164,5.4.4
1,pkg-020165,6.5.5
1,pkg-020166,7.6.6
1,pkg-020167,8.7.7
1,pkg-020168,9.8.8
1,pkg-020169,1.9.9
1,pkg-020170,2.10.0
1,pkg-020171,3.11.1
1,pkg-020172,4.12.2
1,pkg-020173,5.13.3
1,pkg-020174,6.14.4
1,pkg-020175,7.15.5
1,pkg-020176,8.16.6
1,pkg-020177,9.17.7
1,pkg-020178,1.18.8
1,pkg-020179,2.19.9
1,pkg-020180,3.0.0
1,pkg-020181,4.1.1
1,pkg-020182,5.2.2
1,pkg-020183,6.3.3
1,pkg-020184,7.4.4
1,pkg-020185,8.5.5
1,pkg-020186,9.6.6
1,pkg-020187,1.7.7
1,pkg-020188,2.8.8
1,pkg-020189,3.9.9
1,pkg-020190,4.10.0
1,pkg-020191,5.11.1
1,pkg-020192,6.12.2
1,pkg-020193,7.13.3
1,pkg-020194,8.14.4
1,pkg-020195,9.15.5
1,pkg-020196,1.16.6
1,pkg-020197,2.17.7
1,pkg-020198,3.18.8
1,pkg-020199,4.19.9
1,pkg-020200,5.0.0
1,pkg-020201,6.1.1
1,pkg-020202,7.2.2
1,pkg-020203,8.3.3
1,pkg-020204,9.4.4
1,pkg-020205,1.5.5
1,pkg-020206,2.6.6
1,pkg-020207,3.7.7
1,pkg-020208,4.8.8
1,pkg-020209,5.9.9
1,pkg-020210,6.10.0
1,pkg-020211,7.11.1
1,pkg-020212,8.12.2
1,pkg-020213,9.13.3
1,pkg-020214,1.14.4
1,pkg-020215,2.15.5
1,pkg-020216,3.16.6
1,pkg-020217,4.17.7
1,pkg-020218,5.18.8
1,pkg-020219,6.19.9
1,pkg-020220,7.0.0
1,pkg-020221,8.1.1
1,pkg-020222,9.2.2
1,pkg-020223,1.3.3
1,pkg-020224,2.4.4
1,pkg-020225,3.5.5
1,pkg-020226,4.6.6
1,pkg-020227,5.7.7
1,pkg-020228,6.8.8
1,pkg-020229,7.9.9
1,pkg-020230,8.10.0
1,pkg-020231,9.11.1
1,pkg-020232,1.12.2
1,pkg-020233,2.13.3
1,pkg-020234,3.14.4
1,pkg-020235,4.15.5
1,pkg-020236,5.16.6
1,pkg-020237,6.17.7
1,pkg-020238,7.18.8
1,pkg-020239,8.19.9
1,pkg-020240,9.0.0
1,pkg-020241,1.1.1
1,pkg-020242,2.2.2
1,pkg-020243,3.3.3
1,pkg-020244,4.4.4
1,pkg-020245,5.5.5
1,pkg-020246,6.6.6
1,pkg-020247,7.7.7
1,pkg-020248,8.8.8
1,pkg-020249,9.9.9
1,pkg-020250,1.10.0
1,pkg-020251,2.11.1
1,pkg-020252,3.12.2
1,pkg-020253,4.13.3
1,pkg-020254,5.14.4
1,pkg-020255,6.15.5
1,pkg-020256,7.16.6
1,pkg-020257,8.17.7
1,pkg-020258,9.18.8
1,pkg-020259,1.19.9
1,pkg-020260,2.0.0
1,pkg-020261,3.1.1
1,pkg-020262,4.2.2
1,pkg-020263,5.3.3
1,pkg-020264,6.4.4
1,pkg-020265,7.5.5
1,pkg-020266,8.6.6
1,pkg-020267,9.7.7
1,pkg-020268,1.8.8
1,pkg-020269,2.9.9
1,pkg-020270,3.10.0
1,pkg-020271,4.11.1
1,pkg-020272,5.12.2
1,pkg-020273,6.13.3
1,pkg-020274,7.14.4
1,pkg-020275,8.15.5
1,pkg-020276,9.16.6
1,pkg-020277,1.17.7
1,pkg-020278,2.18.8
1,pkg-020279,3.19.9
1,pkg-020280,4.0.0
1,pkg-020281,5.1.1
1,pkg-020282,6.2.2
1,pkg-020283,7.3.3
1,pkg-020284,8.4.4
1,pkg-020285,9.5.5
1,pkg-020286,1.6.6
1,pkg-020287,2.7.7
1,pkg-020288,3.8.8
1,pkg-020289,4.9.9
1,pkg-020290,5.10.0
1,pkg-020291,6.11.1
1,pkg-020292,7.12.2
1,pkg-020293,8.13.3
1,pkg-020294,9.14.4
1,pkg-020295,1.15.5
1,pkg-020296,2.16.6
1,pkg-020297,3.17.7
1,pkg-020298,4.18.8
1,pkg-020299,5.19.9
1,pkg-020300,6.0.0
1,pkg-020301,7.1.1
1,pkg-020302,8.2.2
1,pkg-020303,9.3.3
1,pkg-020304,1.4.4
1,pkg-020305,2.5.5
1,pkg-020306,3.6.6
1,pkg-020307,4.7.7
1,pkg-020308,5.8.8
1,pkg-020309,6.9.9
1,pkg-020310,7.10.0
1,pkg-020311,8.11.1
1,pkg-020312,9.12.2
1,pkg-020313,1.13.3
1,pkg-020314,2.14.4
1,pkg-020315,3.15.5
1,pkg-020316,4.16.6
1,pkg-020317,5.17.7
1,pkg-020318,6.18.8
1,pkg-020319,7.19.9
1,pkg-020320,8.0.0
1,pkg-020321,9.1.1
1,pkg-020322,1.2.2
1,pkg-020323,2.3.3
1,pkg-020324,3.4.4
1,pkg-020325,4.5.5
1,pkg-020326,5.6.6
1,pkg-020327,6.7.7
1,pkg-020328,7.8.8
1,pkg-020329,8.9.9
1,pkg-020330,9.10.0
1,pkg-020331,1.11.1
1,pkg-020332,2.12.2
1,pkg-020333,3.13.3
1,pkg-020334,4.14.4
1,pkg-020335,5.15.5
1,pkg-020336,6.16.6
1,pkg-020337,7.17.7
1,pkg-020338,8.18.8
1,pkg-020339,9.19.9
1,pkg-020340,1.0.0
1,pkg-020341,2.1.1
1,pkg-020342,3.2.2
1,pkg-020343,4.3.3
1,pkg-020344,5.4.4
1,pkg-020345,6.5.5
1,pkg-020346,7.6.6
1,pkg-020347,8.7.7
1,pkg-020348,9.8.8
1,pkg-020349,1.9.9
1,pkg-020350,2.10.0
1,pkg-020351,3.11.1
1,pkg-020352,4.12.2
1,pkg-020353,5.13.3
1,pkg-020354,6.14.4
1,pkg-020355,7.15.5
1,pkg-020356,8.16.6
1,pkg-020357,9.17.7
1,pkg-020358,1.18.8
1,pkg-020359,2.19.9
1,pkg-020360,3.0.0
1,pkg-020361,4.1.1
1,pkg-020362,5.2.2
1,pkg-020363,6.3.3
1,pkg-020364,7.4.4
1,pkg-020365,8.5.5
1,pkg-020366,9.6.6
1,pkg-020367,1.7.7
1,pkg-020368,2.8.8
1,pkg-020369,3.9.9
1,pkg-020370,4.10.0
1,pkg-020371,5.11.1
1,pkg-020372,6.12.2
1,pkg-020373,7.13.3
1,pkg-020374,8.14.4
1,pkg-020375,9.15.5
1,pkg-020376,1.16.6
1,pkg-020377,2.17.7
1,pkg-020378,3.18.8
1,pkg-020379,4.19.9
1,pkg-020380,5.0.0
1,pkg-020381,6.1.1
1,pkg-020382,7.2.2
1,pkg-020383,8.3.3
1,pkg-020384,9.4.4
1,pkg-020385,1.5.5
1,pkg-020386,2.6.6
1,pkg-020387,3.7.7
1,pkg-020388,4.8.8
1,pkg-020389,5.9.9
1,pkg-020390,6.10.0
1,pkg-020391,7.11.1
1,pkg-020392,8.12.2
1,pkg-020393,9.13.3
1,pkg-020394,1.14.4
1,pkg-020395,2.15.5
1,pkg-020396,3.16.6
1,pkg-020397,4.17.7
1,pkg-020398,5.18.8
1,pkg-020399,6.19.9
1,pkg-020400,7.0.0
1,pkg-020401,8.1.1
1,pkg-020402,9.2.2
1,pkg-020403,1.3.3
1,pkg-020404,2.4.4
1,pkg-020405,3.5.5
1,pkg-020406,4.6.6
1,pkg-020407,5.7.7
1,pkg-020408,6.8.8
1,pkg-020409,7.9.9
1,pkg-020410,8.10.0
1,pkg-020411,9.11.1
1,pkg-020412,1.12.2
1,pkg-020413,2.13.3
1,pkg-020414,3.14.4
1,pkg-020415,4.15.5
1,pkg-020416,5.16.6
1,pkg-020417,6.17.7
1,pkg-020418,7.18.8
1,pkg-020419,8.19.9
1,pkg-020420,9.0.0
1,pkg-020421,1.1.1
1,pkg-020422,2.2.2
1,pkg-020423,3.3.3
1,pkg-020424,4.4.4
1,pkg-020425,5.5.5
1,pkg-020426,6.6.6
1,pkg-020427,7.7.7
1,pkg-020428,8.8.8
1,pkg-020429,9.9.9
1,pkg-020430,1.10.0
1,pkg-020431,2.11.1
1,pkg-020432,3.12.2
1,pkg-020433,4.13.3
1,pkg-020434,5.14.4
1,pkg-020435,6.15.5
1,pkg-020436,7.16.6
1,pkg-020437,8.17.7
1,pkg-020438,9.18.8
1,pkg-020439,1.19.9
1,pkg-020440,2.0.0
1,pkg-020441,3.1.1
1,pkg-020442,4.2.2
1,pkg-020443,5.3.3
1,pkg-020444,6.4.4
1,pkg-020445,7.5.5
1,pkg-020446,8.6.6
1,pkg-020447,9.7.7
1,pkg-020448,1.8.8
1,pkg-020449,2.9.9
1,pkg-020450,3.10.0
1,pkg-020451,4.11.1
1,pkg-020452,5.12.2
1,pkg-020453,6.13.3
1,pkg-020454,7.14.4
1,pkg-020455,8.15.5
1,pkg-020456,9.16.6
1,pkg-020457,1.17.7
1,pkg-020458,2.18.8
1,pkg-020459,3.19.9
1,pkg-020460,4.0.0
1,pkg-020461,5.1.1
1,pkg-020462,6.2.2
1,pkg-020463,7.3.3
1,pkg-020464,8.4.4
1,pkg-020465,9.5.5
1,pkg-020466,1.6.6
1,pkg-020467,2.7.7
1,pkg-020468,3.8.8
1,pkg-020469,4.9.9
1,pkg-020470,5.10.0
1,pkg-020471,6.11.1
1,pkg-020472,7.12.2
1,pkg-020473,8.13.3
1,pkg-020474,9.14.4
1,pkg-020475,1.15.5
1,pkg-020476,2.16.6
1,pkg-020477,3.17.7
1,pkg-020478,4.18.8
1,pkg-020479,5.19.9
1,pkg-020480,6.0.0
1,pkg-020481,7.1.1
1,pkg-020482,8.2.2
1,pkg-020483,9.3.3
1,pkg-020484,1.4.4
1,pkg-020485,2.5.5
1,pkg-020486,3.6.6
1,pkg-020487,4.7.7
1,pkg-020488,5.8.8
1,pkg-020489,6.9.9
1,pkg-020490,7.10.0
1,pkg-020491,8.11.1
1,pkg-020492,9.12.2
1,pkg-020493,1.13.3
1,pkg-020494,2.14.4
1,pkg-020495,3.15.5
1,pkg-020496,4.16.6
1,pkg-020497,5.17.7
1,pkg-020498,6.18.8
1,pkg-020499,7.19.9
1,pkg-020500,8.0.0
1,pkg-020501,9.1.1
1,pkg-020502,1.2.2
1,pkg-020503,2.3.3
1,pkg-020504,3.4.4
1,pkg-020505,4.5.5
1,pkg-020506,5.6.6
1,pkg-020507,6.7.7
1,pkg-020508,7.8.8
1,pkg-020509,8.9.9
1,pkg-020510,9.10.0
1,pkg-020511,1.11.1
1,pkg-020512,2.12.2
1,pkg-020513,3.13.3
1,pkg-020514,4.14.4
1,pkg-020515,5.15.5
1,pkg-020516,6.16.6
1,pkg-020517,7.17.7
1,pkg-020518,8.18.8
1,pkg-020519,9.19.9
1,pkg-020520,1.0.0
1,pkg-020521,2.1.1
1,pkg-020522,3.2.2
1,pkg-020523,4.3.3
1,pkg-020524,5.4.4
1,pkg-020525,6.5.5
1,pkg-020526,7.6.6
1,pkg-020527,8.7.7
1,pkg-020528,9.8.8
1,pkg-020529,1.9.9
1,pkg-020530,2.10.0
1,pkg-020531,3.11.1
1,pkg-020532,4.12.2
1,pkg-020533,5.13.3
1,pkg-020534,6.14.4
1,pkg-020535,7.15.5
1,pkg-020536,8.16.6
1,pkg-020537,9.17.7
1,pkg-020538,1.18.8
1,pkg-020539,2.19.9
1,pkg-020540,3.0.0
1,pkg-020541,4.1.1
1,pkg-020542,5.2.2
1,pkg-020543,6.3.3
1,pkg-020544,7.4.4
1,pkg-020545,8.5.5
1,pkg-020546,9.6.6
1,pkg-020547,1.7.7
1,pkg-020548,2.8.8
1,pkg-020549,3.9.9
1,pkg-020550,4.10.0
1,pkg-020551,5.11.1
1,pkg-020552,6.12.2
1,pkg-020553,7.13.3
1,pkg-020554,8.14.4
1,pkg-020555,9.15.5
1,pkg-020556,1.16.6
1,pkg-020557,2.17.7
1,pkg-020558,3.18.8
1,pkg-020559,4.19.9
1,pkg-020560,5.0.0
1,pkg-020561,6.1.1
1,pkg-020562,7.2.2
1,pkg-020563,8.3.3
1,pkg-020564,9.4.4
1,pkg-020565,1.5.5
1,pkg-020566,2.6.6
1,pkg-020567,3.7.7
1,pkg-020568,4.8.8
1,pkg-020569,5.9.9
1,pkg-020570,6.10.0
1,pkg-020571,7.11.1
1,pkg-020572,8.12.2
1,pkg-020573,9.13.3
1,pkg-020574,1.14.4
1,pkg-020575,2.15.5
1,pkg-020576,3.16.6
1,pkg-020577,4.17.7
1,pkg-020578,5.18.8
1,pkg-020579,6.19.9
1,pkg-020580,7.0.0
1,pkg-020581,8.1.1
1,pkg-020582,9.2.2
1,pkg-020583,1.3.3
1,pkg-020584,2.4.4
1,pkg-020585,3.5.5
1,pkg-020586,4.6.6
1,pkg-020587,5.7.7
1,pkg-020588,6.8.8
1,pkg-020589,7.9.9
1,pkg-020590,8.10.0
1,pkg-020591,9.11.1
1,pkg-020592,1.12.2
1,pkg-020593,2.13.3
1,pkg-020594,3.14.4
1,pkg-020595,4.15.5
1,pkg-020596,5.16.6
1,pkg-020597,6.17.7
1,pkg-020598,7.18.8
1,pkg-020599,8.19.9
1,pkg-020600,9.0.0
1,pkg-020601,1.1.1
1,pkg-020602,2.2.2
1,pkg-020603,3.3.3
1,pkg-020604,4.4.4
1,pkg-020605,5.5.5
1,pkg-020606,6.6.6
1,pkg-020607,7.7.7
1,pkg-020608,8.8.8
1,pkg-020609,9.9.9
1,pkg-020610,1.10.0
1,pkg-020611,2.11.1
1,pkg-020612,3.12.2
1,pkg-020613,4.13.3
1,pkg-020614,5.14.4
1,pkg-020615,6.15.5
1,pkg-020616,7.16.6
1,pkg-020617,8.17.7
1,pkg-020618,9.18.8
1,pkg-020619,1.19.9
1,pkg-020620,2.0.0
1,pkg-020621,3.1.1
1,pkg-020622,4.2.2
1,pkg-020623,5.3.3
1,pkg-020624,6.4.4
1,pkg-020625,7.5.5
1,pkg-020626,8.6.6
1,pkg-020627,9.7.7
1,pkg-020628,1.8.8
1,pkg-020629,2.9.9
1,pkg-020630,3.10.0
1,pkg-020631,4.11.1
1,pkg-020632,5.12.2
1,pkg-020633,6.13.3
1,pkg-020634,7.14.4
1,pkg-020635,8.15.5
1,pkg-020636,9.16.6
1,pkg-020637,1.17.7
1,pkg-020638,2.18.8
1,pkg-020639,3.19.9
1,pkg-020640,4.0.0
1,pkg-020641,5.1.1
1,pkg-020642,6.2.2
1,pkg-020643,7.3.3
1,pkg-020644,8.4.4
1,pkg-020645,9.5.5
1,pkg-020646,1.6.6
1,pkg-020647,2.7.7
1,pkg-020648,3.8.8
1,pkg-020649,4.9.9
1,pkg-020650,5.10.0
1,pkg-020651,6.11.1
1,pkg-020652,7.12.2
1,pkg-020653,8.13.3
1,pkg-020654,9.14.4
1,pkg-020655,1.15.5
1,pkg-020656,2.16.6
1,pkg-020657,3.17.7
1,pkg-020658,4.18.8
1,pkg-020659,5.19.9
1,pkg-020660,6.0.0
1,pkg-020661,7.1.1
1,pkg-020662,8.2.2
1,pkg-020663,9.3.3
1,pkg-020664,1.4.4
1,pkg-020665,2.5.5
1,pkg-020666,3.6.6
1,pkg-020667,4.7.7
1,pkg-020668,5.8.8
1,pkg-020669,6.9.9
1,pkg-020670,7.10.0
1,pkg-020671,8.11.1
1,pkg-020672,9.12.2
1,pkg-020673,1.13.3
1,pkg-020674,2.14.4
1,pkg-020675,3.15.5
1,pkg-020676,4.16.6
1,pkg-020677,5.17.7
1,pkg-020678,6.18.8
1,pkg-020679,7.19.9
1,pkg-020680,8.0.0
1,pkg-020681,9.1.1
1,pkg-020682,1.2.2
1,pkg-020683,2.3.3
1,pkg-020684,3.4.4
1,pkg-020685,4.5.5
1,pkg-020686,5.6.6
1,pkg-020687,6.7.7
1,pkg-020688,7.8.8
1,pkg-020689,8.9.9
1,pkg-020690,9.10.0
1,pkg-020691,1.11.1
1,pkg-020692,2.12.2
1,pkg-020693,3.13.3
1,pkg-020694,4.14.4
1,pkg-020695,5.15.5
1,pkg-020696,6.16.6
1,pkg-020697,7.17.7
1,pkg-020698,8.18.8
1,pkg-020699,9.19.9
1,pkg-020700,1.0.0
1,pkg-020701,2.1.1
1,pkg-020702,3.2.2
1,pkg-020703,4.3.3
1,pkg-020704,5.4.4
1,pkg-020705,6.5.5
1,pkg-020706,7.6.6
1,pkg-020707,8.7.7
1,pkg-020708,9.8.8
1,pkg-020709,1.9.9
1,pkg-020710,2.10.0
1,pkg-020711,3.11.1
1,pkg-020712,4.12.2
1,pkg-020713,5.13.3
1,pkg-020714,6.14.4
1,pkg-020715,7.15.5
1,pkg-020716,8.16.6
1,pkg-020717,9.17.7
1,pkg-020718,1.18.8
1,pkg-020719,2.19.9
1,pkg-020720,3.0.0
1,pkg-020721,4.1.1
1,pkg-020722,5.2.2
1,pkg-020723,6.3.3
1,pkg-020724,7.4.4
1,pkg-020725,8.5.5
1,pkg-020726,9.6.6
1,pkg-020727,1.7.7
1,pkg-020728,2.8.8
1,pkg-020729,3.9.9
1,pkg-020730,4.10.0
1,pkg-020731,5.11.1
1,pkg-020732,6.12.2
1,pkg-020733,7.13.3
1,pkg-020734,8.14.4
1,pkg-020735,9.15.5
1,pkg-020736,1.16.6
1,pkg-020737,2.17.7
1,pkg-020738,3.18.8
1,pkg-020739,4.19.9
1,pkg-020740,5.0.0
1,pkg-020741,6.1.1
1,pkg-020742,7.2.2
1,pkg-020743,8.3.3
1,pkg-020744,9.4.4
1,pkg-020745,1.5.5
1,pkg-020746,2.6.6
1,pkg-020747,3.7.7
1,pkg-020748,4.8.8
1,pkg-020749,5.9.9
1,pkg-020750,6.10.0
1,pkg-020751,7.11.1
1,pkg-020752,8.12.2
1,pkg-020753,9.13.3
1,pkg-020754,1.14.4
1,pkg-020755,2.15.5
1,pkg-020756,3.16.6
1,pkg-020757,4.17.7
1,pkg-020758,5.18.8
1,pkg-020759,6.19.9
1,pkg-020760,7.0.0
1,pkg-020761,8.1.1
1,pkg-020762,9.2.2
1,pkg-020763,1.3.3
1,pkg-020764,2.4.4
1,pkg-020765,3.5.5
1,pkg-020766,4.6.6
1,pkg-020767,5.7.7
1,pkg-020768,6.8.8
1,pkg-020769,7.9.9
1,pkg-020770,8.10.0
1,pkg-020771,9.11.1
1,pkg-020772,1.12.2
1,pkg-020773,2.13.3
1,pkg-020774,3.14.4
1,pkg-020775,4.15.5
1,pkg-020776,5.16.6
1,pkg-020777,6.17.7
1,pkg-020778,7.18.8
1,pkg-020779,8.19.9
1,pkg-020780,9.0.0
1,pkg-020781,1.1.1
1,pkg-020782,2.2.2
1,pkg-020783,3.3.3
1,pkg-020784,4.4.4
1,pkg-020785,5.5.5
1,pkg-020786,6.6.6
1,pkg-020787,7.7.7
1,pkg-020788,8.8.8
1,pkg-020789,9.9.9
1,pkg-020790,1.10.0
1,pkg-020791,2.11.1
1,pkg-020792,3.12.2
1,pkg-020793,4.13.3
1,pkg-020794,5.14.4
1,pkg-020795,6.15.5
1,pkg-020796,7.16.6
1,pkg-020797,8.17.7
1,pkg-020798,9.18.8
1,pkg-020799,1.19.9
1,pkg-020800,2.0.0
1,pkg-020801,3.1.1
1,pkg-020802,4.2.2
1,pkg-020803,5.3.3
1,pkg-020804,6.4.4
1,pkg-020805,7.5.5
1,pkg-020806,8.6.6
1,pkg-020807,9.7.7
1,pkg-020808,1.8.8
1,pkg-020809,2.9.9
1,pkg-020810,3.10.0
1,pkg-020811,4.11.1
1,pkg-020812,5.12.2
1,pkg-020813,6.13.3
1,pkg-020814,7.14.4
1,pkg-020815,8.15.5
1,pkg-020816,9.16.6
1,pkg-020817,1.17.7
1,pkg-020818,2.18.8
1,pkg-020819,3.19.9
1,pkg-020820,4.0.0
1,pkg-020821,5.1.1
1,pkg-020822,6.2.2
1,pkg-020823,7.3.3
1,pkg-020824,8.4.4
1,pkg-020825,9.5.5
1,pkg-020826,1.6.6
1,pkg-020827,2.7.7
1,pkg-020828,3.8.8
1,pkg-020829,4.9.9
1,pkg-020830,5.10.0
1,pkg-020831,6.11.1
1,pkg-020832,7.12.2
1,pkg-020833,8.13.3
1,pkg-020834,9.14.4
1,pkg-020835,1.15.5
1,pkg-020836,2.16.6
1,pkg-020837,3.17.7
1,pkg-020838,4.18.8
1,pkg-020839,5.19.9
1,pkg-020840,6.0.0
1,pkg-020841,7.1.1
1,pkg-020842,8.2.2
1,pkg-020843,9.3.3
1,pkg-020844,1.4.4
1,pkg-020845,2.5.5
1,pkg-020846,3.6.6
1,pkg-020847,4.7.7
1,pkg-020848,5.8.8
1,pkg-020849,6.9.9
1,pkg-020850,7.10.0
1,pkg-020851,8.11.1
1,pkg-020852,9.12.2
1,pkg-020853,1.13.3
1,pkg-020854,2.14.4
1,pkg-020855,3.15.5
1,pkg-020856,4.16.6
1,pkg-020857,5.17.7
1,pkg-020858,6.18.8
1,pkg-020859,7.19.9
1,pkg-020860,8.0.0
1,pkg-020861,9.1.1
1,pkg-020862,1.2.2
1,pkg-020863,2.3.3
1,pkg-020864,3.4.4
1,pkg-020865,4.5.5
1,pkg-020866,5.6.6
1,pkg-020867,6.7.7
1,pkg-020868,7.8.8
1,pkg-020869,8.9.9
1,pkg-020870,9.10.0
1,pkg-020871,1.11.1
1,pkg-020872,2.12.2
1,pkg-020873,3.13.3
1,pkg-020874,4.14.4
1,pkg-020875,5.15.5
1,pkg-020876,6.16.6
1,pkg-020877,7.17.7
1,pkg-020878,8.18.8
1,pkg-020879,9.19.9
1,pkg-020880,1.0.0
1,pkg-020881,2.1.1
1,pkg-020882,3.2.2
1,pkg-020883,4.3.3
1,pkg-020884,5.4.4
1,pkg-020885,6.5.5
1,pkg-020886,7.6.6
1,pkg-020887,8.7.7
1,pkg-020888,9.8.8
1,pkg-020889,1.9.9
1,pkg-020890,2.10.0
1,pkg-020891,3.11.1
1,pkg-020892,4.12.2
1,pkg-020893,5.13.3
1,pkg-020894,6.14.4
1,pkg-020895,7.15.5
1,pkg-020896,8.16.6
1,pkg-020897,9.17.7
1,pkg-020898,1.18.8
1,pkg-020899,2.19.9
1,pkg-020900,3.0.0
1,pkg-020901,4.1.1
1,pkg-020902,5.2.2
1,pkg-020903,6.3.3
1,pkg-020904,7.4.4
1,pkg-020905,8.5.5
1,pkg-020906,9.6.6
1,pkg-020907,1.7.7
1,pkg-020908,2.8.8
1,pkg-020909,3.9.9
1,pkg-020910,4.10.0
1,pkg-020911,5.11.1
1,pkg-020912,6.12.2
1,pkg-020913,7.13.3
1,pkg-020914,8.14.4
1,pkg-020915,9.15.5
1,pkg-020916,1.16.6
1,pkg-020917,2.17.7
1,pkg-020918,3.18.8
1,pkg-020919,4.19.9
1,pkg-020920,5.0.0
1,pkg-020921,6.1.1
1,pkg-020922,7.2.2
1,pkg-020923,8.3.3
1,pkg-020924,9.4.4
1,pkg-020925,1.5.5
1,pkg-020926,2.6.6
1,pkg-020927,3.7.7
1,pkg-020928,4.8.8
1,pkg-020929,5.9.9
1,pkg-020930,6.10.0
1,pkg-020931,7.11.1
1,pkg-020932,8.12.2
1,pkg-020933,9.13.3
1,pkg-020934,1.14.4
1,pkg-020935,2.15.5
1,pkg-020936,3.16.6
1,pkg-020937,4.17.7
1,pkg-020938,5.18.8
1,pkg-020939,6.19.9
1,pkg-020940,7.0.0
1,pkg-020941,8.1.1
1,pkg-020942,9.2.2
1,pkg-020943,1.3.3
1,pkg-020944,2.4.4
1,pkg-020945,3.5.5
1,pkg-020946,4.6.6
1,pkg-020947,5.7.7
1,pkg-020948,6.8.8
1,pkg-020949,7.9.9
1,pkg-020950,8.10.0
1,pkg-020951,9.11.1
1,pkg-020952,1.12.2
1,pkg-020953,2.13.3
1,pkg-020954,3.14.4
1,pkg-020955,4.15.5
1,pkg-020956,5.16.6
1,pkg-020957,6.17.7
1,pkg-020958,7.18.8
1,pkg-020959,8.19.9
1,pkg-020960,9.0.0
1,pkg-020961,1.1.1
1,pkg-020962,2.2.2
1,pkg-020963,3.3.3
1,pkg-020964,4.4.4
1,pkg-020965,5.5.5
1,pkg-020966,6.6.6
1,pkg-020967,7.7.7
1,pkg-020968,8.8.8
1,pkg-020969,9.9.9
1,pkg-020970,1.10.0
1,pkg-020971,2.11.1
1,pkg-020972,3.12.2
1,pkg-020973,4.13.3
1,pkg-020974,5.14.4
1,pkg-020975,6.15.5
1,pkg-020976,7.16.6
1,pkg-020977,8.17.7
1,pkg-020978,9.18.8
1,pkg-020979,1.19.9
1,pkg-020980,2.0.0
1,pkg-020981,3.1.1
1,pkg-020982,4.2.2
1,pkg-020983,5.3.3
1,pkg-020984,6.4.4
1,pkg-020985,7.5.5
1,pkg-020986,8.6.6
1,pkg-020987,9.7.7
1,pkg-020988,1.8.8
1,pkg-020989,2.9.9
1,pkg-020990,3.10.0
1,pkg-020991,4.11.1
1,pkg-020992,5.12.2
1,pkg-020993,6.13.3
1,pkg-020994,7.14.4
1,pkg-020995,8.15.5
1,pkg-020996,9.16.6
1,pkg-020997,1.17.7
1,pkg-020998,2.18.8
1,pkg-020999,3.19.9
1,pkg-021000,4.0.0
1,pkg-021001,5.1.1
1,pkg-021002,6.2.2
1,pkg-021003,7.3.3
1,pkg-021004,8.4.4
1,pkg-021005,9.5.5
1,pkg-021006,1.6.6
1,pkg-021007,2.7.7
1,pkg-021008,3.8.8
1,pkg-021009,4.9.9
1,pkg-021010,5.10.0
1,pkg-021011,6.11.1
1,pkg-021012,7.12.2
1,pkg-021013,8.13.3
1,pkg-021014,9.14.4
1,pkg-021015,1.15.5
1,pkg-021016,2.16.6
1,pkg-021017,3.17.7
1,pkg-021018,4.18.8
1,pkg-021019,5.19.9
1,pkg-021020,6.0.0
1,pkg-021021,7.1.1
1,pkg-021022,8.2.2
1,pkg-021023,9.3.3
1,pkg-021024,1.4.4
1,pkg-021025,2.5.5
1,pkg-021026,3.6.6
1,pkg-021027,4.7.7
1,pkg-021028,5.8.8
1,pkg-021029,6.9.9
1,pkg-021030,7.10.0
1,pkg-021031,8.11.1
1,pkg-021032,9.12.2
1,pkg-021033,1.13.3
1,pkg-021034,2.14.4
1,pkg-021035,3.15.5
1,pkg-021036,4.16.6
1,pkg-021037,5.17.7
1,pkg-021038,6.18.8
1,pkg-021039,7.19.9
1,pkg-021040,8.0.0
1,pkg-021041,9.1.1
1,pkg-021042,1.2.2
1,pkg-021043,2.3.3
1,pkg-021044,3.4.4
1,pkg-021045,4.5.5
1,pkg-021046,5.6.6
1,pkg-021047,6.7.7
1,pkg-021048,7.8.8
1,pkg-021049,8.9.9
1,pkg-021050,9.10.0
1,pkg-021051,1.11.1
1,pkg-021052,2.12.2
1,pkg-021053,3.13.3
1,pkg-021054,4.14.4
1,pkg-021055,5.15.5
1,pkg-021056,6.16.6
1,pkg-021057,7.17.7
1,pkg-021058,8.18.8
1,pkg-021059,9.19.9
1,pkg-021060,1.0.0
1,pkg-021061,2.1.1
1,pkg-021062,3.2.2
1,pkg-021063,4.3.3
1,pkg-021064,5.4.4
1,pkg-021065,6.5.5
1,pkg-021066,7.6.6
1,pkg-021067,8.7.7
1,pkg-021068,9.8.8
1,pkg-021069,1.9.9
1,pkg-021070,2.10.0
1,pkg-021071,3.11.1
1,pkg-021072,4.12.2
1,pkg-021073,5.13.3
1,pkg-021074,6.14.4
1,pkg-021075,7.15.5
1,pkg-021076,8.16.6
1,pkg-021077,9.17.7
1,pkg-021078,1.18.8
1,pkg-021079,2.19.9
1,pkg-021080,3.0.0
1,pkg-021081,4.1.1
1,pkg-021082,5.2.2
1,pkg-021083,6.3.3
1,pkg-021084,7.4.4
1,pkg-021085,8.5.5
1,pkg-021086,9.6.6
1,pkg-021087,1.7.7
1,pkg-021088,2.8.8
1,pkg-021089,3.9.9
1,pkg-021090,4.10.0
1,pkg-021091,5.11.1
1,pkg-021092,6.12.2
1,pkg-021093,7.13.3
1,pkg-021094,8.14.4
1,pkg-021095,9.15.5
1,pkg-021096,1.16.6
1,pkg-021097,2.17.7
1,pkg-021098,3.18.8
1,pkg-021099,4.19.9
1,pkg-021100,5.0.0
1,pkg-021101,6.1.1
1,pkg-021102,7.2.2
1,pkg-021103,8.3.3
1,pkg-021104,9.4.4
1,pkg-021105,1.5.5
1,pkg-021106,2.6.6
1,pkg-021107,3.7.7
1,pkg-021108,4.8.8
1,pkg-021109,5.9.9
1,pkg-021110,6.10.0
1,pkg-021111,7.11.1
1,pkg-021112,8.12.2
1,pkg-021113,9.13.3
1,pkg-021114,1.14.4
1,pkg-021115,2.15.5
1,pkg-021116,3.16.6
1,pkg-021117,4.17.7
1,pkg-021118,5.18.8
1,pkg-021119,6.19.9
1,pkg-021120,7.0.0
1,pkg-021121,8.1.1
1,pkg-021122,9.2.2
1,pkg-021123,1.3.3
1,pkg-021124,2.4.4
1,pkg-021125,3.5.5
1,pkg-021126,4.6.6
1,pkg-021127,5.7.7
1,pkg-021128,6.8.8
1,pkg-021129,7.9.9
1,pkg-021130,8.10.0
1,pkg-021131,9.11.1
1,pkg-021132,1.12.2
1,pkg-021133,2.13.3
1,pkg-021134,3.14.4
1,pkg-021135,4.15.5
1,pkg-021136,5.16.6
1,pkg-021137,6.17.7
1,pkg-021138,7.18.8
1,pkg-021139,8.19.9
1,pkg-021140,9.0.0
1,pkg-021141,1.1.1
1,pkg-021142,2.2.2
1,pkg-021143,3.3.3
1,pkg-021144,4.4.4
1,pkg-021145,5.5.5
1,pkg-021146,6.6.6
1,pkg-021147,7.7.7
1,pkg-021148,8.8.8
1,pkg-021149,9.9.9
1,pkg-021150,1.10.0
1,pkg-021151,2.11.1
1,pkg-021152,3.12.2
1,pkg-021153,4.13.3
1,pkg-021154,5.14.4
1,pkg-021155,6.15.5
1,pkg-021156,7.16.6
1,pkg-021157,8.17.7
1,pkg-021158,9.18.8
1,pkg-021159,1.19.9
1,pkg-021160,2.0.0
1,pkg-021161,3.1.1
1,pkg-021162,4.2.2
1,pkg-021163,5.3.3
1,pkg-021164,6.4.4
1,pkg-021165,7.5.5
1,pkg-021166,8.6.6
1,pkg-021167,9.7.7
1,pkg-021168,1.8.8
1,pkg-021169,2.9.9
1,pkg-021170,3.10.0
1,pkg-021171,4.11.1
1,pkg-021172,5.12.2
1,pkg-021173,6.13.3
1,pkg-021174,7.14.4
1,pkg-021175,8.15.5
1,pkg-021176,9.16.6
1,pkg-021177,1.17.7
1,pkg-021178,2.18.8
1,pkg-021179,3.19.9
1,pkg-021180,4.0.0
1,pkg-021181,5.1.1
1,pkg-021182,6.2.2
1,pkg-021183,7.3.3
1,pkg-021184,8.4.4
1,pkg-021185,9.5.5
1,pkg-021186,1.6.6
1,pkg-021187,2.7.7
1,pkg-021188,3.8.8
1,pkg-021189,4.9.9
1,pkg-021190,5.10.0
1,pkg-021191,6.11.1
1,pkg-021192,7.12.2
1,pkg-021193,8.13.3
1,pkg-021194,9.14.4
1,pkg-021195,1.15.5
1,pkg-021196,2.16.6
1,pkg-021197,3.17.7
1,pkg-021198,4.18.8
1,pkg-021199,5.19.9
1,pkg-021200,6.0.0
1,pkg-021201,7.1.1
1,pkg-021202,8.2.2
1,pkg-021203,9.3.3
1,pkg-021204,1.4.4
1,pkg-021205,2.5.5
1,pkg-021206,3.6.6
1,pkg-021207,4.7.7
1,pkg-021208,5.8.8
1,pkg-021209,6.9.9
1,pkg-021210,7.10.0
1,pkg-021211,8.11.1
1,pkg-021212,9.12.2
1,pkg-021213,1.13.3
1,pkg-021214,2.14.4
1,pkg-021215,3.15.5
1,pkg-021216,4.16.6
1,pkg-021217,5.17.7
1,pkg-021218,6.18.8
1,pkg-021219,7.19.9
1,pkg-021220,8.0.0
1,pkg-021221,9.1.1
1,pkg-021222,1.2.2
1,pkg-021223,2.3.3
1,pkg-021224,3.4.4
1,pkg-021225,4.5.5
1,pkg-021226,5.6.6
1,pkg-021227,6.7.7
1,pkg-021228,7.8.8
1,pkg-021229,8.9.9
1,pkg-021230,9.10.0
1,pkg-021231,1.11.1
1,pkg-021232,2.12.2
1,pkg-021233,3.13.3
1,pkg-021234,4.14.4
1,pkg-021235,5.15.5
1,pkg-021236,6.16.6
1,pkg-021237,7.17.7
1,pkg-021238,8.18.8
1,pkg-021239,9.19.9
1,pkg-021240,1.0.0
1,pkg-021241,2.1.1
1,pkg-021242,3.2.2
1,pkg-021243,4.3.3
1,pkg-021244,5.4.4
1,pkg-021245,6.5.5
1,pkg-021246,7.6.6
1,pkg-021247,8.7.7
1,pkg-021248,9.8.8
1,pkg-021249,1.9.9
1,pkg-021250,2.10.0
1,pkg-021251,3.11.1
1,pkg-021252,4.12.2
1,pkg-021253,5.13.3
1,pkg-021254,6.14.4
1,pkg-021255,7.15.5
1,pkg-021256,8.16.6
1,pkg-021257,9.17.7
1,pkg-021258,1.18.8
1,pkg-021259,2.19.9
1,pkg-021260,3.0.0
1,pkg-021261,4.1.1
1,pkg-021262,5.2.2
1,pkg-021263,6.3.3
1,pkg-021264,7.4.4
1,pkg-021265,8.5.5
1,pkg-021266,9.6.6
1,pkg-021267,1.7.7
1,pkg-021268,2.8.8
1,pkg-021269,3.9.9
1,pkg-021270,4.10.0
1,pkg-021271,5.11.1
1,pkg-021272,6.12.2
1,pkg-021273,7.13.3
1,pkg-021274,8.14.4
1,pkg-021275,9.15.5
1,pkg-021276,1.16.6
1,pkg-021277,2.17.7
1,pkg-021278,3.18.8
1,pkg-021279,4.19.9
1,pkg-021280,5.0.0
1,pkg-021281,6.1.1
1,pkg-021282,7.2.2
1,pkg-021283,8.3.3
1,pkg-021284,9.4.4
1,pkg-021285,1.5.5
1,pkg-021286,2.6.6
1,pkg-021287,3.7.7
1,pkg-021288,4.8.8
1,pkg-021289,5.9.9
1,pkg-021290,6.10.0
1,pkg-021291,7.11.1
1,pkg-021292,8.12.2
1,pkg-021293,9.13.3
1,pkg-021294,1.14.4
1,pkg-021295,2.15.5
1,pkg-021296,3.16.6
1,pkg-021297,4.17.7
1,pkg-021298,5.18.8
1,pkg-021299,6.19.9
1,pkg-021300,7.0.0
1,pkg-021301,8.1.1
1,pkg-021302,9.2.2
1,pkg-021303,1.3.3
1,pkg-021304,2.4.4
1,pkg-021305,3.5.5
1,pkg-021306,4.6.6
1,pkg-021307,5.7.7
1,pkg-021308,6.8.8
1,pkg-021309,7.9.9
1,pkg-021310,8.10.0
1,pkg-021311,9.11.1
1,pkg-021312,1.12.2
1,pkg-021313,2.13.3
1,pkg-021314,3.14.4
1,pkg-021315,4.15.5
1,pkg-021316,5.16.6
1,pkg-021317,6.17.7
1,pkg-021318,7.18.8
1,pkg-021319,8.19.9
1,pkg-021320,9.0.0
1,pkg-021321,1.1.1
1,pkg-021322,2.2.2
1,pkg-021323,3.3.3
1,pkg-021324,4.4.4
1,pkg-021325,5.5.5
1,pkg-021326,6.6.6
1,pkg-021327,7.7.7
1,pkg-021328,8.8.8
1,pkg-021329,9.9.9
1,pkg-021330,1.10.0
1,pkg-021331,2.11.1
1,pkg-021332,3.12.2
1,pkg-021333,4.13.3
1,pkg-021334,5.14.4
1,pkg-021335,6.15.5
1,pkg-021336,7.16.6
1,pkg-021337,8.17.7
1,pkg-021338,9.18.8
1,pkg-021339,1.19.9
1,pkg-021340,2.0.0
1,pkg-021341,3.1.1
1,pkg-021342,4.2.2
1,pkg-021343,5.3.3
1,pkg-021344,6.4.4
1,pkg-021345,7.5.5
1,pkg-021346,8.6.6
1,pkg-021347,9.7.7
1,pkg-021348,1.8.8
1,pkg-021349,2.9.9
1,pkg-021350,3.10.0
1,pkg-021351,4.11.1
1,pkg-021352,5.12.2
1,pkg-021353,6.13.3
1,pkg-021354,7.14.4
1,pkg-021355,8.15.5
1,pkg-021356,9.16.6
1,pkg-021357,1.17.7
1,pkg-021358,2.18.8
1,pkg-021359,3.19.9
1,pkg-021360,4.0.0
1,pkg-021361,5.1.1
1,pkg-021362,6.2.2
1,pkg-021363,7.3.3
1,pkg-021364,8.4.4
1,pkg-021365,9.5.5
1,pkg-021366,1.6.6
1,pkg-021367,2.7.7
1,pkg-021368,3.8.8
1,pkg-021369,4.9.9
1,pkg-021370,5.10.0
1,pkg-021371,6.11.1
1,pkg-021372,7.12.2
1,pkg-021373,8.13.3
1,pkg-021374,9.14.4
1,pkg-021375,1.15.5
1,pkg-021376,2.16.6
1,pkg-021377,3.17.7
1,pkg-021378,4.18.8
1,pkg-021379,5.19.9
1,pkg-021380,6.0.0
1,pkg-021381,7.1.1
1,pkg-021382,8.2.2
1,pkg-021383,9.3.3
1,pkg-021384,1.4.4
1,pkg-021385,2.5.5
1,pkg-021386,3.6.6
1,pkg-021387,4.7.7
1,pkg-021388,5.8.8
1,pkg-021389,6.9.9
1,pkg-021390,7.10.0
1,pkg-021391,8.11.1
1,pkg-021392,9.12.2
1,pkg-021393,1.13.3
1,pkg-021394,2.14.4
1,pkg-021395,3.15.5
1,pkg-021396,4.16.6
1,pkg-021397,5.17.7
1,pkg-021398,6.18.8
1,pkg-021399,7.19.9
1,pkg-021400,8.0.0
1,pkg-021401,9.1.1
1,pkg-021402,1.2.2
1,pkg-021403,2.3.3
1,pkg-021404,3.4.4
1,pkg-021405,4.5.5
1,pkg-021406,5.6.6
1,pkg-021407,6.7.7
1,pkg-021408,7.8.8
1,pkg-021409,8.9.9
1,pkg-021410,9.10.0
1,pkg-021411,1.11.1
1,pkg-021412,2.12.2
1,pkg-021413,3.13.3
1,pkg-021414,4.14.4
1,pkg-021415,5.15.5
1,pkg-021416,6.16.6
1,pkg-021417,7.17.7
1,pkg-021418,8.18.8
1,pkg-021419,9.19.9
1,pkg-021420,1.0.0
1,pkg-021421,2.1.1
1,pkg-021422,3.2.2
1,pkg-021423,4.3.3
1,pkg-021424,5.4.4
1,pkg-021425,6.5.5
1,pkg-021426,7.6.6
1,pkg-021427,8.7.7
1,pkg-021428,9.8.8
1,pkg-021429,1.9.9
1,pkg-021430,2.10.0
1,pkg-021431,3.11.1
1,pkg-021432,4.12.2
1,pkg-021433,5.13.3
1,pkg-021434,6.14.4
1,pkg-021435,7.15.5
1,pkg-021436,8.16.6
1,pkg-021437,9.17.7
1,pkg-021438,1.18.8
1,pkg-021439,2.19.9
1,pkg-021440,3.0.0
1,pkg-021441,4.1.1
1,pkg-021442,5.2.2
1,pkg-021443,6.3.3
1,pkg-021444,7.4.4
1,pkg-021445,8.5.5
1,pkg-021446,9.6.6
1,pkg-021447,1.7.7
1,pkg-021448,2.8.8
1,pkg-021449,3.9.9
1,pkg-021450,4.10.0
1,pkg-021451,5.11.1
1,pkg-021452,6.12.2
1,pkg-021453,7.13.3
1,pkg-021454,8.14.4
1,pkg-021455,9.15.5
1,pkg-021456,1.16.6
1,pkg-021457,2.17.7
1,pkg-021458,3.18.8
1,pkg-021459,4.19.9
1,pkg-021460,5.0.0
1,pkg-021461,6.1.1
1,pkg-021462,7.2.2
1,pkg-021463,8.3.3
1,pkg-021464,9.4.4
1,pkg-021465,1.5.5
1,pkg-021466,2.6.6
1,pkg-021467,3.7.7
1,pkg-021468,4.8.8
1,pkg-021469,5.9.9
1,pkg-021470,6.10.0
1,pkg-021471,7.11.1
1,pkg-021472,8.12.2
1,pkg-021473,9.13.3
1,pkg-021474,1.14.4
1,pkg-021475,2.15.5
1,pkg-021476,3.16.6
1,pkg-021477,4.17.7
1,pkg-021478,5.18.8
1,pkg-021479,6.19.9
1,pkg-021480,7.0.0
1,pkg-021481,8.1.1
1,pkg-021482,9.2.2
1,pkg-021483,1.3.3
1,pkg-021484,2.4.4
1,pkg-021485,3.5.5
1,pkg-021486,4.6.6
1,pkg-021487,5.7.7
1,pkg-021488,6.8.8
1,pkg-021489,7.9.9
1,pkg-021490,8.10.0
1,pkg-021491,9.11.1
1,pkg-021492,1.12.2
1,pkg-021493,2.13.3
1,pkg-021494,3.14.4
1,pkg-021495,4.15.5
1,pkg-021496,5.16.6
1,pkg-021497,6.17.7
1,pkg-021498,7.18.8
1,pkg-021499,8.19.9
1,pkg-021500,9.0.0
1,pkg-021501,1.1.1
1,pkg-021502,2.2.2
1,pkg-021503,3.3.3
1,pkg-021504,4.4.4
1,pkg-021505,5.5.5
1,pkg-021506,6.6.6
1,pkg-021507,7.7.7
1,pkg-021508,8.8.8
1,pkg-021509,9.9.9
1,pkg-021510,1.10.0
1,pkg-021511,2.11.1
1,pkg-021512,3.12.2
1,pkg-021513,4.13.3
1,pkg-021514,5.14.4
1,pkg-021515,6.15.5
1,pkg-021516,7.16.6
1,pkg-021517,8.17.7
1,pkg-021518,9.18.8
1,pkg-021519,1.19.9
1,pkg-021520,2.0.0
1,pkg-021521,3.1.1
1,pkg-021522,4.2.2
1,pkg-021523,5.3.3
1,pkg-021524,6.4.4
1,pkg-021525,7.5.5
1,pkg-021526,8.6.6
1,pkg-021527,9.7.7
1,pkg-021528,1.8.8
1,pkg-021529,2.9.9
1,pkg-021530,3.10.0
1,pkg-021531,4.11.1
1,pkg-021532,5.12.2
1,pkg-021533,6.13.3
1,pkg-021534,7.14.4
1,pkg-021535,8.15.5
1,pkg-021536,9.16.6
1,pkg-021537,1.17.7
1,pkg-021538,2.18.8
1,pkg-021539,3.19.9
1,pkg-021540,4.0.0
1,pkg-021541,5.1.1
1,pkg-021542,6.2.2
1,pkg-021543,7.3.3
1,pkg-021544,8.4.4
1,pkg-021545,9.5.5
1,pkg-021546,1.6.6
1,pkg-021547,2.7.7
1,pkg-021548,3.8.8
1,pkg-021549,4.9.9
1,pkg-021550,5.10.0
1,pkg-021551,6.11.1
1,pkg-021552,7.12.2
1,pkg-021553,8.13.3
1,pkg-021554,9.14.4
1,pkg-021555,1.15.5
1,pkg-021556,2.16.6
1,pkg-021557,3.17.7
1,pkg-021558,4.18.8
1,pkg-021559,5.19.9
1,pkg-021560,6.0.0
1,pkg-021561,7.1.1
1,pkg-021562,8.2.2
1,pkg-021563,9.3.3
1,pkg-021564,1.4.4
1,pkg-021565,2.5.5
1,pkg-021566,3.6.6
1,pkg-021567,4.7.7
1,pkg-021568,5.8.8
1,pkg-021569,6.9.9
1,pkg-021570,7.10.0
1,pkg-021571,8.11.1
1,pkg-021572,9.12.2
1,pkg-021573,1.13.3
1,pkg-021574,2.14.4
1,pkg-021575,3.15.5
1,pkg-021576,4.16.6
1,pkg-021577,5.17.7
1,pkg-021578,6.18.8
1,pkg-021579,7.19.9
1,pkg-021580,8.0.0
1,pkg-021581,9.1.1
1,pkg-021582,1.2.2
1,pkg-021583,2.3.3
1,pkg-021584,3.4.4
1,pkg-021585,4.5.5
1,pkg-021586,5.6.6
1,pkg-021587,6.7.7
1,pkg-021588,7.8.8
1,pkg-021589,8.9.9
1,pkg-021590,9.10.0
1,pkg-021591,1.11.1
1,pkg-021592,2.12.2
1,pkg-021593,3.13.3
1,pkg-021594,4.14.4
1,pkg-021595,5.15.5
1,pkg-021596,6.16.6
1,pkg-021597,7.17.7
1,pkg-021598,8.18.8
1,pkg-021599,9.19.9
1,pkg-021600,1.0.0
1,pkg-021601,2.1.1
1,pkg-021602,3.2.2
1,pkg-021603,4.3.3
1,pkg-021604,5.4.4
1,pkg-021605,6.5.5
1,pkg-021606,7.6.6
1,pkg-021607,8.7.7
1,pkg-021608,9.8.8
1,pkg-021609,1.9.9
1,pkg-021610,2.10.0
1,pkg-021611,3.11.1
1,pkg-021612,4.12.2
1,pkg-021613,5.13.3
1,pkg-021614,6.14.4
1,pkg-021615,7.15.5
1,pkg-021616,8.16.6
1,pkg-021617,9.17.7
1,pkg-021618,1.18.8
1,pkg-021619,2.19.9
1,pkg-021620,3.0.0
1,pkg-021621,4.1.1
1,pkg-021622,5.2.2
1,pkg-021623,6.3.3
1,pkg-021624,7.4.4
1,pkg-021625,8.5.5
1,pkg-021626,9.6.6
1,pkg-021627,1.7.7
1,pkg-021628,2.8.8
1,pkg-021629,3.9.9
1,pkg-021630,4.10.0
1,pkg-021631,5.11.1
1,pkg-021632,6.12.2
1,pkg-021633,7.13.3
1,pkg-021634,8.14.4
1,pkg-021635,9.15.5
1,pkg-021636,1.16.6
1,pkg-021637,2.17.7
1,pkg-021638,3.18.8
1,pkg-021639,4.19.9
1,pkg-021640,5.0.0
1,pkg-021641,6.1.1
1,pkg-021642,7.2.2
1,pkg-021643,8.3.3
1,pkg-021644,9.4.4
1,pkg-021645,1.5.5
1,pkg-021646,2.6.6
1,pkg-021647,3.7.7
1,pkg-021648,4.8.8
1,pkg-021649,5.9.9
1,pkg-021650,6.10.0
1,pkg-021651,7.11.1
1,pkg-021652,8.12.2
1,pkg-021653,9.13.3
1,pkg-021654,1.14.4
1,pkg-021655,2.15.5
1,pkg-021656,3.16.6
1,pkg-021657,4.17.7
1,pkg-021658,5.18.8
1,pkg-021659,6.19.9
1,pkg-021660,7.0.0
1,pkg-021661,8.1.1
1,pkg-021662,9.2.2
1,pkg-021663,1.3.3
1,pkg-021664,2.4.4
1,pkg-021665,3.5.5
1,pkg-021666,4.6.6
1,pkg-021667,5.7.7
1,pkg-021668,6.8.8
1,pkg-021669,7.9.9
1,pkg-021670,8.10.0
1,pkg-021671,9.11.1
1,pkg-021672,1.12.2
1,pkg-021673,2.13.3
1,pkg-021674,3.14.4
1,pkg-021675,4.15.5
1,pkg-021676,5.16.6
1,pkg-021677,6.17.7
1,pkg-021678,7.18.8
1,pkg-021679,8.19.9
1,pkg-021680,9.0.0
1,pkg-021681,1.1.1
1,pkg-021682,2.2.2
1,pkg-021683,3.3.3
1,pkg-021684,4.4.4
1,pkg-021685,5.5.5
1,pkg-021686,6.6.6
1,pkg-021687,7.7.7
1,pkg-021688,8.8.8
1,pkg-021689,9.9.9
1,pkg-021690,1.10.0
1,pkg-021691,2.11.1
1,pkg-021692,3.12.2
1,pkg-021693,4.13.3
1,pkg-021694,5.14.4
1,pkg-021695,6.15.5
1,pkg-021696,7.16.6
1,pkg-021697,8.17.7
1,pkg-021698,9.18.8
1,pkg-021699,1.19.9
1,pkg-021700,2.0.0
1,pkg-021701,3.1.1
1,pkg-021702,4.2.2
1,pkg-021703,5.3.3
1,pkg-021704,6.4.4
1,pkg-021705,7.5.5
1,pkg-021706,8.6.6
1,pkg-021707,9.7.7
1,pkg-021708,1.8.8
1,pkg-021709,2.9.9
1,pkg-021710,3.10.0
1,pkg-021711,4.11.1
1,pkg-021712,5.12.2
1,pkg-021713,6.13.3
1,pkg-021714,7.14.4
1,pkg-021715,8.15.5
1,pkg-021716,9.16.6
1,pkg-021717,1.17.7
1,pkg-021718,2.18.8
1,pkg-021719,3.19.9
1,pkg-021720,4.0.0
1,pkg-021721,5.1.1
1,pkg-021722,6.2.2
1,pkg-021723,7.3.3
1,pkg-021724,8.4.4
1,pkg-021725,9.5.5
1,pkg-021726,1.6.6
1,pkg-021727,2.7.7
1,pkg-021728,3.8.8
1,pkg-021729,4.9.9
1,pkg-021730,5.10.0
1,pkg-021731,6.11.1
1,pkg-021732,7.12.2
1,pkg-021733,8.13.3
1,pkg-021734,9.14.4
1,pkg-021735,1.15.5
1,pkg-021736,2.16.6
1,pkg-021737,3.17.7
1,pkg-021738,4.18.8
1,pkg-021739,5.19.9
1,pkg-021740,6.0.0
1,pkg-021741,7.1.1
1,pkg-021742,8.2.2
1,pkg-021743,9.3.3
1,pkg-021744,1.4.4
1,pkg-021745,2.5.5
1,pkg-021746,3.6.6
1,pkg-021747,4.7.7
1,pkg-021748,5.8.8
1,pkg-021749,6.9.9
1,pkg-021750,7.10.0
1,pkg-021751,8.11.1
1,pkg-021752,9.12.2
1,pkg-021753,1.13.3
1,pkg-021754,2.14.4
1,pkg-021755,3.15.5
1,pkg-021756,4.16.6
1,pkg-021757,5.17.7
1,pkg-021758,6.18.8
1,pkg-021759,7.19.9
1,pkg-021760,8.0.0
1,pkg-021761,9.1.1
1,pkg-021762,1.2.2
1,pkg-021763,2.3.3
1,pkg-021764,3.4.4
1,pkg-021765,4.5.5
1,pkg-021766,5.6.6
1,pkg-021767,6.7.7
1,pkg-021768,7.8.8
1,pkg-021769,8.9.9
1,pkg-021770,9.10.0
1,pkg-021771,1.11.1
1,pkg-021772,2.12.2
1,pkg-021773,3.13.3
1,pkg-021774,4.14.4
1,pkg-021775,5.15.5
1,pkg-021776,6.16.6
1,pkg-021777,7.17.7
1,pkg-021778,8.18.8
1,pkg-021779,9.19.9
1,pkg-021780,1.0.0
1,pkg-021781,2.1.1
1,pkg-021782,3.2.2
1,pkg-021783,4.3.3
1,pkg-021784,5.4.4
1,pkg-021785,6.5.5
1,pkg-021786,7.6.6
1,pkg-021787,8.7.7
1,pkg-021788,9.8.8
1,pkg-021789,1.9.9
1,pkg-021790,2.10.0
1,pkg-021791,3.11.1
1,pkg-021792,4.12.2
1,pkg-021793,5.13.3
1,pkg-021794,6.14.4
1,pkg-021795,7.15.5
1,pkg-021796,8.16.6
1,pkg-021797,9.17.7
1,pkg-021798,1.18.8
1,pkg-021799,2.19.9
1,pkg-021800,3.0.0
1,pkg-021801,4.1.1
1,pkg-021802,5.2.2
1,pkg-021803,6.3.3
1,pkg-021804,7.4.4
1,pkg-021805,8.5.5
1,pkg-021806,9.6.6
1,pkg-021807,1.7.7
1,pkg-021808,2.8.8
1,pkg-021809,3.9.9
1,pkg-021810,4.10.0
1,pkg-021811,5.11.1
1,pkg-021812,6.12.2
1,pkg-021813,7.13.3
1,pkg-021814,8.14.4
1,pkg-021815,9.15.5
1,pkg-021816,1.16.6
1,pkg-021817,2.17.7
1,pkg-021818,3.18.8
1,pkg-021819,4.19.9
1,pkg-021820,5.0.0
1,pkg-021821,6.1.1
1,pkg-021822,7.2.2
1,pkg-021823,8.3.3
1,pkg-021824,9.4.4
1,pkg-021825,1.5.5
1,pkg-021826,2.6.6
1,pkg-021827,3.7.7
1,pkg-021828,4.8.8
1,pkg-021829,5.9.9
1,pkg-021830,6.10.0
1,pkg-021831,7.11.1
1,pkg-021832,8.12.2
1,pkg-021833,9.13.3
1,pkg-021834,1.14.4
1,pkg-021835,2.15.5
1,pkg-021836,3.16.6
1,pkg-021837,4.17.7
1,pkg-021838,5.18.8
1,pkg-021839,6.19.9
1,pkg-021840,7.0.0
1,pkg-021841,8.1.1
1,pkg-021842,9.2.2
1,pkg-021843,1.3.3
1,pkg-021844,2.4.4
1,pkg-021845,3.5.5
1,pkg-021846,4.6.6
1,pkg-021847,5.7.7
1,pkg-021848,6.8.8
1,pkg-021849,7.9.9
1,pkg-021850,8.10.0
1,pkg-021851,9.11.1
1,pkg-021852,1.12.2
1,pkg-021853,2.13.3
1,pkg-021854,3.14.4
1,pkg-021855,4.15.5
1,pkg-021856,5.16.6
1,pkg-021857,6.17.7
1,pkg-021858,7.18.8
1,pkg-021859,8.19.9
1,pkg-021860,9.0.0
1,pkg-021861,1.1.1
1,pkg-021862,2.2.2
1,pkg-021863,3.3.3
1,pkg-021864,4.4.4
1,pkg-021865,5.5.5
1,pkg-021866,6.6.6
1,pkg-021867,7.7.7
1,pkg-021868,8.8.8
1,pkg-021869,9.9.9
1,pkg-021870,1.10.0
1,pkg-021871,2.11.1
1,pkg-021872,3.12.2
1,pkg-021873,4.13.3
1,pkg-021874,5.14.4
1,pkg-021875,6.15.5
1,pkg-021876,7.16.6
1,pkg-021877,8.17.7
1,pkg-021878,9.18.8
1,pkg-021879,1.19.9
1,pkg-021880,2.0.0
1,pkg-021881,3.1.1
1,pkg-021882,4.2.2
1,pkg-021883,5.3.3
1,pkg-021884,6.4.4
1,pkg-021885,7.5.5
1,pkg-021886,8.6.6
1,pkg-021887,9.7.7
1,pkg-021888,1.8.8
1,pkg-021889,2.9.9
1,pkg-021890,3.10.0
1,pkg-021891,4.11.1
1,pkg-021892,5.12.2
1,pkg-021893,6.13.3
1,pkg-021894,7.14.4
1,pkg-021895,8.15.5
1,pkg-021896,9.16.6
1,pkg-021897,1.17.7
1,pkg-021898,2.18.8
1,pkg-021899,3.19.9
1,pkg-021900,4.0.0
1,pkg-021901,5.1.1
1,pkg-021902,6.2.2
1,pkg-021903,7.3.3
1,pkg-021904,8.4.4
1,pkg-021905,9.5.5
1,pkg-021906,1.6.6
1,pkg-021907,2.7.7
1,pkg-021908,3.8.8
1,pkg-021909,4.9.9
1,pkg-021910,5.10.0
1,pkg-021911,6.11.1
1,pkg-021912,7.12.2
1,pkg-021913,8.13.3
1,pkg-021914,9.14.4
1,pkg-021915,1.15.5
1,pkg-021916,2.16.6
1,pkg-021917,3.17.7
1,pkg-021918,4.18.8
1,pkg-021919,5.19.9
1,pkg-021920,6.0.0
1,pkg-021921,7.1.1
1,pkg-021922,8.2.2
1,pkg-021923,9.3.3
1,pkg-021924,1.4.4
1,pkg-021925,2.5.5
1,pkg-021926,3.6.6
1,pkg-021927,4.7.7
1,pkg-021928,5.8.8
1,pkg-021929,6.9.9
1,pkg-021930,7.10.0
1,pkg-021931,8.11.1
1,pkg-021932,9.12.2
1,pkg-021933,1.13.3
1,pkg-021934,2.14.4
1,pkg-021935,3.15.5
1,pkg-021936,4.16.6
1,pkg-021937,5.17.7
1,pkg-021938,6.18.8
1,pkg-021939,7.19.9
1,pkg-021940,8.0.0
1,pkg-021941,9.1.1
1,pkg-021942,1.2.2
1,pkg-021943,2.3.3
1,pkg-021944,3.4.4
1,pkg-021945,4.5.5
1,pkg-021946,5.6.6
1,pkg-021947,6.7.7
1,pkg-021948,7.8.8
1,pkg-021949,8.9.9
1,pkg-021950,9.10.0
1,pkg-021951,1.11.1
1,pkg-021952,2.12.2
1,pkg-021953,3.13.3
1,pkg-021954,4.14.4
1,pkg-021955,5.15.5
1,pkg-021956,6.16.6
1,pkg-021957,7.17.7
1,pkg-021958,8.18.8
1,pkg-021959,9.19.9
1,pkg-021960,1.0.0
1,pkg-021961,2.1.1
1,pkg-021962,3.2.2
1,pkg-021963,4.3.3
1,pkg-021964,5.4.4
1,pkg-021965,6.5.5
1,pkg-021966,7.6.6
1,pkg-021967,8.7.7
1,pkg-021968,9.8.8
1,pkg-021969,1.9.9
1,pkg-021970,2.10.0
1,pkg-021971,3.11.1
1,pkg-021972,4.12.2
1,pkg-021973,5.13.3
1,pkg-021974,6.14.4
1,pkg-021975,7.15.5
1,pkg-021976,8.16.6
1,pkg-021977,9.17.7
1,pkg-021978,1.18.8
1,pkg-021979,2.19.9
1,pkg-021980,3.0.0
1,pkg-021981,4.1.1
1,pkg-021982,5.2.2
1,pkg-021983,6.3.3
1,pkg-021984,7.4.4
1,pkg-021985,8.5.5
1,pkg-021986,9.6.6
1,pkg-021987,1.7.7
1,pkg-021988,2.8.8
1,pkg-021989,3.9.9
1,pkg-021990,4.10.0
1,pkg-021991,5.11.1
1,pkg-021992,6.12.2
1,pkg-021993,7.13.3
1,pkg-021994,8.14.4
1,pkg-021995,9.15.5
1,pkg-021996,1.16.6
1,pkg-021997,2.17.7
1,pkg-021998,3.18.8
1,pkg-021999,4.19.9
1,pkg-022000,5.0.0
1,pkg-022001,6.1.1
1,pkg-022002,7.2.2
1,pkg-022003,8.3.3
1,pkg-022004,9.4.4
1,pkg-022005,1.5.5
1,pkg-022006,2.6.6
1,pkg-022007,3.7.7
1,pkg-022008,4.8.8
1,pkg-022009,5.9.9
1,pkg-022010,6.10.0
1,pkg-022011,7.11.1
1,pkg-022012,8.12.2
1,pkg-022013,9.13.3
1,pkg-022014,1.14.4
1,pkg-022015,2.15.5
1,pkg-022016,3.16.6
1,pkg-022017,4.17.7
1,pkg-022018,5.18.8
1,pkg-022019,6.19.9
1,pkg-022020,7.0.0
1,pkg-022021,8.1.1
1,pkg-022022,9.2.2
1,pkg-022023,1.3.3
1,pkg-022024,2.4.4
1,pkg-022025,3.5.5
1,pkg-022026,4.6.6
1,pkg-022027,5.7.7
1,pkg-022028,6.8.8
1,pkg-022029,7.9.9
1,pkg-022030,8.10.0
1,pkg-022031,9.11.1
1,pkg-022032,1.12.2
1,pkg-022033,2.13.3
1,pkg-022034,3.14.4
1,pkg-022035,4.15.5
1,pkg-022036,5.16.6
1,pkg-022037,6.17.7
1,pkg-022038,7.18.8
1,pkg-022039,8.19.9
1,pkg-022040,9.0.0
1,pkg-022041,1.1.1
1,pkg-022042,2.2.2
1,pkg-022043,3.3.3
1,pkg-022044,4.4.4
1,pkg-022045,5.5.5
1,pkg-022046,6.6.6
1,pkg-022047,7.7.7
1,pkg-022048,8.8.8
1,pkg-022049,9.9.9
1,pkg-022050,1.10.0
1,pkg-022051,2.11.1
1,pkg-022052,3.12.2
1,pkg-022053,4.13.3
1,pkg-022054,5.14.4
1,pkg-022055,6.15.5
1,pkg-022056,7.16.6
1,pkg-022057,8.17.7
1,pkg-022058,9.18.8
1,pkg-022059,1.19.9
1,pkg-022060,2.0.0
1,pkg-022061,3.1.1
1,pkg-022062,4.2.2
1,pkg-022063,5.3.3
1,pkg-022064,6.4.4
1,pkg-022065,7.5.5
1,pkg-022066,8.6.6
1,pkg-022067,9.7.7
1,pkg-022068,1.8.8
1,pkg-022069,2.9.9
1,pkg-022070,3.10.0
1,pkg-022071,4.11.1
1,pkg-022072,5.12.2
1,pkg-022073,6.13.3
1,pkg-022074,7.14.4
1,pkg-022075,8.15.5
1,pkg-022076,9.16.6
1,pkg-022077,1.17.7
1,pkg-022078,2.18.8
1,pkg-022079,3.19.9
1,pkg-022080,4.0.0
1,pkg-022081,5.1.1
1,pkg-022082,6.2.2
1,pkg-022083,7.3.3
1,pkg-022084,8.4.4
1,pkg-022085,9.5.5
1,pkg-022086,1.6.6
1,pkg-022087,2.7.7
1,pkg-022088,3.8.8
1,pkg-022089,4.9.9
1,pkg-022090,5.10.0
1,pkg-022091,6.11.1
1,pkg-022092,7.12.2
1,pkg-022093,8.13.3
1,pkg-022094,9.14.4
1,pkg-022095,1.15.5
1,pkg-022096,2.16.6
1,pkg-022097,3.17.7
1,pkg-022098,4.18.8
1,pkg-022099,5.19.9
1,pkg-022100,6.0.0
1,pkg-022101,7.1.1
1,pkg-022102,8.2.2
1,pkg-022103,9.3.3
1,pkg-022104,1.4.4
1,pkg-022105,2.5.5
1,pkg-022106,3.6.6
1,pkg-022107,4.7.7
1,pkg-022108,5.8.8
1,pkg-022109,6.9.9
1,pkg-022110,7.10.0
1,pkg-022111,8.11.1
1,pkg-022112,9.12.2
1,pkg-022113,1.13.3
1,pkg-022114,2.14.4
1,pkg-022115,3.15.5
1,pkg-022116,4.16.6
1,pkg-022117,5.17.7
1,pkg-022118,6.18.8
1,pkg-022119,7.19.9
1,pkg-022120,8.0.0
1,pkg-022121,9.1.1
1,pkg-022122,1.2.2
1,pkg-022123,2.3.3
1,pkg-022124,3.4.4
1,pkg-022125,4.5.5
1,pkg-022126,5.6.6
1,pkg-022127,6.7.7
1,pkg-022128,7.8.8
1,pkg-022129,8.9.9
1,pkg-022130,9.10.0
1,pkg-022131,1.11.1
1,pkg-022132,2.12.2
1,pkg-022133,3.13.3
1,pkg-022134,4.14.4
1,pkg-022135,5.15.5
1,pkg-022136,6.16.6
1,pkg-022137,7.17.7
1,pkg-022138,8.18.8
1,pkg-022139,9.19.9
1,pkg-022140,1.0.0
1,pkg-022141,2.1.1
1,pkg-022142,3.2.2
1,pkg-022143,4.3.3
1,pkg-022144,5.4.4
1,pkg-022145,6.5.5
1,pkg-022146,7.6.6
1,pkg-022147,8.7.7
1,pkg-022148,9.8.8
1,pkg-022149,1.9.9
1,pkg-022150,2.10.0
1,pkg-022151,3.11.1
1,pkg-022152,4.12.2
1,pkg-022153,5.13.3
1,pkg-022154,6.14.4
1,pkg-022155,7.15.5
1,pkg-022156,8.16.6
1,pkg-022157,9.17.7
1,pkg-022158,1.18.8
1,pkg-022159,2.19.9
1,pkg-022160,3.0.0
1,pkg-022161,4.1.1
1,pkg-022162,5.2.2
1,pkg-022163,6.3.3
1,pkg-022164,7.4.4
1,pkg-022165,8.5.5
1,pkg-022166,9.6.6
1,pkg-022167,1.7.7
1,pkg-022168,2.8.8
1,pkg-022169,3.9.9
1,pkg-022170,4.10.0
1,pkg-022171,5.11.1
1,pkg-022172,6.12.2
1,pkg-022173,7.13.3
1,pkg-022174,8.14.4
1,pkg-022175,9.15.5
1,pkg-022176,1.16.6
1,pkg-022177,2.17.7
1,pkg-022178,3.18.8
1,pkg-022179,4.19.9
1,pkg-022180,5.0.0
1,pkg-022181,6.1.1
1,pkg-022182,7.2.2
1,pkg-022183,8.3.3
1,pkg-022184,9.4.4
1,pkg-022185,1.5.5
1,pkg-022186,2.6.6
1,pkg-022187,3.7.7
1,pkg-022188,4.8.8
1,pkg-022189,5.9.9
1,pkg-022190,6.10.0
1,pkg-022191,7.11.1
1,pkg-022192,8.12.2
1,pkg-022193,9.13.3
1,pkg-022194,1.14.4
1,pkg-022195,2.15.5
1,pkg-022196,3.16.6
1,pkg-022197,4.17.7
1,pkg-022198,5.18.8
1,pkg-022199,6.19.9
1,pkg-022200,7.0.0
1,pkg-022201,8.1.1
1,pkg-022202,9.2.2
1,pkg-022203,1.3.3
1,pkg-022204,2.4.4
1,pkg-022205,3.5.5
1,pkg-022206,4.6.6
1,pkg-022207,5.7.7
1,pkg-022208,6.8.8
1,pkg-022209,7.9.9
1,pkg-022210,8.10.0
1,pkg-022211,9.11.1
1,pkg-022212,1.12.2
1,pkg-022213,2.13.3
1,pkg-022214,3.14.4
1,pkg-022215,4.15.5
1,pkg-022216,5.16.6
1,pkg-022217,6.17.7
1,pkg-022218,7.18.8
1,pkg-022219,8.19.9
1,pkg-022220,9.0.0
1,pkg-022221,1.1.1
1,pkg-022222,2.2.2
1,pkg-022223,3.3.3
1,pkg-022224,4.4.4
1,pkg-022225,5.5.5
1,pkg-022226,6.6.6
1,pkg-022227,7.7.7
1,pkg-022228,8.8.8
1,pkg-022229,9.9.9
1,pkg-022230,1.10.0
1,pkg-022231,2.11.1
1,pkg-022232,3.12.2
1,pkg-022233,4.13.3
1,pkg-022234,5.14.4
1,pkg-022235,6.15.5
1,pkg-022236,7.16.6
1,pkg-022237,8.17.7
1,pkg-022238,9.18.8
1,pkg-022239,1.19.9
1,pkg-022240,2.0.0
1,pkg-022241,3.1.1
1,pkg-022242,4.2.2
1,pkg-022243,5.3.3
1,pkg-022244,6.4.4
1,pkg-022245,7.5.5
1,pkg-022246,8.6.6
1,pkg-022247,9.7.7
1,pkg-022248,1.8.8
1,pkg-022249,2.9.9
1,pkg-022250,3.10.0
1,pkg-022251,4.11.1
1,pkg-022252,5.12.2
1,pkg-022253,6.13.3
1,pkg-022254,7.14.4
1,pkg-022255,8.15.5
1,pkg-022256,9.16.6
1,pkg-022257,1.17.7
1,pkg-022258,2.18.8
1,pkg-022259,3.19.9
1,pkg-022260,4.0.0
1,pkg-022261,5.1.1
1,pkg-022262,6.2.2
1,pkg-022263,7.3.3
1,pkg-022264,8.4.4
1,pkg-022265,9.5.5
1,pkg-022266,1.6.6
1,pkg-022267,2.7.7
1,pkg-022268,3.8.8
1,pkg-022269,4.9.9
1,pkg-022270,5.10.0
1,pkg-022271,6.11.1
1,pkg-022272,7.12.2
1,pkg-022273,8.13.3
1,pkg-022274,9.14.4
1,pkg-022275,1.15.5
1,pkg-022276,2.16.6
1,pkg-022277,3.17.7
1,pkg-022278,4.18.8
1,pkg-022279,5.19.9
1,pkg-022280,6.0.0
1,pkg-022281,7.1.1
1,pkg-022282,8.2.2
1,pkg-022283,9.3.3
1,pkg-022284,1.4.4
1,pkg-022285,2.5.5
1,pkg-022286,3.6.6
1,pkg-022287,4.7.7
1,pkg-022288,5.8.8
1,pkg-022289,6.9.9
1,pkg-022290,7.10.0
1,pkg-022291,8.11.1
1,pkg-022292,9.12.2
1,pkg-022293,1.13.3
1,pkg-022294,2.14.4
1,pkg-022295,3.15.5
1,pkg-022296,4.16.6
1,pkg-022297,5.17.7
1,pkg-022298,6.18.8
1,pkg-022299,7.19.9
1,pkg-022300,8.0.0
1,pkg-022301,9.1.1
1,pkg-022302,1.2.2
1,pkg-022303,2.3.3
1,pkg-022304,3.4.4
1,pkg-022305,4.5.5
1,pkg-022306,5.6.6
1,pkg-022307,6.7.7
1,pkg-022308,7.8.8
1,pkg-022309,8.9.9
1,pkg-022310,9.10.0
1,pkg-022311,1.11.1
1,pkg-022312,2.12.2
1,pkg-022313,3.13.3
1,pkg-022314,4.14.4
1,pkg-022315,5.15.5
1,pkg-022316,6.16.6
1,pkg-022317,7.17.7
1,pkg-022318,8.18.8
1,pkg-022319,9.19.9
1,pkg-022320,1.0.0
1,pkg-022321,2.1.1
1,pkg-022322,3.2.2
1,pkg-022323,4.3.3
1,pkg-022324,5.4.4
1,pkg-022325,6.5.5
1,pkg-022326,7.6.6
1,pkg-022327,8.7.7
1,pkg-022328,9.8.8
1,pkg-022329,1.9.9
1,pkg-022330,2.10.0
1,pkg-022331,3.11.1
1,pkg-022332,4.12.2
1,pkg-022333,5.13.3
1,pkg-022334,6.14.4
1,pkg-022335,7.15.5
1,pkg-022336,8.16.6
1,pkg-022337,9.17.7
1,pkg-022338,1.18.8
1,pkg-022339,2.19.9
1,pkg-022340,3.0.0
1,pkg-022341,4.1.1
1,pkg-022342,5.2.2
1,pkg-022343,6.3.3
1,pkg-022344,7.4.4
1,pkg-022345,8.5.5
1,pkg-022346,9.6.6
1,pkg-022347,1.7.7
1,pkg-022348,2.8.8
1,pkg-022349,3.9.9
1,pkg-022350,4.10.0
1,pkg-022351,5.11.1
1,pkg-022352,6.12.2
1,pkg-022353,7.13.3
1,pkg-022354,8.14.4
1,pkg-022355,9.15.5
1,pkg-022356,1.16.6
1,pkg-022357,2.17.7
1,pkg-022358,3.18.8
1,pkg-022359,4.19.9
1,pkg-022360,5.0.0
1,pkg-022361,6.1.1
1,pkg-022362,7.2.2
1,pkg-022363,8.3.3
1,pkg-022364,9.4.4
1,pkg-022365,1.5.5
1,pkg-022366,2.6.6
1,pkg-022367,3.7.7
1,pkg-022368,4.8.8
1,pkg-022369,5.9.9
1,pkg-022370,6.10.0
1,pkg-022371,7.11.1
1,pkg-022372,8.12.2
1,pkg-022373,9.13.3
1,pkg-022374,1.14.4
1,pkg-022375,2.15.5
1,pkg-022376,3.16.6
1,pkg-022377,4.17.7
1,pkg-022378,5.18.8
1,pkg-022379,6.19.9
1,pkg-022380,7.0.0
1,pkg-022381,8.1.1
1,pkg-022382,9.2.2
1,pkg-022383,1.3.3
1,pkg-022384,2.4.4
1,pkg-022385,3.5.5
1,pkg-022386,4.6.6
1,pkg-022387,5.7.7
1,pkg-022388,6.8.8
1,pkg-022389,7.9.9
1,pkg-022390,8.10.0
1,pkg-022391,9.11.1
1,pkg-022392,1.12.2
1,pkg-022393,2.13.3
1,pkg-022394,3.14.4
1,pkg-022395,4.15.5
1,pkg-022396,5.16.6
1,pkg-022397,6.17.7
1,pkg-022398,7.18.8
1,pkg-022399,8.19.9
1,pkg-022400,9.0.0
1,pkg-022401,1.1.1
1,pkg-022402,2.2.2
1,pkg-022403,3.3.3
1,pkg-022404,4.4.4
1,pkg-022405,5.5.5
1,pkg-022406,6.6.6
1,pkg-022407,7.7.7
1,pkg-022408,8.8.8
1,pkg-022409,9.9.9
1,pkg-022410,1.10.0
1,pkg-022411,2.11.1
1,pkg-022412,3.12.2
1,pkg-022413,4.13.3
1,pkg-022414,5.14.4
1,pkg-022415,6.15.5
1,pkg-022416,7.16.6
1,pkg-022417,8.17.7
1,pkg-022418,9.18.8
1,pkg-022419,1.19.9
1,pkg-022420,2.0.0
1,pkg-022421,3.1.1
1,pkg-022422,4.2.2
1,pkg-022423,5.3.3
1,pkg-022424,6.4.4
1,pkg-022425,7.5.5
1,pkg-022426,8.6.6
1,pkg-022427,9.7.7
1,pkg-022428,1.8.8
1,pkg-022429,2.9.9
1,pkg-022430,3.10.0
1,pkg-022431,4.11.1
1,pkg-022432,5.12.2
1,pkg-022433,6.13.3
1,pkg-022434,7.14.4
1,pkg-022435,8.15.5
1,pkg-022436,9.16.6
1,pkg-022437,1.17.7
1,pkg-022438,2.18.8
1,pkg-022439,3.19.9
1,pkg-022440,4.0.0
1,pkg-022441,5.1.1
1,pkg-022442,6.2.2
1,pkg-022443,7.3.3
1,pkg-022444,8.4.4
1,pkg-022445,9.5.5
1,pkg-022446,1.6.6
1,pkg-022447,2.7.7
1,pkg-022448,3.8.8
1,pkg-022449,4.9.9
1,pkg-022450,5.10.0
1,pkg-022451,6.11.1
1,pkg-022452,7.12.2
1,pkg-022453,8.13.3
1,pkg-022454,9.14.4
1,pkg-022455,1.15.5
1,pkg-022456,2.16.6
1,pkg-022457,3.17.7
1,pkg-022458,4.18.8
1,pkg-022459,5.19.9
1,pkg-022460,6.0.0
1,pkg-022461,7.1.1
1,pkg-022462,8.2.2
1,pkg-022463,9.3.3
1,pkg-022464,1.4.4
1,pkg-022465,2.5.5
1,pkg-022466,3.6.6
1,pkg-022467,4.7.7
1,pkg-022468,5.8.8
1,pkg-022469,6.9.9
1,pkg-022470,7.10.0
1,pkg-022471,8.11.1
1,pkg-022472,9.12.2
1,pkg-022473,1.13.3
1,pkg-022474,2.14.4
1,pkg-022475,3.15.5
1,pkg-022476,4.16.6
1,pkg-022477,5.17.7
1,pkg-022478,6.18.8
1,pkg-022479,7.19.9
1,pkg-022480,8.0.0
1,pkg-022481,9.1.1
1,pkg-022482,1.2.2
1,pkg-022483,2.3.3
1,pkg-022484,3.4.4
1,pkg-022485,4.5.5
1,pkg-022486,5.6.6
1,pkg-022487,6.7.7
1,pkg-022488,7.8.8
1,pkg-022489,8.9.9
1,pkg-022490,9.10.0
1,pkg-022491,1.11.1
1,pkg-022492,2.12.2
1,pkg-022493,3.13.3
1,pkg-022494,4.14.4
1,pkg-022495,5.15.5
1,pkg-022496,6.16.6
1,pkg-022497,7.17.7
1,pkg-022498,8.18.8
1,pkg-022499,9.19.9
1,pkg-022500,1.0.0
1,pkg-022501,2.1.1
1,pkg-022502,3.2.2
1,pkg-022503,4.3.3
1,pkg-022504,5.4.4
1,pkg-022505,6.5.5
1,pkg-022506,7.6.6
1,pkg-022507,8.7.7
1,pkg-022508,9.8.8
1,pkg-022509,1.9.9
1,pkg-022510,2.10.0
1,pkg-022511,3.11.1
1,pkg-022512,4.12.2
1,pkg-022513,5.13.3
1,pkg-022514,6.14.4
1,pkg-022515,7.15.5
1,pkg-022516,8.16.6
1,pkg-022517,9.17.7
1,pkg-022518,1.18.8
1,pkg-022519,2.19.9
1,pkg-022520,3.0.0
1,pkg-022521,4.1.1
1,pkg-022522,5.2.2
1,pkg-022523,6.3.3
1,pkg-022524,7.4.4
1,pkg-022525,8.5.5
1,pkg-022526,9.6.6
1,pkg-022527,1.7.7
1,pkg-022528,2.8.8
1,pkg-022529,3.9.9
1,pkg-022530,4.10.0
1,pkg-022531,5.11.1
1,pkg-022532,6.12.2
1,pkg-022533,7.13.3
1,pkg-022534,8.14.4
1,pkg-022535,9.15.5
1,pkg-022536,1.16.6
1,pkg-022537,2.17.7
1,pkg-022538,3.18.8
1,pkg-022539,4.19.9
1,pkg-022540,5.0.0
1,pkg-022541,6.1.1
1,pkg-022542,7.2.2
1,pkg-022543,8.3.3
1,pkg-022544,9.4.4
1,pkg-022545,1.5.5
1,pkg-022546,2.6.6
1,pkg-022547,3.7.7
1,pkg-022548,4.8.8
1,pkg-022549,5.9.9
1,pkg-022550,6.10.0
1,pkg-022551,7.11.1
1,pkg-022552,8.12.2
1,pkg-022553,9.13.3
1,pkg-022554,1.14.4
1,pkg-022555,2.15.5
1,pkg-022556,3.16.6
1,pkg-022557,4.17.7
1,pkg-022558,5.18.8
1,pkg-022559,6.19.9
1,pkg-022560,7.0.0
1,pkg-022561,8.1.1
1,pkg-022562,9.2.2
1,pkg-022563,1.3.3
1,pkg-022564,2.4.4
1,pkg-022565,3.5.5
1,pkg-022566,4.6.6
1,pkg-022567,5.7.7
1,pkg-022568,6.8.8
1,pkg-022569,7.9.9
1,pkg-022570,8.10.0
1,pkg-022571,9.11.1
1,pkg-022572,1.12.2
1,pkg-022573,2.13.3
1,pkg-022574,3.14.4
1,pkg-022575,4.15.5
1,pkg-022576,5.16.6
1,pkg-022577,6.17.7
1,pkg-022578,7.18.8
1,pkg-022579,8.19.9
1,pkg-022580,9.0.0
1,pkg-022581,1.1.1
1,pkg-022582,2.2.2
1,pkg-022583,3.3.3
1,pkg-022584,4.4.4
1,pkg-022585,5.5.5
1,pkg-022586,6.6.6
1,pkg-022587,7.7.7
1,pkg-022588,8.8.8
1,pkg-022589,9.9.9
1,pkg-022590,1.10.0
1,pkg-022591,2.11.1
1,pkg-022592,3.12.2
1,pkg-022593,4.13.3
1,pkg-022594,5.14.4
1,pkg-022595,6.15.5
1,pkg-022596,7.16.6
1,pkg-022597,8.17.7
1,pkg-022598,9.18.8
1,pkg-022599,1.19.9
1,pkg-022600,2.0.0
1,pkg-022601,3.1.1
1,pkg-022602,4.2.2
1,pkg-022603,5.3.3
1,pkg-022604,6.4.4
1,pkg-022605,7.5.5
1,pkg-022606,8.6.6
1,pkg-022607,9.7.7
1,pkg-022608,1.8.8
1,pkg-022609,2.9.9
1,pkg-022610,3.10.0
1,pkg-022611,4.11.1
1,pkg-022612,5.12.2
1,pkg-022613,6.13.3
1,pkg-022614,7.14.4
1,pkg-022615,8.15.5
1,pkg-022616,9.16.6
1,pkg-022617,1.17.7
1,pkg-022618,2.18.8
1,pkg-022619,3.19.9
1,pkg-022620,4.0.0
1,pkg-022621,5.1.1
1,pkg-022622,6.2.2
1,pkg-022623,7.3.3
1,pkg-022624,8.4.4
1,pkg-022625,9.5.5
1,pkg-022626,1.6.6
1,pkg-022627,2.7.7
1,pkg-022628,3.8.8
1,pkg-022629,4.9.9
1,pkg-022630,5.10.0
1,pkg-022631,6.11.1
1,pkg-022632,7.12.2
1,pkg-022633,8.13.3
1,pkg-022634,9.14.4
1,pkg-022635,1.15.5
1,pkg-022636,2.16.6
1,pkg-022637,3.17.7
1,pkg-022638,4.18.8
1,pkg-022639,5.19.9
1,pkg-022640,6.0.0
1,pkg-022641,7.1.1
1,pkg-022642,8.2.2
1,pkg-022643,9.3.3
1,pkg-022644,1.4.4
1,pkg-022645,2.5.5
1,pkg-022646,3.6.6
1,pkg-022647,4.7.7
1,pkg-022648,5.8.8
1,pkg-022649,6.9.9
1,pkg-022650,7.10.0
1,pkg-022651,8.11.1
1,pkg-022652,9.12.2
1,pkg-022653,1.13.3
1,pkg-022654,2.14.4
1,pkg-022655,3.15.5
1,pkg-022656,4.16.6
1,pkg-022657,5.17.7
1,pkg-022658,6.18.8
1,pkg-022659,7.19.9
1,pkg-022660,8.0.0
1,pkg-022661,9.1.1
1,pkg-022662,1.2.2
1,pkg-022663,2.3.3
1,pkg-022664,3.4.4
1,pkg-022665,4.5.5
1,pkg-022666,5.6.6
1,pkg-022667,6.7.7
1,pkg-022668,7.8.8
1,pkg-022669,8.9.9
1,pkg-022670,9.10.0
1,pkg-022671,1.11.1
1,pkg-022672,2.12.2
1,pkg-022673,3.13.3
1,pkg-022674,4.14.4
1,pkg-022675,5.15.5
1,pkg-022676,6.16.6
1,pkg-022677,7.17.7
1,pkg-022678,8.18.8
1,pkg-022679,9.19.9
1,pkg-022680,1.0.0
1,pkg-022681,2.1.1
1,pkg-022682,3.2.2
1,pkg-022683,4.3.3
1,pkg-022684,5.4.4
1,pkg-022685,6.5.5
1,pkg-022686,7.6.6
1,pkg-022687,8.7.7
1,pkg-022688,9.8.8
1,pkg-022689,1.9.9
1,pkg-022690,2.10.0
1,pkg-022691,3.11.1
1,pkg-022692,4.12.2
1,pkg-022693,5.13.3
1,pkg-022694,6.14.4
1,pkg-022695,7.15.5
1,pkg-022696,8.16.6
1,pkg-022697,9.17.7
1,pkg-022698,1.18.8
1,pkg-022699,2.19.9
1,pkg-022700,3.0.0
1,pkg-022701,4.1.1
1,pkg-022702,5.2.2
1,pkg-022703,6.3.3
1,pkg-022704,7.4.4
1,pkg-022705,8.5.5
1,pkg-022706,9.6.6
1,pkg-022707,1.7.7
1,pkg-022708,2.8.8
1,pkg-022709,3.9.9
1,pkg-022710,4.10.0
1,pkg-022711,5.11.1
1,pkg-022712,6.12.2
1,pkg-022713,7.13.3
1,pkg-022714,8.14.4
1,pkg-022715,9.15.5
1,pkg-022716,1.16.6
1,pkg-022717,2.17.7
1,pkg-022718,3.18.8
1,pkg-022719,4.19.9
1,pkg-022720,5.0.0
1,pkg-022721,6.1.1
1,pkg-022722,7.2.2
1,pkg-022723,8.3.3
1,pkg-022724,9.4.4
1,pkg-022725,1.5.5
1,pkg-022726,2.6.6
1,pkg-022727,3.7.7
1,pkg-022728,4.8.8
1,pkg-022729,5.9.9
1,pkg-022730,6.10.0
1,pkg-022731,7.11.1
1,pkg-022732,8.12.2
1,pkg-022733,9.13.3
1,pkg-022734,1.14.4
1,pkg-022735,2.15.5
1,pkg-022736,3.16.6
1,pkg-022737,4.17.7
1,pkg-022738,5.18.8
1,pkg-022739,6.19.9
1,pkg-022740,7.0.0
1,pkg-022741,8.1.1
1,pkg-022742,9.2.2
1,pkg-022743,1.3.3
1,pkg-022744,2.4.4
1,pkg-022745,3.5.5
1,pkg-022746,4.6.6
1,pkg-022747,5.7.7
1,pkg-022748,6.8.8
1,pkg-022749,7.9.9
1,pkg-022750,8.10.0
1,pkg-022751,9.11.1
1,pkg-022752,1.12.2
1,pkg-022753,2.13.3
1,pkg-022754,3.14.4
1,pkg-022755,4.15.5
1,pkg-022756,5.16.6
1,pkg-022757,6.17.7
1,pkg-022758,7.18.8
1,pkg-022759,8.19.9
1,pkg-022760,9.0.0
1,pkg-022761,1.1.1
1,pkg-022762,2.2.2
1,pkg-022763,3.3.3
1,pkg-022764,4.4.4
1,pkg-022765,5.5.5
1,pkg-022766,6.6.6
1,pkg-022767,7.7.7
1,pkg-022768,8.8.8
1,pkg-022769,9.9.9
1,pkg-022770,1.10.0
1,pkg-022771,2.11.1
1,pkg-022772,3.12.2
1,pkg-022773,4.13.3
1,pkg-022774,5.14.4
1,pkg-022775,6.15.5
1,pkg-022776,7.16.6
1,pkg-022777,8.17.7
1,pkg-022778,9.18.8
1,pkg-022779,1.19.9
1,pkg-022780,2.0.0
1,pkg-022781,3.1.1
1,pkg-022782,4.2.2
1,pkg-022783,5.3.3
1,pkg-022784,6.4.4
1,pkg-022785,7.5.5
1,pkg-022786,8.6.6
1,pkg-022787,9.7.7
1,pkg-022788,1.8.8
1,pkg-022789,2.9.9
1,pkg-022790,3.10.0
1,pkg-022791,4.11.1
1,pkg-022792,5.12.2
1,pkg-022793,6.13.3
1,pkg-022794,7.14.4
1,pkg-022795,8.15.5
1,pkg-022796,9.16.6
1,pkg-022797,1.17.7
1,pkg-022798,2.18.8
1,pkg-022799,3.19.9
1,pkg-022800,4.0.0
1,pkg-022801,5.1.1
1,pkg-022802,6.2.2
1,pkg-022803,7.3.3
1,pkg-022804,8.4.4
1,pkg-022805,9.5.5
1,pkg-022806,1.6.6
1,pkg-022807,2.7.7
1,pkg-022808,3.8.8
1,pkg-022809,4.9.9
1,pkg-022810,5.10.0
1,pkg-022811,6.11.1
1,pkg-022812,7.12.2
1,pkg-022813,8.13.3
1,pkg-022814,9.14.4
1,pkg-022815,1.15.5
1,pkg-022816,2.16.6
1,pkg-022817,3.17.7
1,pkg-022818,4.18.8
1,pkg-022819,5.19.9
1,pkg-022820,6.0.0
1,pkg-022821,7.1.1
1,pkg-022822,8.2.2
1,pkg-022823,9.3.3
1,pkg-022824,1.4.4
1,pkg-022825,2.5.5
1,pkg-022826,3.6.6
1,pkg-022827,4.7.7
1,pkg-022828,5.8.8
1,pkg-022829,6.9.9
1,pkg-022830,7.10.0
1,pkg-022831,8.11.1
1,pkg-022832,9.12.2
1,pkg-022833,1.13.3
1,pkg-022834,2.14.4
1,pkg-022835,3.15.5
1,pkg-022836,4.16.6
1,pkg-022837,5.17.7
1,pkg-022838,6.18.8
1,pkg-022839,7.19.9
1,pkg-022840,8.0.0
1,pkg-022841,9.1.1
1,pkg-022842,1.2.2
1,pkg-022843,2.3.3
1,pkg-022844,3.4.4
1,pkg-022845,4.5.5
1,pkg-022846,5.6.6
1,pkg-022847,6.7.7
1,pkg-022848,7.8.8
1,pkg-022849,8.9.9
1,pkg-022850,9.10.0
1,pkg-022851,1.11.1
1,pkg-022852,2.12.2
1,pkg-022853,3.13.3
1,pkg-022854,4.14.4
1,pkg-022855,5.15.5
1,pkg-022856,6.16.6
1,pkg-022857,7.17.7
1,pkg-022858,8.18.8
1,pkg-022859,9.19.9
1,pkg-022860,1.0.0
1,pkg-022861,2.1.1
1,pkg-022862,3.2.2
1,pkg-022863,4.3.3
1,pkg-022864,5.4.4
1,pkg-022865,6.5.5
1,pkg-022866,7.6.6
1,pkg-022867,8.7.7
1,pkg-022868,9.8.8
1,pkg-022869,1.9.9
1,pkg-022870,2.10.0
1,pkg-022871,3.11.1
1,pkg-022872,4.12.2
1,pkg-022873,5.13.3
1,pkg-022874,6.14.4
1,pkg-022875,7.15.5
1,pkg-022876,8.16.6
1,pkg-022877,9.17.7
1,pkg-022878,1.18.8
1,pkg-022879,2.19.9
1,pkg-022880,3.0.0
1,pkg-022881,4.1.1
1,pkg-022882,5.2.2
1,pkg-022883,6.3.3
1,pkg-022884,7.4.4
1,pkg-022885,8.5.5
1,pkg-022886,9.6.6
1,pkg-022887,1.7.7
1,pkg-022888,2.8.8
1,pkg-022889,3.9.9
1,pkg-022890,4.10.0
1,pkg-022891,5.11.1
1,pkg-022892,6.12.2
1,pkg-022893,7.13.3
1,pkg-022894,8.14.4
1,pkg-022895,9.15.5
1,pkg-022896,1.16.6
1,pkg-022897,2.17.7
1,pkg-022898,3.18.8
1,pkg-022899,4.19.9
1,pkg-022900,5.0.0
1,pkg-022901,6.1.1
1,pkg-022902,7.2.2
1,pkg-022903,8.3.3
1,pkg-022904,9.4.4
1,pkg-022905,1.5.5
1,pkg-022906,2.6.6
1,pkg-022907,3.7.7
1,pkg-022908,4.8.8
1,pkg-022909,5.9.9
1,pkg-022910,6.10.0
1,pkg-022911,7.11.1
1,pkg-022912,8.12.2
1,pkg-022913,9.13.3
1,pkg-022914,1.14.4
1,pkg-022915,2.15.5
1,pkg-022916,3.16.6
1,pkg-022917,4.17.7
1,pkg-022918,5.18.8
1,pkg-022919,6.19.9
1,pkg-022920,7.0.0
1,pkg-022921,8.1.1
1,pkg-022922,9.2.2
1,pkg-022923,1.3.3
1,pkg-022924,2.4.4
1,pkg-022925,3.5.5
1,pkg-022926,4.6.6
1,pkg-022927,5.7.7
1,pkg-022928,6.8.8
1,pkg-022929,7.9.9
1,pkg-022930,8.10.0
1,pkg-022931,9.11.1
1,pkg-022932,1.12.2
1,pkg-022933,2.13.3
1,pkg-022934,3.14.4
1,pkg-022935,4.15.5
1,pkg-022936,5.16.6
1,pkg-022937,6.17.7
1,pkg-022938,7.18.8
1,pkg-022939,8.19.9
1,pkg-022940,9.0.0
1,pkg-022941,1.1.1
1,pkg-022942,2.2.2
1,pkg-022943,3.3.3
1,pkg-022944,4.4.4
1,pkg-022945,5.5.5
1,pkg-022946,6.6.6
1,pkg-022947,7.7.7
1,pkg-022948,8.8.8
1,pkg-022949,9.9.9
1,pkg-022950,1.10.0
1,pkg-022951,2.11.1
1,pkg-022952,3.12.2
1,pkg-022953,4.13.3
1,pkg-022954,5.14.4
1,pkg-022955,6.15.5
1,pkg-022956,7.16.6
1,pkg-022957,8.17.7
1,pkg-022958,9.18.8
1,pkg-022959,1.19.9
1,pkg-022960,2.0.0
1,pkg-022961,3.1.1
1,pkg-022962,4.2.2
1,pkg-022963,5.3.3
1,pkg-022964,6.4.4
1,pkg-022965,7.5.5
1,pkg-022966,8.6.6
1,pkg-022967,9.7.7
1,pkg-022968,1.8.8
1,pkg-022969,2.9.9
1,pkg-022970,3.10.0
1,pkg-022971,4.11.1
1,pkg-022972,5.12.2
1,pkg-022973,6.13.3
1,pkg-022974,7.14.4
1,pkg-022975,8.15.5
1,pkg-022976,9.16.6
1,pkg-022977,1.17.7
1,pkg-022978,2.18.8
1,pkg-022979,3.19.9
1,pkg-022980,4.0.0
1,pkg-022981,5.1.1
1,pkg-022982,6.2.2
1,pkg-022983,7.3.3
1,pkg-022984,8.4.4
1,pkg-022985,9.5.5
1,pkg-022986,1.6.6
1,pkg-022987,2.7.7
1,pkg-022988,3.8.8
1,pkg-022989,4.9.9
1,pkg-022990,5.10.0
1,pkg-022991,6.11.1
1,pkg-022992,7.12.2
1,pkg-022993,8.13.3
1,pkg-022994,9.14.4
1,pkg-022995,1.15.5
1,pkg-022996,2.16.6
1,pkg-022997,3.17.7
1,pkg-022998,4.18.8
1,pkg-022999,5.19.9
1,pkg-023000,6.0.0
1,pkg-023001,7.1.1
1,pkg-023002,8.2.2
1,pkg-023003,9.3.3
1,pkg-023004,1.4.4
1,pkg-023005,2.5.5
1,pkg-023006,3.6.6
1,pkg-023007,4.7.7
1,pkg-023008,5.8.8
1,pkg-023009,6.9.9
1,pkg-023010,7.10.0
1,pkg-023011,8.11.1
1,pkg-023012,9.12.2
1,pkg-023013,1.13.3
1,pkg-023014,2.14.4
1,pkg-023015,3.15.5
1,pkg-023016,4.16.6
1,pkg-023017,5.17.7
1,pkg-023018,6.18.8
1,pkg-023019,7.19.9
1,pkg-023020,8.0.0
1,pkg-023021,9.1.1
1,pkg-023022,1.2.2
1,pkg-023023,2.3.3
1,pkg-023024,3.4.4
1,pkg-023025,4.5.5
1,pkg-023026,5.6.6
1,pkg-023027,6.7.7
1,pkg-023028,7.8.8
1,pkg-023029,8.9.9
1,pkg-023030,9.10.0
1,pkg-023031,1.11.1
1,pkg-023032,2.12.2
1,pkg-023033,3.13.3
1,pkg-023034,4.14.4
1,pkg-023035,5.15.5
1,pkg-023036,6.16.6
1,pkg-023037,7.17.7
1,pkg-023038,8.18.8
1,pkg-023039,9.19.9
1,pkg-023040,1.0.0
1,pkg-023041,2.1.1
1,pkg-023042,3.2.2
1,pkg-023043,4.3.3
1,pkg-023044,5.4.4
1,pkg-023045,6.5.5
1,pkg-023046,7.6.6
1,pkg-023047,8.7.7
1,pkg-023048,9.8.8
1,pkg-023049,1.9.9
1,pkg-023050,2.10.0
1,pkg-023051,3.11.1
1,pkg-023052,4.12.2
1,pkg-023053,5.13.3
1,pkg-023054,6.14.4
1,pkg-023055,7.15.5
1,pkg-023056,8.16.6
1,pkg-023057,9.17.7
1,pkg-023058,1.18.8
1,pkg-023059,2.19.9
1,pkg-023060,3.0.0
1,pkg-023061,4.1.1
1,pkg-023062,5.2.2
1,pkg-023063,6.3.3
1,pkg-023064,7.4.4
1,pkg-023065,8.5.5
1,pkg-023066,9.6.6
1,pkg-023067,1.7.7
1,pkg-023068,2.8.8
1,pkg-023069,3.9.9
1,pkg-023070,4.10.0
1,pkg-023071,5.11.1
1,pkg-023072,6.12.2
1,pkg-023073,7.13.3
1,pkg-023074,8.14.4
1,pkg-023075,9.15.5
1,pkg-023076,1.16.6
1,pkg-023077,2.17.7
1,pkg-023078,3.18.8
1,pkg-023079,4.19.9
1,pkg-023080,5.0.0
1,pkg-023081,6.1.1
1,pkg-023082,7.2.2
1,pkg-023083,8.3.3
1,pkg-023084,9.4.4
1,pkg-023085,1.5.5
1,pkg-023086,2.6.6
1,pkg-023087,3.7.7
1,pkg-023088,4.8.8
1,pkg-023089,5.9.9
1,pkg-023090,6.10.0
1,pkg-023091,7.11.1
1,pkg-023092,8.12.2
1,pkg-023093,9.13.3
1,pkg-023094,1.14.4
1,pkg-023095,2.15.5
1,pkg-023096,3.16.6
1,pkg-023097,4.17.7
1,pkg-023098,5.18.8
1,pkg-023099,6.19.9
1,pkg-023100,7.0.0
1,pkg-023101,8.1.1
1,pkg-023102,9.2.2
1,pkg-023103,1.3.3
1,pkg-023104,2.4.4
1,pkg-023105,3.5.5
1,pkg-023106,4.6.6
1,pkg-023107,5.7.7
1,pkg-023108,6.8.8
1,pkg-023109,7.9.9
1,pkg-023110,8.10.0
1,pkg-023111,9.11.1
1,pkg-023112,1.12.2
1,pkg-023113,2.13.3
1,pkg-023114,3.14.4
1,pkg-023115,4.15.5
1,pkg-023116,5.16.6
1,pkg-023117,6.17.7
1,pkg-023118,7.18.8
1,pkg-023119,8.19.9
1,pkg-023120,9.0.0
1,pkg-023121,1.1.1
1,pkg-023122,2.2.2
1,pkg-023123,3.3.3
1,pkg-023124,4.4.4
1,pkg-023125,5.5.5
1,pkg-023126,6.6.6
1,pkg-023127,7.7.7
1,pkg-023128,8.8.8
1,pkg-023129,9.9.9
1,pkg-023130,1.10.0
1,pkg-023131,2.11.1
1,pkg-023132,3.12.2
1,pkg-023133,4.13.3
1,pkg-023134,5.14.4
1,pkg-023135,6.15.5
1,pkg-023136,7.16.6
1,pkg-023137,8.17.7
1,pkg-023138,9.18.8
1,pkg-023139,1.19.9
1,pkg-023140,2.0.0
1,pkg-023141,3.1.1
1,pkg-023142,4.2.2
1,pkg-023143,5.3.3
1,pkg-023144,6.4.4
1,pkg-023145,7.5.5
1,pkg-023146,8.6.6
1,pkg-023147,9.7.7
1,pkg-023148,1.8.8
1,pkg-023149,2.9.9
1,pkg-023150,3.10.0
1,pkg-023151,4.11.1
1,pkg-023152,5.12.2
1,pkg-023153,6.13.3
1,pkg-023154,7.14.4
1,pkg-023155,8.15.5
1,pkg-023156,9.16.6
1,pkg-023157,1.17.7
1,pkg-023158,2.18.8
1,pkg-023159,3.19.9
1,pkg-023160,4.0.0
1,pkg-023161,5.1.1
1,pkg-023162,6.2.2
1,pkg-023163,7.3.3
1,pkg-023164,8.4.4
1,pkg-023165,9.5.5
1,pkg-023166,1.6.6
1,pkg-023167,2.7.7
1,pkg-023168,3.8.8
1,pkg-023169,4.9.9
1,pkg-023170,5.10.0
1,pkg-023171,6.11.1
1,pkg-023172,7.12.2
1,pkg-023173,8.13.3
1,pkg-023174,9.14.4
1,pkg-023175,1.15.5
1,pkg-023176,2.16.6
1,pkg-023177,3.17.7
1,pkg-023178,4.18.8
1,pkg-023179,5.19.9
1,pkg-023180,6.0.0
1,pkg-023181,7.1.1
1,pkg-023182,8.2.2
1,pkg-023183,9.3.3
1,pkg-023184,1.4.4
1,pkg-023185,2.5.5
1,pkg-023186,3.6.6
1,pkg-023187,4.7.7
1,pkg-023188,5.8.8
1,pkg-023189,6.9.9
1,pkg-023190,7.10.0
1,pkg-023191,8.11.1
1,pkg-023192,9.12.2
1,pkg-023193,1.13.3
1,pkg-023194,2.14.4
1,pkg-023195,3.15.5
1,pkg-023196,4.16.6
1,pkg-023197,5.17.7
1,pkg-023198,6.18.8
1,pkg-023199,7.19.9
1,pkg-023200,8.0.0
1,pkg-023201,9.1.1
1,pkg-023202,1.2.2
1,pkg-023203,2.3.3
1,pkg-023204,3.4.4
1,pkg-023205,4.5.5
1,pkg-023206,5.6.6
1,pkg-023207,6.7.7
1,pkg-023208,7.8.8
1,pkg-023209,8.9.9
1,pkg-023210,9.10.0
1,pkg-023211,1.11.1
1,pkg-023212,2.12.2
1,pkg-023213,3.13.3
1,pkg-023214,4.14.4
1,pkg-023215,5.15.5
1,pkg-023216,6.16.6
1,pkg-023217,7.17.7
1,pkg-023218,8.18.8
1,pkg-023219,9.19.9
1,pkg-023220,1.0.0
1,pkg-023221,2.1.1
1,pkg-023222,3.2.2
1,pkg-023223,4.3.3
1,pkg-023224,5.4.4
1,pkg-023225,6.5.5
1,pkg-023226,7.6.6
1,pkg-023227,8.7.7
1,pkg-023228,9.8.8
1,pkg-023229,1.9.9
1,pkg-023230,2.10.0
1,pkg-023231,3.11.1
1,pkg-023232,4.12.2
1,pkg-023233,5.13.3
1,pkg-023234,6.14.4
1,pkg-023235,7.15.5
1,pkg-023236,8.16.6
1,pkg-023237,9.17.7
1,pkg-023238,1.18.8
1,pkg-023239,2.19.9
1,pkg-023240,3.0.0
1,pkg-023241,4.1.1
1,pkg-023242,5.2.2
1,pkg-023243,6.3.3
1,pkg-023244,7.4.4
1,pkg-023245,8.5.5
1,pkg-023246,9.6.6
1,pkg-023247,1.7.7
1,pkg-023248,2.8.8
1,pkg-023249,3.9.9
1,pkg-023250,4.10.0
1,pkg-023251,5.11.1
1,pkg-023252,6.12.2
1,pkg-023253,7.13.3
1,pkg-023254,8.14.4
1,pkg-023255,9.15.5
1,pkg-023256,1.16.6
1,pkg-023257,2.17.7
1,pkg-023258,3.18.8
1,pkg-023259,4.19.9
1,pkg-023260,5.0.0
1,pkg-023261,6.1.1
1,pkg-023262,7.2.2
1,pkg-023263,8.3.3
1,pkg-023264,9.4.4
1,pkg-023265,1.5.5
1,pkg-023266,2.6.6
1,pkg-023267,3.7.7
1,pkg-023268,4.8.8
1,pkg-023269,5.9.9
1,pkg-023270,6.10.0
1,pkg-023271,7.11.1
1,pkg-023272,8.12.2
1,pkg-023273,9.13.3
1,pkg-023274,1.14.4
1,pkg-023275,2.15.5
1,pkg-023276,3.16.6
1,pkg-023277,4.17.7
1,pkg-023278,5.18.8
1,pkg-023279,6.19.9
1,pkg-023280,7.0.0
1,pkg-023281,8.1.1
1,pkg-023282,9.2.2
1,pkg-023283,1.3.3
1,pkg-023284,2.4.4
1,pkg-023285,3.5.5
1,pkg-023286,4.6.6
1,pkg-023287,5.7.7
1,pkg-023288,6.8.8
1,pkg-023289,7.9.9
1,pkg-023290,8.10.0
1,pkg-023291,9.11.1
1,pkg-023292,1.12.2
1,pkg-023293,2.13.3
1,pkg-023294,3.14.4
1,pkg-023295,4.15.5
1,pkg-023296,5.16.6
1,pkg-023297,6.17.7
1,pkg-023298,7.18.8
1,pkg-023299,8.19.9
1,pkg-023300,9.0.0
1,pkg-023301,1.1.1
1,pkg-023302,2.2.2
1,pkg-023303,3.3.3
1,pkg-023304,4.4.4
1,pkg-023305,5.5.5
1,pkg-023306,6.6.6
1,pkg-023307,7.7.7
1,pkg-023308,8.8.8
1,pkg-023309,9.9.9
1,pkg-023310,1.10.0
1,pkg-023311,2.11.1
1,pkg-023312,3.12.2
1,pkg-023313,4.13.3
1,pkg-023314,5.14.4
1,pkg-023315,6.15.5
1,pkg-023316,7.16.6
1,pkg-023317,8.17.7
1,pkg-023318,9.18.8
1,pkg-023319,1.19.9
1,pkg-023320,2.0.0
1,pkg-023321,3.1.1
1,pkg-023322,4.2.2
1,pkg-023323,5.3.3
1,pkg-023324,6.4.4
1,pkg-023325,7.5.5
1,pkg-023326,8.6.6
1,pkg-023327,9.7.7
1,pkg-023328,1.8.8
1,pkg-023329,2.9.9
1,pkg-023330,3.10.0
1,pkg-023331,4.11.1
1,pkg-023332,5.12.2
1,pkg-023333,6.13.3
1,pkg-023334,7.14.4
1,pkg-023335,8.15.5
1,pkg-023336,9.16.6
1,pkg-023337,1.17.7
1,pkg-023338,2.18.8
1,pkg-023339,3.19.9
1,pkg-023340,4.0.0
1,pkg-023341,5.1.1
1,pkg-023342,6.2.2
1,pkg-023343,7.3.3
1,pkg-023344,8.4.4
1,pkg-023345,9.5.5
1,pkg-023346,1.6.6
1,pkg-023347,2.7.7
1,pkg-023348,3.8.8
1,pkg-023349,4.9.9
1,pkg-023350,5.10.0
1,pkg-023351,6.11.1
1,pkg-023352,7.12.2
1,pkg-023353,8.13.3
1,pkg-023354,9.14.4
1,pkg-023355,1.15.5
1,pkg-023356,2.16.6
1,pkg-023357,3.17.7
1,pkg-023358,4.18.8
1,pkg-023359,5.19.9
1,pkg-023360,6.0.0
1,pkg-023361,7.1.1
1,pkg-023362,8.2.2
1,pkg-023363,9.3.3
1,pkg-023364,1.4.4
1,pkg-023365,2.5.5
1,pkg-023366,3.6.6
1,pkg-023367,4.7.7
1,pkg-023368,5.8.8
1,pkg-023369,6.9.9
1,pkg-023370,7.10.0
1,pkg-023371,8.11.1
1,pkg-023372,9.12.2
1,pkg-023373,1.13.3
1,pkg-023374,2.14.4
1,pkg-023375,3.15.5
1,pkg-023376,4.16.6
1,pkg-023377,5.17.7
1,pkg-023378,6.18.8
1,pkg-023379,7.19.9
1,pkg-023380,8.0.0
1,pkg-023381,9.1.1
1,pkg-023382,1.2.2
1,pkg-023383,2.3.3
1,pkg-023384,3.4.4
1,pkg-023385,4.5.5
1,pkg-023386,5.6.6
1,pkg-023387,6.7.7
1,pkg-023388,7.8.8
1,pkg-023389,8.9.9
1,pkg-023390,9.10.0
1,pkg-023391,1.11.1
1,pkg-023392,2.12.2
1,pkg-023393,3.13.3
1,pkg-023394,4.14.4
1,pkg-023395,5.15.5
1,pkg-023396,6.16.6
1,pkg-023397,7.17.7
1,pkg-023398,8.18.8
1,pkg-023399,9.19.9
1,pkg-023400,1.0.0
1,pkg-023401,2.1.1
1,pkg-023402,3.2.2
1,pkg-023403,4.3.3
1,pkg-023404,5.4.4
1,pkg-023405,6.5.5
1,pkg-023406,7.6.6
1,pkg-023407,8.7.7
1,pkg-023408,9.8.8
1,pkg-023409,1.9.9
1,pkg-023410,2.10.0
1,pkg-023411,3.11.1
1,pkg-023412,4.12.2
1,pkg-023413,5.13.3
1,pkg-023414,6.14.4
1,pkg-023415,7.15.5
1,pkg-023416,8.16.6
1,pkg-023417,9.17.7
1,pkg-023418,1.18.8
1,pkg-023419,2.19.9
1,pkg-023420,3.0.0
1,pkg-023421,4.1.1
1,pkg-023422,5.2.2
1,pkg-023423,6.3.3
1,pkg-023424,7.4.4
1,pkg-023425,8.5.5
1,pkg-023426,9.6.6
1,pkg-023427,1.7.7
1,pkg-023428,2.8.8
1,pkg-023429,3.9.9
1,pkg-023430,4.10.0
1,pkg-023431,5.11.1
1,pkg-023432,6.12.2
1,pkg-023433,7.13.3
1,pkg-023434,8.14.4
1,pkg-023435,9.15.5
1,pkg-023436,1.16.6
1,pkg-023437,2.17.7
1,pkg-023438,3.18.8
1,pkg-023439,4.19.9
1,pkg-023440,5.0.0
1,pkg-023441,6.1.1
1,pkg-023442,7.2.2
1,pkg-023443,8.3.3
1,pkg-023444,9.4.4
1,pkg-023445,1.5.5
1,pkg-023446,2.6.6
1,pkg-023447,3.7.7
1,pkg-023448,4.8.8
1,pkg-023449,5.9.9
1,pkg-023450,6.10.0
1,pkg-023451,7.11.1
1,pkg-023452,8.12.2
1,pkg-023453,9.13.3
1,pkg-023454,1.14.4
1,pkg-023455,2.15.5
1,pkg-023456,3.16.6
1,pkg-023457,4.17.7
1,pkg-023458,5.18.8
1,pkg-023459,6.19.9
1,pkg-023460,7.0.0
1,pkg-023461,8.1.1
1,pkg-023462,9.2.2
1,pkg-023463,1.3.3
1,pkg-023464,2.4.4
1,pkg-023465,3.5.5
1,pkg-023466,4.6.6
1,pkg-023467,5.7.7
1,pkg-023468,6.8.8
1,pkg-023469,7.9.9
1,pkg-023470,8.10.0
1,pkg-023471,9.11.1
1,pkg-023472,1.12.2
1,pkg-023473,2.13.3
1,pkg-023474,3.14.4
1,pkg-023475,4.15.5
1,pkg-023476,5.16.6
1,pkg-023477,6.17.7
1,pkg-023478,7.18.8
1,pkg-023479,8.19.9
1,pkg-023480,9.0.0
1,pkg-023481,1.1.1
1,pkg-023482,2.2.2
1,pkg-023483,3.3.3
1,pkg-023484,4.4.4
1,pkg-023485,5.5.5
1,pkg-023486,6.6.6
1,pkg-023487,7.7.7
1,pkg-023488,8.8.8
1,pkg-023489,9.9.9
1,pkg-023490,1.10.0
1,pkg-023491,2.11.1
1,pkg-023492,3.12.2
1,pkg-023493,4.13.3
1,pkg-023494,5.14.4
1,pkg-023495,6.15.5
1,pkg-023496,7.16.6
1,pkg-023497,8.17.7
1,pkg-023498,9.18.8
1,pkg-023499,1.19.9
1,pkg-023500,2.0.0
1,pkg-023501,3.1.1
1,pkg-023502,4.2.2
1,pkg-023503,5.3.3
1,pkg-023504,6.4.4
1,pkg-023505,7.5.5
1,pkg-023506,8.6.6
1,pkg-023507,9.7.7
1,pkg-023508,1.8.8
1,pkg-023509,2.9.9
1,pkg-023510,3.10.0
1,pkg-023511,4.11.1
1,pkg-023512,5.12.2
1,pkg-023513,6.13.3
1,pkg-023514,7.14.4
1,pkg-023515,8.15.5
1,pkg-023516,9.16.6
1,pkg-023517,1.17.7
1,pkg-023518,2.18.8
1,pkg-023519,3.19.9
1,pkg-023520,4.0.0
1,pkg-023521,5.1.1
1,pkg-023522,6.2.2
1,pkg-023523,7.3.3
1,pkg-023524,8.4.4
1,pkg-023525,9.5.5
1,pkg-023526,1.6.6
1,pkg-023527,2.7.7
1,pkg-023528,3.8.8
1,pkg-023529,4.9.9
1,pkg-023530,5.10.0
1,pkg-023531,6.11.1
1,pkg-023532,7.12.2
1,pkg-023533,8.13.3
1,pkg-023534,9.14.4
1,pkg-023535,1.15.5
1,pkg-023536,2.16.6
1,pkg-023537,3.17.7
1,pkg-023538,4.18.8
1,pkg-023539,5.19.9
1,pkg-023540,6.0.0
1,pkg-023541,7.1.1
1,pkg-023542,8.2.2
1,pkg-023543,9.3.3
1,pkg-023544,1.4.4
1,pkg-023545,2.5.5
1,pkg-023546,3.6.6
1,pkg-023547,4.7.7
1,pkg-023548,5.8.8
1,pkg-023549,6.9.9
1,pkg-023550,7.10.0
1,pkg-023551,8.11.1
1,pkg-023552,9.12.2
1,pkg-023553,1.13.3
1,pkg-023554,2.14.4
1,pkg-023555,3.15.5
1,pkg-023556,4.16.6
1,pkg-023557,5.17.7
1,pkg-023558,6.18.8
1,pkg-023559,7.19.9
1,pkg-023560,8.0.0
1,pkg-023561,9.1.1
1,pkg-023562,1.2.2
1,pkg-023563,2.3.3
1,pkg-023564,3.4.4
1,pkg-023565,4.5.5
1,pkg-023566,5.6.6
1,pkg-023567,6.7.7
1,pkg-023568,7.8.8
1,pkg-023569,8.9.9
1,pkg-023570,9.10.0
1,pkg-023571,1.11.1
1,pkg-023572,2.12.2
1,pkg-023573,3.13.3
1,pkg-023574,4.14.4
1,pkg-023575,5.15.5
1,pkg-023576,6.16.6
1,pkg-023577,7.17.7
1,pkg-023578,8.18.8
1,pkg-023579,9.19.9
1,pkg-023580,1.0.0
1,pkg-023581,2.1.1
1,pkg-023582,3.2.2
1,pkg-023583,4.3.3
1,pkg-023584,5.4.4
1,pkg-023585,6.5.5
1,pkg-023586,7.6.6
1,pkg-023587,8.7.7
1,pkg-023588,9.8.8
1,pkg-023589,1.9.9
1,pkg-023590,2.10.0
1,pkg-023591,3.11.1
1,pkg-023592,4.12.2
1,pkg-023593,5.13.3
1,pkg-023594,6.14.4
1,pkg-023595,7.15.5
1,pkg-023596,8.16.6
1,pkg-023597,9.17.7
1,pkg-023598,1.18.8
1,pkg-023599,2.19.9
1,pkg-023600,3.0.0
1,pkg-023601,4.1.1
1,pkg-023602,5.2.2
1,pkg-023603,6.3.3
1,pkg-023604,7.4.4
1,pkg-023605,8.5.5
1,pkg-023606,9.6.6
1,pkg-023607,1.7.7
1,pkg-023608,2.8.8
1,pkg-023609,3.9.9
1,pkg-023610,4.10.0
1,pkg-023611,5.11.1
1,pkg-023612,6.12.2
1,pkg-023613,7.13.3
1,pkg-023614,8.14.4
1,pkg-023615,9.15.5
1,pkg-023616,1.16.6
1,pkg-023617,2.17.7
1,pkg-023618,3.18.8
1,pkg-023619,4.19.9
1,pkg-023620,5.0.0
1,pkg-023621,6.1.1
1,pkg-023622,7.2.2
1,pkg-023623,8.3.3
1,pkg-023624,9.4.4
1,pkg-023625,1.5.5
1,pkg-023626,2.6.6
1,pkg-023627,3.7.7
1,pkg-023628,4.8.8
1,pkg-023629,5.9.9
1,pkg-023630,6.10.0
1,pkg-023631,7.11.1
1,pkg-023632,8.12.2
1,pkg-023633,9.13.3
1,pkg-023634,1.14.4
1,pkg-023635,2.15.5
1,pkg-023636,3.16.6
1,pkg-023637,4.17.7
1,pkg-023638,5.18.8
1,pkg-023639,6.19.9
1,pkg-023640,7.0.0
1,pkg-023641,8.1.1
1,pkg-023642,9.2.2
1,pkg-023643,1.3.3
1,pkg-023644,2.4.4
1,pkg-023645,3.5.5
1,pkg-023646,4.6.6
1,pkg-023647,5.7.7
1,pkg-023648,6.8.8
1,pkg-023649,7.9.9
1,pkg-023650,8.10.0
1,pkg-023651,9.11.1
1,pkg-023652,1.12.2
1,pkg-023653,2.13.3
1,pkg-023654,3.14.4
1,pkg-023655,4.15.5
1,pkg-023656,5.16.6
1,pkg-023657,6.17.7
1,pkg-023658,7.18.8
1,pkg-023659,8.19.9
1,pkg-023660,9.0.0
1,pkg-023661,1.1.1
1,pkg-023662,2.2.2
1,pkg-023663,3.3.3
1,pkg-023664,4.4.4
1,pkg-023665,5.5.5
1,pkg-023666,6.6.6
1,pkg-023667,7.7.7
1,pkg-023668,8.8.8
1,pkg-023669,9.9.9
1,pkg-023670,1.10.0
1,pkg-023671,2.11.1
1,pkg-023672,3.12.2
1,pkg-023673,4.13.3
1,pkg-023674,5.14.4
1,pkg-023675,6.15.5
1,pkg-023676,7.16.6
1,pkg-023677,8.17.7
1,pkg-023678,9.18.8
1,pkg-023679,1.19.9
1,pkg-023680,2.0.0
1,pkg-023681,3.1.1
1,pkg-023682,4.2.2
1,pkg-023683,5.3.3
1,pkg-023684,6.4.4
1,pkg-023685,7.5.5
1,pkg-023686,8.6.6
1,pkg-023687,9.7.7
1,pkg-023688,1.8.8
1,pkg-023689,2.9.9
1,pkg-023690,3.10.0
1,pkg-023691,4.11.1
1,pkg-023692,5.12.2
1,pkg-023693,6.13.3
1,pkg-023694,7.14.4
1,pkg-023695,8.15.5
1,pkg-023696,9.16.6
1,pkg-023697,1.17.7
1,pkg-023698,2.18.8
1,pkg-023699,3.19.9
1,pkg-023700,4.0.0
1,pkg-023701,5.1.1
1,pkg-023702,6.2.2
1,pkg-023703,7.3.3
1,pkg-023704,8.4.4
1,pkg-023705,9.5.5
1,pkg-023706,1.6.6
1,pkg-023707,2.7.7
1,pkg-023708,3.8.8
1,pkg-023709,4.9.9
1,pkg-023710,5.10.0
1,pkg-023711,6.11.1
1,pkg-023712,7.12.2
1,pkg-023713,8.13.3
1,pkg-023714,9.14.4
1,pkg-023715,1.15.5
1,pkg-023716,2.16.6
1,pkg-023717,3.17.7
1,pkg-023718,4.18.8
1,pkg-023719,5.19.9
1,pkg-023720,6.0.0
1,pkg-023721,7.1.1
1,pkg-023722,8.2.2
1,pkg-023723,9.3.3
1,pkg-023724,1.4.4
1,pkg-023725,2.5.5
1,pkg-023726,3.6.6
1,pkg-023727,4.7.7
1,pkg-023728,5.8.8
1,pkg-023729,6.9.9
1,pkg-023730,7.10.0
1,pkg-023731,8.11.1
1,pkg-023732,9.12.2
1,pkg-023733,1.13.3
1,pkg-023734,2.14.4
1,pkg-023735,3.15.5
1,pkg-023736,4.16.6
1,pkg-023737,5.17.7
1,pkg-023738,6.18.8
1,pkg-023739,7.19.9
1,pkg-023740,8.0.0
1,pkg-023741,9.1.1
1,pkg-023742,1.2.2
1,pkg-023743,2.3.3
1,pkg-023744,3.4.4
1,pkg-023745,4.5.5
1,pkg-023746,5.6.6
1,pkg-023747,6.7.7
1,pkg-023748,7.8.8
1,pkg-023749,8.9.9
1,pkg-023750,9.10.0
1,pkg-023751,1.11.1
1,pkg-023752,2.12.2
1,pkg-023753,3.13.3
1,pkg-023754,4.14.4
1,pkg-023755,5.15.5
1,pkg-023756,6.16.6
1,pkg-023757,7.17.7
1,pkg-023758,8.18.8
1,pkg-023759,9.19.9
1,pkg-023760,1.0.0
1,pkg-023761,2.1.1
1,pkg-023762,3.2.2
1,pkg-023763,4.3.3
1,pkg-023764,5.4.4
1,pkg-023765,6.5.5
1,pkg-023766,7.6.6
1,pkg-023767,8.7.7
1,pkg-023768,9.8.8
1,pkg-023769,1.9.9
1,pkg-023770,2.10.0
1,pkg-023771,3.11.1
1,pkg-023772,4.12.2
1,pkg-023773,5.13.3
1,pkg-023774,6.14.4
1,pkg-023775,7.15.5
1,pkg-023776,8.16.6
1,pkg-023777,9.17.7
1,pkg-023778,1.18.8
1,pkg-023779,2.19.9
1,pkg-023780,3.0.0
1,pkg-023781,4.1.1
1,pkg-023782,5.2.2
1,pkg-023783,6.3.3
1,pkg-023784,7.4.4
1,pkg-023785,8.5.5
1,pkg-023786,9.6.6
1,pkg-023787,1.7.7
1,pkg-023788,2.8.8
1,pkg-023789,3.9.9
1,pkg-023790,4.10.0
1,pkg-023791,5.11.1
1,pkg-023792,6.12.2
1,pkg-023793,7.13.3
1,pkg-023794,8.14.4
1,pkg-023795,9.15.5
1,pkg-023796,1.16.6
1,pkg-023797,2.17.7
1,pkg-023798,3.18.8
1,pkg-023799,4.19.9
1,pkg-023800,5.0.0
1,pkg-023801,6.1.1
1,pkg-023802,7.2.2
1,pkg-023803,8.3.3
1,pkg-023804,9.4.4
1,pkg-023805,1.5.5
1,pkg-023806,2.6.6
1,pkg-023807,3.7.7
1,pkg-023808,4.8.8
1,pkg-023809,5.9.9
1,pkg-023810,6.10.0
1,pkg-023811,7.11.1
1,pkg-023812,8.12.2
1,pkg-023813,9.13.3
1,pkg-023814,1.14.4
1,pkg-023815,2.15.5
1,pkg-023816,3.16.6
1,pkg-023817,4.17.7
1,pkg-023818,5.18.8
1,pkg-023819,6.19.9
1,pkg-023820,7.0.0
1,pkg-023821,8.1.1
1,pkg-023822,9.2.2
1,pkg-023823,1.3.3
1,pkg-023824,2.4.4
1,pkg-023825,3.5.5
1,pkg-023826,4.6.6
1,pkg-023827,5.7.7
1,pkg-023828,6.8.8
1,pkg-023829,7.9.9
1,pkg-023830,8.10.0
1,pkg-023831,9.11.1
1,pkg-023832,1.12.2
1,pkg-023833,2.13.3
1,pkg-023834,3.14.4
1,pkg-023835,4.15.5
1,pkg-023836,5.16.6
1,pkg-023837,6.17.7
1,pkg-023838,7.18.8
1,pkg-023839,8.19.9
1,pkg-023840,9.0.0
1,pkg-023841,1.1.1
1,pkg-023842,2.2.2
1,pkg-023843,3.3.3
1,pkg-023844,4.4.4
1,pkg-023845,5.5.5
1,pkg-023846,6.6.6
1,pkg-023847,7.7.7
1,pkg-023848,8.8.8
1,pkg-023849,9.9.9
1,pkg-023850,1.10.0
1,pkg-023851,2.11.1
1,pkg-023852,3.12.2
1,pkg-023853,4.13.3
1,pkg-023854,5.14.4
1,pkg-023855,6.15.5
1,pkg-023856,7.16.6
1,pkg-023857,8.17.7
1,pkg-023858,9.18.8
1,pkg-023859,1.19.9
1,pkg-023860,2.0.0
1,pkg-023861,3.1.1
1,pkg-023862,4.2.2
1,pkg-023863,5.3.3
1,pkg-023864,6.4.4
1,pkg-023865,7.5.5
1,pkg-023866,8.6.6
1,pkg-023867,9.7.7
1,pkg-023868,1.8.8
1,pkg-023869,2.9.9
1,pkg-023870,3.10.0
1,pkg-023871,4.11.1
1,pkg-023872,5.12.2
1,pkg-023873,6.13.3
1,pkg-023874,7.14.4
1,pkg-023875,8.15.5
1,pkg-023876,9.16.6
1,pkg-023877,1.17.7
1,pkg-023878,2.18.8
1,pkg-023879,3.19.9
1,pkg-023880,4.0.0
1,pkg-023881,5.1.1
1,pkg-023882,6.2.2
1,pkg-023883,7.3.3
1,pkg-023884,8.4.4
1,pkg-023885,9.5.5
1,pkg-023886,1.6.6
1,pkg-023887,2.7.7
1,pkg-023888,3.8.8
1,pkg-023889,4.9.9
1,pkg-023890,5.10.0
1,pkg-023891,6.11.1
1,pkg-023892,7.12.2
1,pkg-023893,8.13.3
1,pkg-023894,9.14.4
1,pkg-023895,1.15.5
1,pkg-023896,2.16.6
1,pkg-023897,3.17.7
1,pkg-023898,4.18.8
1,pkg-023899,5.19.9
1,pkg-023900,6.0.0
1,pkg-023901,7.1.1
1,pkg-023902,8.2.2
1,pkg-023903,9.3.3
1,pkg-023904,1.4.4
1,pkg-023905,2.5.5
1,pkg-023906,3.6.6
1,pkg-023907,4.7.7
1,pkg-023908,5.8.8
1,pkg-023909,6.9.9
1,pkg-023910,7.10.0
1,pkg-023911,8.11.1
1,pkg-023912,9.12.2
1,pkg-023913,1.13.3
1,pkg-023914,2.14.4
1,pkg-023915,3.15.5
1,pkg-023916,4.16.6
1,pkg-023917,5.17.7
1,pkg-023918,6.18.8
1,pkg-023919,7.19.9
1,pkg-023920,8.0.0
1,pkg-023921,9.1.1
1,pkg-023922,1.2.2
1,pkg-023923,2.3.3
1,pkg-023924,3.4.4
1,pkg-023925,4.5.5
1,pkg-023926,5.6.6
1,pkg-023927,6.7.7
1,pkg-023928,7.8.8
1,pkg-023929,8.9.9
1,pkg-023930,9.10.0
1,pkg-023931,1.11.1
1,pkg-023932,2.12.2
1,pkg-023933,3.13.3
1,pkg-023934,4.14.4
1,pkg-023935,5.15.5
1,pkg-023936,6.16.6
1,pkg-023937,7.17.7
1,pkg-023938,8.18.8
1,pkg-023939,9.19.9
1,pkg-023940,1.0.0
1,pkg-023941,2.1.1
1,pkg-023942,3.2.2
1,pkg-023943,4.3.3
1,pkg-023944,5.4.4
1,pkg-023945,6.5.5
1,pkg-023946,7.6.6
1,pkg-023947,8.7.7
1,pkg-023948,9.8.8
1,pkg-023949,1.9.9
1,pkg-023950,2.10.0
1,pkg-023951,3.11.1
1,pkg-023952,4.12.2
1,pkg-023953,5.13.3
1,pkg-023954,6.14.4
1,pkg-023955,7.15.5
1,pkg-023956,8.16.6
1,pkg-023957,9.17.7
1,pkg-023958,1.18.8
1,pkg-023959,2.19.9
1,pkg-023960,3.0.0
1,pkg-023961,4.1.1
1,pkg-023962,5.2.2
1,pkg-023963,6.3.3
1,pkg-023964,7.4.4
1,pkg-023965,8.5.5
1,pkg-023966,9.6.6
1,pkg-023967,1.7.7
1,pkg-023968,2.8.8
1,pkg-023969,3.9.9
1,pkg-023970,4.10.0
1,pkg-023971,5.11.1
1,pkg-023972,6.12.2
1,pkg-023973,7.13.3
1,pkg-023974,8.14.4
1,pkg-023975,9.15.5
1,pkg-023976,1.16.6
1,pkg-023977,2.17.7
1,pkg-023978,3.18.8
1,pkg-023979,4.19.9
1,pkg-023980,5.0.0
1,pkg-023981,6.1.1
1,pkg-023982,7.2.2
1,pkg-023983,8.3.3
1,pkg-023984,9.4.4
1,pkg-023985,1.5.5
1,pkg-023986,2.6.6
1,pkg-023987,3.7.7
1,pkg-023988,4.8.8
1,pkg-023989,5.9.9
1,pkg-023990,6.10.0
1,pkg-023991,7.11.1
1,pkg-023992,8.12.2
1,pkg-023993,9.13.3
1,pkg-023994,1.14.4
1,pkg-023995,2.15.5
1,pkg-023996,3.16.6
1,pkg-023997,4.17.7
1,pkg-023998,5.18.8
1,pkg-023999,6.19.9
1,pkg-024000,7.0.0
1,pkg-024001,8.1.1
1,pkg-024002,9.2.2
1,pkg-024003,1.3.3
1,pkg-024004,2.4.4
1,pkg-024005,3.5.5
1,pkg-024006,4.6.6
1,pkg-024007,5.7.7
1,pkg-024008,6.8.8
1,pkg-024009,7.9.9
1,pkg-024010,8.10.0
1,pkg-024011,9.11.1
1,pkg-024012,1.12.2
1,pkg-024013,2.13.3
1,pkg-024014,3.14.4
1,pkg-024015,4.15.5
1,pkg-024016,5.16.6
1,pkg-024017,6.17.7
1,pkg-024018,7.18.8
1,pkg-024019,8.19.9
1,pkg-024020,9.0.0
1,pkg-024021,1.1.1
1,pkg-024022,2.2.2
1,pkg-024023,3.3.3
1,pkg-024024,4.4.4
1,pkg-024025,5.5.5
1,pkg-024026,6.6.6
1,pkg-024027,7.7.7
1,pkg-024028,8.8.8
1,pkg-024029,9.9.9
1,pkg-024030,1.10.0
1,pkg-024031,2.11.1
1,pkg-024032,3.12.2
1,pkg-024033,4.13.3
1,pkg-024034,5.14.4
1,pkg-024035,6.15.5
1,pkg-024036,7.16.6
1,pkg-024037,8.17.7
1,pkg-024038,9.18.8
1,pkg-024039,1.19.9
1,pkg-024040,2.0.0
1,pkg-024041,3.1.1
1,pkg-024042,4.2.2
1,pkg-024043,5.3.3
1,pkg-024044,6.4.4
1,pkg-024045,7.5.5
1,pkg-024046,8.6.6
1,pkg-024047,9.7.7
1,pkg-024048,1.8.8
1,pkg-024049,2.9.9
1,pkg-024050,3.10.0
1,pkg-024051,4.11.1
1,pkg-024052,5.12.2
1,pkg-024053,6.13.3
1,pkg-024054,7.14.4
1,pkg-024055,8.15.5
1,pkg-024056,9.16.6
1,pkg-024057,1.17.7
1,pkg-024058,2.18.8
1,pkg-024059,3.19.9
1,pkg-024060,4.0.0
1,pkg-024061,5.1.1
1,pkg-024062,6.2.2
1,pkg-024063,7.3.3
1,pkg-024064,8.4.4
1,pkg-024065,9.5.5
1,pkg-024066,1.6.6
1,pkg-024067,2.7.7
1,pkg-024068,3.8.8
1,pkg-024069,4.9.9
1,pkg-024070,5.10.0
1,pkg-024071,6.11.1
1,pkg-024072,7.12.2
1,pkg-024073,8.13.3
1,pkg-024074,9.14.4
1,pkg-024075,1.15.5
1,pkg-024076,2.16.6
1,pkg-024077,3.17.7
1,pkg-024078,4.18.8
1,pkg-024079,5.19.9
1,pkg-024080,6.0.0
1,pkg-024081,7.1.1
1,pkg-024082,8.2.2
1,pkg-024083,9.3.3
1,pkg-024084,1.4.4
1,pkg-024085,2.5.5
1,pkg-024086,3.6.6
1,pkg-024087,4.7.7
1,pkg-024088,5.8.8
1,pkg-024089,6.9.9
1,pkg-024090,7.10.0
1,pkg-024091,8.11.1
1,pkg-024092,9.12.2
1,pkg-024093,1.13.3
1,pkg-024094,2.14.4
1,pkg-024095,3.15.5
1,pkg-024096,4.16.6
1,pkg-024097,5.17.7
1,pkg-024098,6.18.8
1,pkg-024099,7.19.9
1,pkg-024100,8.0.0
1,pkg-024101,9.1.1
1,pkg-024102,1.2.2
1,pkg-024103,2.3.3
1,pkg-024104,3.4.4
1,pkg-024105,4.5.5
1,pkg-024106,5.6.6
1,pkg-024107,6.7.7
1,pkg-024108,7.8.8
1,pkg-024109,8.9.9
1,pkg-024110,9.10.0
1,pkg-024111,1.11.1
1,pkg-024112,2.12.2
1,pkg-024113,3.13.3
1,pkg-024114,4.14.4
1,pkg-024115,5.15.5
1,pkg-024116,6.16.6
1,pkg-024117,7.17.7
1,pkg-024118,8.18.8
1,pkg-024119,9.19.9
1,pkg-024120,1.0.0
1,pkg-024121,2.1.1
1,pkg-024122,3.2.2
1,pkg-024123,4.3.3
1,pkg-024124,5.4.4
1,pkg-024125,6.5.5
1,pkg-024126,7.6.6
1,pkg-024127,8.7.7
1,pkg-024128,9.8.8
1,pkg-024129,1.9.9
1,pkg-024130,2.10.0
1,pkg-024131,3.11.1
1,pkg-024132,4.12.2
1,pkg-024133,5.13.3
1,pkg-024134,6.14.4
1,pkg-024135,7.15.5
1,pkg-024136,8.16.6
1,pkg-024137,9.17.7
1,pkg-024138,1.18.8
1,pkg-024139,2.19.9
1,pkg-024140,3.0.0
1,pkg-024141,4.1.1
1,pkg-024142,5.2.2
1,pkg-024143,6.3.3
1,pkg-024144,7.4.4
1,pkg-024145,8.5.5
1,pkg-024146,9.6.6
1,pkg-024147,1.7.7
1,pkg-024148,2.8.8
1,pkg-024149,3.9.9
1,pkg-024150,4.10.0
1,pkg-024151,5.11.1
1,pkg-024152,6.12.2
1,pkg-024153,7.13.3
1,pkg-024154,8.14.4
1,pkg-024155,9.15.5
1,pkg-024156,1.16.6
1,pkg-024157,2.17.7
1,pkg-024158,3.18.8
1,pkg-024159,4.19.9
1,pkg-024160,5.0.0
1,pkg-024161,6.1.1
1,pkg-024162,7.2.2
1,pkg-024163,8.3.3
1,pkg-024164,9.4.4
1,pkg-024165,1.5.5
1,pkg-024166,2.6.6
1,pkg-024167,3.7.7
1,pkg-024168,4.8.8
1,pkg-024169,5.9.9
1,pkg-024170,6.10.0
1,pkg-024171,7.11.1
1,pkg-024172,8.12.2
1,pkg-024173,9.13.3
1,pkg-024174,1.14.4
1,pkg-024175,2.15.5
1,pkg-024176,3.16.6
1,pkg-024177,4.17.7
1,pkg-024178,5.18.8
1,pkg-024179,6.19.9
1,pkg-024180,7.0.0
1,pkg-024181,8.1.1
1,pkg-024182,9.2.2
1,pkg-024183,1.3.3
1,pkg-024184,2.4.4
1,pkg-024185,3.5.5
1,pkg-024186,4.6.6
1,pkg-024187,5.7.7
1,pkg-024188,6.8.8
1,pkg-024189,7.9.9
1,pkg-024190,8.10.0
1,pkg-024191,9.11.1
1,pkg-024192,1.12.2
1,pkg-024193,2.13.3
1,pkg-024194,3.14.4
1,pkg-024195,4.15.5
1,pkg-024196,5.16.6
1,pkg-024197,6.17.7
1,pkg-024198,7.18.8
1,pkg-024199,8.19.9
1,pkg-024200,9.0.0
1,pkg-024201,1.1.1
1,pkg-024202,2.2.2
1,pkg-024203,3.3.3
1,pkg-024204,4.4.4
1,pkg-024205,5.5.5
1,pkg-024206,6.6.6
1,pkg-024207,7.7.7
1,pkg-024208,8.8.8
1,pkg-024209,9.9.9
1,pkg-024210,1.10.0
1,pkg-024211,2.11.1
1,pkg-024212,3.12.2
1,pkg-024213,4.13.3
1,pkg-024214,5.14.4
1,pkg-024215,6.15.5
1,pkg-024216,7.16.6
1,pkg-024217,8.17.7
1,pkg-024218,9.18.8
1,pkg-024219,1.19.9
1,pkg-024220,2.0.0
1,pkg-024221,3.1.1
1,pkg-024222,4.2.2
1,pkg-024223,5.3.3
1,pkg-024224,6.4.4
1,pkg-024225,7.5.5
1,pkg-024226,8.6.6
1,pkg-024227,9.7.7
1,pkg-024228,1.8.8
1,pkg-024229,2.9.9
1,pkg-024230,3.10.0
1,pkg-024231,4.11.1
1,pkg-024232,5.12.2
1,pkg-024233,6.13.3
1,pkg-024234,7.14.4
1,pkg-024235,8.15.5
1,pkg-024236,9.16.6
1,pkg-024237,1.17.7
1,pkg-024238,2.18.8
1,pkg-024239,3.19.9
1,pkg-024240,4.0.0
1,pkg-024241,5.1.1
1,pkg-024242,6.2.2
1,pkg-024243,7.3.3
1,pkg-024244,8.4.4
1,pkg-024245,9.5.5
1,pkg-024246,1.6.6
1,pkg-024247,2.7.7
1,pkg-024248,3.8.8
1,pkg-024249,4.9.9
1,pkg-024250,5.10.0
1,pkg-024251,6.11.1
1,pkg-024252,7.12.2
1,pkg-024253,8.13.3
1,pkg-024254,9.14.4
1,pkg-024255,1.15.5
1,pkg-024256,2.16.6
1,pkg-024257,3.17.7
1,pkg-024258,4.18.8
1,pkg-024259,5.19.9
1,pkg-024260,6.0.0
1,pkg-024261,7.1.1
1,pkg-024262,8.2.2
1,pkg-024263,9.3.3
1,pkg-024264,1.4.4
1,pkg-024265,2.5.5
1,pkg-024266,3.6.6
1,pkg-024267,4.7.7
1,pkg-024268,5.8.8
1,pkg-024269,6.9.9
1,pkg-024270,7.10.0
1,pkg-024271,8.11.1
1,pkg-024272,9.12.2
1,pkg-024273,1.13.3
1,pkg-024274,2.14.4
1,pkg-024275,3.15.5
1,pkg-024276,4.16.6
1,pkg-024277,5.17.7
1,pkg-024278,6.18.8
1,pkg-024279,7.19.9
1,pkg-024280,8.0.0
1,pkg-024281,9.1.1
1,pkg-024282,1.2.2
1,pkg-024283,2.3.3
1,pkg-024284,3.4.4
1,pkg-024285,4.5.5
1,pkg-024286,5.6.6
1,pkg-024287,6.7.7
1,pkg-024288,7.8.8
1,pkg-024289,8.9.9
1,pkg-024290,9.10.0
1,pkg-024291,1.11.1
1,pkg-024292,2.12.2
1,pkg-024293,3.13.3
1,pkg-024294,4.14.4
1,pkg-024295,5.15.5
1,pkg-024296,6.16.6
1,pkg-024297,7.17.7
1,pkg-024298,8.18.8
1,pkg-024299,9.19.9
1,pkg-024300,1.0.0
1,pkg-024301,2.1.1
1,pkg-024302,3.2.2
1,pkg-024303,4.3.3
1,pkg-024304,5.4.4
1,pkg-024305,6.5.5
1,pkg-024306,7.6.6
1,pkg-024307,8.7.7
1,pkg-024308,9.8.8
1,pkg-024309,1.9.9
1,pkg-024310,2.10.0
1,pkg-024311,3.11.1
1,pkg-024312,4.12.2
1,pkg-024313,5.13.3
1,pkg-024314,6.14.4
1,pkg-024315,7.15.5
1,pkg-024316,8.16.6
1,pkg-024317,9.17.7
1,pkg-024318,1.18.8
1,pkg-024319,2.19.9
1,pkg-024320,3.0.0
1,pkg-024321,4.1.1
1,pkg-024322,5.2.2
1,pkg-024323,6.3.3
1,pkg-024324,7.4.4
1,pkg-024325,8.5.5
1,pkg-024326,9.6.6
1,pkg-024327,1.7.7
1,pkg-024328,2.8.8
1,pkg-024329,3.9.9
1,pkg-024330,4.10.0
1,pkg-024331,5.11.1
1,pkg-024332,6.12.2
1,pkg-024333,7.13.3
1,pkg-024334,8.14.4
1,pkg-024335,9.15.5
1,pkg-024336,1.16.6
1,pkg-024337,2.17.7
1,pkg-024338,3.18.8
1,pkg-024339,4.19.9
1,pkg-024340,5.0.0
1,pkg-024341,6.1.1
1,pkg-024342,7.2.2
1,pkg-024343,8.3.3
1,pkg-024344,9.4.4
1,pkg-024345,1.5.5
1,pkg-024346,2.6.6
1,pkg-024347,3.7.7
1,pkg-024348,4.8.8
1,pkg-024349,5.9.9
1,pkg-024350,6.10.0
1,pkg-024351,7.11.1
1,pkg-024352,8.12.2
1,pkg-024353,9.13.3
1,pkg-024354,1.14.4
1,pkg-024355,2.15.5
1,pkg-024356,3.16.6
1,pkg-024357,4.17.7
1,pkg-024358,5.18.8
1,pkg-024359,6.19.9
1,pkg-024360,7.0.0
1,pkg-024361,8.1.1
1,pkg-024362,9.2.2
1,pkg-024363,1.3.3
1,pkg-024364,2.4.4
1,pkg-024365,3.5.5
1,pkg-024366,4.6.6
1,pkg-024367,5.7.7
1,pkg-024368,6.8.8
1,pkg-024369,7.9.9
1,pkg-024370,8.10.0
1,pkg-024371,9.11.1
1,pkg-024372,1.12.2
1,pkg-024373,2.13.3
1,pkg-024374,3.14.4
1,pkg-024375,4.15.5
1,pkg-024376,5.16.6
1,pkg-024377,6.17.7
1,pkg-024378,7.18.8
1,pkg-024379,8.19.9
1,pkg-024380,9.0.0
1,pkg-024381,1.1.1
1,pkg-024382,2.2.2
1,pkg-024383,3.3.3
1,pkg-024384,4.4.4
1,pkg-024385,5.5.5
1,pkg-024386,6.6.6
1,pkg-024387,7.7.7
1,pkg-024388,8.8.8
1,pkg-024389,9.9.9
1,pkg-024390,1.10.0
1,pkg-024391,2.11.1
1,pkg-024392,3.12.2
1,pkg-024393,4.13.3
1,pkg-024394,5.14.4
1,pkg-024395,6.15.5
1,pkg-024396,7.16.6
1,pkg-024397,8.17.7
1,pkg-024398,9.18.8
1,pkg-024399,1.19.9
1,pkg-024400,2.0.0
1,pkg-024401,3.1.1
1,pkg-024402,4.2.2
1,pkg-024403,5.3.3
1,pkg-024404,6.4.4
1,pkg-024405,7.5.5
1,pkg-024406,8.6.6
1,pkg-024407,9.7.7
1,pkg-024408,1.8.8
1,pkg-024409,2.9.9
1,pkg-024410,3.10.0
1,pkg-024411,4.11.1
1,pkg-024412,5.12.2
1,pkg-024413,6.13.3
1,pkg-024414,7.14.4
1,pkg-024415,8.15.5
1,pkg-024416,9.16.6
1,pkg-024417,1.17.7
1,pkg-024418,2.18.8
1,pkg-024419,3.19.9
1,pkg-024420,4.0.0
1,pkg-024421,5.1.1
1,pkg-024422,6.2.2
1,pkg-024423,7.3.3
1,pkg-024424,8.4.4
1,pkg-024425,9.5.5
1,pkg-024426,1.6.6
1,pkg-024427,2.7.7
1,pkg-024428,3.8.8
1,pkg-024429,4.9.9
1,pkg-024430,5.10.0
1,pkg-024431,6.11.1
1,pkg-024432,7.12.2
1,pkg-024433,8.13.3
1,pkg-024434,9.14.4
1,pkg-024435,1.15.5
1,pkg-024436,2.16.6
1,pkg-024437,3.17.7
1,pkg-024438,4.18.8
1,pkg-024439,5.19.9
1,pkg-024440,6.0.0
1,pkg-024441,7.1.1
1,pkg-024442,8.2.2
1,pkg-024443,9.3.3
1,pkg-024444,1.4.4
1,pkg-024445,2.5.5
1,pkg-024446,3.6.6
1,pkg-024447,4.7.7
1,pkg-024448,5.8.8
1,pkg-024449,6.9.9
1,pkg-024450,7.10.0
1,pkg-024451,8.11.1
1,pkg-024452,9.12.2
1,pkg-024453,1.13.3
1,pkg-024454,2.14.4
1,pkg-024455,3.15.5
1,pkg-024456,4.16.6
1,pkg-024457,5.17.7
1,pkg-024458,6.18.8
1,pkg-024459,7.19.9
1,pkg-024460,8.0.0
1,pkg-024461,9.1.1
1,pkg-024462,1.2.2
1,pkg-024463,2.3.3
1,pkg-024464,3.4.4
1,pkg-024465,4.5.5
1,pkg-024466,5.6.6
1,pkg-024467,6.7.7
1,pkg-024468,7.8.8
1,pkg-024469,8.9.9
1,pkg-024470,9.10.0
1,pkg-024471,1.11.1
1,pkg-024472,2.12.2
1,pkg-024473,3.13.3
1,pkg-024474,4.14.4
1,pkg-024475,5.15.5
1,pkg-024476,6.16.6
1,pkg-024477,7.17.7
1,pkg-024478,8.18.8
1,pkg-024479,9.19.9
1,pkg-024480,1.0.0
1,pkg-024481,2.1.1
1,pkg-024482,3.2.2
1,pkg-024483,4.3.3
1,pkg-024484,5.4.4
1,pkg-024485,6.5.5
1,pkg-024486,7.6.6
1,pkg-024487,8.7.7
1,pkg-024488,9.8.8
1,pkg-024489,1.9.9
1,pkg-024490,2.10.0
1,pkg-024491,3.11.1
1,pkg-024492,4.12.2
1,pkg-024493,5.13.3
1,pkg-024494,6.14.4
1,pkg-024495,7.15.5
1,pkg-024496,8.16.6
1,pkg-024497,9.17.7
1,pkg-024498,1.18.8
1,pkg-024499,2.19.9
1,pkg-024500,3.0.0
1,pkg-024501,4.1.1
1,pkg-024502,5.2.2
1,pkg-024503,6.3.3
1,pkg-024504,7.4.4
1,pkg-024505,8.5.5
1,pkg-024506,9.6.6
1,pkg-024507,1.7.7
1,pkg-024508,2.8.8
1,pkg-024509,3.9.9
1,pkg-024510,4.10.0
1,pkg-024511,5.11.1
1,pkg-024512,6.12.2
1,pkg-024513,7.13.3
1,pkg-024514,8.14.4
1,pkg-024515,9.15.5
1,pkg-024516,1.16.6
1,pkg-024517,2.17.7
1,pkg-024518,3.18.8
1,pkg-024519,4.19.9
1,pkg-024520,5.0.0
1,pkg-024521,6.1.1
1,pkg-024522,7.2.2
1,pkg-024523,8.3.3
1,pkg-024524,9.4.4
1,pkg-024525,1.5.5
1,pkg-024526,2.6.6
1,pkg-024527,3.7.7
1,pkg-024528,4.8.8
1,pkg-024529,5.9.9
1,pkg-024530,6.10.0
1,pkg-024531,7.11.1
1,pkg-024532,8.12.2
1,pkg-024533,9.13.3
1,pkg-024534,1.14.4
1,pkg-024535,2.15.5
1,pkg-024536,3.16.6
1,pkg-024537,4.17.7
1,pkg-024538,5.18.8
1,pkg-024539,6.19.9
1,pkg-024540,7.0.0
1,pkg-024541,8.1.1
1,pkg-024542,9.2.2
1,pkg-024543,1.3.3
1,pkg-024544,2.4.4
1,pkg-024545,3.5.5
1,pkg-024546,4.6.6
1,pkg-024547,5.7.7
1,pkg-024548,6.8.8
1,pkg-024549,7.9.9
1,pkg-024550,8.10.0
1,pkg-024551,9.11.1
1,pkg-024552,1.12.2
1,pkg-024553,2.13.3
1,pkg-024554,3.14.4
1,pkg-024555,4.15.5
1,pkg-024556,5.16.6
1,pkg-024557,6.17.7
1,pkg-024558,7.18.8
1,pkg-024559,8.19.9
1,pkg-024560,9.0.0
1,pkg-024561,1.1.1
1,pkg-024562,2.2.2
1,pkg-024563,3.3.3
1,pkg-024564,4.4.4
1,pkg-024565,5.5.5
1,pkg-024566,6.6.6
1,pkg-024567,7.7.7
1,pkg-024568,8.8.8
1,pkg-024569,9.9.9
1,pkg-024570,1.10.0
1,pkg-024571,2.11.1
1,pkg-024572,3.12.2
1,pkg-024573,4.13.3
1,pkg-024574,5.14.4
1,pkg-024575,6.15.5
1,pkg-024576,7.16.6
1,pkg-024577,8.17.7
1,pkg-024578,9.18.8
1,pkg-024579,1.19.9
1,pkg-024580,2.0.0
1,pkg-024581,3.1.1
1,pkg-024582,4.2.2
1,pkg-024583,5.3.3
1,pkg-024584,6.4.4
1,pkg-024585,7.5.5
1,pkg-024586,8.6.6
1,pkg-024587,9.7.7
1,pkg-024588,1.8.8
1,pkg-024589,2.9.9
1,pkg-024590,3.10.0
1,pkg-024591,4.11.1
1,pkg-024592,5.12.2
1,pkg-024593,6.13.3
1,pkg-024594,7.14.4
1,pkg-024595,8.15.5
1,pkg-024596,9.16.6
1,pkg-024597,1.17.7
1,pkg-024598,2.18.8
1,pkg-024599,3.19.9
1,pkg-024600,4.0.0
1,pkg-024601,5.1.1
1,pkg-024602,6.2.2
1,pkg-024603,7.3.3
1,pkg-024604,8.4.4
1,pkg-024605,9.5.5
1,pkg-024606,1.6.6
1,pkg-024607,2.7.7
1,pkg-024608,3.8.8
1,pkg-024609,4.9.9
1,pkg-024610,5.10.0
1,pkg-024611,6.11.1
1,pkg-024612,7.12.2
1,pkg-024613,8.13.3
1,pkg-024614,9.14.4
1,pkg-024615,1.15.5
1,pkg-024616,2.16.6
1,pkg-024617,3.17.7
1,pkg-024618,4.18.8
1,pkg-024619,5.19.9
1,pkg-024620,6.0.0
1,pkg-024621,7.1.1
1,pkg-024622,8.2.2
1,pkg-024623,9.3.3
1,pkg-024624,1.4.4
1,pkg-024625,2.5.5
1,pkg-024626,3.6.6
1,pkg-024627,4.7.7
1,pkg-024628,5.8.8
1,pkg-024629,6.9.9
1,pkg-024630,7.10.0
1,pkg-024631,8.11.1
1,pkg-024632,9.12.2
1,pkg-024633,1.13.3
1,pkg-024634,2.14.4
1,pkg-024635,3.15.5
1,pkg-024636,4.16.6
1,pkg-024637,5.17.7
1,pkg-024638,6.18.8
1,pkg-024639,7.19.9
1,pkg-024640,8.0.0
1,pkg-024641,9.1.1
1,pkg-024642,1.2.2
1,pkg-024643,2.3.3
1,pkg-024644,3.4.4
1,pkg-024645,4.5.5
1,pkg-024646,5.6.6
1,pkg-024647,6.7.7
1,pkg-024648,7.8.8
1,pkg-024649,8.9.9
1,pkg-024650,9.10.0
1,pkg-024651,1.11.1
1,pkg-024652,2.12.2
1,pkg-024653,3.13.3
1,pkg-024654,4.14.4
1,pkg-024655,5.15.5
1,pkg-024656,6.16.6
1,pkg-024657,7.17.7
1,pkg-024658,8.18.8
1,pkg-024659,9.19.9
1,pkg-024660,1.0.0
1,pkg-024661,2.1.1
1,pkg-024662,3.2.2
1,pkg-024663,4.3.3
1,pkg-024664,5.4.4
1,pkg-024665,6.5.5
1,pkg-024666,7.6.6
1,pkg-024667,8.7.7
1,pkg-024668,9.8.8
1,pkg-024669,1.9.9
1,pkg-024670,2.10.0
1,pkg-024671,3.11.1
1,pkg-024672,4.12.2
1,pkg-024673,5.13.3
1,pkg-024674,6.14.4
1,pkg-024675,7.15.5
1,pkg-024676,8.16.6
1,pkg-024677,9.17.7
1,pkg-024678,1.18.8
1,pkg-024679,2.19.9
1,pkg-024680,3.0.0
1,pkg-024681,4.1.1
1,pkg-024682,5.2.2
1,pkg-024683,6.3.3
1,pkg-024684,7.4.4
1,pkg-024685,8.5.5
1,pkg-024686,9.6.6
1,pkg-024687,1.7.7
1,pkg-024688,2.8.8
1,pkg-024689,3.9.9
1,pkg-024690,4.10.0
1,pkg-024691,5.11.1
1,pkg-024692,6.12.2
1,pkg-024693,7.13.3
1,pkg-024694,8.14.4
1,pkg-024695,9.15.5
1,pkg-024696,1.16.6
1,pkg-024697,2.17.7
1,pkg-024698,3.18.8
1,pkg-024699,4.19.9
1,pkg-024700,5.0.0
1,pkg-024701,6.1.1
1,pkg-024702,7.2.2
1,pkg-024703,8.3.3
1,pkg-024704,9.4.4
1,pkg-024705,1.5.5
1,pkg-024706,2.6.6
1,pkg-024707,3.7.7
1,pkg-024708,4.8.8
1,pkg-024709,5.9.9
1,pkg-024710,6.10.0
1,pkg-024711,7.11.1
1,pkg-024712,8.12.2
1,pkg-024713,9.13.3
1,pkg-024714,1.14.4
1,pkg-024715,2.15.5
1,pkg-024716,3.16.6
1,pkg-024717,4.17.7
1,pkg-024718,5.18.8
1,pkg-024719,6.19.9
1,pkg-024720,7.0.0
1,pkg-024721,8.1.1
1,pkg-024722,9.2.2
1,pkg-024723,1.3.3
1,pkg-024724,2.4.4
1,pkg-024725,3.5.5
1,pkg-024726,4.6.6
1,pkg-024727,5.7.7
1,pkg-024728,6.8.8
1,pkg-024729,7.9.9
1,pkg-024730,8.10.0
1,pkg-024731,9.11.1
1,pkg-024732,1.12.2
1,pkg-024733,2.13.3
1,pkg-024734,3.14.4
1,pkg-024735,4.15.5
1,pkg-024736,5.16.6
1,pkg-024737,6.17.7
1,pkg-024738,7.18.8
1,pkg-024739,8.19.9
1,pkg-024740,9.0.0
1,pkg-024741,1.1.1
1,pkg-024742,2.2.2
1,pkg-024743,3.3.3
1,pkg-024744,4.4.4
1,pkg-024745,5.5.5
1,pkg-024746,6.6.6
1,pkg-024747,7.7.7
1,pkg-024748,8.8.8
1,pkg-024749,9.9.9
1,pkg-024750,1.10.0
1,pkg-024751,2.11.1
1,pkg-024752,3.12.2
1,pkg-024753,4.13.3
1,pkg-024754,5.14.4
1,pkg-024755,6.15.5
1,pkg-024756,7.16.6
1,pkg-024757,8.17.7
1,pkg-024758,9.18.8
1,pkg-024759,1.19.9
1,pkg-024760,2.0.0
1,pkg-024761,3.1.1
1,pkg-024762,4.2.2
1,pkg-024763,5.3.3
1,pkg-024764,6.4.4
1,pkg-024765,7.5.5
1,pkg-024766,8.6.6
1,pkg-024767,9.7.7
1,pkg-024768,1.8.8
1,pkg-024769,2.9.9
1,pkg-024770,3.10.0
1,pkg-024771,4.11.1
1,pkg-024772,5.12.2
1,pkg-024773,6.13.3
1,pkg-024774,7.14.4
1,pkg-024775,8.15.5
1,pkg-024776,9.16.6
1,pkg-024777,1.17.7
1,pkg-024778,2.18.8
1,pkg-024779,3.19.9
1,pkg-024780,4.0.0
1,pkg-024781,5.1.1
1,pkg-024782,6.2.2
1,pkg-024783,7.3.3
1,pkg-024784,8.4.4
1,pkg-024785,9.5.5
1,pkg-024786,1.6.6
1,pkg-024787,2.7.7
1,pkg-024788,3.8.8
1,pkg-024789,4.9.9
1,pkg-024790,5.10.0
1,pkg-024791,6.11.1
1,pkg-024792,7.12.2
1,pkg-024793,8.13.3
1,pkg-024794,9.14.4
1,pkg-024795,1.15.5
1,pkg-024796,2.16.6
1,pkg-024797,3.17.7
1,pkg-024798,4.18.8
1,pkg-024799,5.19.9
1,pkg-024800,6.0.0
1,pkg-024801,7.1.1
1,pkg-024802,8.2.2
1,pkg-024803,9.3.3
1,pkg-024804,1.4.4
1,pkg-024805,2.5.5
1,pkg-024806,3.6.6
1,pkg-024807,4.7.7
1,pkg-024808,5.8.8
1,pkg-024809,6.9.9
1,pkg-024810,7.10.0
1,pkg-024811,8.11.1
1,pkg-024812,9.12.2
1,pkg-024813,1.13.3
1,pkg-024814,2.14.4
1,pkg-024815,3.15.5
1,pkg-024816,4.16.6
1,pkg-024817,5.17.7
1,pkg-024818,6.18.8
1,pkg-024819,7.19.9
1,pkg-024820,8.0.0
1,pkg-024821,9.1.1
1,pkg-024822,1.2.2
1,pkg-024823,2.3.3
1,pkg-024824,3.4.4
1,pkg-024825,4.5.5
1,pkg-024826,5.6.6
1,pkg-024827,6.7.7
1,pkg-024828,7.8.8
1,pkg-024829,8.9.9
1,pkg-024830,9.10.0
1,pkg-024831,1.11.1
1,pkg-024832,2.12.2
1,pkg-024833,3.13.3
1,pkg-024834,4.14.4
1,pkg-024835,5.15.5
1,pkg-024836,6.16.6
1,pkg-024837,7.17.7
1,pkg-024838,8.18.8
1,pkg-024839,9.19.9
1,pkg-024840,1.0.0
1,pkg-024841,2.1.1
1,pkg-024842,3.2.2
1,pkg-024843,4.3.3
1,pkg-024844,5.4.4
1,pkg-024845,6.5.5
1,pkg-024846,7.6.6
1,pkg-024847,8.7.7
1,pkg-024848,9.8.8
1,pkg-024849,1.9.9
1,pkg-024850,2.10.0
1,pkg-024851,3.11.1
1,pkg-024852,4.12.2
1,pkg-024853,5.13.3
1,pkg-024854,6.14.4
1,pkg-024855,7.15.5
1,pkg-024856,8.16.6
1,pkg-024857,9.17.7
1,pkg-024858,1.18.8
1,pkg-024859,2.19.9
1,pkg-024860,3.0.0
1,pkg-024861,4.1.1
1,pkg-024862,5.2.2
1,pkg-024863,6.3.3
1,pkg-024864,7.4.4
1,pkg-024865,8.5.5
1,pkg-024866,9.6.6
1,pkg-024867,1.7.7
1,pkg-024868,2.8.8
1,pkg-024869,3.9.9
1,pkg-024870,4.10.0
1,pkg-024871,5.11.1
1,pkg-024872,6.12.2
1,pkg-024873,7.13.3
1,pkg-024874,8.14.4
1,pkg-024875,9.15.5
1,pkg-024876,1.16.6
1,pkg-024877,2.17.7
1,pkg-024878,3.18.8
1,pkg-024879,4.19.9
1,pkg-024880,5.0.0
1,pkg-024881,6.1.1
1,pkg-024882,7.2.2
1,pkg-024883,8.3.3
1,pkg-024884,9.4.4
1,pkg-024885,1.5.5
1,pkg-024886,2.6.6
1,pkg-024887,3.7.7
1,pkg-024888,4.8.8
1,pkg-024889,5.9.9
1,pkg-024890,6.10.0
1,pkg-024891,7.11.1
1,pkg-024892,8.12.2
1,pkg-024893,9.13.3
1,pkg-024894,1.14.4
1,pkg-024895,2.15.5
1,pkg-024896,3.16.6
1,pkg-024897,4.17.7
1,pkg-024898,5.18.8
1,pkg-024899,6.19.9
1,pkg-024900,7.0.0
1,pkg-024901,8.1.1
1,pkg-024902,9.2.2
1,pkg-024903,1.3.3
1,pkg-024904,2.4.4
1,pkg-024905,3.5.5
1,pkg-024906,4.6.6
1,pkg-024907,5.7.7
1,pkg-024908,6.8.8
1,pkg-024909,7.9.9
1,pkg-024910,8.10.0
1,pkg-024911,9.11.1
1,pkg-024912,1.12.2
1,pkg-024913,2.13.3
1,pkg-024914,3.14.4
1,pkg-024915,4.15.5
1,pkg-024916,5.16.6
1,pkg-024917,6.17.7
1,pkg-024918,7.18.8
1,pkg-024919,8.19.9
1,pkg-024920,9.0.0
1,pkg-024921,1.1.1
1,pkg-024922,2.2.2
1,pkg-024923,3.3.3
1,pkg-024924,4.4.4
1,pkg-024925,5.5.5
1,pkg-024926,6.6.6
1,pkg-024927,7.7.7
1,pkg-024928,8.8.8
1,pkg-024929,9.9.9
1,pkg-024930,1.10.0
1,pkg-024931,2.11.1
1,pkg-024932,3.12.2
1,pkg-024933,4.13.3
1,pkg-024934,5.14.4
1,pkg-024935,6.15.5
1,pkg-024936,7.16.6
1,pkg-024937,8.17.7
1,pkg-024938,9.18.8
1,pkg-024939,1.19.9
1,pkg-024940,2.0.0
1,pkg-024941,3.1.1
1,pkg-024942,4.2.2
1,pkg-024943,5.3.3
1,pkg-024944,6.4.4
1,pkg-024945,7.5.5
1,pkg-024946,8.6.6
1,pkg-024947,9.7.7
1,pkg-024948,1.8.8
1,pkg-024949,2.9.9
1,pkg-024950,3.10.0
1,pkg-024951,4.11.1
1,pkg-024952,5.12.2
1,pkg-024953,6.13.3
1,pkg-024954,7.14.4
1,pkg-024955,8.15.5
1,pkg-024956,9.16.6
1,pkg-024957,1.17.7
1,pkg-024958,2.18.8
1,pkg-024959,3.19.9
1,pkg-024960,4.0.0
1,pkg-024961,5.1.1
1,pkg-024962,6.2.2
1,pkg-024963,7.3.3
1,pkg-024964,8.4.4
1,pkg-024965,9.5.5
1,pkg-024966,1.6.6
1,pkg-024967,2.7.7
1,pkg-024968,3.8.8
1,pkg-024969,4.9.9
1,pkg-024970,5.10.0
1,pkg-024971,6.11.1
1,pkg-024972,7.12.2
1,pkg-024973,8.13.3
1,pkg-024974,9.14.4
1,pkg-024975,1.15.5
1,pkg-024976,2.16.6
1,pkg-024977,3.17.7
1,pkg-024978,4.18.8
1,pkg-024979,5.19.9
1,pkg-024980,6.0.0
1,pkg-024981,7.1.1
1,pkg-024982,8.2.2
1,pkg-024983,9.3.3
1,pkg-024984,1.4.4
1,pkg-024985,2.5.5
1,pkg-024986,3.6.6
1,pkg-024987,4.7.7
1,pkg-024988,5.8.8
1,pkg-024989,6.9.9
1,pkg-024990,7.10.0
1,pkg-024991,8.11.1
1,pkg-024992,9.12.2
1,pkg-024993,1.13.3
1,pkg-024994,2.14.4
1,pkg-024995,3.15.5
1,pkg-024996,4.16.6
1,pkg-024997,5.17.7
1,pkg-024998,6.18.8
1,pkg-024999,7.19.9
1,pkg-025000,8.0.0
1,pkg-025001,9.1.1
1,pkg-025002,1.2.2
1,pkg-025003,2.3.3
1,pkg-025004,3.4.4
1,pkg-025005,4.5.5
1,pkg-025006,5.6.6
1,pkg-025007,6.7.7
1,pkg-025008,7.8.8
1,pkg-025009,8.9.9
1,pkg-025010,9.10.0
1,pkg-025011,1.11.1
1,pkg-025012,2.12.2
1,pkg-025013,3.13.3
1,pkg-025014,4.14.4
1,pkg-025015,5.15.5
1,pkg-025016,6.16.6
1,pkg-025017,7.17.7
1,pkg-025018,8.18.8
1,pkg-025019,9.19.9
1,pkg-025020,1.0.0
1,pkg-025021,2.1.1
1,pkg-025022,3.2.2
1,pkg-025023,4.3.3
1,pkg-025024,5.4.4
1,pkg-025025,6.5.5
1,pkg-025026,7.6.6
1,pkg-025027,8.7.7
1,pkg-025028,9.8.8
1,pkg-025029,1.9.9
1,pkg-025030,2.10.0
1,pkg-025031,3.11.1
1,pkg-025032,4.12.2
1,pkg-025033,5.13.3
1,pkg-025034,6.14.4
1,pkg-025035,7.15.5
1,pkg-025036,8.16.6
1,pkg-025037,9.17.7
1,pkg-025038,1.18.8
1,pkg-025039,2.19.9
1,pkg-025040,3.0.0
1,pkg-025041,4.1.1
1,pkg-025042,5.2.2
1,pkg-025043,6.3.3
1,pkg-025044,7.4.4
1,pkg-025045,8.5.5
1,pkg-025046,9.6.6
1,pkg-025047,1.7.7
1,pkg-025048,2.8.8
1,pkg-025049,3.9.9
1,pkg-025050,4.10.0
1,pkg-025051,5.11.1
1,pkg-025052,6.12.2
1,pkg-025053,7.13.3
1,pkg-025054,8.14.4
1,pkg-025055,9.15.5
1,pkg-025056,1.16.6
1,pkg-025057,2.17.7
1,pkg-025058,3.18.8
1,pkg-025059,4.19.9
1,pkg-025060,5.0.0
1,pkg-025061,6.1.1
1,pkg-025062,7.2.2
1,pkg-025063,8.3.3
1,pkg-025064,9.4.4
1,pkg-025065,1.5.5
1,pkg-025066,2.6.6
1,pkg-025067,3.7.7
1,pkg-025068,4.8.8
1,pkg-025069,5.9.9
1,pkg-025070,6.10.0
1,pkg-025071,7.11.1
1,pkg-025072,8.12.2
1,pkg-025073,9.13.3
1,pkg-025074,1.14.4
1,pkg-025075,2.15.5
1,pkg-025076,3.16.6
1,pkg-025077,4.17.7
1,pkg-025078,5.18.8
1,pkg-025079,6.19.9
1,pkg-025080,7.0.0
1,pkg-025081,8.1.1
1,pkg-025082,9.2.2
1,pkg-025083,1.3.3
1,pkg-025084,2.4.4
1,pkg-025085,3.5.5
1,pkg-025086,4.6.6
1,pkg-025087,5.7.7
1,pkg-025088,6.8.8
1,pkg-025089,7.9.9
1,pkg-025090,8.10.0
1,pkg-025091,9.11.1
1,pkg-025092,1.12.2
1,pkg-025093,2.13.3
1,pkg-025094,3.14.4
1,pkg-025095,4.15.5
1,pkg-025096,5.16.6
1,pkg-025097,6.17.7
1,pkg-025098,7.18.8
1,pkg-025099,8.19.9
1,pkg-025100,9.0.0
1,pkg-025101,1.1.1
1,pkg-025102,2.2.2
1,pkg-025103,3.3.3
1,pkg-025104,4.4.4
1,pkg-025105,5.5.5
1,pkg-025106,6.6.6
1,pkg-025107,7.7.7
1,pkg-025108,8.8.8
1,pkg-025109,9.9.9
1,pkg-025110,1.10.0
1,pkg-025111,2.11.1
1,pkg-025112,3.12.2
1,pkg-025113,4.13.3
1,pkg-025114,5.14.4
1,pkg-025115,6.15.5
1,pkg-025116,7.16.6
1,pkg-025117,8.17.7
1,pkg-025118,9.18.8
1,pkg-025119,1.19.9
1,pkg-025120,2.0.0
1,pkg-025121,3.1.1
1,pkg-025122,4.2.2
1,pkg-025123,5.3.3
1,pkg-025124,6.4.4
1,pkg-025125,7.5.5
1,pkg-025126,8.6.6
1,pkg-025127,9.7.7
1,pkg-025128,1.8.8
1,pkg-025129,2.9.9
1,pkg-025130,3.10.0
1,pkg-025131,4.11.1
1,pkg-025132,5.12.2
1,pkg-025133,6.13.3
1,pkg-025134,7.14.4
1,pkg-025135,8.15.5
1,pkg-025136,9.16.6
1,pkg-025137,1.17.7
1,pkg-025138,2.18.8
1,pkg-025139,3.19.9
1,pkg-025140,4.0.0
1,pkg-025141,5.1.1
1,pkg-025142,6.2.2
1,pkg-025143,7.3.3
1,pkg-025144,8.4.4
1,pkg-025145,9.5.5
1,pkg-025146,1.6.6
1,pkg-025147,2.7.7
1,pkg-025148,3.8.8
1,pkg-025149,4.9.9
1,pkg-025150,5.10.0
1,pkg-025151,6.11.1
1,pkg-025152,7.12.2
1,pkg-025153,8.13.3
1,pkg-025154,9.14.4
1,pkg-025155,1.15.5
1,pkg-025156,2.16.6
1,pkg-025157,3.17.7
1,pkg-025158,4.18.8
1,pkg-025159,5.19.9
1,pkg-025160,6.0.0
1,pkg-025161,7.1.1
1,pkg-025162,8.2.2
1,pkg-025163,9.3.3
1,pkg-025164,1.4.4
1,pkg-025165,2.5.5
1,pkg-025166,3.6.6
1,pkg-025167,4.7.7
1,pkg-025168,5.8.8
1,pkg-025169,6.9.9
1,pkg-025170,7.10.0
1,pkg-025171,8.11.1
1,pkg-025172,9.12.2
1,pkg-025173,1.13.3
1,pkg-025174,2.14.4
1,pkg-025175,3.15.5
1,pkg-025176,4.16.6
1,pkg-025177,5.17.7
1,pkg-025178,6.18.8
1,pkg-025179,7.19.9
1,pkg-025180,8.0.0
1,pkg-025181,9.1.1
1,pkg-025182,1.2.2
1,pkg-025183,2.3.3
1,pkg-025184,3.4.4
1,pkg-025185,4.5.5
1,pkg-025186,5.6.6
1,pkg-025187,6.7.7
1,pkg-025188,7.8.8
1,pkg-025189,8.9.9
1,pkg-025190,9.10.0
1,pkg-025191,1.11.1
1,pkg-025192,2.12.2
1,pkg-025193,3.13.3
1,pkg-025194,4.14.4
1,pkg-025195,5.15.5
1,pkg-025196,6.16.6
1,pkg-025197,7.17.7
1,pkg-025198,8.18.8
1,pkg-025199,9.19.9
1,pkg-025200,1.0.0
1,pkg-025201,2.1.1
1,pkg-025202,3.2.2
1,pkg-025203,4.3.3
1,pkg-025204,5.4.4
1,pkg-025205,6.5.5
1,pkg-025206,7.6.6
1,pkg-025207,8.7.7
1,pkg-025208,9.8.8
1,pkg-025209,1.9.9
1,pkg-025210,2.10.0
1,pkg-025211,3.11.1
1,pkg-025212,4.12.2
1,pkg-025213,5.13.3
1,pkg-025214,6.14.4
1,pkg-025215,7.15.5
1,pkg-025216,8.16.6
1,pkg-025217,9.17.7
1,pkg-025218,1.18.8
1,pkg-025219,2.19.9
1,pkg-025220,3.0.0
1,pkg-025221,4.1.1
1,pkg-025222,5.2.2
1,pkg-025223,6.3.3
1,pkg-025224,7.4.4
1,pkg-025225,8.5.5
1,pkg-025226,9.6.6
1,pkg-025227,1.7.7
1,pkg-025228,2.8.8
1,pkg-025229,3.9.9
1,pkg-025230,4.10.0
1,pkg-025231,5.11.1
1,pkg-025232,6.12.2
1,pkg-025233,7.13.3
1,pkg-025234,8.14.4
1,pkg-025235,9.15.5
1,pkg-025236,1.16.6
1,pkg-025237,2.17.7
1,pkg-025238,3.18.8
1,pkg-025239,4.19.9
1,pkg-025240,5.0.0
1,pkg-025241,6.1.1
1,pkg-025242,7.2.2
1,pkg-025243,8.3.3
1,pkg-025244,9.4.4
1,pkg-025245,1.5.5
1,pkg-025246,2.6.6
1,pkg-025247,3.7.7
1,pkg-025248,4.8.8
1,pkg-025249,5.9.9
1,pkg-025250,6.10.0
1,pkg-025251,7.11.1
1,pkg-025252,8.12.2
1,pkg-025253,9.13.3
1,pkg-025254,1.14.4
1,pkg-025255,2.15.5
1,pkg-025256,3.16.6
1,pkg-025257,4.17.7
1,pkg-025258,5.18.8
1,pkg-025259,6.19.9
1,pkg-025260,7.0.0
1,pkg-025261,8.1.1
1,pkg-025262,9.2.2
1,pkg-025263,1.3.3
1,pkg-025264,2.4.4
1,pkg-025265,3.5.5
1,pkg-025266,4.6.6
1,pkg-025267,5.7.7
1,pkg-025268,6.8.8
1,pkg-025269,7.9.9
1,pkg-025270,8.10.0
1,pkg-025271,9.11.1
1,pkg-025272,1.12.2
1,pkg-025273,2.13.3
1,pkg-025274,3.14.4
1,pkg-025275,4.15.5
1,pkg-025276,5.16.6
1,pkg-025277,6.17.7
1,pkg-025278,7.18.8
1,pkg-025279,8.19.9
1,pkg-025280,9.0.0
1,pkg-025281,1.1.1
1,pkg-025282,2.2.2
1,pkg-025283,3.3.3
1,pkg-025284,4.4.4
1,pkg-025285,5.5.5
1,pkg-025286,6.6.6
1,pkg-025287,7.7.7
1,pkg-025288,8.8.8
1,pkg-025289,9.9.9
1,pkg-025290,1.10.0
1,pkg-025291,2.11.1
1,pkg-025292,3.12.2
1,pkg-025293,4.13.3
1,pkg-025294,5.14.4
1,pkg-025295,6.15.5
1,pkg-025296,7.16.6
1,pkg-025297,8.17.7
1,pkg-025298,9.18.8
1,pkg-025299,1.19.9
1,pkg-025300,2.0.0
1,pkg-025301,3.1.1
1,pkg-025302,4.2.2
1,pkg-025303,5.3.3
1,pkg-025304,6.4.4
1,pkg-025305,7.5.5
1,pkg-025306,8.6.6
1,pkg-025307,9.7.7
1,pkg-025308,1.8.8
1,pkg-025309,2.9.9
1,pkg-025310,3.10.0
1,pkg-025311,4.11.1
1,pkg-025312,5.12.2
1,pkg-025313,6.13.3
1,pkg-025314,7.14.4
1,pkg-025315,8.15.5
1,pkg-025316,9.16.6
1,pkg-025317,1.17.7
1,pkg-025318,2.18.8
1,pkg-025319,3.19.9
1,pkg-025320,4.0.0
1,pkg-025321,5.1.1
1,pkg-025322,6.2.2
1,pkg-025323,7.3.3
1,pkg-025324,8.4.4
1,pkg-025325,9.5.5
1,pkg-025326,1.6.6
1,pkg-025327,2.7.7
1,pkg-025328,3.8.8
1,pkg-025329,4.9.9
1,pkg-025330,5.10.0
1,pkg-025331,6.11.1
1,pkg-025332,7.12.2
1,pkg-025333,8.13.3
1,pkg-025334,9.14.4
1,pkg-025335,1.15.5
1,pkg-025336,2.16.6
1,pkg-025337,3.17.7
1,pkg-025338,4.18.8
1,pkg-025339,5.19.9
1,pkg-025340,6.0.0
1,pkg-025341,7.1.1
1,pkg-025342,8.2.2
1,pkg-025343,9.3.3
1,pkg-025344,1.4.4
1,pkg-025345,2.5.5
1,pkg-025346,3.6.6
1,pkg-025347,4.7.7
1,pkg-025348,5.8.8
1,pkg-025349,6.9.9
1,pkg-025350,7.10.0
1,pkg-025351,8.11.1
1,pkg-025352,9.12.2
1,pkg-025353,1.13.3
1,pkg-025354,2.14.4
1,pkg-025355,3.15.5
1,pkg-025356,4.16.6
1,pkg-025357,5.17.7
1,pkg-025358,6.18.8
1,pkg-025359,7.19.9
1,pkg-025360,8.0.0
1,pkg-025361,9.1.1
1,pkg-025362,1.2.2
1,pkg-025363,2.3.3
1,pkg-025364,3.4.4
1,pkg-025365,4.5.5
1,pkg-025366,5.6.6
1,pkg-025367,6.7.7
1,pkg-025368,7.8.8
1,pkg-025369,8.9.9
1,pkg-025370,9.10.0
1,pkg-025371,1.11.1
1,pkg-025372,2.12.2
1,pkg-025373,3.13.3
1,pkg-025374,4.14.4
1,pkg-025375,5.15.5
1,pkg-025376,6.16.6
1,pkg-025377,7.17.7
1,pkg-025378,8.18.8
1,pkg-025379,9.19.9
1,pkg-025380,1.0.0
1,pkg-025381,2.1.1
1,pkg-025382,3.2.2
1,pkg-025383,4.3.3
1,pkg-025384,5.4.4
1,pkg-025385,6.5.5
1,pkg-025386,7.6.6
1,pkg-025387,8.7.7
1,pkg-025388,9.8.8
1,pkg-025389,1.9.9
1,pkg-025390,2.10.0
1,pkg-025391,3.11.1
1,pkg-025392,4.12.2
1,pkg-025393,5.13.3
1,pkg-025394,6.14.4
1,pkg-025395,7.15.5
1,pkg-025396,8.16.6
1,pkg-025397,9.17.7
1,pkg-025398,1.18.8
1,pkg-025399,2.19.9
1,pkg-025400,3.0.0
1,pkg-025401,4.1.1
1,pkg-025402,5.2.2
1,pkg-025403,6.3.3
1,pkg-025404,7.4.4
1,pkg-025405,8.5.5
1,pkg-025406,9.6.6
1,pkg-025407,1.7.7
1,pkg-025408,2.8.8
1,pkg-025409,3.9.9
1,pkg-025410,4.10.0
1,pkg-025411,5.11.1
1,pkg-025412,6.12.2
1,pkg-025413,7.13.3
1,pkg-025414,8.14.4
1,pkg-025415,9.15.5
1,pkg-025416,1.16.6
1,pkg-025417,2.17.7
1,pkg-025418,3.18.8
1,pkg-025419,4.19.9
1,pkg-025420,5.0.0
1,pkg-025421,6.1.1
1,pkg-025422,7.2.2
1,pkg-025423,8.3.3
1,pkg-025424,9.4.4
1,pkg-025425,1.5.5
1,pkg-025426,2.6.6
1,pkg-025427,3.7.7
1,pkg-025428,4.8.8
1,pkg-025429,5.9.9
1,pkg-025430,6.10.0
1,pkg-025431,7.11.1
1,pkg-025432,8.12.2
1,pkg-025433,9.13.3
1,pkg-025434,1.14.4
1,pkg-025435,2.15.5
1,pkg-025436,3.16.6
1,pkg-025437,4.17.7
1,pkg-025438,5.18.8
1,pkg-025439,6.19.9
1,pkg-025440,7.0.0
1,pkg-025441,8.1.1
1,pkg-025442,9.2.2
1,pkg-025443,1.3.3
1,pkg-025444,2.4.4
1,pkg-025445,3.5.5
1,pkg-025446,4.6.6
1,pkg-025447,5.7.7
1,pkg-025448,6.8.8
1,pkg-025449,7.9.9
1,pkg-025450,8.10.0
1,pkg-025451,9.11.1
1,pkg-025452,1.12.2
1,pkg-025453,2.13.3
1,pkg-025454,3.14.4
1,pkg-025455,4.15.5
1,pkg-025456,5.16.6
1,pkg-025457,6.17.7
1,pkg-025458,7.18.8
1,pkg-025459,8.19.9
1,pkg-025460,9.0.0
1,pkg-025461,1.1.1
1,pkg-025462,2.2.2
1,pkg-025463,3.3.3
1,pkg-025464,4.4.4
1,pkg-025465,5.5.5
1,pkg-025466,6.6.6
1,pkg-025467,7.7.7
1,pkg-025468,8.8.8
1,pkg-025469,9.9.9
1,pkg-025470,1.10.0
1,pkg-025471,2.11.1
1,pkg-025472,3.12.2
1,pkg-025473,4.13.3
1,pkg-025474,5.14.4
1,pkg-025475,6.15.5
1,pkg-025476,7.16.6
1,pkg-025477,8.17.7
1,pkg-025478,9.18.8
1,pkg-025479,1.19.9
1,pkg-025480,2.0.0
1,pkg-025481,3.1.1
1,pkg-025482,4.2.2
1,pkg-025483,5.3.3
1,pkg-025484,6.4.4
1,pkg-025485,7.5.5
1,pkg-025486,8.6.6
1,pkg-025487,9.7.7
1,pkg-025488,1.8.8
1,pkg-025489,2.9.9
1,pkg-025490,3.10.0
1,pkg-025491,4.11.1
1,pkg-025492,5.12.2
1,pkg-025493,6.13.3
1,pkg-025494,7.14.4
1,pkg-025495,8.15.5
1,pkg-025496,9.16.6
1,pkg-025497,1.17.7
1,pkg-025498,2.18.8
1,pkg-025499,3.19.9
1,pkg-025500,4.0.0
1,pkg-025501,5.1.1
1,pkg-025502,6.2.2
1,pkg-025503,7.3.3
1,pkg-025504,8.4.4
1,pkg-025505,9.5.5
1,pkg-025506,1.6.6
1,pkg-025507,2.7.7
1,pkg-025508,3.8.8
1,pkg-025509,4.9.9
1,pkg-025510,5.10.0
1,pkg-025511,6.11.1
1,pkg-025512,7.12.2
1,pkg-025513,8.13.3
1,pkg-025514,9.14.4
1,pkg-025515,1.15.5
1,pkg-025516,2.16.6
1,pkg-025517,3.17.7
1,pkg-025518,4.18.8
1,pkg-025519,5.19.9
1,pkg-025520,6.0.0
1,pkg-025521,7.1.1
1,pkg-025522,8.2.2
1,pkg-025523,9.3.3
1,pkg-025524,1.4.4
1,pkg-025525,2.5.5
1,pkg-025526,3.6.6
1,pkg-025527,4.7.7
1,pkg-025528,5.8.8
1,pkg-025529,6.9.9
1,pkg-025530,7.10.0
1,pkg-025531,8.11.1
1,pkg-025532,9.12.2
1,pkg-025533,1.13.3
1,pkg-025534,2.14.4
1,pkg-025535,3.15.5
1,pkg-025536,4.16.6
1,pkg-025537,5.17.7
1,pkg-025538,6.18.8
1,pkg-025539,7.19.9
1,pkg-025540,8.0.0
1,pkg-025541,9.1.1
1,pkg-025542,1.2.2
1,pkg-025543,2.3.3
1,pkg-025544,3.4.4
1,pkg-025545,4.5.5
1,pkg-025546,5.6.6
1,pkg-025547,6.7.7
1,pkg-025548,7.8.8
1,pkg-025549,8.9.9
1,pkg-025550,9.10.0
1,pkg-025551,1.11.1
1,pkg-025552,2.12.2
1,pkg-025553,3.13.3
1,pkg-025554,4.14.4
1,pkg-025555,5.15.5
1,pkg-025556,6.16.6
1,pkg-025557,7.17.7
1,pkg-025558,8.18.8
1,pkg-025559,9.19.9
1,pkg-025560,1.0.0
1,pkg-025561,2.1.1
1,pkg-025562,3.2.2
1,pkg-025563,4.3.3
1,pkg-025564,5.4.4
1,pkg-025565,6.5.5
1,pkg-025566,7.6.6
1,pkg-025567,8.7.7
1,pkg-025568,9.8.8
1,pkg-025569,1.9.9
1,pkg-025570,2.10.0
1,pkg-025571,3.11.1
1,pkg-025572,4.12.2
1,pkg-025573,5.13.3
1,pkg-025574,6.14.4
1,pkg-025575,7.15.5
1,pkg-025576,8.16.6
1,pkg-025577,9.17.7
1,pkg-025578,1.18.8
1,pkg-025579,2.19.9
1,pkg-025580,3.0.0
1,pkg-025581,4.1.1
1,pkg-025582,5.2.2
1,pkg-025583,6.3.3
1,pkg-025584,7.4.4
1,pkg-025585,8.5.5
1,pkg-025586,9.6.6
1,pkg-025587,1.7.7
1,pkg-025588,2.8.8
1,pkg-025589,3.9.9
1,pkg-025590,4.10.0
1,pkg-025591,5.11.1
1,pkg-025592,6.12.2
1,pkg-025593,7.13.3
1,pkg-025594,8.14.4
1,pkg-025595,9.15.5
1,pkg-025596,1.16.6
1,pkg-025597,2.17.7
1,pkg-025598,3.18.8
1,pkg-025599,4.19.9
1,pkg-025600,5.0.0
1,pkg-025601,6.1.1
1,pkg-025602,7.2.2
1,pkg-025603,8.3.3
1,pkg-025604,9.4.4
1,pkg-025605,1.5.5
1,pkg-025606,2.6.6
1,pkg-025607,3.7.7
1,pkg-025608,4.8.8
1,pkg-025609,5.9.9
1,pkg-025610,6.10.0
1,pkg-025611,7.11.1
1,pkg-025612,8.12.2
1,pkg-025613,9.13.3
1,pkg-025614,1.14.4
1,pkg-025615,2.15.5
1,pkg-025616,3.16.6
1,pkg-025617,4.17.7
1,pkg-025618,5.18.8
1,pkg-025619,6.19.9
1,pkg-025620,7.0.0
1,pkg-025621,8.1.1
1,pkg-025622,9.2.2
1,pkg-025623,1.3.3
1,pkg-025624,2.4.4
1,pkg-025625,3.5.5
1,pkg-025626,4.6.6
1,pkg-025627,5.7.7
1,pkg-025628,6.8.8
1,pkg-025629,7.9.9
1,pkg-025630,8.10.0
1,pkg-025631,9.11.1
1,pkg-025632,1.12.2
1,pkg-025633,2.13.3
1,pkg-025634,3.14.4
1,pkg-025635,4.15.5
1,pkg-025636,5.16.6
1,pkg-025637,6.17.7
1,pkg-025638,7.18.8
1,pkg-025639,8.19.9
1,pkg-025640,9.0.0
1,pkg-025641,1.1.1
1,pkg-025642,2.2.2
1,pkg-025643,3.3.3
1,pkg-025644,4.4.4
1,pkg-025645,5.5.5
1,pkg-025646,6.6.6
1,pkg-025647,7.7.7
1,pkg-025648,8.8.8
1,pkg-025649,9.9.9
1,pkg-025650,1.10.0
1,pkg-025651,2.11.1
1,pkg-025652,3.12.2
1,pkg-025653,4.13.3
1,pkg-025654,5.14.4
1,pkg-025655,6.15.5
1,pkg-025656,7.16.6
1,pkg-025657,8.17.7
1,pkg-025658,9.18.8
1,pkg-025659,1.19.9
1,pkg-025660,2.0.0
1,pkg-025661,3.1.1
1,pkg-025662,4.2.2
1,pkg-025663,5.3.3
1,pkg-025664,6.4.4
1,pkg-025665,7.5.5
1,pkg-025666,8.6.6
1,pkg-025667,9.7.7
1,pkg-025668,1.8.8
1,pkg-025669,2.9.9
1,pkg-025670,3.10.0
1,pkg-025671,4.11.1
1,pkg-025672,5.12.2
1,pkg-025673,6.13.3
1,pkg-025674,7.14.4
1,pkg-025675,8.15.5
1,pkg-025676,9.16.6
1,pkg-025677,1.17.7
1,pkg-025678,2.18.8
1,pkg-025679,3.19.9
1,pkg-025680,4.0.0
1,pkg-025681,5.1.1
1,pkg-025682,6.2.2
1,pkg-025683,7.3.3
1,pkg-025684,8.4.4
1,pkg-025685,9.5.5
1,pkg-025686,1.6.6
1,pkg-025687,2.7.7
1,pkg-025688,3.8.8
1,pkg-025689,4.9.9
1,pkg-025690,5.10.0
1,pkg-025691,6.11.1
1,pkg-025692,7.12.2
1,pkg-025693,8.13.3
1,pkg-025694,9.14.4
1,pkg-025695,1.15.5
1,pkg-025696,2.16.6
1,pkg-025697,3.17.7
1,pkg-025698,4.18.8
1,pkg-025699,5.19.9
1,pkg-025700,6.0.0
1,pkg-025701,7.1.1
1,pkg-025702,8.2.2
1,pkg-025703,9.3.3
1,pkg-025704,1.4.4
1,pkg-025705,2.5.5
1,pkg-025706,3.6.6
1,pkg-025707,4.7.7
1,pkg-025708,5.8.8
1,pkg-025709,6.9.9
1,pkg-025710,7.10.0
1,pkg-025711,8.11.1
1,pkg-025712,9.12.2
1,pkg-025713,1.13.3
1,pkg-025714,2.14.4
1,pkg-025715,3.15.5
1,pkg-025716,4.16.6
1,pkg-025717,5.17.7
1,pkg-025718,6.18.8
1,pkg-025719,7.19.9
1,pkg-025720,8.0.0
1,pkg-025721,9.1.1
1,pkg-025722,1.2.2
1,pkg-025723,2.3.3
1,pkg-025724,3.4.4
1,pkg-025725,4.5.5
1,pkg-025726,5.6.6
1,pkg-025727,6.7.7
1,pkg-025728,7.8.8
1,pkg-025729,8.9.9
1,pkg-025730,9.10.0
1,pkg-025731,1.11.1
1,pkg-025732,2.12.2
1,pkg-025733,3.13.3
1,pkg-025734,4.14.4
1,pkg-025735,5.15.5
1,pkg-025736,6.16.6
1,pkg-025737,7.17.7
1,pkg-025738,8.18.8
1,pkg-025739,9.19.9
1,pkg-025740,1.0.0
1,pkg-025741,2.1.1
1,pkg-025742,3.2.2
1,pkg-025743,4.3.3
1,pkg-025744,5.4.4
1,pkg-025745,6.5.5
1,pkg-025746,7.6.6
1,pkg-025747,8.7.7
1,pkg-025748,9.8.8
1,pkg-025749,1.9.9
1,pkg-025750,2.10.0
1,pkg-025751,3.11.1
1,pkg-025752,4.12.2
1,pkg-025753,5.13.3
1,pkg-025754,6.14.4
1,pkg-025755,7.15.5
1,pkg-025756,8.16.6
1,pkg-025757,9.17.7
1,pkg-025758,1.18.8
1,pkg-025759,2.19.9
1,pkg-025760,3.0.0
1,pkg-025761,4.1.1
1,pkg-025762,5.2.2
1,pkg-025763,6.3.3
1,pkg-025764,7.4.4
1,pkg-025765,8.5.5
1,pkg-025766,9.6.6
1,pkg-025767,1.7.7
1,pkg-025768,2.8.8
1,pkg-025769,3.9.9
1,pkg-025770,4.10.0
1,pkg-025771,5.11.1
1,pkg-025772,6.12.2
1,pkg-025773,7.13.3
1,pkg-025774,8.14.4
1,pkg-025775,9.15.5
1,pkg-025776,1.16.6
1,pkg-025777,2.17.7
1,pkg-025778,3.18.8
1,pkg-025779,4.19.9
1,pkg-025780,5.0.0
1,pkg-025781,6.1.1
1,pkg-025782,7.2.2
1,pkg-025783,8.3.3
1,pkg-025784,9.4.4
1,pkg-025785,1.5.5
1,pkg-025786,2.6.6
1,pkg-025787,3.7.7
1,pkg-025788,4.8.8
1,pkg-025789,5.9.9
1,pkg-025790,6.10.0
1,pkg-025791,7.11.1
1,pkg-025792,8.12.2
1,pkg-025793,9.13.3
1,pkg-025794,1.14.4
1,pkg-025795,2.15.5
1,pkg-025796,3.16.6
1,pkg-025797,4.17.7
1,pkg-025798,5.18.8
1,pkg-025799,6.19.9
1,pkg-025800,7.0.0
1,pkg-025801,8.1.1
1,pkg-025802,9.2.2
1,pkg-025803,1.3.3
1,pkg-025804,2.4.4
1,pkg-025805,3.5.5
1,pkg-025806,4.6.6
1,pkg-025807,5.7.7
1,pkg-025808,6.8.8
1,pkg-025809,7.9.9
1,pkg-025810,8.10.0
1,pkg-025811,9.11.1
1,pkg-025812,1.12.2
1,pkg-025813,2.13.3
1,pkg-025814,3.14.4
1,pkg-025815,4.15.5
1,pkg-025816,5.16.6
1,pkg-025817,6.17.7
1,pkg-025818,7.18.8
1,pkg-025819,8.19.9
1,pkg-025820,9.0.0
1,pkg-025821,1.1.1
1,pkg-025822,2.2.2
1,pkg-025823,3.3.3
1,pkg-025824,4.4.4
1,pkg-025825,5.5.5
1,pkg-025826,6.6.6
1,pkg-025827,7.7.7
1,pkg-025828,8.8.8
1,pkg-025829,9.9.9
1,pkg-025830,1.10.0
1,pkg-025831,2.11.1
1,pkg-025832,3.12.2
1,pkg-025833,4.13.3
1,pkg-025834,5.14.4
1,pkg-025835,6.15.5
1,pkg-025836,7.16.6
1,pkg-025837,8.17.7
1,pkg-025838,9.18.8
1,pkg-025839,1.19.9
1,pkg-025840,2.0.0
1,pkg-025841,3.1.1
1,pkg-025842,4.2.2
1,pkg-025843,5.3.3
1,pkg-025844,6.4.4
1,pkg-025845,7.5.5
1,pkg-025846,8.6.6
1,pkg-025847,9.7.7
1,pkg-025848,1.8.8
1,pkg-025849,2.9.9
1,pkg-025850,3.10.0
1,pkg-025851,4.11.1
1,pkg-025852,5.12.2
1,pkg-025853,6.13.3
1,pkg-025854,7.14.4
1,pkg-025855,8.15.5
1,pkg-025856,9.16.6
1,pkg-025857,1.17.7
1,pkg-025858,2.18.8
1,pkg-025859,3.19.9
1,pkg-025860,4.0.0
1,pkg-025861,5.1.1
1,pkg-025862,6.2.2
1,pkg-025863,7.3.3
1,pkg-025864,8.4.4
1,pkg-025865,9.5.5
1,pkg-025866,1.6.6
1,pkg-025867,2.7.7
1,pkg-025868,3.8.8
1,pkg-025869,4.9.9
1,pkg-025870,5.10.0
1,pkg-025871,6.11.1
1,pkg-025872,7.12.2
1,pkg-025873,8.13.3
1,pkg-025874,9.14.4
1,pkg-025875,1.15.5
1,pkg-025876,2.16.6
1,pkg-025877,3.17.7
1,pkg-025878,4.18.8
1,pkg-025879,5.19.9
1,pkg-025880,6.0.0
1,pkg-025881,7.1.1
1,pkg-025882,8.2.2
1,pkg-025883,9.3.3
1,pkg-025884,1.4.4
1,pkg-025885,2.5.5
1,pkg-025886,3.6.6
1,pkg-025887,4.7.7
1,pkg-025888,5.8.8
1,pkg-025889,6.9.9
1,pkg-025890,7.10.0
1,pkg-025891,8.11.1
1,pkg-025892,9.12.2
1,pkg-025893,1.13.3
1,pkg-025894,2.14.4
1,pkg-025895,3.15.5
1,pkg-025896,4.16.6
1,pkg-025897,5.17.7
1,pkg-025898,6.18.8
1,pkg-025899,7.19.9
1,pkg-025900,8.0.0
1,pkg-025901,9.1.1
1,pkg-025902,1.2.2
1,pkg-025903,2.3.3
1,pkg-025904,3.4.4
1,pkg-025905,4.5.5
1,pkg-025906,5.6.6
1,pkg-025907,6.7.7
1,pkg-025908,7.8.8
1,pkg-025909,8.9.9
1,pkg-025910,9.10.0
1,pkg-025911,1.11.1
1,pkg-025912,2.12.2
1,pkg-025913,3.13.3
1,pkg-025914,4.14.4
1,pkg-025915,5.15.5
1,pkg-025916,6.16.6
1,pkg-025917,7.17.7
1,pkg-025918,8.18.8
1,pkg-025919,9.19.9
1,pkg-025920,1.0.0
1,pkg-025921,2.1.1
1,pkg-025922,3.2.2
1,pkg-025923,4.3.3
1,pkg-025924,5.4.4
1,pkg-025925,6.5.5
1,pkg-025926,7.6.6
1,pkg-025927,8.7.7
1,pkg-025928,9.8.8
1,pkg-025929,1.9.9
1,pkg-025930,2.10.0
1,pkg-025931,3.11.1
1,pkg-025932,4.12.2
1,pkg-025933,5.13.3
1,pkg-025934,6.14.4
1,pkg-025935,7.15.5
1,pkg-025936,8.16.6
1,pkg-025937,9.17.7
1,pkg-025938,1.18.8
1,pkg-025939,2.19.9
1,pkg-025940,3.0.0
1,pkg-025941,4.1.1
1,pkg-025942,5.2.2
1,pkg-025943,6.3.3
1,pkg-025944,7.4.4
1,pkg-025945,8.5.5
1,pkg-025946,9.6.6
1,pkg-025947,1.7.7
1,pkg-025948,2.8.8
1,pkg-025949,3.9.9
1,pkg-025950,4.10.0
1,pkg-025951,5.11.1
1,pkg-025952,6.12.2
1,pkg-025953,7.13.3
1,pkg-025954,8.14.4
1,pkg-025955,9.15.5
1,pkg-025956,1.16.6
1,pkg-025957,2.17.7
1,pkg-025958,3.18.8
1,pkg-025959,4.19.9
1,pkg-025960,5.0.0
1,pkg-025961,6.1.1
1,pkg-025962,7.2.2
1,pkg-025963,8.3.3
1,pkg-025964,9.4.4
1,pkg-025965,1.5.5
1,pkg-025966,2.6.6
1,pkg-025967,3.7.7
1,pkg-025968,4.8.8
1,pkg-025969,5.9.9
1,pkg-025970,6.10.0
1,pkg-025971,7.11.1
1,pkg-025972,8.12.2
1,pkg-025973,9.13.3
1,pkg-025974,1.14.4
1,pkg-025975,2.15.5
1,pkg-025976,3.16.6
1,pkg-025977,4.17.7
1,pkg-025978,5.18.8
1,pkg-025979,6.19.9
1,pkg-025980,7.0.0
1,pkg-025981,8.1.1
1,pkg-025982,9.2.2
1,pkg-025983,1.3.3
1,pkg-025984,2.4.4
1,pkg-025985,3.5.5
1,pkg-025986,4.6.6
1,pkg-025987,5.7.7
1,pkg-025988,6.8.8
1,pkg-025989,7.9.9
1,pkg-025990,8.10.0
1,pkg-025991,9.11.1
1,pkg-025992,1.12.2
1,pkg-025993,2.13.3
1,pkg-025994,3.14.4
1,pkg-025995,4.15.5
1,pkg-025996,5.16.6
1,pkg-025997,6.17.7
1,pkg-025998,7.18.8
1,pkg-025999,8.19.9
1,pkg-026000,9.0.0
1,pkg-026001,1.1.1
1,pkg-026002,2.2.2
1,pkg-026003,3.3.3
1,pkg-026004,4.4.4
1,pkg-026005,5.5.5
1,pkg-026006,6.6.6
1,pkg-026007,7.7.7
1,pkg-026008,8.8.8
1,pkg-026009,9.9.9
1,pkg-026010,1.10.0
1,pkg-026011,2.11.1
1,pkg-026012,3.12.2
1,pkg-026013,4.13.3
1,pkg-026014,5.14.4
1,pkg-026015,6.15.5
1,pkg-026016,7.16.6
1,pkg-026017,8.17.7
1,pkg-026018,9.18.8
1,pkg-026019,1.19.9
1,pkg-026020,2.0.0
1,pkg-026021,3.1.1
1,pkg-026022,4.2.2
1,pkg-026023,5.3.3
1,pkg-026024,6.4.4
1,pkg-026025,7.5.5
1,pkg-026026,8.6.6
1,pkg-026027,9.7.7
1,pkg-026028,1.8.8
1,pkg-026029,2.9.9
1,pkg-026030,3.10.0
1,pkg-026031,4.11.1
1,pkg-026032,5.12.2
1,pkg-026033,6.13.3
1,pkg-026034,7.14.4
1,pkg-026035,8.15.5
1,pkg-026036,9.16.6
1,pkg-026037,1.17.7
1,pkg-026038,2.18.8
1,pkg-026039,3.19.9
1,pkg-026040,4.0.0
1,pkg-026041,5.1.1
1,pkg-026042,6.2.2
1,pkg-026043,7.3.3
1,pkg-026044,8.4.4
1,pkg-026045,9.5.5
1,pkg-026046,1.6.6
1,pkg-026047,2.7.7
1,pkg-026048,3.8.8
1,pkg-026049,4.9.9
1,pkg-026050,5.10.0
1,pkg-026051,6.11.1
1,pkg-026052,7.12.2
1,pkg-026053,8.13.3
1,pkg-026054,9.14.4
1,pkg-026055,1.15.5
1,pkg-026056,2.16.6
1,pkg-026057,3.17.7
1,pkg-026058,4.18.8
1,pkg-026059,5.19.9
1,pkg-026060,6.0.0
1,pkg-026061,7.1.1
1,pkg-026062,8.2.2
1,pkg-026063,9.3.3
1,pkg-026064,1.4.4
1,pkg-026065,2.5.5
1,pkg-026066,3.6.6
1,pkg-026067,4.7.7
1,pkg-026068,5.8.8
1,pkg-026069,6.9.9
1,pkg-026070,7.10.0
1,pkg-026071,8.11.1
1,pkg-026072,9.12.2
1,pkg-026073,1.13.3
1,pkg-026074,2.14.4
1,pkg-026075,3.15.5
1,pkg-026076,4.16.6
1,pkg-026077,5.17.7
1,pkg-026078,6.18.8
1,pkg-026079,7.19.9
1,pkg-026080,8.0.0
1,pkg-026081,9.1.1
1,pkg-026082,1.2.2
1,pkg-026083,2.3.3
1,pkg-026084,3.4.4
1,pkg-026085,4.5.5
1,pkg-026086,5.6.6
1,pkg-026087,6.7.7
1,pkg-026088,7.8.8
1,pkg-026089,8.9.9
1,pkg-026090,9.10.0
1,pkg-026091,1.11.1
1,pkg-026092,2.12.2
1,pkg-026093,3.13.3
1,pkg-026094,4.14.4
1,pkg-026095,5.15.5
1,pkg-026096,6.16.6
1,pkg-026097,7.17.7
1,pkg-026098,8.18.8
1,pkg-026099,9.19.9
1,pkg-026100,1.0.0
1,pkg-026101,2.1.1
1,pkg-026102,3.2.2
1,pkg-026103,4.3.3
1,pkg-026104,5.4.4
1,pkg-026105,6.5.5
1,pkg-026106,7.6.6
1,pkg-026107,8.7.7
1,pkg-026108,9.8.8
1,pkg-026109,1.9.9
1,pkg-026110,2.10.0
1,pkg-026111,3.11.1
1,pkg-026112,4.12.2
1,pkg-026113,5.13.3
1,pkg-026114,6.14.4
1,pkg-026115,7.15.5
1,pkg-026116,8.16.6
1,pkg-026117,9.17.7
1,pkg-026118,1.18.8
1,pkg-026119,2.19.9
1,pkg-026120,3.0.0
1,pkg-026121,4.1.1
1,pkg-026122,5.2.2
1,pkg-026123,6.3.3
1,pkg-026124,7.4.4
1,pkg-026125,8.5.5
1,pkg-026126,9.6.6
1,pkg-026127,1.7.7
1,pkg-026128,2.8.8
1,pkg-026129,3.9.9
1,pkg-026130,4.10.0
1,pkg-026131,5.11.1
1,pkg-026132,6.12.2
1,pkg-026133,7.13.3
1,pkg-026134,8.14.4
1,pkg-026135,9.15.5
1,pkg-026136,1.16.6
1,pkg-026137,2.17.7
1,pkg-026138,3.18.8
1,pkg-026139,4.19.9
1,pkg-026140,5.0.0
1,pkg-026141,6.1.1
1,pkg-026142,7.2.2
1,pkg-026143,8.3.3
1,pkg-026144,9.4.4
1,pkg-026145,1.5.5
1,pkg-026146,2.6.6
1,pkg-026147,3.7.7
1,pkg-026148,4.8.8
1,pkg-026149,5.9.9
1,pkg-026150,6.10.0
1,pkg-026151,7.11.1
1,pkg-026152,8.12.2
1,pkg-026153,9.13.3
1,pkg-026154,1.14.4
1,pkg-026155,2.15.5
1,pkg-026156,3.16.6
1,pkg-026157,4.17.7
1,pkg-026158,5.18.8
1,pkg-026159,6.19.9
1,pkg-026160,7.0.0
1,pkg-026161,8.1.1
1,pkg-026162,9.2.2
1,pkg-026163,1.3.3
1,pkg-026164,2.4.4
1,pkg-026165,3.5.5
1,pkg-026166,4.6.6
1,pkg-026167,5.7.7
1,pkg-026168,6.8.8
1,pkg-026169,7.9.9
1,pkg-026170,8.10.0
1,pkg-026171,9.11.1
1,pkg-026172,1.12.2
1,pkg-026173,2.13.3
1,pkg-026174,3.14.4
1,pkg-026175,4.15.5
1,pkg-026176,5.16.6
1,pkg-026177,6.17.7
1,pkg-026178,7.18.8
1,pkg-026179,8.19.9
1,pkg-026180,9.0.0
1,pkg-026181,1.1.1
1,pkg-026182,2.2.2
1,pkg-026183,3.3.3
1,pkg-026184,4.4.4
1,pkg-026185,5.5.5
1,pkg-026186,6.6.6
1,pkg-026187,7.7.7
1,pkg-026188,8.8.8
1,pkg-026189,9.9.9
1,pkg-026190,1.10.0
1,pkg-026191,2.11.1
1,pkg-026192,3.12.2
1,pkg-026193,4.13.3
1,pkg-026194,5.14.4
1,pkg-026195,6.15.5
1,pkg-026196,7.16.6
1,pkg-026197,8.17.7
1,pkg-026198,9.18.8
1,pkg-026199,1.19.9
1,pkg-026200,2.0.0
1,pkg-026201,3.1.1
1,pkg-026202,4.2.2
1,pkg-026203,5.3.3
1,pkg-026204,6.4.4
1,pkg-026205,7.5.5
1,pkg-026206,8.6.6
1,pkg-026207,9.7.7
1,pkg-026208,1.8.8
1,pkg-026209,2.9.9
1,pkg-026210,3.10.0
1,pkg-026211,4.11.1
1,pkg-026212,5.12.2
1,pkg-026213,6.13.3
1,pkg-026214,7.14.4
1,pkg-026215,8.15.5
1,pkg-026216,9.16.6
1,pkg-026217,1.17.7
1,pkg-026218,2.18.8
1,pkg-026219,3.19.9
1,pkg-026220,4.0.0
1,pkg-026221,5.1.1
1,pkg-026222,6.2.2
1,pkg-026223,7.3.3
1,pkg-026224,8.4.4
1,pkg-026225,9.5.5
1,pkg-026226,1.6.6
1,pkg-026227,2.7.7
1,pkg-026228,3.8.8
1,pkg-026229,4.9.9
1,pkg-026230,5.10.0
1,pkg-026231,6.11.1
1,pkg-026232,7.12.2
1,pkg-026233,8.13.3
1,pkg-026234,9.14.4
1,pkg-026235,1.15.5
1,pkg-026236,2.16.6
1,pkg-026237,3.17.7
1,pkg-026238,4.18.8
1,pkg-026239,5.19.9
1,pkg-026240,6.0.0
1,pkg-026241,7.1.1
1,pkg-026242,8.2.2
1,pkg-026243,9.3.3
1,pkg-026244,1.4.4
1,pkg-026245,2.5.5
1,pkg-026246,3.6.6
1,pkg-026247,4.7.7
1,pkg-026248,5.8.8
1,pkg-026249,6.9.9
1,pkg-026250,7.10.0
1,pkg-026251,8.11.1
1,pkg-026252,9.12.2
1,pkg-026253,1.13.3
1,pkg-026254,2.14.4
1,pkg-026255,3.15.5
1,pkg-026256,4.16.6
1,pkg-026257,5.17.7
1,pkg-026258,6.18.8
1,pkg-026259,7.19.9
1,pkg-026260,8.0.0
1,pkg-026261,9.1.1
1,pkg-026262,1.2.2
1,pkg-026263,2.3.3
1,pkg-026264,3.4.4
1,pkg-026265,4.5.5
1,pkg-026266,5.6.6
1,pkg-026267,6.7.7
1,pkg-026268,7.8.8
1,pkg-026269,8.9.9
1,pkg-026270,9.10.0
1,pkg-026271,1.11.1
1,pkg-026272,2.12.2
1,pkg-026273,3.13.3
1,pkg-026274,4.14.4
1,pkg-026275,5.15.5
1,pkg-026276,6.16.6
1,pkg-026277,7.17.7
1,pkg-026278,8.18.8
1,pkg-026279,9.19.9
1,pkg-026280,1.0.0
1,pkg-026281,2.1.1
1,pkg-026282,3.2.2
1,pkg-026283,4.3.3
1,pkg-026284,5.4.4
1,pkg-026285,6.5.5
1,pkg-026286,7.6.6
1,pkg-026287,8.7.7
1,pkg-026288,9.8.8
1,pkg-026289,1.9.9
1,pkg-026290,2.10.0
1,pkg-026291,3.11.1
1,pkg-026292,4.12.2
1,pkg-026293,5.13.3
1,pkg-026294,6.14.4
1,pkg-026295,7.15.5
1,pkg-026296,8.16.6
1,pkg-026297,9.17.7
1,pkg-026298,1.18.8
1,pkg-026299,2.19.9
1,pkg-026300,3.0.0
1,pkg-026301,4.1.1
1,pkg-026302,5.2.2
1,pkg-026303,6.3.3
1,pkg-026304,7.4.4
1,pkg-026305,8.5.5
1,pkg-026306,9.6.6
1,pkg-026307,1.7.7
1,pkg-026308,2.8.8
1,pkg-026309,3.9.9
1,pkg-026310,4.10.0
1,pkg-026311,5.11.1
1,pkg-026312,6.12.2
1,pkg-026313,7.13.3
1,pkg-026314,8.14.4
1,pkg-026315,9.15.5
1,pkg-026316,1.16.6
1,pkg-026317,2.17.7
1,pkg-026318,3.18.8
1,pkg-026319,4.19.9
1,pkg-026320,5.0.0
1,pkg-026321,6.1.1
1,pkg-026322,7.2.2
1,pkg-026323,8.3.3
1,pkg-026324,9.4.4
1,pkg-026325,1.5.5
1,pkg-026326,2.6.6
1,pkg-026327,3.7.7
1,pkg-026328,4.8.8
1,pkg-026329,5.9.9
1,pkg-026330,6.10.0
1,pkg-026331,7.11.1
1,pkg-026332,8.12.2
1,pkg-026333,9.13.3
1,pkg-026334,1.14.4
1,pkg-026335,2.15.5
1,pkg-026336,3.16.6
1,pkg-026337,4.17.7
1,pkg-026338,5.18.8
1,pkg-026339,6.19.9
1,pkg-026340,7.0.0
1,pkg-026341,8.1.1
1,pkg-026342,9.2.2
1,pkg-026343,1.3.3
1,pkg-026344,2.4.4
1,pkg-026345,3.5.5
1,pkg-026346,4.6.6
1,pkg-026347,5.7.7
1,pkg-026348,6.8.8
1,pkg-026349,7.9.9
1,pkg-026350,8.10.0
1,pkg-026351,9.11.1
1,pkg-026352,1.12.2
1,pkg-026353,2.13.3
1,pkg-026354,3.14.4
1,pkg-026355,4.15.5
1,pkg-026356,5.16.6
1,pkg-026357,6.17.7
1,pkg-026358,7.18.8
1,pkg-026359,8.19.9
1,pkg-026360,9.0.0
1,pkg-026361,1.1.1
1,pkg-026362,2.2.2
1,pkg-026363,3.3.3
1,pkg-026364,4.4.4
1,pkg-026365,5.5.5
1,pkg-026366,6.6.6
1,pkg-026367,7.7.7
1,pkg-026368,8.8.8
1,pkg-026369,9.9.9
1,pkg-026370,1.10.0
1,pkg-026371,2.11.1
1,pkg-026372,3.12.2
1,pkg-026373,4.13.3
1,pkg-026374,5.14.4
1,pkg-026375,6.15.5
1,pkg-026376,7.16.6
1,pkg-026377,8.17.7
1,pkg-026378,9.18.8
1,pkg-026379,1.19.9
1,pkg-026380,2.0.0
1,pkg-026381,3.1.1
1,pkg-026382,4.2.2
1,pkg-026383,5.3.3
1,pkg-026384,6.4.4
1,pkg-026385,7.5.5
1,pkg-026386,8.6.6
1,pkg-026387,9.7.7
1,pkg-026388,1.8.8
1,pkg-026389,2.9.9
1,pkg-026390,3.10.0
1,pkg-026391,4.11.1
1,pkg-026392,5.12.2
1,pkg-026393,6.13.3
1,pkg-026394,7.14.4
1,pkg-026395,8.15.5
1,pkg-026396,9.16.6
1,pkg-026397,1.17.7
1,pkg-026398,2.18.8
1,pkg-026399,3.19.9
1,pkg-026400,4.0.0
1,pkg-026401,5.1.1
1,pkg-026402,6.2.2
1,pkg-026403,7.3.3
1,pkg-026404,8.4.4
1,pkg-026405,9.5.5
1,pkg-026406,1.6.6
1,pkg-026407,2.7.7
1,pkg-026408,3.8.8
1,pkg-026409,4.9.9
1,pkg-026410,5.10.0
1,pkg-026411,6.11.1
1,pkg-026412,7.12.2
1,pkg-026413,8.13.3
1,pkg-026414,9.14.4
1,pkg-026415,1.15.5
1,pkg-026416,2.16.6
1,pkg-026417,3.17.7
1,pkg-026418,4.18.8
1,pkg-026419,5.19.9
1,pkg-026420,6.0.0
1,pkg-026421,7.1.1
1,pkg-026422,8.2.2
1,pkg-026423,9.3.3
1,pkg-026424,1.4.4
1,pkg-026425,2.5.5
1,pkg-026426,3.6.6
1,pkg-026427,4.7.7
1,pkg-026428,5.8.8
1,pkg-026429,6.9.9
1,pkg-026430,7.10.0
1,pkg-026431,8.11.1
1,pkg-026432,9.12.2
1,pkg-026433,1.13.3
1,pkg-026434,2.14.4
1,pkg-026435,3.15.5
1,pkg-026436,4.16.6
1,pkg-026437,5.17.7
1,pkg-026438,6.18.8
1,pkg-026439,7.19.9
1,pkg-026440,8.0.0
1,pkg-026441,9.1.1
1,pkg-026442,1.2.2
1,pkg-026443,2.3.3
1,pkg-026444,3.4.4
1,pkg-026445,4.5.5
1,pkg-026446,5.6.6
1,pkg-026447,6.7.7
1,pkg-026448,7.8.8
1,pkg-026449,8.9.9
1,pkg-026450,9.10.0
1,pkg-026451,1.11.1
1,pkg-026452,2.12.2
1,pkg-026453,3.13.3
1,pkg-026454,4.14.4
1,pkg-026455,5.15.5
1,pkg-026456,6.16.6
1,pkg-026457,7.17.7
1,pkg-026458,8.18.8
1,pkg-026459,9.19.9
1,pkg-026460,1.0.0
1,pkg-026461,2.1.1
1,pkg-026462,3.2.2
1,pkg-026463,4.3.3
1,pkg-026464,5.4.4
1,pkg-026465,6.5.5
1,pkg-026466,7.6.6
1,pkg-026467,8.7.7
1,pkg-026468,9.8.8
1,pkg-026469,1.9.9
1,pkg-026470,2.10.0
1,pkg-026471,3.11.1
1,pkg-026472,4.12.2
1,pkg-026473,5.13.3
1,pkg-026474,6.14.4
1,pkg-026475,7.15.5
1,pkg-026476,8.16.6
1,pkg-026477,9.17.7
1,pkg-026478,1.18.8
1,pkg-026479,2.19.9
1,pkg-026480,3.0.0
1,pkg-026481,4.1.1
1,pkg-026482,5.2.2
1,pkg-026483,6.3.3
1,pkg-026484,7.4.4
1,pkg-026485,8.5.5
1,pkg-026486,9.6.6
1,pkg-026487,1.7.7
1,pkg-026488,2.8.8
1,pkg-026489,3.9.9
1,pkg-026490,4.10.0
1,pkg-026491,5.11.1
1,pkg-026492,6.12.2
1,pkg-026493,7.13.3
1,pkg-026494,8.14.4
1,pkg-026495,9.15.5
1,pkg-026496,1.16.6
1,pkg-026497,2.17.7
1,pkg-026498,3.18.8
1,pkg-026499,4.19.9
1,pkg-026500,5.0.0
1,pkg-026501,6.1.1
1,pkg-026502,7.2.2
1,pkg-026503,8.3.3
1,pkg-026504,9.4.4
1,pkg-026505,1.5.5
1,pkg-026506,2.6.6
1,pkg-026507,3.7.7
1,pkg-026508,4.8.8
1,pkg-026509,5.9.9
1,pkg-026510,6.10.0
1,pkg-026511,7.11.1
1,pkg-026512,8.12.2
1,pkg-026513,9.13.3
1,pkg-026514,1.14.4
1,pkg-026515,2.15.5
1,pkg-026516,3.16.6
1,pkg-026517,4.17.7
1,pkg-026518,5.18.8
1,pkg-026519,6.19.9
1,pkg-026520,7.0.0
1,pkg-026521,8.1.1
1,pkg-026522,9.2.2
1,pkg-026523,1.3.3
1,pkg-026524,2.4.4
1,pkg-026525,3.5.5
1,pkg-026526,4.6.6
1,pkg-026527,5.7.7
1,pkg-026528,6.8.8
1,pkg-026529,7.9.9
1,pkg-026530,8.10.0
1,pkg-026531,9.11.1
1,pkg-026532,1.12.2
1,pkg-026533,2.13.3
1,pkg-026534,3.14.4
1,pkg-026535,4.15.5
1,pkg-026536,5.16.6
1,pkg-026537,6.17.7
1,pkg-026538,7.18.8
1,pkg-026539,8.19.9
1,pkg-026540,9.0.0
1,pkg-026541,1.1.1
1,pkg-026542,2.2.2
1,pkg-026543,3.3.3
1,pkg-026544,4.4.4
1,pkg-026545,5.5.5
1,pkg-026546,6.6.6
1,pkg-026547,7.7.7
1,pkg-026548,8.8.8
1,pkg-026549,9.9.9
1,pkg-026550,1.10.0
1,pkg-026551,2.11.1
1,pkg-026552,3.12.2
1,pkg-026553,4.13.3
1,pkg-026554,5.14.4
1,pkg-026555,6.15.5
1,pkg-026556,7.16.6
1,pkg-026557,8.17.7
1,pkg-026558,9.18.8
1,pkg-026559,1.19.9
1,pkg-026560,2.0.0
1,pkg-026561,3.1.1
1,pkg-026562,4.2.2
1,pkg-026563,5.3.3
1,pkg-026564,6.4.4
1,pkg-026565,7.5.5
1,pkg-026566,8.6.6
1,pkg-026567,9.7.7
1,pkg-026568,1.8.8
1,pkg-026569,2.9.9
1,pkg-026570,3.10.0
1,pkg-026571,4.11.1
1,pkg-026572,5.12.2
1,pkg-026573,6.13.3
1,pkg-026574,7.14.4
1,pkg-026575,8.15.5
1,pkg-026576,9.16.6
1,pkg-026577,1.17.7
1,pkg-026578,2.18.8
1,pkg-026579,3.19.9
1,pkg-026580,4.0.0
1,pkg-026581,5.1.1
1,pkg-026582,6.2.2
1,pkg-026583,7.3.3
1,pkg-026584,8.4.4
1,pkg-026585,9.5.5
1,pkg-026586,1.6.6
1,pkg-026587,2.7.7
1,pkg-026588,3.8.8
1,pkg-026589,4.9.9
1,pkg-026590,5.10.0
1,pkg-026591,6.11.1
1,pkg-026592,7.12.2
1,pkg-026593,8.13.3
1,pkg-026594,9.14.4
1,pkg-026595,1.15.5
1,pkg-026596,2.16.6
1,pkg-026597,3.17.7
1,pkg-026598,4.18.8
1,pkg-026599,5.19.9
1,pkg-026600,6.0.0
1,pkg-026601,7.1.1
1,pkg-026602,8.2.2
1,pkg-026603,9.3.3
1,pkg-026604,1.4.4
1,pkg-026605,2.5.5
1,pkg-026606,3.6.6
1,pkg-026607,4.7.7
1,pkg-026608,5.8.8
1,pkg-026609,6.9.9
1,pkg-026610,7.10.0
1,pkg-026611,8.11.1
1,pkg-026612,9.12.2
1,pkg-026613,1.13.3
1,pkg-026614,2.14.4
1,pkg-026615,3.15.5
1,pkg-026616,4.16.6
1,pkg-026617,5.17.7
1,pkg-026618,6.18.8
1,pkg-026619,7.19.9
1,pkg-026620,8.0.0
1,pkg-026621,9.1.1
1,pkg-026622,1.2.2
1,pkg-026623,2.3.3
1,pkg-026624,3.4.4
1,pkg-026625,4.5.5
1,pkg-026626,5.6.6
1,pkg-026627,6.7.7
1,pkg-026628,7.8.8
1,pkg-026629,8.9.9
1,pkg-026630,9.10.0
1,pkg-026631,1.11.1
1,pkg-026632,2.12.2
1,pkg-026633,3.13.3
1,pkg-026634,4.14.4
1,pkg-026635,5.15.5
1,pkg-026636,6.16.6
1,pkg-026637,7.17.7
1,pkg-026638,8.18.8
1,pkg-026639,9.19.9
1,pkg-026640,1.0.0
1,pkg-026641,2.1.1
1,pkg-026642,3.2.2
1,pkg-026643,4.3.3
1,pkg-026644,5.4.4
1,pkg-026645,6.5.5
1,pkg-026646,7.6.6
1,pkg-026647,8.7.7
1,pkg-026648,9.8.8
1,pkg-026649,1.9.9
1,pkg-026650,2.10.0
1,pkg-026651,3.11.1
1,pkg-026652,4.12.2
1,pkg-026653,5.13.3
1,pkg-026654,6.14.4
1,pkg-026655,7.15.5
1,pkg-026656,8.16.6
1,pkg-026657,9.17.7
1,pkg-026658,1.18.8
1,pkg-026659,2.19.9
1,pkg-026660,3.0.0
1,pkg-026661,4.1.1
1,pkg-026662,5.2.2
1,pkg-026663,6.3.3
1,pkg-026664,7.4.4
1,pkg-026665,8.5.5
1,pkg-026666,9.6.6
1,pkg-026667,1.7.7
1,pkg-026668,2.8.8
1,pkg-026669,3.9.9
1,pkg-026670,4.10.0
1,pkg-026671,5.11.1
1,pkg-026672,6.12.2
1,pkg-026673,7.13.3
1,pkg-026674,8.14.4
1,pkg-026675,9.15.5
1,pkg-026676,1.16.6
1,pkg-026677,2.17.7
1,pkg-026678,3.18.8
1,pkg-026679,4.19.9
1,pkg-026680,5.0.0
1,pkg-026681,6.1.1
1,pkg-026682,7.2.2
1,pkg-026683,8.3.3
1,pkg-026684,9.4.4
1,pkg-026685,1.5.5
1,pkg-026686,2.6.6
1,pkg-026687,3.7.7
1,pkg-026688,4.8.8
1,pkg-026689,5.9.9
1,pkg-026690,6.10.0
1,pkg-026691,7.11.1
1,pkg-026692,8.12.2
1,pkg-026693,9.13.3
1,pkg-026694,1.14.4
1,pkg-026695,2.15.5
1,pkg-026696,3.16.6
1,pkg-026697,4.17.7
1,pkg-026698,5.18.8
1,pkg-026699,6.19.9
1,pkg-026700,7.0.0
1,pkg-026701,8.1.1
1,pkg-026702,9.2.2
1,pkg-026703,1.3.3
1,pkg-026704,2.4.4
1,pkg-026705,3.5.5
1,pkg-026706,4.6.6
1,pkg-026707,5.7.7
1,pkg-026708,6.8.8
1,pkg-026709,7.9.9
1,pkg-026710,8.10.0
1,pkg-026711,9.11.1
1,pkg-026712,1.12.2
1,pkg-026713,2.13.3
1,pkg-026714,3.14.4
1,pkg-026715,4.15.5
1,pkg-026716,5.16.6
1,pkg-026717,6.17.7
1,pkg-026718,7.18.8
1,pkg-026719,8.19.9
1,pkg-026720,9.0.0
1,pkg-026721,1.1.1
1,pkg-026722,2.2.2
1,pkg-026723,3.3.3
1,pkg-026724,4.4.4
1,pkg-026725,5.5.5
1,pkg-026726,6.6.6
1,pkg-026727,7.7.7
1,pkg-026728,8.8.8
1,pkg-026729,9.9.9
1,pkg-026730,1.10.0
1,pkg-026731,2.11.1
1,pkg-026732,3.12.2
1,pkg-026733,4.13.3
1,pkg-026734,5.14.4
1,pkg-026735,6.15.5
1,pkg-026736,7.16.6
1,pkg-026737,8.17.7
1,pkg-026738,9.18.8
1,pkg-026739,1.19.9
1,pkg-026740,2.0.0
1,pkg-026741,3.1.1
1,pkg-026742,4.2.2
1,pkg-026743,5.3.3
1,pkg-026744,6.4.4
1,pkg-026745,7.5.5
1,pkg-026746,8.6.6
1,pkg-026747,9.7.7
1,pkg-026748,1.8.8
1,pkg-026749,2.9.9
1,pkg-026750,3.10.0
1,pkg-026751,4.11.1
1,pkg-026752,5.12.2
1,pkg-026753,6.13.3
1,pkg-026754,7.14.4
1,pkg-026755,8.15.5
1,pkg-026756,9.16.6
1,pkg-026757,1.17.7
1,pkg-026758,2.18.8
1,pkg-026759,3.19.9
1,pkg-026760,4.0.0
1,pkg-026761,5.1.1
1,pkg-026762,6.2.2
1,pkg-026763,7.3.3
1,pkg-026764,8.4.4
1,pkg-026765,9.5.5
1,pkg-026766,1.6.6
1,pkg-026767,2.7.7
1,pkg-026768,3.8.8
1,pkg-026769,4.9.9
1,pkg-026770,5.10.0
1,pkg-026771,6.11.1
1,pkg-026772,7.12.2
1,pkg-026773,8.13.3
1,pkg-026774,9.14.4
1,pkg-026775,1.15.5
1,pkg-026776,2.16.6
1,pkg-026777,3.17.7
1,pkg-026778,4.18.8
1,pkg-026779,5.19.9
1,pkg-026780,6.0.0
1,pkg-026781,7.1.1
1,pkg-026782,8.2.2
1,pkg-026783,9.3.3
1,pkg-026784,1.4.4
1,pkg-026785,2.5.5
1,pkg-026786,3.6.6
1,pkg-026787,4.7.7
1,pkg-026788,5.8.8
1,pkg-026789,6.9.9
1,pkg-026790,7.10.0
1,pkg-026791,8.11.1
1,pkg-026792,9.12.2
1,pkg-026793,1.13.3
1,pkg-026794,2.14.4
1,pkg-026795,3.15.5
1,pkg-026796,4.16.6
1,pkg-026797,5.17.7
1,pkg-026798,6.18.8
1,pkg-026799,7.19.9
1,pkg-026800,8.0.0
1,pkg-026801,9.1.1
1,pkg-026802,1.2.2
1,pkg-026803,2.3.3
1,pkg-026804,3.4.4
1,pkg-026805,4.5.5
1,pkg-026806,5.6.6
1,pkg-026807,6.7.7
1,pkg-026808,7.8.8
1,pkg-026809,8.9.9
1,pkg-026810,9.10.0
1,pkg-026811,1.11.1
1,pkg-026812,2.12.2
1,pkg-026813,3.13.3
1,pkg-026814,4.14.4
1,pkg-026815,5.15.5
1,pkg-026816,6.16.6
1,pkg-026817,7.17.7
1,pkg-026818,8.18.8
1,pkg-026819,9.19.9
1,pkg-026820,1.0.0
1,pkg-026821,2.1.1
1,pkg-026822,3.2.2
1,pkg-026823,4.3.3
1,pkg-026824,5.4.4
1,pkg-026825,6.5.5
1,pkg-026826,7.6.6
1,pkg-026827,8.7.7
1,pkg-026828,9.8.8
1,pkg-026829,1.9.9
1,pkg-026830,2.10.0
1,pkg-026831,3.11.1
1,pkg-026832,4.12.2
1,pkg-026833,5.13.3
1,pkg-026834,6.14.4
1,pkg-026835,7.15.5
1,pkg-026836,8.16.6
1,pkg-026837,9.17.7
1,pkg-026838,1.18.8
1,pkg-026839,2.19.9
1,pkg-026840,3.0.0
1,pkg-026841,4.1.1
1,pkg-026842,5.2.2
1,pkg-026843,6.3.3
1,pkg-026844,7.4.4
1,pkg-026845,8.5.5
1,pkg-026846,9.6.6
1,pkg-026847,1.7.7
1,pkg-026848,2.8.8
1,pkg-026849,3.9.9
1,pkg-026850,4.10.0
1,pkg-026851,5.11.1
1,pkg-026852,6.12.2
1,pkg-026853,7.13.3
1,pkg-026854,8.14.4
1,pkg-026855,9.15.5
1,pkg-026856,1.16.6
1,pkg-026857,2.17.7
1,pkg-026858,3.18.8
1,pkg-026859,4.19.9
1,pkg-026860,5.0.0
1,pkg-026861,6.1.1
1,pkg-026862,7.2.2
1,pkg-026863,8.3.3
1,pkg-026864,9.4.4
1,pkg-026865,1.5.5
1,pkg-026866,2.6.6
1,pkg-026867,3.7.7
1,pkg-026868,4.8.8
1,pkg-026869,5.9.9
1,pkg-026870,6.10.0
1,pkg-026871,7.11.1
1,pkg-026872,8.12.2
1,pkg-026873,9.13.3
1,pkg-026874,1.14.4
1,pkg-026875,2.15.5
1,pkg-026876,3.16.6
1,pkg-026877,4.17.7
1,pkg-026878,5.18.8
1,pkg-026879,6.19.9
1,pkg-026880,7.0.0
1,pkg-026881,8.1.1
1,pkg-026882,9.2.2
1,pkg-026883,1.3.3
1,pkg-026884,2.4.4
1,pkg-026885,3.5.5
1,pkg-026886,4.6.6
1,pkg-026887,5.7.7
1,pkg-026888,6.8.8
1,pkg-026889,7.9.9
1,pkg-026890,8.10.0
1,pkg-026891,9.11.1
1,pkg-026892,1.12.2
1,pkg-026893,2.13.3
1,pkg-026894,3.14.4
1,pkg-026895,4.15.5
1,pkg-026896,5.16.6
1,pkg-026897,6.17.7
1,pkg-026898,7.18.8
1,pkg-026899,8.19.9
1,pkg-026900,9.0.0
1,pkg-026901,1.1.1
1,pkg-026902,2.2.2
1,pkg-026903,3.3.3
1,pkg-026904,4.4.4
1,pkg-026905,5.5.5
1,pkg-026906,6.6.6
1,pkg-026907,7.7.7
1,pkg-026908,8.8.8
1,pkg-026909,9.9.9
1,pkg-026910,1.10.0
1,pkg-026911,2.11.1
1,pkg-026912,3.12.2
1,pkg-026913,4.13.3
1,pkg-026914,5.14.4
1,pkg-026915,6.15.5
1,pkg-026916,7.16.6
1,pkg-026917,8.17.7
1,pkg-026918,9.18.8
1,pkg-026919,1.19.9
1,pkg-026920,2.0.0
1,pkg-026921,3.1.1
1,pkg-026922,4.2.2
1,pkg-026923,5.3.3
1,pkg-026924,6.4.4
1,pkg-026925,7.5.5
1,pkg-026926,8.6.6
1,pkg-026927,9.7.7
1,pkg-026928,1.8.8
1,pkg-026929,2.9.9
1,pkg-026930,3.10.0
1,pkg-026931,4.11.1
1,pkg-026932,5.12.2
1,pkg-026933,6.13.3
1,pkg-026934,7.14.4
1,pkg-026935,8.15.5
1,pkg-026936,9.16.6
1,pkg-026937,1.17.7
1,pkg-026938,2.18.8
1,pkg-026939,3.19.9
1,pkg-026940,4.0.0
1,pkg-026941,5.1.1
1,pkg-026942,6.2.2
1,pkg-026943,7.3.3
1,pkg-026944,8.4.4
1,pkg-026945,9.5.5
1,pkg-026946,1.6.6
1,pkg-026947,2.7.7
1,pkg-026948,3.8.8
1,pkg-026949,4.9.9
1,pkg-026950,5.10.0
1,pkg-026951,6.11.1
1,pkg-026952,7.12.2
1,pkg-026953,8.13.3
1,pkg-026954,9.14.4
1,pkg-026955,1.15.5
1,pkg-026956,2.16.6
1,pkg-026957,3.17.7
1,pkg-026958,4.18.8
1,pkg-026959,5.19.9
1,pkg-026960,6.0.0
1,pkg-026961,7.1.1
1,pkg-026962,8.2.2
1,pkg-026963,9.3.3
1,pkg-026964,1.4.4
1,pkg-026965,2.5.5
1,pkg-026966,3.6.6
1,pkg-026967,4.7.7
1,pkg-026968,5.8.8
1,pkg-026969,6.9.9
1,pkg-026970,7.10.0
1,pkg-026971,8.11.1
1,pkg-026972,9.12.2
1,pkg-026973,1.13.3
1,pkg-026974,2.14.4
1,pkg-026975,3.15.5
1,pkg-026976,4.16.6
1,pkg-026977,5.17.7
1,pkg-026978,6.18.8
1,pkg-026979,7.19.9
1,pkg-026980,8.0.0
1,pkg-026981,9.1.1
1,pkg-026982,1.2.2
1,pkg-026983,2.3.3
1,pkg-026984,3.4.4
1,pkg-026985,4.5.5
1,pkg-026986,5.6.6
1,pkg-026987,6.7.7
1,pkg-026988,7.8.8
1,pkg-026989,8.9.9
1,pkg-026990,9.10.0
1,pkg-026991,1.11.1
1,pkg-026992,2.12.2
1,pkg-026993,3.13.3
1,pkg-026994,4.14.4
1,pkg-026995,5.15.5
1,pkg-026996,6.16.6
1,pkg-026997,7.17.7
1,pkg-026998,8.18.8
1,pkg-026999,9.19.9
1,pkg-027000,1.0.0
1,pkg-027001,2.1.1
1,pkg-027002,3.2.2
1,pkg-027003,4.3.3
1,pkg-027004,5.4.4
1,pkg-027005,6.5.5
1,pkg-027006,7.6.6
1,pkg-027007,8.7.7
1,pkg-027008,9.8.8
1,pkg-027009,1.9.9
1,pkg-027010,2.10.0
1,pkg-027011,3.11.1
1,pkg-027012,4.12.2
1,pkg-027013,5.13.3
1,pkg-027014,6.14.4
1,pkg-027015,7.15.5
1,pkg-027016,8.16.6
1,pkg-027017,9.17.7
1,pkg-027018,1.18.8
1,pkg-027019,2.19.9
1,pkg-027020,3.0.0
1,pkg-027021,4.1.1
1,pkg-027022,5.2.2
1,pkg-027023,6.3.3
1,pkg-027024,7.4.4
1,pkg-027025,8.5.5
1,pkg-027026,9.6.6
1,pkg-027027,1.7.7
1,pkg-027028,2.8.8
1,pkg-027029,3.9.9
1,pkg-027030,4.10.0
1,pkg-027031,5.11.1
1,pkg-027032,6.12.2
1,pkg-027033,7.13.3
1,pkg-027034,8.14.4
1,pkg-027035,9.15.5
1,pkg-027036,1.16.6
1,pkg-027037,2.17.7
1,pkg-027038,3.18.8
1,pkg-027039,4.19.9
1,pkg-027040,5.0.0
1,pkg-027041,6.1.1
1,pkg-027042,7.2.2
1,pkg-027043,8.3.3
1,pkg-027044,9.4.4
1,pkg-027045,1.5.5
1,pkg-027046,2.6.6
1,pkg-027047,3.7.7
1,pkg-027048,4.8.8
1,pkg-027049,5.9.9
1,pkg-027050,6.10.0
1,pkg-027051,7.11.1
1,pkg-027052,8.12.2
1,pkg-027053,9.13.3
1,pkg-027054,1.14.4
1,pkg-027055,2.15.5
1,pkg-027056,3.16.6
1,pkg-027057,4.17.7
1,pkg-027058,5.18.8
1,pkg-027059,6.19.9
1,pkg-027060,7.0.0
1,pkg-027061,8.1.1
1,pkg-027062,9.2.2
1,pkg-027063,1.3.3
1,pkg-027064,2.4.4
1,pkg-027065,3.5.5
1,pkg-027066,4.6.6
1,pkg-027067,5.7.7
1,pkg-027068,6.8.8
1,pkg-027069,7.9.9
1,pkg-027070,8.10.0
1,pkg-027071,9.11.1
1,pkg-027072,1.12.2
1,pkg-027073,2.13.3
1,pkg-027074,3.14.4
1,pkg-027075,4.15.5
1,pkg-027076,5.16.6
1,pkg-027077,6.17.7
1,pkg-027078,7.18.8
1,pkg-027079,8.19.9
1,pkg-027080,9.0.0
1,pkg-027081,1.1.1
1,pkg-027082,2.2.2
1,pkg-027083,3.3.3
1,pkg-027084,4.4.4
1,pkg-027085,5.5.5
1,pkg-027086,6.6.6
1,pkg-027087,7.7.7
1,pkg-027088,8.8.8
1,pkg-027089,9.9.9
1,pkg-027090,1.10.0
1,pkg-027091,2.11.1
1,pkg-027092,3.12.2
1,pkg-027093,4.13.3
1,pkg-027094,5.14.4
1,pkg-027095,6.15.5
1,pkg-027096,7.16.6
1,pkg-027097,8.17.7
1,pkg-027098,9.18.8
1,pkg-027099,1.19.9
1,pkg-027100,2.0.0
1,pkg-027101,3.1.1
1,pkg-027102,4.2.2
1,pkg-027103,5.3.3
1,pkg-027104,6.4.4
1,pkg-027105,7.5.5
1,pkg-027106,8.6.6
1,pkg-027107,9.7.7
1,pkg-027108,1.8.8
1,pkg-027109,2.9.9
1,pkg-027110,3.10.0
1,pkg-027111,4.11.1
1,pkg-027112,5.12.2
1,pkg-027113,6.13.3
1,pkg-027114,7.14.4
1,pkg-027115,8.15.5
1,pkg-027116,9.16.6
1,pkg-027117,1.17.7
1,pkg-027118,2.18.8
1,pkg-027119,3.19.9
1,pkg-027120,4.0.0
1,pkg-027121,5.1.1
1,pkg-027122,6.2.2
1,pkg-027123,7.3.3
1,pkg-027124,8.4.4
1,pkg-027125,9.5.5
1,pkg-027126,1.6.6
1,pkg-027127,2.7.7
1,pkg-027128,3.8.8
1,pkg-027129,4.9.9
1,pkg-027130,5.10.0
1,pkg-027131,6.11.1
1,pkg-027132,7.12.2
1,pkg-027133,8.13.3
1,pkg-027134,9.14.4
1,pkg-027135,1.15.5
1,pkg-027136,2.16.6
1,pkg-027137,3.17.7
1,pkg-027138,4.18.8
1,pkg-027139,5.19.9
1,pkg-027140,6.0.0
1,pkg-027141,7.1.1
1,pkg-027142,8.2.2
1,pkg-027143,9.3.3
1,pkg-027144,1.4.4
1,pkg-027145,2.5.5
1,pkg-027146,3.6.6
1,pkg-027147,4.7.7
1,pkg-027148,5.8.8
1,pkg-027149,6.9.9
1,pkg-027150,7.10.0
1,pkg-027151,8.11.1
1,pkg-027152,9.12.2
1,pkg-027153,1.13.3
1,pkg-027154,2.14.4
1,pkg-027155,3.15.5
1,pkg-027156,4.16.6
1,pkg-027157,5.17.7
1,pkg-027158,6.18.8
1,pkg-027159,7.19.9
1,pkg-027160,8.0.0
1,pkg-027161,9.1.1
1,pkg-027162,1.2.2
1,pkg-027163,2.3.3
1,pkg-027164,3.4.4
1,pkg-027165,4.5.5
1,pkg-027166,5.6.6
1,pkg-027167,6.7.7
1,pkg-027168,7.8.8
1,pkg-027169,8.9.9
1,pkg-027170,9.10.0
1,pkg-027171,1.11.1
1,pkg-027172,2.12.2
1,pkg-027173,3.13.3
1,pkg-027174,4.14.4
1,pkg-027175,5.15.5
1,pkg-027176,6.16.6
1,pkg-027177,7.17.7
1,pkg-027178,8.18.8
1,pkg-027179,9.19.9
1,pkg-027180,1.0.0
1,pkg-027181,2.1.1
1,pkg-027182,3.2.2
1,pkg-027183,4.3.3
1,pkg-027184,5.4.4
1,pkg-027185,6.5.5
1,pkg-027186,7.6.6
1,pkg-027187,8.7.7
1,pkg-027188,9.8.8
1,pkg-027189,1.9.9
1,pkg-027190,2.10.0
1,pkg-027191,3.11.1
1,pkg-027192,4.12.2
1,pkg-027193,5.13.3
1,pkg-027194,6.14.4
1,pkg-027195,7.15.5
1,pkg-027196,8.16.6
1,pkg-027197,9.17.7
1,pkg-027198,1.18.8
1,pkg-027199,2.19.9
1,pkg-027200,3.0.0
1,pkg-027201,4.1.1
1,pkg-027202,5.2.2
1,pkg-027203,6.3.3
1,pkg-027204,7.4.4
1,pkg-027205,8.5.5
1,pkg-027206,9.6.6
1,pkg-027207,1.7.7
1,pkg-027208,2.8.8
1,pkg-027209,3.9.9
1,pkg-027210,4.10.0
1,pkg-027211,5.11.1
1,pkg-027212,6.12.2
1,pkg-027213,7.13.3
1,pkg-027214,8.14.4
1,pkg-027215,9.15.5
1,pkg-027216,1.16.6
1,pkg-027217,2.17.7
1,pkg-027218,3.18.8
1,pkg-027219,4.19.9
1,pkg-027220,5.0.0
1,pkg-027221,6.1.1
1,pkg-027222,7.2.2
1,pkg-027223,8.3.3
1,pkg-027224,9.4.4
1,pkg-027225,1.5.5
1,pkg-027226,2.6.6
1,pkg-027227,3.7.7
1,pkg-027228,4.8.8
1,pkg-027229,5.9.9
1,pkg-027230,6.10.0
1,pkg-027231,7.11.1
1,pkg-027232,8.12.2
1,pkg-027233,9.13.3
1,pkg-027234,1.14.4
1,pkg-027235,2.15.5
1,pkg-027236,3.16.6
1,pkg-027237,4.17.7
1,pkg-027238,5.18.8
1,pkg-027239,6.19.9
1,pkg-027240,7.0.0
1,pkg-027241,8.1.1
1,pkg-027242,9.2.2
1,pkg-027243,1.3.3
1,pkg-027244,2.4.4
1,pkg-027245,3.5.5
1,pkg-027246,4.6.6
1,pkg-027247,5.7.7
1,pkg-027248,6.8.8
1,pkg-027249,7.9.9
1,pkg-027250,8.10.0
1,pkg-027251,9.11.1
1,pkg-027252,1.12.2
1,pkg-027253,2.13.3
1,pkg-027254,3.14.4
1,pkg-027255,4.15.5
1,pkg-027256,5.16.6
1,pkg-027257,6.17.7
1,pkg-027258,7.18.8
1,pkg-027259,8.19.9
1,pkg-027260,9.0.0
1,pkg-027261,1.1.1
1,pkg-027262,2.2.2
1,pkg-027263,3.3.3
1,pkg-027264,4.4.4
1,pkg-027265,5.5.5
1,pkg-027266,6.6.6
1,pkg-027267,7.7.7
1,pkg-027268,8.8.8
1,pkg-027269,9.9.9
1,pkg-027270,1.10.0
1,pkg-027271,2.11.1
1,pkg-027272,3.12.2
1,pkg-027273,4.13.3
1,pkg-027274,5.14.4
1,pkg-027275,6.15.5
1,pkg-027276,7.16.6
1,pkg-027277,8.17.7
1,pkg-027278,9.18.8
1,pkg-027279,1.19.9
1,pkg-027280,2.0.0
1,pkg-027281,3.1.1
1,pkg-027282,4.2.2
1,pkg-027283,5.3.3
1,pkg-027284,6.4.4
1,pkg-027285,7.5.5
1,pkg-027286,8.6.6
1,pkg-027287,9.7.7
1,pkg-027288,1.8.8
1,pkg-027289,2.9.9
1,pkg-027290,3.10.0
1,pkg-027291,4.11.1
1,pkg-027292,5.12.2
1,pkg-027293,6.13.3
1,pkg-027294,7.14.4
1,pkg-027295,8.15.5
1,pkg-027296,9.16.6
1,pkg-027297,1.17.7
1,pkg-027298,2.18.8
1,pkg-027299,3.19.9
1,pkg-027300,4.0.0
1,pkg-027301,5.1.1
1,pkg-027302,6.2.2
1,pkg-027303,7.3.3
1,pkg-027304,8.4.4
1,pkg-027305,9.5.5
1,pkg-027306,1.6.6
1,pkg-027307,2.7.7
1,pkg-027308,3.8.8
1,pkg-027309,4.9.9
1,pkg-027310,5.10.0
1,pkg-027311,6.11.1
1,pkg-027312,7.12.2
1,pkg-027313,8.13.3
1,pkg-027314,9.14.4
1,pkg-027315,1.15.5
1,pkg-027316,2.16.6
1,pkg-027317,3.17.7
1,pkg-027318,4.18.8
1,pkg-027319,5.19.9
1,pkg-027320,6.0.0
1,pkg-027321,7.1.1
1,pkg-027322,8.2.2
1,pkg-027323,9.3.3
1,pkg-027324,1.4.4
1,pkg-027325,2.5.5
1,pkg-027326,3.6.6
1,pkg-027327,4.7.7
1,pkg-027328,5.8.8
1,pkg-027329,6.9.9
1,pkg-027330,7.10.0
1,pkg-027331,8.11.1
1,pkg-027332,9.12.2
1,pkg-027333,1.13.3
1,pkg-027334,2.14.4
1,pkg-027335,3.15.5
1,pkg-027336,4.16.6
1,pkg-027337,5.17.7
1,pkg-027338,6.18.8
1,pkg-027339,7.19.9
1,pkg-027340,8.0.0
1,pkg-027341,9.1.1
1,pkg-027342,1.2.2
1,pkg-027343,2.3.3
1,pkg-027344,3.4.4
1,pkg-027345,4.5.5
1,pkg-027346,5.6.6
1,pkg-027347,6.7.7
1,pkg-027348,7.8.8
1,pkg-027349,8.9.9
1,pkg-027350,9.10.0
1,pkg-027351,1.11.1
1,pkg-027352,2.12.2
1,pkg-027353,3.13.3
1,pkg-027354,4.14.4
1,pkg-027355,5.15.5
1,pkg-027356,6.16.6
1,pkg-027357,7.17.7
1,pkg-027358,8.18.8
1,pkg-027359,9.19.9
1,pkg-027360,1.0.0
1,pkg-027361,2.1.1
1,pkg-027362,3.2.2
1,pkg-027363,4.3.3
1,pkg-027364,5.4.4
1,pkg-027365,6.5.5
1,pkg-027366,7.6.6
1,pkg-027367,8.7.7
1,pkg-027368,9.8.8
1,pkg-027369,1.9.9
1,pkg-027370,2.10.0
1,pkg-027371,3.11.1
1,pkg-027372,4.12.2
1,pkg-027373,5.13.3
1,pkg-027374,6.14.4
1,pkg-027375,7.15.5
1,pkg-027376,8.16.6
1,pkg-027377,9.17.7
1,pkg-027378,1.18.8
1,pkg-027379,2.19.9
1,pkg-027380,3.0.0
1,pkg-027381,4.1.1
1,pkg-027382,5.2.2
1,pkg-027383,6.3.3
1,pkg-027384,7.4.4
1,pkg-027385,8.5.5
1,pkg-027386,9.6.6
1,pkg-027387,1.7.7
1,pkg-027388,2.8.8
1,pkg-027389,3.9.9
1,pkg-027390,4.10.0
1,pkg-027391,5.11.1
1,pkg-027392,6.12.2
1,pkg-027393,7.13.3
1,pkg-027394,8.14.4
1,pkg-027395,9.15.5
1,pkg-027396,1.16.6
1,pkg-027397,2.17.7
1,pkg-027398,3.18.8
1,pkg-027399,4.19.9
1,pkg-027400,5.0.0
1,pkg-027401,6.1.1
1,pkg-027402,7.2.2
1,pkg-027403,8.3.3
1,pkg-027404,9.4.4
1,pkg-027405,1.5.5
1,pkg-027406,2.6.6
1,pkg-027407,3.7.7
1,pkg-027408,4.8.8
1,pkg-027409,5.9.9
1,pkg-027410,6.10.0
1,pkg-027411,7.11.1
1,pkg-027412,8.12.2
1,pkg-027413,9.13.3
1,pkg-027414,1.14.4
1,pkg-027415,2.15.5
1,pkg-027416,3.16.6
1,pkg-027417,4.17.7
1,pkg-027418,5.18.8
1,pkg-027419,6.19.9
1,pkg-027420,7.0.0
1,pkg-027421,8.1.1
1,pkg-027422,9.2.2
1,pkg-027423,1.3.3
1,pkg-027424,2.4.4
1,pkg-027425,3.5.5
1,pkg-027426,4.6.6
1,pkg-027427,5.7.7
1,pkg-027428,6.8.8
1,pkg-027429,7.9.9
1,pkg-027430,8.10.0
1,pkg-027431,9.11.1
1,pkg-027432,1.12.2
1,pkg-027433,2.13.3
1,pkg-027434,3.14.4
1,pkg-027435,4.15.5
1,pkg-027436,5.16.6
1,pkg-027437,6.17.7
1,pkg-027438,7.18.8
1,pkg-027439,8.19.9
1,pkg-027440,9.0.0
1,pkg-027441,1.1.1
1,pkg-027442,2.2.2
1,pkg-027443,3.3.3
1,pkg-027444,4.4.4
1,pkg-027445,5.5.5
1,pkg-027446,6.6.6
1,pkg-027447,7.7.7
1,pkg-027448,8.8.8
1,pkg-027449,9.9.9
1,pkg-027450,1.10.0
1,pkg-027451,2.11.1
1,pkg-027452,3.12.2
1,pkg-027453,4.13.3
1,pkg-027454,5.14.4
1,pkg-027455,6.15.5
1,pkg-027456,7.16.6
1,pkg-027457,8.17.7
1,pkg-027458,9.18.8
1,pkg-027459,1.19.9
1,pkg-027460,2.0.0
1,pkg-027461,3.1.1
1,pkg-027462,4.2.2
1,pkg-027463,5.3.3
1,pkg-027464,6.4.4
1,pkg-027465,7.5.5
1,pkg-027466,8.6.6
1,pkg-027467,9.7.7
1,pkg-027468,1.8.8
1,pkg-027469,2.9.9
1,pkg-027470,3.10.0
1,pkg-027471,4.11.1
1,pkg-027472,5.12.2
1,pkg-027473,6.13.3
1,pkg-027474,7.14.4
1,pkg-027475,8.15.5
1,pkg-027476,9.16.6
1,pkg-027477,1.17.7
1,pkg-027478,2.18.8
1,pkg-027479,3.19.9
1,pkg-027480,4.0.0
1,pkg-027481,5.1.1
1,pkg-027482,6.2.2
1,pkg-027483,7.3.3
1,pkg-027484,8.4.4
1,pkg-027485,9.5.5
1,pkg-027486,1.6.6
1,pkg-027487,2.7.7
1,pkg-027488,3.8.8
1,pkg-027489,4.9.9
1,pkg-027490,5.10.0
1,pkg-027491,6.11.1
1,pkg-027492,7.12.2
1,pkg-027493,8.13.3
1,pkg-027494,9.14.4
1,pkg-027495,1.15.5
1,pkg-027496,2.16.6
1,pkg-027497,3.17.7
1,pkg-027498,4.18.8
1,pkg-027499,5.19.9
1,pkg-027500,6.0.0
1,pkg-027501,7.1.1
1,pkg-027502,8.2.2
1,pkg-027503,9.3.3
1,pkg-027504,1.4.4
1,pkg-027505,2.5.5
1,pkg-027506,3.6.6
1,pkg-027507,4.7.7
1,pkg-027508,5.8.8
1,pkg-027509,6.9.9
1,pkg-027510,7.10.0
1,pkg-027511,8.11.1
1,pkg-027512,9.12.2
1,pkg-027513,1.13.3
1,pkg-027514,2.14.4
1,pkg-027515,3.15.5
1,pkg-027516,4.16.6
1,pkg-027517,5.17.7
1,pkg-027518,6.18.8
1,pkg-027519,7.19.9
1,pkg-027520,8.0.0
1,pkg-027521,9.1.1
1,pkg-027522,1.2.2
1,pkg-027523,2.3.3
1,pkg-027524,3.4.4
1,pkg-027525,4.5.5
1,pkg-027526,5.6.6
1,pkg-027527,6.7.7
1,pkg-027528,7.8.8
1,pkg-027529,8.9.9
1,pkg-027530,9.10.0
1,pkg-027531,1.11.1
1,pkg-027532,2.12.2
1,pkg-027533,3.13.3
1,pkg-027534,4.14.4
1,pkg-027535,5.15.5
1,pkg-027536,6.16.6
1,pkg-027537,7.17.7
1,pkg-027538,8.18.8
1,pkg-027539,9.19.9
1,pkg-027540,1.0.0
1,pkg-027541,2.1.1
1,pkg-027542,3.2.2
1,pkg-027543,4.3.3
1,pkg-027544,5.4.4
1,pkg-027545,6.5.5
1,pkg-027546,7.6.6
1,pkg-027547,8.7.7
1,pkg-027548,9.8.8
1,pkg-027549,1.9.9
1,pkg-027550,2.10.0
1,pkg-027551,3.11.1
1,pkg-027552,4.12.2
1,pkg-027553,5.13.3
1,pkg-027554,6.14.4
1,pkg-027555,7.15.5
1,pkg-027556,8.16.6
1,pkg-027557,9.17.7
1,pkg-027558,1.18.8
1,pkg-027559,2.19.9
1,pkg-027560,3.0.0
1,pkg-027561,4.1.1
1,pkg-027562,5.2.2
1,pkg-027563,6.3.3
1,pkg-027564,7.4.4
1,pkg-027565,8.5.5
1,pkg-027566,9.6.6
1,pkg-027567,1.7.7
1,pkg-027568,2.8.8
1,pkg-027569,3.9.9
1,pkg-027570,4.10.0
1,pkg-027571,5.11.1
1,pkg-027572,6.12.2
1,pkg-027573,7.13.3
1,pkg-027574,8.14.4
1,pkg-027575,9.15.5
1,pkg-027576,1.16.6
1,pkg-027577,2.17.7
1,pkg-027578,3.18.8
1,pkg-027579,4.19.9
1,pkg-027580,5.0.0
1,pkg-027581,6.1.1
1,pkg-027582,7.2.2
1,pkg-027583,8.3.3
1,pkg-027584,9.4.4
1,pkg-027585,1.5.5
1,pkg-027586,2.6.6
1,pkg-027587,3.7.7
1,pkg-027588,4.8.8
1,pkg-027589,5.9.9
1,pkg-027590,6.10.0
1,pkg-027591,7.11.1
1,pkg-027592,8.12.2
1,pkg-027593,9.13.3
1,pkg-027594,1.14.4
1,pkg-027595,2.15.5
1,pkg-027596,3.16.6
1,pkg-027597,4.17.7
1,pkg-027598,5.18.8
1,pkg-027599,6.19.9
1,pkg-027600,7.0.0
1,pkg-027601,8.1.1
1,pkg-027602,9.2.2
1,pkg-027603,1.3.3
1,pkg-027604,2.4.4
1,pkg-027605,3.5.5
1,pkg-027606,4.6.6
1,pkg-027607,5.7.7
1,pkg-027608,6.8.8
1,pkg-027609,7.9.9
1,pkg-027610,8.10.0
1,pkg-027611,9.11.1
1,pkg-027612,1.12.2
1,pkg-027613,2.13.3
1,pkg-027614,3.14.4
1,pkg-027615,4.15.5
1,pkg-027616,5.16.6
1,pkg-027617,6.17.7
1,pkg-027618,7.18.8
1,pkg-027619,8.19.9
1,pkg-027620,9.0.0
1,pkg-027621,1.1.1
1,pkg-027622,2.2.2
1,pkg-027623,3.3.3
1,pkg-027624,4.4.4
1,pkg-027625,5.5.5
1,pkg-027626,6.6.6
1,pkg-027627,7.7.7
1,pkg-027628,8.8.8
1,pkg-027629,9.9.9
1,pkg-027630,1.10.0
1,pkg-027631,2.11.1
1,pkg-027632,3.12.2
1,pkg-027633,4.13.3
1,pkg-027634,5.14.4
1,pkg-027635,6.15.5
1,pkg-027636,7.16.6
1,pkg-027637,8.17.7
1,pkg-027638,9.18.8
1,pkg-027639,1.19.9
1,pkg-027640,2.0.0
1,pkg-027641,3.1.1
1,pkg-027642,4.2.2
1,pkg-027643,5.3.3
1,pkg-027644,6.4.4
1,pkg-027645,7.5.5
1,pkg-027646,8.6.6
1,pkg-027647,9.7.7
1,pkg-027648,1.8.8
1,pkg-027649,2.9.9
1,pkg-027650,3.10.0
1,pkg-027651,4.11.1
1,pkg-027652,5.12.2
1,pkg-027653,6.13.3
1,pkg-027654,7.14.4
1,pkg-027655,8.15.5
1,pkg-027656,9.16.6
1,pkg-027657,1.17.7
1,pkg-027658,2.18.8
1,pkg-027659,3.19.9
1,pkg-027660,4.0.0
1,pkg-027661,5.1.1
1,pkg-027662,6.2.2
1,pkg-027663,7.3.3
1,pkg-027664,8.4.4
1,pkg-027665,9.5.5
1,pkg-027666,1.6.6
1,pkg-027667,2.7.7
1,pkg-027668,3.8.8
1,pkg-027669,4.9.9
1,pkg-027670,5.10.0
1,pkg-027671,6.11.1
1,pkg-027672,7.12.2
1,pkg-027673,8.13.3
1,pkg-027674,9.14.4
1,pkg-027675,1.15.5
1,pkg-027676,2.16.6
1,pkg-027677,3.17.7
1,pkg-027678,4.18.8
1,pkg-027679,5.19.9
1,pkg-027680,6.0.0
1,pkg-027681,7.1.1
1,pkg-027682,8.2.2
1,pkg-027683,9.3.3
1,pkg-027684,1.4.4
1,pkg-027685,2.5.5
1,pkg-027686,3.6.6
1,pkg-027687,4.7.7
1,pkg-027688,5.8.8
1,pkg-027689,6.9.9
1,pkg-027690,7.10.0
1,pkg-027691,8.11.1
1,pkg-027692,9.12.2
1,pkg-027693,1.13.3
1,pkg-027694,2.14.4
1,pkg-027695,3.15.5
1,pkg-027696,4.16.6
1,pkg-027697,5.17.7
1,pkg-027698,6.18.8
1,pkg-027699,7.19.9
1,pkg-027700,8.0.0
1,pkg-027701,9.1.1
1,pkg-027702,1.2.2
1,pkg-027703,2.3.3
1,pkg-027704,3.4.4
1,pkg-027705,4.5.5
1,pkg-027706,5.6.6
1,pkg-027707,6.7.7
1,pkg-027708,7.8.8
1,pkg-027709,8.9.9
1,pkg-027710,9.10.0
1,pkg-027711,1.11.1
1,pkg-027712,2.12.2
1,pkg-027713,3.13.3
1,pkg-027714,4.14.4
1,pkg-027715,5.15.5
1,pkg-027716,6.16.6
1,pkg-027717,7.17.7
1,pkg-027718,8.18.8
1,pkg-027719,9.19.9
1,pkg-027720,1.0.0
1,pkg-027721,2.1.1
1,pkg-027722,3.2.2
1,pkg-027723,4.3.3
1,pkg-027724,5.4.4
1,pkg-027725,6.5.5
1,pkg-027726,7.6.6
1,pkg-027727,8.7.7
1,pkg-027728,9.8.8
1,pkg-027729,1.9.9
1,pkg-027730,2.10.0
1,pkg-027731,3.11.1
1,pkg-027732,4.12.2
1,pkg-027733,5.13.3
1,pkg-027734,6.14.4
1,pkg-027735,7.15.5
1,pkg-027736,8.16.6
1,pkg-027737,9.17.7
1,pkg-027738,1.18.8
1,pkg-027739,2.19.9
1,pkg-027740,3.0.0
1,pkg-027741,4.1.1
1,pkg-027742,5.2.2
1,pkg-027743,6.3.3
1,pkg-027744,7.4.4
1,pkg-027745,8.5.5
1,pkg-027746,9.6.6
1,pkg-027747,1.7.7
1,pkg-027748,2.8.8
1,pkg-027749,3.9.9
1,pkg-027750,4.10.0
1,pkg-027751,5.11.1
1,pkg-027752,6.12.2
1,pkg-027753,7.13.3
1,pkg-027754,8.14.4
1,pkg-027755,9.15.5
1,pkg-027756,1.16.6
1,pkg-027757,2.17.7
1,pkg-027758,3.18.8
1,pkg-027759,4.19.9
1,pkg-027760,5.0.0
1,pkg-027761,6.1.1
1,pkg-027762,7.2.2
1,pkg-027763,8.3.3
1,pkg-027764,9.4.4
1,pkg-027765,1.5.5
1,pkg-027766,2.6.6
1,pkg-027767,3.7.7
1,pkg-027768,4.8.8
1,pkg-027769,5.9.9
1,pkg-027770,6.10.0
1,pkg-027771,7.11.1
1,pkg-027772,8.12.2
1,pkg-027773,9.13.3
1,pkg-027774,1.14.4
1,pkg-027775,2.15.5
1,pkg-027776,3.16.6
1,pkg-027777,4.17.7
1,pkg-027778,5.18.8
1,pkg-027779,6.19.9
1,pkg-027780,7.0.0
1,pkg-027781,8.1.1
1,pkg-027782,9.2.2
1,pkg-027783,1.3.3
1,pkg-027784,2.4.4
1,pkg-027785,3.5.5
1,pkg-027786,4.6.6
1,pkg-027787,5.7.7
1,pkg-027788,6.8.8
1,pkg-027789,7.9.9
1,pkg-027790,8.10.0
1,pkg-027791,9.11.1
1,pkg-027792,1.12.2
1,pkg-027793,2.13.3
1,pkg-027794,3.14.4
1,pkg-027795,4.15.5
1,pkg-027796,5.16.6
1,pkg-027797,6.17.7
1,pkg-027798,7.18.8
1,pkg-027799,8.19.9
1,pkg-027800,9.0.0
1,pkg-027801,1.1.1
1,pkg-027802,2.2.2
1,pkg-027803,3.3.3
1,pkg-027804,4.4.4
1,pkg-027805,5.5.5
1,pkg-027806,6.6.6
1,pkg-027807,7.7.7
1,pkg-027808,8.8.8
1,pkg-027809,9.9.9
1,pkg-027810,1.10.0
1,pkg-027811,2.11.1
1,pkg-027812,3.12.2
1,pkg-027813,4.13.3
1,pkg-027814,5.14.4
1,pkg-027815,6.15.5
1,pkg-027816,7.16.6
1,pkg-027817,8.17.7
1,pkg-027818,9.18.8
1,pkg-027819,1.19.9
1,pkg-027820,2.0.0
1,pkg-027821,3.1.1
1,pkg-027822,4.2.2
1,pkg-027823,5.3.3
1,pkg-027824,6.4.4
1,pkg-027825,7.5.5
1,pkg-027826,8.6.6
1,pkg-027827,9.7.7
1,pkg-027828,1.8.8
1,pkg-027829,2.9.9
1,pkg-027830,3.10.0
1,pkg-027831,4.11.1
1,pkg-027832,5.12.2
1,pkg-027833,6.13.3
1,pkg-027834,7.14.4
1,pkg-027835,8.15.5
1,pkg-027836,9.16.6
1,pkg-027837,1.17.7
1,pkg-027838,2.18.8
1,pkg-027839,3.19.9
1,pkg-027840,4.0.0
1,pkg-027841,5.1.1
1,pkg-027842,6.2.2
1,pkg-027843,7.3.3
1,pkg-027844,8.4.4
1,pkg-027845,9.5.5
1,pkg-027846,1.6.6
1,pkg-027847,2.7.7
1,pkg-027848,3.8.8
1,pkg-027849,4.9.9
1,pkg-027850,5.10.0
1,pkg-027851,6.11.1
1,pkg-027852,7.12.2
1,pkg-027853,8.13.3
1,pkg-027854,9.14.4
1,pkg-027855,1.15.5
1,pkg-027856,2.16.6
1,pkg-027857,3.17.7
1,pkg-027858,4.18.8
1,pkg-027859,5.19.9
1,pkg-027860,6.0.0
1,pkg-027861,7.1.1
1,pkg-027862,8.2.2
1,pkg-027863,9.3.3
1,pkg-027864,1.4.4
1,pkg-027865,2.5.5
1,pkg-027866,3.6.6
1,pkg-027867,4.7.7
1,pkg-027868,5.8.8
1,pkg-027869,6.9.9
1,pkg-027870,7.10.0
1,pkg-027871,8.11.1
1,pkg-027872,9.12.2
1,pkg-027873,1.13.3
1,pkg-027874,2.14.4
1,pkg-027875,3.15.5
1,pkg-027876,4.16.6
1,pkg-027877,5.17.7
1,pkg-027878,6.18.8
1,pkg-027879,7.19.9
1,pkg-027880,8.0.0
1,pkg-027881,9.1.1
1,pkg-027882,1.2.2
1,pkg-027883,2.3.3
1,pkg-027884,3.4.4
1,pkg-027885,4.5.5
1,pkg-027886,5.6.6
1,pkg-027887,6.7.7
1,pkg-027888,7.8.8
1,pkg-027889,8.9.9
1,pkg-027890,9.10.0
1,pkg-027891,1.11.1
1,pkg-027892,2.12.2
1,pkg-027893,3.13.3
1,pkg-027894,4.14.4
1,pkg-027895,5.15.5
1,pkg-027896,6.16.6
1,pkg-027897,7.17.7
1,pkg-027898,8.18.8
1,pkg-027899,9.19.9
1,pkg-027900,1.0.0
1,pkg-027901,2.1.1
1,pkg-027902,3.2.2
1,pkg-027903,4.3.3
1,pkg-027904,5.4.4
1,pkg-027905,6.5.5
1,pkg-027906,7.6.6
1,pkg-027907,8.7.7
1,pkg-027908,9.8.8
1,pkg-027909,1.9.9
1,pkg-027910,2.10.0
1,pkg-027911,3.11.1
1,pkg-027912,4.12.2
1,pkg-027913,5.13.3
1,pkg-027914,6.14.4
1,pkg-027915,7.15.5
1,pkg-027916,8.16.6
1,pkg-027917,9.17.7
1,pkg-027918,1.18.8
1,pkg-027919,2.19.9
1,pkg-027920,3.0.0
1,pkg-027921,4.1.1
1,pkg-027922,5.2.2
1,pkg-027923,6.3.3
1,pkg-027924,7.4.4
1,pkg-027925,8.5.5
1,pkg-027926,9.6.6
1,pkg-027927,1.7.7
1,pkg-027928,2.8.8
1,pkg-027929,3.9.9
1,pkg-027930,4.10.0
1,pkg-027931,5.11.1
1,pkg-027932,6.12.2
1,pkg-027933,7.13.3
1,pkg-027934,8.14.4
1,pkg-027935,9.15.5
1,pkg-027936,1.16.6
1,pkg-027937,2.17.7
1,pkg-027938,3.18.8
1,pkg-027939,4.19.9
1,pkg-027940,5.0.0
1,pkg-027941,6.1.1
1,pkg-027942,7.2.2
1,pkg-027943,8.3.3
1,pkg-027944,9.4.4
1,pkg-027945,1.5.5
1,pkg-027946,2.6.6
1,pkg-027947,3.7.7
1,pkg-027948,4.8.8
1,pkg-027949,5.9.9
1,pkg-027950,6.10.0
1,pkg-027951,7.11.1
1,pkg-027952,8.12.2
1,pkg-027953,9.13.3
1,pkg-027954,1.14.4
1,pkg-027955,2.15.5
1,pkg-027956,3.16.6
1,pkg-027957,4.17.7
1,pkg-027958,5.18.8
1,pkg-027959,6.19.9
1,pkg-027960,7.0.0
1,pkg-027961,8.1.1
1,pkg-027962,9.2.2
1,pkg-027963,1.3.3
1,pkg-027964,2.4.4
1,pkg-027965,3.5.5
1,pkg-027966,4.6.6
1,pkg-027967,5.7.7
1,pkg-027968,6.8.8
1,pkg-027969,7.9.9
1,pkg-027970,8.10.0
1,pkg-027971,9.11.1
1,pkg-027972,1.12.2
1,pkg-027973,2.13.3
1,pkg-027974,3.14.4
1,pkg-027975,4.15.5
1,pkg-027976,5.16.6
1,pkg-027977,6.17.7
1,pkg-027978,7.18.8
1,pkg-027979,8.19.9
1,pkg-027980,9.0.0
1,pkg-027981,1.1.1
1,pkg-027982,2.2.2
1,pkg-027983,3.3.3
1,pkg-027984,4.4.4
1,pkg-027985,5.5.5
1,pkg-027986,6.6.6
1,pkg-027987,7.7.7
1,pkg-027988,8.8.8
1,pkg-027989,9.9.9
1,pkg-027990,1.10.0
1,pkg-027991,2.11.1
1,pkg-027992,3.12.2
1,pkg-027993,4.13.3
1,pkg-027994,5.14.4
1,pkg-027995,6.15.5
1,pkg-027996,7.16.6
1,pkg-027997,8.17.7
1,pkg-027998,9.18.8
1,pkg-027999,1.19.9
1,pkg-028000,2.0.0
1,pkg-028001,3.1.1
1,pkg-028002,4.2.2
1,pkg-028003,5.3.3
1,pkg-028004,6.4.4
1,pkg-028005,7.5.5
1,pkg-028006,8.6.6
1,pkg-028007,9.7.7
1,pkg-028008,1.8.8
1,pkg-028009,2.9.9
1,pkg-028010,3.10.0
1,pkg-028011,4.11.1
1,pkg-028012,5.12.2
1,pkg-028013,6.13.3
1,pkg-028014,7.14.4
1,pkg-028015,8.15.5
1,pkg-028016,9.16.6
1,pkg-028017,1.17.7
1,pkg-028018,2.18.8
1,pkg-028019,3.19.9
1,pkg-028020,4.0.0
1,pkg-028021,5.1.1
1,pkg-028022,6.2.2
1,pkg-028023,7.3.3
1,pkg-028024,8.4.4
1,pkg-028025,9.5.5
1,pkg-028026,1.6.6
1,pkg-028027,2.7.7
1,pkg-028028,3.8.8
1,pkg-028029,4.9.9
1,pkg-028030,5.10.0
1,pkg-028031,6.11.1
1,pkg-028032,7.12.2
1,pkg-028033,8.13.3
1,pkg-028034,9.14.4
1,pkg-028035,1.15.5
1,pkg-028036,2.16.6
1,pkg-028037,3.17.7
1,pkg-028038,4.18.8
1,pkg-028039,5.19.9
1,pkg-028040,6.0.0
1,pkg-028041,7.1.1
1,pkg-028042,8.2.2
1,pkg-028043,9.3.3
1,pkg-028044,1.4.4
1,pkg-028045,2.5.5
1,pkg-028046,3.6.6
1,pkg-028047,4.7.7
1,pkg-028048,5.8.8
1,pkg-028049,6.9.9
1,pkg-028050,7.10.0
1,pkg-028051,8.11.1
1,pkg-028052,9.12.2
1,pkg-028053,1.13.3
1,pkg-028054,2.14.4
1,pkg-028055,3.15.5
1,pkg-028056,4.16.6
1,pkg-028057,5.17.7
1,pkg-028058,6.18.8
1,pkg-028059,7.19.9
1,pkg-028060,8.0.0
1,pkg-028061,9.1.1
1,pkg-028062,1.2.2
1,pkg-028063,2.3.3
1,pkg-028064,3.4.4
1,pkg-028065,4.5.5
1,pkg-028066,5.6.6
1,pkg-028067,6.7.7
1,pkg-028068,7.8.8
1,pkg-028069,8.9.9
1,pkg-028070,9.10.0
1,pkg-028071,1.11.1
1,pkg-028072,2.12.2
1,pkg-028073,3.13.3
1,pkg-028074,4.14.4
1,pkg-028075,5.15.5
1,pkg-028076,6.16.6
1,pkg-028077,7.17.7
1,pkg-028078,8.18.8
1,pkg-028079,9.19.9
1,pkg-028080,1.0.0
1,pkg-028081,2.1.1
1,pkg-028082,3.2.2
1,pkg-028083,4.3.3
1,pkg-028084,5.4.4
1,pkg-028085,6.5.5
1,pkg-028086,7.6.6
1,pkg-028087,8.7.7
1,pkg-028088,9.8.8
1,pkg-028089,1.9.9
1,pkg-028090,2.10.0
1,pkg-028091,3.11.1
1,pkg-028092,4.12.2
1,pkg-028093,5.13.3
1,pkg-028094,6.14.4
1,pkg-028095,7.15.5
1,pkg-028096,8.16.6
1,pkg-028097,9.17.7
1,pkg-028098,1.18.8
1,pkg-028099,2.19.9
1,pkg-028100,3.0.0
1,pkg-028101,4.1.1
1,pkg-028102,5.2.2
1,pkg-028103,6.3.3
1,pkg-028104,7.4.4
1,pkg-028105,8.5.5
1,pkg-028106,9.6.6
1,pkg-028107,1.7.7
1,pkg-028108,2.8.8
1,pkg-028109,3.9.9
1,pkg-028110,4.10.0
1,pkg-028111,5.11.1
1,pkg-028112,6.12.2
1,pkg-028113,7.13.3
1,pkg-028114,8.14.4
1,pkg-028115,9.15.5
1,pkg-028116,1.16.6
1,pkg-028117,2.17.7
1,pkg-028118,3.18.8
1,pkg-028119,4.19.9
1,pkg-028120,5.0.0
1,pkg-028121,6.1.1
1,pkg-028122,7.2.2
1,pkg-028123,8.3.3
1,pkg-028124,9.4.4
1,pkg-028125,1.5.5
1,pkg-028126,2.6.6
1,pkg-028127,3.7.7
1,pkg-028128,4.8.8
1,pkg-028129,5.9.9
1,pkg-028130,6.10.0
1,pkg-028131,7.11.1
1,pkg-028132,8.12.2
1,pkg-028133,9.13.3
1,pkg-028134,1.14.4
1,pkg-028135,2.15.5
1,pkg-028136,3.16.6
1,pkg-028137,4.17.7
1,pkg-028138,5.18.8
1,pkg-028139,6.19.9
1,pkg-028140,7.0.0
1,pkg-028141,8.1.1
1,pkg-028142,9.2.2
1,pkg-028143,1.3.3
1,pkg-028144,2.4.4
1,pkg-028145,3.5.5
1,pkg-028146,4.6.6
1,pkg-028147,5.7.7
1,pkg-028148,6.8.8
1,pkg-028149,7.9.9
1,pkg-028150,8.10.0
1,pkg-028151,9.11.1
1,pkg-028152,1.12.2
1,pkg-028153,2.13.3
1,pkg-028154,3.14.4
1,pkg-028155,4.15.5
1,pkg-028156,5.16.6
1,pkg-028157,6.17.7
1,pkg-028158,7.18.8
1,pkg-028159,8.19.9
1,pkg-028160,9.0.0
1,pkg-028161,1.1.1
1,pkg-028162,2.2.2
1,pkg-028163,3.3.3
1,pkg-028164,4.4.4
1,pkg-028165,5.5.5
1,pkg-028166,6.6.6
1,pkg-028167,7.7.7
1,pkg-028168,8.8.8
1,pkg-028169,9.9.9
1,pkg-028170,1.10.0
1,pkg-028171,2.11.1
1,pkg-028172,3.12.2
1,pkg-028173,4.13.3
1,pkg-028174,5.14.4
1,pkg-028175,6.15.5
1,pkg-028176,7.16.6
1,pkg-028177,8.17.7
1,pkg-028178,9.18.8
1,pkg-028179,1.19.9
1,pkg-028180,2.0.0
1,pkg-028181,3.1.1
1,pkg-028182,4.2.2
1,pkg-028183,5.3.3
1,pkg-028184,6.4.4
1,pkg-028185,7.5.5
1,pkg-028186,8.6.6
1,pkg-028187,9.7.7
1,pkg-028188,1.8.8
1,pkg-028189,2.9.9
1,pkg-028190,3.10.0
1,pkg-028191,4.11.1
1,pkg-028192,5.12.2
1,pkg-028193,6.13.3
1,pkg-028194,7.14.4
1,pkg-028195,8.15.5
1,pkg-028196,9.16.6
1,pkg-028197,1.17.7
1,pkg-028198,2.18.8
1,pkg-028199,3.19.9
1,pkg-028200,4.0.0
1,pkg-028201,5.1.1
1,pkg-028202,6.2.2
1,pkg-028203,7.3.3
1,pkg-028204,8.4.4
1,pkg-028205,9.5.5
1,pkg-028206,1.6.6
1,pkg-028207,2.7.7
1,pkg-028208,3.8.8
1,pkg-028209,4.9.9
1,pkg-028210,5.10.0
1,pkg-028211,6.11.1
1,pkg-028212,7.12.2
1,pkg-028213,8.13.3
1,pkg-028214,9.14.4
1,pkg-028215,1.15.5
1,pkg-028216,2.16.6
1,pkg-028217,3.17.7
1,pkg-028218,4.18.8
1,pkg-028219,5.19.9
1,pkg-028220,6.0.0
1,pkg-028221,7.1.1
1,pkg-028222,8.2.2
1,pkg-028223,9.3.3
1,pkg-028224,1.4.4
1,pkg-028225,2.5.5
1,pkg-028226,3.6.6
1,pkg-028227,4.7.7
1,pkg-028228,5.8.8
1,pkg-028229,6.9.9
1,pkg-028230,7.10.0
1,pkg-028231,8.11.1
1,pkg-028232,9.12.2
1,pkg-028233,1.13.3
1,pkg-028234,2.14.4
1,pkg-028235,3.15.5
1,pkg-028236,4.16.6
1,pkg-028237,5.17.7
1,pkg-028238,6.18.8
1,pkg-028239,7.19.9
1,pkg-028240,8.0.0
1,pkg-028241,9.1.1
1,pkg-028242,1.2.2
1,pkg-028243,2.3.3
1,pkg-028244,3.4.4
1,pkg-028245,4.5.5
1,pkg-028246,5.6.6
1,pkg-028247,6.7.7
1,pkg-028248,7.8.8
1,pkg-028249,8.9.9
1,pkg-028250,9.10.0
1,pkg-028251,1.11.1
1,pkg-028252,2.12.2
1,pkg-028253,3.13.3
1,pkg-028254,4.14.4
1,pkg-028255,5.15.5
1,pkg-028256,6.16.6
1,pkg-028257,7.17.7
1,pkg-028258,8.18.8
1,pkg-028259,9.19.9
1,pkg-028260,1.0.0
1,pkg-028261,2.1.1
1,pkg-028262,3.2.2
1,pkg-028263,4.3.3
1,pkg-028264,5.4.4
1,pkg-028265,6.5.5
1,pkg-028266,7.6.6
1,pkg-028267,8.7.7
1,pkg-028268,9.8.8
1,pkg-028269,1.9.9
1,pkg-028270,2.10.0
1,pkg-028271,3.11.1
1,pkg-028272,4.12.2
1,pkg-028273,5.13.3
1,pkg-028274,6.14.4
1,pkg-028275,7.15.5
1,pkg-028276,8.16.6
1,pkg-028277,9.17.7
1,pkg-028278,1.18.8
1,pkg-028279,2.19.9
1,pkg-028280,3.0.0
1,pkg-028281,4.1.1
1,pkg-028282,5.2.2
1,pkg-028283,6.3.3
1,pkg-028284,7.4.4
1,pkg-028285,8.5.5
1,pkg-028286,9.6.6
1,pkg-028287,1.7.7
1,pkg-028288,2.8.8
1,pkg-028289,3.9.9
1,pkg-028290,4.10.0
1,pkg-028291,5.11.1
1,pkg-028292,6.12.2
1,pkg-028293,7.13.3
1,pkg-028294,8.14.4
1,pkg-028295,9.15.5
1,pkg-028296,1.16.6
1,pkg-028297,2.17.7
1,pkg-028298,3.18.8
1,pkg-028299,4.19.9
1,pkg-028300,5.0.0
1,pkg-028301,6.1.1
1,pkg-028302,7.2.2
1,pkg-028303,8.3.3
1,pkg-028304,9.4.4
1,pkg-028305,1.5.5
1,pkg-028306,2.6.6
1,pkg-028307,3.7.7
1,pkg-028308,4.8.8
1,pkg-028309,5.9.9
1,pkg-028310,6.10.0
1,pkg-028311,7.11.1
1,pkg-028312,8.12.2
1,pkg-028313,9.13.3
1,pkg-028314,1.14.4
1,pkg-028315,2.15.5
1,pkg-028316,3.16.6
1,pkg-028317,4.17.7
1,pkg-028318,5.18.8
1,pkg-028319,6.19.9
1,pkg-028320,7.0.0
1,pkg-028321,8.1.1
1,pkg-028322,9.2.2
1,pkg-028323,1.3.3
1,pkg-028324,2.4.4
1,pkg-028325,3.5.5
1,pkg-028326,4.6.6
1,pkg-028327,5.7.7
1,pkg-028328,6.8.8
1,pkg-028329,7.9.9
1,pkg-028330,8.10.0
1,pkg-028331,9.11.1
1,pkg-028332,1.12.2
1,pkg-028333,2.13.3
1,pkg-028334,3.14.4
1,pkg-028335,4.15.5
1,pkg-028336,5.16.6
1,pkg-028337,6.17.7
1,pkg-028338,7.18.8
1,pkg-028339,8.19.9
1,pkg-028340,9.0.0
1,pkg-028341,1.1.1
1,pkg-028342,2.2.2
1,pkg-028343,3.3.3
1,pkg-028344,4.4.4
1,pkg-028345,5.5.5
1,pkg-028346,6.6.6
1,pkg-028347,7.7.7
1,pkg-028348,8.8.8
1,pkg-028349,9.9.9
1,pkg-028350,1.10.0
1,pkg-028351,2.11.1
1,pkg-028352,3.12.2
1,pkg-028353,4.13.3
1,pkg-028354,5.14.4
1,pkg-028355,6.15.5
1,pkg-028356,7.16.6
1,pkg-028357,8.17.7
1,pkg-028358,9.18.8
1,pkg-028359,1.19.9
1,pkg-028360,2.0.0
1,pkg-028361,3.1.1
1,pkg-028362,4.2.2
1,pkg-028363,5.3.3
1,pkg-028364,6.4.4
1,pkg-028365,7.5.5
1,pkg-028366,8.6.6
1,pkg-028367,9.7.7
1,pkg-028368,1.8.8
1,pkg-028369,2.9.9
1,pkg-028370,3.10.0
1,pkg-028371,4.11.1
1,pkg-028372,5.12.2
1,pkg-028373,6.13.3
1,pkg-028374,7.14.4
1,pkg-028375,8.15.5
1,pkg-028376,9.16.6
1,pkg-028377,1.17.7
1,pkg-028378,2.18.8
1,pkg-028379,3.19.9
1,pkg-028380,4.0.0
1,pkg-028381,5.1.1
1,pkg-028382,6.2.2
1,pkg-028383,7.3.3
1,pkg-028384,8.4.4
1,pkg-028385,9.5.5
1,pkg-028386,1.6.6
1,pkg-028387,2.7.7
1,pkg-028388,3.8.8
1,pkg-028389,4.9.9
1,pkg-028390,5.10.0
1,pkg-028391,6.11.1
1,pkg-028392,7.12.2
1,pkg-028393,8.13.3
1,pkg-028394,9.14.4
1,pkg-028395,1.15.5
1,pkg-028396,2.16.6
1,pkg-028397,3.17.7
1,pkg-028398,4.18.8
1,pkg-028399,5.19.9
1,pkg-028400,6.0.0
1,pkg-028401,7.1.1
1,pkg-028402,8.2.2
1,pkg-028403,9.3.3
1,pkg-028404,1.4.4
1,pkg-028405,2.5.5
1,pkg-028406,3.6.6
1,pkg-028407,4.7.7
1,pkg-028408,5.8.8
1,pkg-028409,6.9.9
1,pkg-028410,7.10.0
1,pkg-028411,8.11.1
1,pkg-028412,9.12.2
1,pkg-028413,1.13.3
1,pkg-028414,2.14.4
1,pkg-028415,3.15.5
1,pkg-028416,4.16.6
1,pkg-028417,5.17.7
1,pkg-028418,6.18.8
1,pkg-028419,7.19.9
1,pkg-028420,8.0.0
1,pkg-028421,9.1.1
1,pkg-028422,1.2.2
1,pkg-028423,2.3.3
1,pkg-028424,3.4.4
1,pkg-028425,4.5.5
1,pkg-028426,5.6.6
1,pkg-028427,6.7.7
1,pkg-028428,7.8.8
1,pkg-028429,8.9.9
1,pkg-028430,9.10.0
1,pkg-028431,1.11.1
1,pkg-028432,2.12.2
1,pkg-028433,3.13.3
1,pkg-028434,4.14.4
1,pkg-028435,5.15.5
1,pkg-028436,6.16.6
1,pkg-028437,7.17.7
1,pkg-028438,8.18.8
1,pkg-028439,9.19.9
1,pkg-028440,1.0.0
1,pkg-028441,2.1.1
1,pkg-028442,3.2.2
1,pkg-028443,4.3.3
1,pkg-028444,5.4.4
1,pkg-028445,6.5.5
1,pkg-028446,7.6.6
1,pkg-028447,8.7.7
1,pkg-028448,9.8.8
1,pkg-028449,1.9.9
1,pkg-028450,2.10.0
1,pkg-028451,3.11.1
1,pkg-028452,4.12.2
1,pkg-028453,5.13.3
1,pkg-028454,6.14.4
1,pkg-028455,7.15.5
1,pkg-028456,8.16.6
1,pkg-028457,9.17.7
1,pkg-028458,1.18.8
1,pkg-028459,2.19.9
1,pkg-028460,3.0.0
1,pkg-028461,4.1.1
1,pkg-028462,5.2.2
1,pkg-028463,6.3.3
1,pkg-028464,7.4.4
1,pkg-028465,8.5.5
1,pkg-028466,9.6.6
1,pkg-028467,1.7.7
1,pkg-028468,2.8.8
1,pkg-028469,3.9.9
1,pkg-028470,4.10.0
1,pkg-028471,5.11.1
1,pkg-028472,6.12.2
1,pkg-028473,7.13.3
1,pkg-028474,8.14.4
1,pkg-028475,9.15.5
1,pkg-028476,1.16.6
1,pkg-028477,2.17.7
1,pkg-028478,3.18.8
1,pkg-028479,4.19.9
1,pkg-028480,5.0.0
1,pkg-028481,6.1.1
1,pkg-028482,7.2.2
1,pkg-028483,8.3.3
1,pkg-028484,9.4.4
1,pkg-028485,1.5.5
1,pkg-028486,2.6.6
1,pkg-028487,3.7.7
1,pkg-028488,4.8.8
1,pkg-028489,5.9.9
1,pkg-028490,6.10.0
1,pkg-028491,7.11.1
1,pkg-028492,8.12.2
1,pkg-028493,9.13.3
1,pkg-028494,1.14.4
1,pkg-028495,2.15.5
1,pkg-028496,3.16.6
1,pkg-028497,4.17.7
1,pkg-028498,5.18.8
1,pkg-028499,6.19.9
1,pkg-028500,7.0.0
1,pkg-028501,8.1.1
1,pkg-028502,9.2.2
1,pkg-028503,1.3.3
1,pkg-028504,2.4.4
1,pkg-028505,3.5.5
1,pkg-028506,4.6.6
1,pkg-028507,5.7.7
1,pkg-028508,6.8.8
1,pkg-028509,7.9.9
1,pkg-028510,8.10.0
1,pkg-028511,9.11.1
1,pkg-028512,1.12.2
1,pkg-028513,2.13.3
1,pkg-028514,3.14.4
1,pkg-028515,4.15.5
1,pkg-028516,5.16.6
1,pkg-028517,6.17.7
1,pkg-028518,7.18.8
1,pkg-028519,8.19.9
1,pkg-028520,9.0.0
1,pkg-028521,1.1.1
1,pkg-028522,2.2.2
1,pkg-028523,3.3.3
1,pkg-028524,4.4.4
1,pkg-028525,5.5.5
1,pkg-028526,6.6.6
1,pkg-028527,7.7.7
1,pkg-028528,8.8.8
1,pkg-028529,9.9.9
1,pkg-028530,1.10.0
1,pkg-028531,2.11.1
1,pkg-028532,3.12.2
1,pkg-028533,4.13.3
1,pkg-028534,5.14.4
1,pkg-028535,6.15.5
1,pkg-028536,7.16.6
1,pkg-028537,8.17.7
1,pkg-028538,9.18.8
1,pkg-028539,1.19.9
1,pkg-028540,2.0.0
1,pkg-028541,3.1.1
1,pkg-028542,4.2.2
1,pkg-028543,5.3.3
1,pkg-028544,6.4.4
1,pkg-028545,7.5.5
1,pkg-028546,8.6.6
1,pkg-028547,9.7.7
1,pkg-028548,1.8.8
1,pkg-028549,2.9.9
1,pkg-028550,3.10.0
1,pkg-028551,4.11.1
1,pkg-028552,5.12.2
1,pkg-028553,6.13.3
1,pkg-028554,7.14.4
1,pkg-028555,8.15.5
1,pkg-028556,9.16.6
1,pkg-028557,1.17.7
1,pkg-028558,2.18.8
1,pkg-028559,3.19.9
1,pkg-028560,4.0.0
1,pkg-028561,5.1.1
1,pkg-028562,6.2.2
1,pkg-028563,7.3.3
1,pkg-028564,8.4.4
1,pkg-028565,9.5.5
1,pkg-028566,1.6.6
1,pkg-028567,2.7.7
1,pkg-028568,3.8.8
1,pkg-028569,4.9.9
1,pkg-028570,5.10.0
1,pkg-028571,6.11.1
1,pkg-028572,7.12.2
1,pkg-028573,8.13.3
1,pkg-028574,9.14.4
1,pkg-028575,1.15.5
1,pkg-028576,2.16.6
1,pkg-028577,3.17.7
1,pkg-028578,4.18.8
1,pkg-028579,5.19.9
1,pkg-028580,6.0.0
1,pkg-028581,7.1.1
1,pkg-028582,8.2.2
1,pkg-028583,9.3.3
1,pkg-028584,1.4.4
1,pkg-028585,2.5.5
1,pkg-028586,3.6.6
1,pkg-028587,4.7.7
1,pkg-028588,5.8.8
1,pkg-028589,6.9.9
1,pkg-028590,7.10.0
1,pkg-028591,8.11.1
1,pkg-028592,9.12.2
1,pkg-028593,1.13.3
1,pkg-028594,2.14.4
1,pkg-028595,3.15.5
1,pkg-028596,4.16.6
1,pkg-028597,5.17.7
1,pkg-028598,6.18.8
1,pkg-028599,7.19.9
1,pkg-028600,8.0.0
1,pkg-028601,9.1.1
1,pkg-028602,1.2.2
1,pkg-028603,2.3.3
1,pkg-028604,3.4.4
1,pkg-028605,4.5.5
1,pkg-028606,5.6.6
1,pkg-028607,6.7.7
1,pkg-028608,7.8.8
1,pkg-028609,8.9.9
1,pkg-028610,9.10.0
1,pkg-028611,1.11.1
1,pkg-028612,2.12.2
1,pkg-028613,3.13.3
1,pkg-028614,4.14.4
1,pkg-028615,5.15.5
1,pkg-028616,6.16.6
1,pkg-028617,7.17.7
1,pkg-028618,8.18.8
1,pkg-028619,9.19.9
1,pkg-028620,1.0.0
1,pkg-028621,2.1.1
1,pkg-028622,3.2.2
1,pkg-028623,4.3.3
1,pkg-028624,5.4.4
1,pkg-028625,6.5.5
1,pkg-028626,7.6.6
1,pkg-028627,8.7.7
1,pkg-028628,9.8.8
1,pkg-028629,1.9.9
1,pkg-028630,2.10.0
1,pkg-028631,3.11.1
1,pkg-028632,4.12.2
1,pkg-028633,5.13.3
1,pkg-028634,6.14.4
1,pkg-028635,7.15.5
1,pkg-028636,8.16.6
1,pkg-028637,9.17.7
1,pkg-028638,1.18.8
1,pkg-028639,2.19.9
1,pkg-028640,3.0.0
1,pkg-028641,4.1.1
1,pkg-028642,5.2.2
1,pkg-028643,6.3.3
1,pkg-028644,7.4.4
1,pkg-028645,8.5.5
1,pkg-028646,9.6.6
1,pkg-028647,1.7.7
1,pkg-028648,2.8.8
1,pkg-028649,3.9.9
1,pkg-028650,4.10.0
1,pkg-028651,5.11.1
1,pkg-028652,6.12.2
1,pkg-028653,7.13.3
1,pkg-028654,8.14.4
1,pkg-028655,9.15.5
1,pkg-028656,1.16.6
1,pkg-028657,2.17.7
1,pkg-028658,3.18.8
1,pkg-028659,4.19.9
1,pkg-028660,5.0.0
1,pkg-028661,6.1.1
1,pkg-028662,7.2.2
1,pkg-028663,8.3.3
1,pkg-028664,9.4.4
1,pkg-028665,1.5.5
1,pkg-028666,2.6.6
1,pkg-028667,3.7.7
1,pkg-028668,4.8.8
1,pkg-028669,5.9.9
1,pkg-028670,6.10.0
1,pkg-028671,7.11.1
1,pkg-028672,8.12.2
1,pkg-028673,9.13.3
1,pkg-028674,1.14.4
1,pkg-028675,2.15.5
1,pkg-028676,3.16.6
1,pkg-028677,4.17.7
1,pkg-028678,5.18.8
1,pkg-028679,6.19.9
1,pkg-028680,7.0.0
1,pkg-028681,8.1.1
1,pkg-028682,9.2.2
1,pkg-028683,1.3.3
1,pkg-028684,2.4.4
1,pkg-028685,3.5.5
1,pkg-028686,4.6.6
1,pkg-028687,5.7.7
1,pkg-028688,6.8.8
1,pkg-028689,7.9.9
1,pkg-028690,8.10.0
1,pkg-028691,9.11.1
1,pkg-028692,1.12.2
1,pkg-028693,2.13.3
1,pkg-028694,3.14.4
1,pkg-028695,4.15.5
1,pkg-028696,5.16.6
1,pkg-028697,6.17.7
1,pkg-028698,7.18.8
1,pkg-028699,8.19.9
1,pkg-028700,9.0.0
1,pkg-028701,1.1.1
1,pkg-028702,2.2.2
1,pkg-028703,3.3.3
1,pkg-028704,4.4.4
1,pkg-028705,5.5.5
1,pkg-028706,6.6.6
1,pkg-028707,7.7.7
1,pkg-028708,8.8.8
1,pkg-028709,9.9.9
1,pkg-028710,1.10.0
1,pkg-028711,2.11.1
1,pkg-028712,3.12.2
1,pkg-028713,4.13.3
1,pkg-028714,5.14.4
1,pkg-028715,6.15.5
1,pkg-028716,7.16.6
1,pkg-028717,8.17.7
1,pkg-028718,9.18.8
1,pkg-028719,1.19.9
1,pkg-028720,2.0.0
1,pkg-028721,3.1.1
1,pkg-028722,4.2.2
1,pkg-028723,5.3.3
1,pkg-028724,6.4.4
1,pkg-028725,7.5.5
1,pkg-028726,8.6.6
1,pkg-028727,9.7.7
1,pkg-028728,1.8.8
1,pkg-028729,2.9.9
1,pkg-028730,3.10.0
1,pkg-028731,4.11.1
1,pkg-028732,5.12.2
1,pkg-028733,6.13.3
1,pkg-028734,7.14.4
1,pkg-028735,8.15.5
1,pkg-028736,9.16.6
1,pkg-028737,1.17.7
1,pkg-028738,2.18.8
1,pkg-028739,3.19.9
1,pkg-028740,4.0.0
1,pkg-028741,5.1.1
1,pkg-028742,6.2.2
1,pkg-028743,7.3.3
1,pkg-028744,8.4.4
1,pkg-028745,9.5.5
1,pkg-028746,1.6.6
1,pkg-028747,2.7.7
1,pkg-028748,3.8.8
1,pkg-028749,4.9.9
1,pkg-028750,5.10.0
1,pkg-028751,6.11.1
1,pkg-028752,7.12.2
1,pkg-028753,8.13.3
1,pkg-028754,9.14.4
1,pkg-028755,1.15.5
1,pkg-028756,2.16.6
1,pkg-028757,3.17.7
1,pkg-028758,4.18.8
1,pkg-028759,5.19.9
1,pkg-028760,6.0.0
1,pkg-028761,7.1.1
1,pkg-028762,8.2.2
1,pkg-028763,9.3.3
1,pkg-028764,1.4.4
1,pkg-028765,2.5.5
1,pkg-028766,3.6.6
1,pkg-028767,4.7.7
1,pkg-028768,5.8.8
1,pkg-028769,6.9.9
1,pkg-028770,7.10.0
1,pkg-028771,8.11.1
1,pkg-028772,9.12.2
1,pkg-028773,1.13.3
1,pkg-028774,2.14.4
1,pkg-028775,3.15.5
1,pkg-028776,4.16.6
1,pkg-028777,5.17.7
1,pkg-028778,6.18.8
1,pkg-028779,7.19.9
1,pkg-028780,8.0.0
1,pkg-028781,9.1.1
1,pkg-028782,1.2.2
1,pkg-028783,2.3.3
1,pkg-028784,3.4.4
1,pkg-028785,4.5.5
1,pkg-028786,5.6.6
1,pkg-028787,6.7.7
1,pkg-028788,7.8.8
1,pkg-028789,8.9.9
1,pkg-028790,9.10.0
1,pkg-028791,1.11.1
1,pkg-028792,2.12.2
1,pkg-028793,3.13.3
1,pkg-028794,4.14.4
1,pkg-028795,5.15.5
1,pkg-028796,6.16.6
1,pkg-028797,7.17.7
1,pkg-028798,8.18.8
1,pkg-028799,9.19.9
1,pkg-028800,1.0.0
1,pkg-028801,2.1.1
1,pkg-028802,3.2.2
1,pkg-028803,4.3.3
1,pkg-028804,5.4.4
1,pkg-028805,6.5.5
1,pkg-028806,7.6.6
1,pkg-028807,8.7.7
1,pkg-028808,9.8.8
1,pkg-028809,1.9.9
1,pkg-028810,2.10.0
1,pkg-028811,3.11.1
1,pkg-028812,4.12.2
1,pkg-028813,5.13.3
1,pkg-028814,6.14.4
1,pkg-028815,7.15.5
1,pkg-028816,8.16.6
1,pkg-028817,9.17.7
1,pkg-028818,1.18.8
1,pkg-028819,2.19.9
1,pkg-028820,3.0.0
1,pkg-028821,4.1.1
1,pkg-028822,5.2.2
1,pkg-028823,6.3.3
1,pkg-028824,7.4.4
1,pkg-028825,8.5.5
1,pkg-028826,9.6.6
1,pkg-028827,1.7.7
1,pkg-028828,2.8.8
1,pkg-028829,3.9.9
1,pkg-028830,4.10.0
1,pkg-028831,5.11.1
1,pkg-028832,6.12.2
1,pkg-028833,7.13.3
1,pkg-028834,8.14.4
1,pkg-028835,9.15.5
1,pkg-028836,1.16.6
1,pkg-028837,2.17.7
1,pkg-028838,3.18.8
1,pkg-028839,4.19.9
1,pkg-028840,5.0.0
1,pkg-028841,6.1.1
1,pkg-028842,7.2.2
1,pkg-028843,8.3.3
1,pkg-028844,9.4.4
1,pkg-028845,1.5.5
1,pkg-028846,2.6.6
1,pkg-028847,3.7.7
1,pkg-028848,4.8.8
1,pkg-028849,5.9.9
1,pkg-028850,6.10.0
1,pkg-028851,7.11.1
1,pkg-028852,8.12.2
1,pkg-028853,9.13.3
1,pkg-028854,1.14.4
1,pkg-028855,2.15.5
1,pkg-028856,3.16.6
1,pkg-028857,4.17.7
1,pkg-028858,5.18.8
1,pkg-028859,6.19.9
1,pkg-028860,7.0.0
1,pkg-028861,8.1.1
1,pkg-028862,9.2.2
1,pkg-028863,1.3.3
1,pkg-028864,2.4.4
1,pkg-028865,3.5.5
1,pkg-028866,4.6.6
1,pkg-028867,5.7.7
1,pkg-028868,6.8.8
1,pkg-028869,7.9.9
1,pkg-028870,8.10.0
1,pkg-028871,9.11.1
1,pkg-028872,1.12.2
1,pkg-028873,2.13.3
1,pkg-028874,3.14.4
1,pkg-028875,4.15.5
1,pkg-028876,5.16.6
1,pkg-028877,6.17.7
1,pkg-028878,7.18.8
1,pkg-028879,8.19.9
1,pkg-028880,9.0.0
1,pkg-028881,1.1.1
1,pkg-028882,2.2.2
1,pkg-028883,3.3.3
1,pkg-028884,4.4.4
1,pkg-028885,5.5.5
1,pkg-028886,6.6.6
1,pkg-028887,7.7.7
1,pkg-028888,8.8.8
1,pkg-028889,9.9.9
1,pkg-028890,1.10.0
1,pkg-028891,2.11.1
1,pkg-028892,3.12.2
1,pkg-028893,4.13.3
1,pkg-028894,5.14.4
1,pkg-028895,6.15.5
1,pkg-028896,7.16.6
1,pkg-028897,8.17.7
1,pkg-028898,9.18.8
1,pkg-028899,1.19.9
1,pkg-028900,2.0.0
1,pkg-028901,3.1.1
1,pkg-028902,4.2.2
1,pkg-028903,5.3.3
1,pkg-028904,6.4.4
1,pkg-028905,7.5.5
1,pkg-028906,8.6.6
1,pkg-028907,9.7.7
1,pkg-028908,1.8.8
1,pkg-028909,2.9.9
1,pkg-028910,3.10.0
1,pkg-028911,4.11.1
1,pkg-028912,5.12.2
1,pkg-028913,6.13.3
1,pkg-028914,7.14.4
1,pkg-028915,8.15.5
1,pkg-028916,9.16.6
1,pkg-028917,1.17.7
1,pkg-028918,2.18.8
1,pkg-028919,3.19.9
1,pkg-028920,4.0.0
1,pkg-028921,5.1.1
1,pkg-028922,6.2.2
1,pkg-028923,7.3.3
1,pkg-028924,8.4.4
1,pkg-028925,9.5.5
1,pkg-028926,1.6.6
1,pkg-028927,2.7.7
1,pkg-028928,3.8.8
1,pkg-028929,4.9.9
1,pkg-028930,5.10.0
1,pkg-028931,6.11.1
1,pkg-028932,7.12.2
1,pkg-028933,8.13.3
1,pkg-028934,9.14.4
1,pkg-028935,1.15.5
1,pkg-028936,2.16.6
1,pkg-028937,3.17.7
1,pkg-028938,4.18.8
1,pkg-028939,5.19.9
1,pkg-028940,6.0.0
1,pkg-028941,7.1.1
1,pkg-028942,8.2.2
1,pkg-028943,9.3.3
1,pkg-028944,1.4.4
1,pkg-028945,2.5.5
1,pkg-028946,3.6.6
1,pkg-028947,4.7.7
1,pkg-028948,5.8.8
1,pkg-028949,6.9.9
1,pkg-028950,7.10.0
1,pkg-028951,8.11.1
1,pkg-028952,9.12.2
1,pkg-028953,1.13.3
1,pkg-028954,2.14.4
1,pkg-028955,3.15.5
1,pkg-028956,4.16.6
1,pkg-028957,5.17.7
1,pkg-028958,6.18.8
1,pkg-028959,7.19.9
1,pkg-028960,8.0.0
1,pkg-028961,9.1.1
1,pkg-028962,1.2.2
1,pkg-028963,2.3.3
1,pkg-028964,3.4.4
1,pkg-028965,4.5.5
1,pkg-028966,5.6.6
1,pkg-028967,6.7.7
1,pkg-028968,7.8.8
1,pkg-028969,8.9.9
1,pkg-028970,9.10.0
1,pkg-028971,1.11.1
1,pkg-028972,2.12.2
1,pkg-028973,3.13.3
1,pkg-028974,4.14.4
1,pkg-028975,5.15.5
1,pkg-028976,6.16.6
1,pkg-028977,7.17.7
1,pkg-028978,8.18.8
1,pkg-028979,9.19.9
1,pkg-028980,1.0.0
1,pkg-028981,2.1.1
1,pkg-028982,3.2.2
1,pkg-028983,4.3.3
1,pkg-028984,5.4.4
1,pkg-028985,6.5.5
1,pkg-028986,7.6.6
1,pkg-028987,8.7.7
1,pkg-028988,9.8.8
1,pkg-028989,1.9.9
1,pkg-028990,2.10.0
1,pkg-028991,3.11.1
1,pkg-028992,4.12.2
1,pkg-028993,5.13.3
1,pkg-028994,6.14.4
1,pkg-028995,7.15.5
1,pkg-028996,8.16.6
1,pkg-028997,9.17.7
1,pkg-028998,1.18.8
1,pkg-028999,2.19.9
1,pkg-029000,3.0.0
1,pkg-029001,4.1.1
1,pkg-029002,5.2.2
1,pkg-029003,6.3.3
1,pkg-029004,7.4.4
1,pkg-029005,8.5.5
1,pkg-029006,9.6.6
1,pkg-029007,1.7.7
1,pkg-029008,2.8.8
1,pkg-029009,3.9.9
1,pkg-029010,4.10.0
1,pkg-029011,5.11.1
1,pkg-029012,6.12.2
1,pkg-029013,7.13.3
1,pkg-029014,8.14.4
1,pkg-029015,9.15.5
1,pkg-029016,1.16.6
1,pkg-029017,2.17.7
1,pkg-029018,3.18.8
1,pkg-029019,4.19.9
1,pkg-029020,5.0.0
1,pkg-029021,6.1.1
1,pkg-029022,7.2.2
1,pkg-029023,8.3.3
1,pkg-029024,9.4.4
1,pkg-029025,1.5.5
1,pkg-029026,2.6.6
1,pkg-029027,3.7.7
1,pkg-029028,4.8.8
1,pkg-029029,5.9.9
1,pkg-029030,6.10.0
1,pkg-029031,7.11.1
1,pkg-029032,8.12.2
1,pkg-029033,9.13.3
1,pkg-029034,1.14.4
1,pkg-029035,2.15.5
1,pkg-029036,3.16.6
1,pkg-029037,4.17.7
1,pkg-029038,5.18.8
1,pkg-029039,6.19.9
1,pkg-029040,7.0.0
1,pkg-029041,8.1.1
1,pkg-029042,9.2.2
1,pkg-029043,1.3.3
1,pkg-029044,2.4.4
1,pkg-029045,3.5.5
1,pkg-029046,4.6.6
1,pkg-029047,5.7.7
1,pkg-029048,6.8.8
1,pkg-029049,7.9.9
1,pkg-029050,8.10.0
1,pkg-029051,9.11.1
1,pkg-029052,1.12.2
1,pkg-029053,2.13.3
1,pkg-029054,3.14.4
1,pkg-029055,4.15.5
1,pkg-029056,5.16.6
1,pkg-029057,6.17.7
1,pkg-029058,7.18.8
1,pkg-029059,8.19.9
1,pkg-029060,9.0.0
1,pkg-029061,1.1.1
1,pkg-029062,2.2.2
1,pkg-029063,3.3.3
1,pkg-029064,4.4.4
1,pkg-029065,5.5.5
1,pkg-029066,6.6.6
1,pkg-029067,7.7.7
1,pkg-029068,8.8.8
1,pkg-029069,9.9.9
1,pkg-029070,1.10.0
1,pkg-029071,2.11.1
1,pkg-029072,3.12.2
1,pkg-029073,4.13.3
1,pkg-029074,5.14.4
1,pkg-029075,6.15.5
1,pkg-029076,7.16.6
1,pkg-029077,8.17.7
1,pkg-029078,9.18.8
1,pkg-029079,1.19.9
1,pkg-029080,2.0.0
1,pkg-029081,3.1.1
1,pkg-029082,4.2.2
1,pkg-029083,5.3.3
1,pkg-029084,6.4.4
1,pkg-029085,7.5.5
1,pkg-029086,8.6.6
1,pkg-029087,9.7.7
1,pkg-029088,1.8.8
1,pkg-029089,2.9.9
1,pkg-029090,3.10.0
1,pkg-029091,4.11.1
1,pkg-029092,5.12.2
1,pkg-029093,6.13.3
1,pkg-029094,7.14.4
1,pkg-029095,8.15.5
1,pkg-029096,9.16.6
1,pkg-029097,1.17.7
1,pkg-029098,2.18.8
1,pkg-029099,3.19.9
1,pkg-029100,4.0.0
1,pkg-029101,5.1.1
1,pkg-029102,6.2.2
1,pkg-029103,7.3.3
1,pkg-029104,8.4.4
1,pkg-029105,9.5.5
1,pkg-029106,1.6.6
1,pkg-029107,2.7.7
1,pkg-029108,3.8.8
1,pkg-029109,4.9.9
1,pkg-029110,5.10.0
1,pkg-029111,6.11.1
1,pkg-029112,7.12.2
1,pkg-029113,8.13.3
1,pkg-029114,9.14.4
1,pkg-029115,1.15.5
1,pkg-029116,2.16.6
1,pkg-029117,3.17.7
1,pkg-029118,4.18.8
1,pkg-029119,5.19.9
1,pkg-029120,6.0.0
1,pkg-029121,7.1.1
1,pkg-029122,8.2.2
1,pkg-029123,9.3.3
1,pkg-029124,1.4.4
1,pkg-029125,2.5.5
1,pkg-029126,3.6.6
1,pkg-029127,4.7.7
1,pkg-029128,5.8.8
1,pkg-029129,6.9.9
1,pkg-029130,7.10.0
1,pkg-029131,8.11.1
1,pkg-029132,9.12.2
1,pkg-029133,1.13.3
1,pkg-029134,2.14.4
1,pkg-029135,3.15.5
1,pkg-029136,4.16.6
1,pkg-029137,5.17.7
1,pkg-029138,6.18.8
1,pkg-029139,7.19.9
1,pkg-029140,8.0.0
1,pkg-029141,9.1.1
1,pkg-029142,1.2.2
1,pkg-029143,2.3.3
1,pkg-029144,3.4.4
1,pkg-029145,4.5.5
1,pkg-029146,5.6.6
1,pkg-029147,6.7.7
1,pkg-029148,7.8.8
1,pkg-029149,8.9.9
1,pkg-029150,9.10.0
1,pkg-029151,1.11.1
1,pkg-029152,2.12.2
1,pkg-029153,3.13.3
1,pkg-029154,4.14.4
1,pkg-029155,5.15.5
1,pkg-029156,6.16.6
1,pkg-029157,7.17.7
1,pkg-029158,8.18.8
1,pkg-029159,9.19.9
1,pkg-029160,1.0.0
1,pkg-029161,2.1.1
1,pkg-029162,3.2.2
1,pkg-029163,4.3.3
1,pkg-029164,5.4.4
1,pkg-029165,6.5.5
1,pkg-029166,7.6.6
1,pkg-029167,8.7.7
1,pkg-029168,9.8.8
1,pkg-029169,1.9.9
1,pkg-029170,2.10.0
1,pkg-029171,3.11.1
1,pkg-029172,4.12.2
1,pkg-029173,5.13.3
1,pkg-029174,6.14.4
1,pkg-029175,7.15.5
1,pkg-029176,8.16.6
1,pkg-029177,9.17.7
1,pkg-029178,1.18.8
1,pkg-029179,2.19.9
1,pkg-029180,3.0.0
1,pkg-029181,4.1.1
1,pkg-029182,5.2.2
1,pkg-029183,6.3.3
1,pkg-029184,7.4.4
1,pkg-029185,8.5.5
1,pkg-029186,9.6.6
1,pkg-029187,1.7.7
1,pkg-029188,2.8.8
1,pkg-029189,3.9.9
1,pkg-029190,4.10.0
1,pkg-029191,5.11.1
1,pkg-029192,6.12.2
1,pkg-029193,7.13.3
1,pkg-029194,8.14.4
1,pkg-029195,9.15.5
1,pkg-029196,1.16.6
1,pkg-029197,2.17.7
1,pkg-029198,3.18.8
1,pkg-029199,4.19.9
1,pkg-029200,5.0.0
1,pkg-029201,6.1.1
1,pkg-029202,7.2.2
1,pkg-029203,8.3.3
1,pkg-029204,9.4.4
1,pkg-029205,1.5.5
1,pkg-029206,2.6.6
1,pkg-029207,3.7.7
1,pkg-029208,4.8.8
1,pkg-029209,5.9.9
1,pkg-029210,6.10.0
1,pkg-029211,7.11.1
1,pkg-029212,8.12.2
1,pkg-029213,9.13.3
1,pkg-029214,1.14.4
1,pkg-029215,2.15.5
1,pkg-029216,3.16.6
1,pkg-029217,4.17.7
1,pkg-029218,5.18.8
1,pkg-029219,6.19.9
1,pkg-029220,7.0.0
1,pkg-029221,8.1.1
1,pkg-029222,9.2.2
1,pkg-029223,1.3.3
1,pkg-029224,2.4.4
1,pkg-029225,3.5.5
1,pkg-029226,4.6.6
1,pkg-029227,5.7.7
1,pkg-029228,6.8.8
1,pkg-029229,7.9.9
1,pkg-029230,8.10.0
1,pkg-029231,9.11.1
1,pkg-029232,1.12.2
1,pkg-029233,2.13.3
1,pkg-029234,3.14.4
1,pkg-029235,4.15.5
1,pkg-029236,5.16.6
1,pkg-029237,6.17.7
1,pkg-029238,7.18.8
1,pkg-029239,8.19.9
1,pkg-029240,9.0.0
1,pkg-029241,1.1.1
1,pkg-029242,2.2.2
1,pkg-029243,3.3.3
1,pkg-029244,4.4.4
1,pkg-029245,5.5.5
1,pkg-029246,6.6.6
1,pkg-029247,7.7.7
1,pkg-029248,8.8.8
1,pkg-029249,9.9.9
1,pkg-029250,1.10.0
1,pkg-029251,2.11.1
1,pkg-029252,3.12.2
1,pkg-029253,4.13.3
1,pkg-029254,5.14.4
1,pkg-029255,6.15.5
1,pkg-029256,7.16.6
1,pkg-029257,8.17.7
1,pkg-029258,9.18.8
1,pkg-029259,1.19.9
1,pkg-029260,2.0.0
1,pkg-029261,3.1.1
1,pkg-029262,4.2.2
1,pkg-029263,5.3.3
1,pkg-029264,6.4.4
1,pkg-029265,7.5.5
1,pkg-029266,8.6.6
1,pkg-029267,9.7.7
1,pkg-029268,1.8.8
1,pkg-029269,2.9.9
1,pkg-029270,3.10.0
1,pkg-029271,4.11.1
1,pkg-029272,5.12.2
1,pkg-029273,6.13.3
1,pkg-029274,7.14.4
1,pkg-029275,8.15.5
1,pkg-029276,9.16.6
1,pkg-029277,1.17.7
1,pkg-029278,2.18.8
1,pkg-029279,3.19.9
1,pkg-029280,4.0.0
1,pkg-029281,5.1.1
1,pkg-029282,6.2.2
1,pkg-029283,7.3.3
1,pkg-029284,8.4.4
1,pkg-029285,9.5.5
1,pkg-029286,1.6.6
1,pkg-029287,2.7.7
1,pkg-029288,3.8.8
1,pkg-029289,4.9.9
1,pkg-029290,5.10.0
1,pkg-029291,6.11.1
1,pkg-029292,7.12.2
1,pkg-029293,8.13.3
1,pkg-029294,9.14.4
1,pkg-029295,1.15.5
1,pkg-029296,2.16.6
1,pkg-029297,3.17.7
1,pkg-029298,4.18.8
1,pkg-029299,5.19.9
1,pkg-029300,6.0.0
1,pkg-029301,7.1.1
1,pkg-029302,8.2.2
1,pkg-029303,9.3.3
1,pkg-029304,1.4.4
1,pkg-029305,2.5.5
1,pkg-029306,3.6.6
1,pkg-029307,4.7.7
1,pkg-029308,5.8.8
1,pkg-029309,6.9.9
1,pkg-029310,7.10.0
1,pkg-029311,8.11.1
1,pkg-029312,9.12.2
1,pkg-029313,1.13.3
1,pkg-029314,2.14.4
1,pkg-029315,3.15.5
1,pkg-029316,4.16.6
1,pkg-029317,5.17.7
1,pkg-029318,6.18.8
1,pkg-029319,7.19.9
1,pkg-029320,8.0.0
1,pkg-029321,9.1.1
1,pkg-029322,1.2.2
1,pkg-029323,2.3.3
1,pkg-029324,3.4.4
1,pkg-029325,4.5.5
1,pkg-029326,5.6.6
1,pkg-029327,6.7.7
1,pkg-029328,7.8.8
1,pkg-029329,8.9.9
1,pkg-029330,9.10.0
1,pkg-029331,1.11.1
1,pkg-029332,2.12.2
1,pkg-029333,3.13.3
1,pkg-029334,4.14.4
1,pkg-029335,5.15.5
1,pkg-029336,6.16.6
1,pkg-029337,7.17.7
1,pkg-029338,8.18.8
1,pkg-029339,9.19.9
1,pkg-029340,1.0.0
1,pkg-029341,2.1.1
1,pkg-029342,3.2.2
1,pkg-029343,4.3.3
1,pkg-029344,5.4.4
1,pkg-029345,6.5.5
1,pkg-029346,7.6.6
1,pkg-029347,8.7.7
1,pkg-029348,9.8.8
1,pkg-029349,1.9.9
1,pkg-029350,2.10.0
1,pkg-029351,3.11.1
1,pkg-029352,4.12.2
1,pkg-029353,5.13.3
1,pkg-029354,6.14.4
1,pkg-029355,7.15.5
1,pkg-029356,8.16.6
1,pkg-029357,9.17.7
1,pkg-029358,1.18.8
1,pkg-029359,2.19.9
1,pkg-029360,3.0.0
1,pkg-029361,4.1.1
1,pkg-029362,5.2.2
1,pkg-029363,6.3.3
1,pkg-029364,7.4.4
1,pkg-029365,8.5.5
1,pkg-029366,9.6.6
1,pkg-029367,1.7.7
1,pkg-029368,2.8.8
1,pkg-029369,3.9.9
1,pkg-029370,4.10.0
1,pkg-029371,5.11.1
1,pkg-029372,6.12.2
1,pkg-029373,7.13.3
1,pkg-029374,8.14.4
1,pkg-029375,9.15.5
1,pkg-029376,1.16.6
1,pkg-029377,2.17.7
1,pkg-029378,3.18.8
1,pkg-029379,4.19.9
1,pkg-029380,5.0.0
1,pkg-029381,6.1.1
1,pkg-029382,7.2.2
1,pkg-029383,8.3.3
1,pkg-029384,9.4.4
1,pkg-029385,1.5.5
1,pkg-029386,2.6.6
1,pkg-029387,3.7.7
1,pkg-029388,4.8.8
1,pkg-029389,5.9.9
1,pkg-029390,6.10.0
1,pkg-029391,7.11.1
1,pkg-029392,8.12.2
1,pkg-029393,9.13.3
1,pkg-029394,1.14.4
1,pkg-029395,2.15.5
1,pkg-029396,3.16.6
1,pkg-029397,4.17.7
1,pkg-029398,5.18.8
1,pkg-029399,6.19.9
1,pkg-029400,7.0.0
1,pkg-029401,8.1.1
1,pkg-029402,9.2.2
1,pkg-029403,1.3.3
1,pkg-029404,2.4.4
1,pkg-029405,3.5.5
1,pkg-029406,4.6.6
1,pkg-029407,5.7.7
1,pkg-029408,6.8.8
1,pkg-029409,7.9.9
1,pkg-029410,8.10.0
1,pkg-029411,9.11.1
1,pkg-029412,1.12.2
1,pkg-029413,2.13.3
1,pkg-029414,3.14.4
1,pkg-029415,4.15.5
1,pkg-029416,5.16.6
1,pkg-029417,6.17.7
1,pkg-029418,7.18.8
1,pkg-029419,8.19.9
1,pkg-029420,9.0.0
1,pkg-029421,1.1.1
1,pkg-029422,2.2.2
1,pkg-029423,3.3.3
1,pkg-029424,4.4.4
1,pkg-029425,5.5.5
1,pkg-029426,6.6.6
1,pkg-029427,7.7.7
1,pkg-029428,8.8.8
1,pkg-029429,9.9.9
1,pkg-029430,1.10.0
1,pkg-029431,2.11.1
1,pkg-029432,3.12.2
1,pkg-029433,4.13.3
1,pkg-029434,5.14.4
1,pkg-029435,6.15.5
1,pkg-029436,7.16.6
1,pkg-029437,8.17.7
1,pkg-029438,9.18.8
1,pkg-029439,1.19.9
1,pkg-029440,2.0.0
1,pkg-029441,3.1.1
1,pkg-029442,4.2.2
1,pkg-029443,5.3.3
1,pkg-029444,6.4.4
1,pkg-029445,7.5.5
1,pkg-029446,8.6.6
1,pkg-029447,9.7.7
1,pkg-029448,1.8.8
1,pkg-029449,2.9.9
1,pkg-029450,3.10.0
1,pkg-029451,4.11.1
1,pkg-029452,5.12.2
1,pkg-029453,6.13.3
1,pkg-029454,7.14.4
1,pkg-029455,8.15.5
1,pkg-029456,9.16.6
1,pkg-029457,1.17.7
1,pkg-029458,2.18.8
1,pkg-029459,3.19.9
1,pkg-029460,4.0.0
1,pkg-029461,5.1.1
1,pkg-029462,6.2.2
1,pkg-029463,7.3.3
1,pkg-029464,8.4.4
1,pkg-029465,9.5.5
1,pkg-029466,1.6.6
1,pkg-029467,2.7.7
1,pkg-029468,3.8.8
1,pkg-029469,4.9.9
1,pkg-029470,5.10.0
1,pkg-029471,6.11.1
1,pkg-029472,7.12.2
1,pkg-029473,8.13.3
1,pkg-029474,9.14.4
1,pkg-029475,1.15.5
1,pkg-029476,2.16.6
1,pkg-029477,3.17.7
1,pkg-029478,4.18.8
1,pkg-029479,5.19.9
1,pkg-029480,6.0.0
1,pkg-029481,7.1.1
1,pkg-029482,8.2.2
1,pkg-029483,9.3.3
1,pkg-029484,1.4.4
1,pkg-029485,2.5.5
1,pkg-029486,3.6.6
1,pkg-029487,4.7.7
1,pkg-029488,5.8.8
1,pkg-029489,6.9.9
1,pkg-029490,7.10.0
1,pkg-029491,8.11.1
1,pkg-029492,9.12.2
1,pkg-029493,1.13.3
1,pkg-029494,2.14.4
1,pkg-029495,3.15.5
1,pkg-029496,4.16.6
1,pkg-029497,5.17.7
1,pkg-029498,6.18.8
1,pkg-029499,7.19.9
1,pkg-029500,8.0.0
1,pkg-029501,9.1.1
1,pkg-029502,1.2.2
1,pkg-029503,2.3.3
1,pkg-029504,3.4.4
1,pkg-029505,4.5.5
1,pkg-029506,5.6.6
1,pkg-029507,6.7.7
1,pkg-029508,7.8.8
1,pkg-029509,8.9.9
1,pkg-029510,9.10.0
1,pkg-029511,1.11.1
1,pkg-029512,2.12.2
1,pkg-029513,3.13.3
1,pkg-029514,4.14.4
1,pkg-029515,5.15.5
1,pkg-029516,6.16.6
1,pkg-029517,7.17.7
1,pkg-029518,8.18.8
1,pkg-029519,9.19.9
1,pkg-029520,1.0.0
1,pkg-029521,2.1.1
1,pkg-029522,3.2.2
1,pkg-029523,4.3.3
1,pkg-029524,5.4.4
1,pkg-029525,6.5.5
1,pkg-029526,7.6.6
1,pkg-029527,8.7.7
1,pkg-029528,9.8.8
1,pkg-029529,1.9.9
1,pkg-029530,2.10.0
1,pkg-029531,3.11.1
1,pkg-029532,4.12.2
1,pkg-029533,5.13.3
1,pkg-029534,6.14.4
1,pkg-029535,7.15.5
1,pkg-029536,8.16.6
1,pkg-029537,9.17.7
1,pkg-029538,1.18.8
1,pkg-029539,2.19.9
1,pkg-029540,3.0.0
1,pkg-029541,4.1.1
1,pkg-029542,5.2.2
1,pkg-029543,6.3.3
1,pkg-029544,7.4.4
1,pkg-029545,8.5.5
1,pkg-029546,9.6.6
1,pkg-029547,1.7.7
1,pkg-029548,2.8.8
1,pkg-029549,3.9.9
1,pkg-029550,4.10.0
1,pkg-029551,5.11.1
1,pkg-029552,6.12.2
1,pkg-029553,7.13.3
1,pkg-029554,8.14.4
1,pkg-029555,9.15.5
1,pkg-029556,1.16.6
1,pkg-029557,2.17.7
1,pkg-029558,3.18.8
1,pkg-029559,4.19.9
1,pkg-029560,5.0.0
1,pkg-029561,6.1.1
1,pkg-029562,7.2.2
1,pkg-029563,8.3.3
1,pkg-029564,9.4.4
1,pkg-029565,1.5.5
1,pkg-029566,2.6.6
1,pkg-029567,3.7.7
1,pkg-029568,4.8.8
1,pkg-029569,5.9.9
1,pkg-029570,6.10.0
1,pkg-029571,7.11.1
1,pkg-029572,8.12.2
1,pkg-029573,9.13.3
1,pkg-029574,1.14.4
1,pkg-029575,2.15.5
1,pkg-029576,3.16.6
1,pkg-029577,4.17.7
1,pkg-029578,5.18.8
1,pkg-029579,6.19.9
1,pkg-029580,7.0.0
1,pkg-029581,8.1.1
1,pkg-029582,9.2.2
1,pkg-029583,1.3.3
1,pkg-029584,2.4.4
1,pkg-029585,3.5.5
1,pkg-029586,4.6.6
1,pkg-029587,5.7.7
1,pkg-029588,6.8.8
1,pkg-029589,7.9.9
1,pkg-029590,8.10.0
1,pkg-029591,9.11.1
1,pkg-029592,1.12.2
1,pkg-029593,2.13.3
1,pkg-029594,3.14.4
1,pkg-029595,4.15.5
1,pkg-029596,5.16.6
1,pkg-029597,6.17.7
1,pkg-029598,7.18.8
1,pkg-029599,8.19.9
1,pkg-029600,9.0.0
1,pkg-029601,1.1.1
1,pkg-029602,2.2.2
1,pkg-029603,3.3.3
1,pkg-029604,4.4.4
1,pkg-029605,5.5.5
1,pkg-029606,6.6.6
1,pkg-029607,7.7.7
1,pkg-029608,8.8.8
1,pkg-029609,9.9.9
1,pkg-029610,1.10.0
1,pkg-029611,2.11.1
1,pkg-029612,3.12.2
1,pkg-029613,4.13.3
1,pkg-029614,5.14.4
1,pkg-029615,6.15.5
1,pkg-029616,7.16.6
1,pkg-029617,8.17.7
1,pkg-029618,9.18.8
1,pkg-029619,1.19.9
1,pkg-029620,2.0.0
1,pkg-029621,3.1.1
1,pkg-029622,4.2.2
1,pkg-029623,5.3.3
1,pkg-029624,6.4.4
1,pkg-029625,7.5.5
1,pkg-029626,8.6.6
1,pkg-029627,9.7.7
1,pkg-029628,1.8.8
1,pkg-029629,2.9.9
1,pkg-029630,3.10.0
1,pkg-029631,4.11.1
1,pkg-029632,5.12.2
1,pkg-029633,6.13.3
1,pkg-029634,7.14.4
1,pkg-029635,8.15.5
1,pkg-029636,9.16.6
1,pkg-029637,1.17.7
1,pkg-029638,2.18.8
1,pkg-029639,3.19.9
1,pkg-029640,4.0.0
1,pkg-029641,5.1.1
1,pkg-029642,6.2.2
1,pkg-029643,7.3.3
1,pkg-029644,8.4.4
1,pkg-029645,9.5.5
1,pkg-029646,1.6.6
1,pkg-029647,2.7.7
1,pkg-029648,3.8.8
1,pkg-029649,4.9.9
1,pkg-029650,5.10.0
1,pkg-029651,6.11.1
1,pkg-029652,7.12.2
1,pkg-029653,8.13.3
1,pkg-029654,9.14.4
1,pkg-029655,1.15.5
1,pkg-029656,2.16.6
1,pkg-029657,3.17.7
1,pkg-029658,4.18.8
1,pkg-029659,5.19.9
1,pkg-029660,6.0.0
1,pkg-029661,7.1.1
1,pkg-029662,8.2.2
1,pkg-029663,9.3.3
1,pkg-029664,1.4.4
1,pkg-029665,2.5.5
1,pkg-029666,3.6.6
1,pkg-029667,4.7.7
1,pkg-029668,5.8.8
1,pkg-029669,6.9.9
1,pkg-029670,7.10.0
1,pkg-029671,8.11.1
1,pkg-029672,9.12.2
1,pkg-029673,1.13.3
1,pkg-029674,2.14.4
1,pkg-029675,3.15.5
1,pkg-029676,4.16.6
1,pkg-029677,5.17.7
1,pkg-029678,6.18.8
1,pkg-029679,7.19.9
1,pkg-029680,8.0.0
1,pkg-029681,9.1.1
1,pkg-029682,1.2.2
1,pkg-029683,2.3.3
1,pkg-029684,3.4.4
1,pkg-029685,4.5.5
1,pkg-029686,5.6.6
1,pkg-029687,6.7.7
1,pkg-029688,7.8.8
1,pkg-029689,8.9.9
1,pkg-029690,9.10.0
1,pkg-029691,1.11.1
1,pkg-029692,2.12.2
1,pkg-029693,3.13.3
1,pkg-029694,4.14.4
1,pkg-029695,5.15.5
1,pkg-029696,6.16.6
1,pkg-029697,7.17.7
1,pkg-029698,8.18.8
1,pkg-029699,9.19.9
1,pkg-029700,1.0.0
1,pkg-029701,2.1.1
1,pkg-029702,3.2.2
1,pkg-029703,4.3.3
1,pkg-029704,5.4.4
1,pkg-029705,6.5.5
1,pkg-029706,7.6.6
1,pkg-029707,8.7.7
1,pkg-029708,9.8.8
1,pkg-029709,1.9.9
1,pkg-029710,2.10.0
1,pkg-029711,3.11.1
1,pkg-029712,4.12.2
1,pkg-029713,5.13.3
1,pkg-029714,6.14.4
1,pkg-029715,7.15.5
1,pkg-029716,8.16.6
1,pkg-029717,9.17.7
1,pkg-029718,1.18.8
1,pkg-029719,2.19.9
1,pkg-029720,3.0.0
1,pkg-029721,4.1.1
1,pkg-029722,5.2.2
1,pkg-029723,6.3.3
1,pkg-029724,7.4.4
1,pkg-029725,8.5.5
1,pkg-029726,9.6.6
1,pkg-029727,1.7.7
1,pkg-029728,2.8.8
1,pkg-029729,3.9.9
1,pkg-029730,4.10.0
1,pkg-029731,5.11.1
1,pkg-029732,6.12.2
1,pkg-029733,7.13.3
1,pkg-029734,8.14.4
1,pkg-029735,9.15.5
1,pkg-029736,1.16.6
1,pkg-029737,2.17.7
1,pkg-029738,3.18.8
1,pkg-029739,4.19.9
1,pkg-029740,5.0.0
1,pkg-029741,6.1.1
1,pkg-029742,7.2.2
1,pkg-029743,8.3.3
1,pkg-029744,9.4.4
1,pkg-029745,1.5.5
1,pkg-029746,2.6.6
1,pkg-029747,3.7.7
1,pkg-029748,4.8.8
1,pkg-029749,5.9.9
1,pkg-029750,6.10.0
1,pkg-029751,7.11.1
1,pkg-029752,8.12.2
1,pkg-029753,9.13.3
1,pkg-029754,1.14.4
1,pkg-029755,2.15.5
1,pkg-029756,3.16.6
1,pkg-029757,4.17.7
1,pkg-029758,5.18.8
1,pkg-029759,6.19.9
1,pkg-029760,7.0.0
1,pkg-029761,8.1.1
1,pkg-029762,9.2.2
1,pkg-029763,1.3.3
1,pkg-029764,2.4.4
1,pkg-029765,3.5.5
1,pkg-029766,4.6.6
1,pkg-029767,5.7.7
1,pkg-029768,6.8.8
1,pkg-029769,7.9.9
1,pkg-029770,8.10.0
1,pkg-029771,9.11.1
1,pkg-029772,1.12.2
1,pkg-029773,2.13.3
1,pkg-029774,3.14.4
1,pkg-029775,4.15.5
1,pkg-029776,5.16.6
1,pkg-029777,6.17.7
1,pkg-029778,7.18.8
1,pkg-029779,8.19.9
1,pkg-029780,9.0.0
1,pkg-029781,1.1.1
1,pkg-029782,2.2.2
1,pkg-029783,3.3.3
1,pkg-029784,4.4.4
1,pkg-029785,5.5.5
1,pkg-029786,6.6.6
1,pkg-029787,7.7.7
1,pkg-029788,8.8.8
1,pkg-029789,9.9.9
1,pkg-029790,1.10.0
1,pkg-029791,2.11.1
1,pkg-029792,3.12.2
1,pkg-029793,4.13.3
1,pkg-029794,5.14.4
1,pkg-029795,6.15.5
1,pkg-029796,7.16.6
1,pkg-029797,8.17.7
1,pkg-029798,9.18.8
1,pkg-029799,1.19.9
1,pkg-029800,2.0.0
1,pkg-029801,3.1.1
1,pkg-029802,4.2.2
1,pkg-029803,5.3.3
1,pkg-029804,6.4.4
1,pkg-029805,7.5.5
1,pkg-029806,8.6.6
1,pkg-029807,9.7.7
1,pkg-029808,1.8.8
1,pkg-029809,2.9.9
1,pkg-029810,3.10.0
1,pkg-029811,4.11.1
1,pkg-029812,5.12.2
1,pkg-029813,6.13.3
1,pkg-029814,7.14.4
1,pkg-029815,8.15.5
1,pkg-029816,9.16.6
1,pkg-029817,1.17.7
1,pkg-029818,2.18.8
1,pkg-029819,3.19.9
1,pkg-029820,4.0.0
1,pkg-029821,5.1.1
1,pkg-029822,6.2.2
1,pkg-029823,7.3.3
1,pkg-029824,8.4.4
1,pkg-029825,9.5.5
1,pkg-029826,1.6.6
1,pkg-029827,2.7.7
1,pkg-029828,3.8.8
1,pkg-029829,4.9.9
1,pkg-029830,5.10.0
1,pkg-029831,6.11.1
1,pkg-029832,7.12.2
1,pkg-029833,8.13.3
1,pkg-029834,9.14.4
1,pkg-029835,1.15.5
1,pkg-029836,2.16.6
1,pkg-029837,3.17.7
1,pkg-029838,4.18.8
1,pkg-029839,5.19.9
1,pkg-029840,6.0.0
1,pkg-029841,7.1.1
1,pkg-029842,8.2.2
1,pkg-029843,9.3.3
1,pkg-029844,1.4.4
1,pkg-029845,2.5.5
1,pkg-029846,3.6.6
1,pkg-029847,4.7.7
1,pkg-029848,5.8.8
1,pkg-029849,6.9.9
1,pkg-029850,7.10.0
1,pkg-029851,8.11.1
1,pkg-029852,9.12.2
1,pkg-029853,1.13.3
1,pkg-029854,2.14.4
1,pkg-029855,3.15.5
1,pkg-029856,4.16.6
1,pkg-029857,5.17.7
1,pkg-029858,6.18.8
1,pkg-029859,7.19.9
1,pkg-029860,8.0.0
1,pkg-029861,9.1.1
1,pkg-029862,1.2.2
1,pkg-029863,2.3.3
1,pkg-029864,3.4.4
1,pkg-029865,4.5.5
1,pkg-029866,5.6.6
1,pkg-029867,6.7.7
1,pkg-029868,7.8.8
1,pkg-029869,8.9.9
1,pkg-029870,9.10.0
1,pkg-029871,1.11.1
1,pkg-029872,2.12.2
1,pkg-029873,3.13.3
1,pkg-029874,4.14.4
1,pkg-029875,5.15.5
1,pkg-029876,6.16.6
1,pkg-029877,7.17.7
1,pkg-029878,8.18.8
1,pkg-029879,9.19.9
1,pkg-029880,1.0.0
1,pkg-029881,2.1.1
1,pkg-029882,3.2.2
1,pkg-029883,4.3.3
1,pkg-029884,5.4.4
1,pkg-029885,6.5.5
1,pkg-029886,7.6.6
1,pkg-029887,8.7.7
1,pkg-029888,9.8.8
1,pkg-029889,1.9.9
1,pkg-029890,2.10.0
1,pkg-029891,3.11.1
1,pkg-029892,4.12.2
1,pkg-029893,5.13.3
1,pkg-029894,6.14.4
1,pkg-029895,7.15.5
1,pkg-029896,8.16.6
1,pkg-029897,9.17.7
1,pkg-029898,1.18.8
1,pkg-029899,2.19.9
1,pkg-029900,3.0.0
1,pkg-029901,4.1.1
1,pkg-029902,5.2.2
1,pkg-029903,6.3.3
1,pkg-029904,7.4.4
1,pkg-029905,8.5.5
1,pkg-029906,9.6.6
1,pkg-029907,1.7.7
1,pkg-029908,2.8.8
1,pkg-029909,3.9.9
1,pkg-029910,4.10.0
1,pkg-029911,5.11.1
1,pkg-029912,6.12.2
1,pkg-029913,7.13.3
1,pkg-029914,8.14.4
1,pkg-029915,9.15.5
1,pkg-029916,1.16.6
1,pkg-029917,2.17.7
1,pkg-029918,3.18.8
1,pkg-029919,4.19.9
1,pkg-029920,5.0.0
1,pkg-029921,6.1.1
1,pkg-029922,7.2.2
1,pkg-029923,8.3.3
1,pkg-029924,9.4.4
1,pkg-029925,1.5.5
1,pkg-029926,2.6.6
1,pkg-029927,3.7.7
1,pkg-029928,4.8.8
1,pkg-029929,5.9.9
1,pkg-029930,6.10.0
1,pkg-029931,7.11.1
1,pkg-029932,8.12.2
1,pkg-029933,9.13.3
1,pkg-029934,1.14.4
1,pkg-029935,2.15.5
1,pkg-029936,3.16.6
1,pkg-029937,4.17.7
1,pkg-029938,5.18.8
1,pkg-029939,6.19.9
1,pkg-029940,7.0.0
1,pkg-029941,8.1.1
1,pkg-029942,9.2.2
1,pkg-029943,1.3.3
1,pkg-029944,2.4.4
1,pkg-029945,3.5.5
1,pkg-029946,4.6.6
1,pkg-029947,5.7.7
1,pkg-029948,6.8.8
1,pkg-029949,7.9.9
1,pkg-029950,8.10.0
1,pkg-029951,9.11.1
1,pkg-029952,1.12.2
1,pkg-029953,2.13.3
1,pkg-029954,3.14.4
1,pkg-029955,4.15.5
1,pkg-029956,5.16.6
1,pkg-029957,6.17.7
1,pkg-029958,7.18.8
1,pkg-029959,8.19.9
1,pkg-029960,9.0.0
1,pkg-029961,1.1.1
1,pkg-029962,2.2.2
1,pkg-029963,3.3.3
1,pkg-029964,4.4.4
1,pkg-029965,5.5.5
1,pkg-029966,6.6.6
1,pkg-029967,7.7.7
1,pkg-029968,8.8.8
1,pkg-029969,9.9.9
1,pkg-029970,1.10.0
1,pkg-029971,2.11.1
1,pkg-029972,3.12.2
1,pkg-029973,4.13.3
1,pkg-029974,5.14.4
1,pkg-029975,6.15.5
1,pkg-029976,7.16.6
1,pkg-029977,8.17.7
1,pkg-029978,9.18.8
1,pkg-029979,1.19.9
1,pkg-029980,2.0.0
1,pkg-029981,3.1.1
1,pkg-029982,4.2.2
1,pkg-029983,5.3.3
1,pkg-029984,6.4.4
1,pkg-029985,7.5.5
1,pkg-029986,8.6.6
1,pkg-029987,9.7.7
1,pkg-029988,1.8.8
1,pkg-029989,2.9.9
1,pkg-029990,3.10.0
1,pkg-029991,4.11.1
1,pkg-029992,5.12.2
1,pkg-029993,6.13.3
1,pkg-029994,7.14.4
1,pkg-029995,8.15.5
1,pkg-029996,9.16.6
1,pkg-029997,1.17.7
1,pkg-029998,2.18.8
1,pkg-029999,3.19.9
1,pkg-030000,4.0.0
1,pkg-030001,5.1.1
1,pkg-030002,6.2.2
1,pkg-030003,7.3.3
1,pkg-030004,8.4.4
1,pkg-030005,9.5.5
1,pkg-030006,1.6.6
1,pkg-030007,2.7.7
1,pkg-030008,3.8.8
1,pkg-030009,4.9.9
1,pkg-030010,5.10.0
1,pkg-030011,6.11.1
1,pkg-030012,7.12.2
1,pkg-030013,8.13.3
1,pkg-030014,9.14.4
1,pkg-030015,1.15.5
1,pkg-030016,2.16.6
1,pkg-030017,3.17.7
1,pkg-030018,4.18.8
1,pkg-030019,5.19.9
1,pkg-030020,6.0.0
1,pkg-030021,7.1.1
1,pkg-030022,8.2.2
1,pkg-030023,9.3.3
1,pkg-030024,1.4.4
1,pkg-030025,2.5.5
1,pkg-030026,3.6.6
1,pkg-030027,4.7.7
1,pkg-030028,5.8.8
1,pkg-030029,6.9.9
1,pkg-030030,7.10.0
1,pkg-030031,8.11.1
1,pkg-030032,9.12.2
1,pkg-030033,1.13.3
1,pkg-030034,2.14.4
1,pkg-030035,3.15.5
1,pkg-030036,4.16.6
1,pkg-030037,5.17.7
1,pkg-030038,6.18.8
1,pkg-030039,7.19.9
1,pkg-030040,8.0.0
1,pkg-030041,9.1.1
1,pkg-030042,1.2.2
1,pkg-030043,2.3.3
1,pkg-030044,3.4.4
1,pkg-030045,4.5.5
1,pkg-030046,5.6.6
1,pkg-030047,6.7.7
1,pkg-030048,7.8.8
1,pkg-030049,8.9.9
1,pkg-030050,9.10.0
1,pkg-030051,1.11.1
1,pkg-030052,2.12.2
1,pkg-030053,3.13.3
1,pkg-030054,4.14.4
1,pkg-030055,5.15.5
1,pkg-030056,6.16.6
1,pkg-030057,7.17.7
1,pkg-030058,8.18.8
1,pkg-030059,9.19.9
1,pkg-030060,1.0.0
1,pkg-030061,2.1.1
1,pkg-030062,3.2.2
1,pkg-030063,4.3.3
1,pkg-030064,5.4.4
1,pkg-030065,6.5.5
1,pkg-030066,7.6.6
1,pkg-030067,8.7.7
1,pkg-030068,9.8.8
1,pkg-030069,1.9.9
1,pkg-030070,2.10.0
1,pkg-030071,3.11.1
1,pkg-030072,4.12.2
1,pkg-030073,5.13.3
1,pkg-030074,6.14.4
1,pkg-030075,7.15.5
1,pkg-030076,8.16.6
1,pkg-030077,9.17.7
1,pkg-030078,1.18.8
1,pkg-030079,2.19.9
1,pkg-030080,3.0.0
1,pkg-030081,4.1.1
1,pkg-030082,5.2.2
1,pkg-030083,6.3.3
1,pkg-030084,7.4.4
1,pkg-030085,8.5.5
1,pkg-030086,9.6.6
1,pkg-030087,1.7.7
1,pkg-030088,2.8.8
1,pkg-030089,3.9.9
1,pkg-030090,4.10.0
1,pkg-030091,5.11.1
1,pkg-030092,6.12.2
1,pkg-030093,7.13.3
1,pkg-030094,8.14.4
1,pkg-030095,9.15.5
1,pkg-030096,1.16.6
1,pkg-030097,2.17.7
1,pkg-030098,3.18.8
1,pkg-030099,4.19.9
1,pkg-030100,5.0.0
1,pkg-030101,6.1.1
1,pkg-030102,7.2.2
1,pkg-030103,8.3.3
1,pkg-030104,9.4.4
1,pkg-030105,1.5.5
1,pkg-030106,2.6.6
1,pkg-030107,3.7.7
1,pkg-030108,4.8.8
1,pkg-030109,5.9.9
1,pkg-030110,6.10.0
1,pkg-030111,7.11.1
1,pkg-030112,8.12.2
1,pkg-030113,9.13.3
1,pkg-030114,1.14.4
1,pkg-030115,2.15.5
1,pkg-030116,3.16.6
1,pkg-030117,4.17.7
1,pkg-030118,5.18.8
1,pkg-030119,6.19.9
1,pkg-030120,7.0.0
1,pkg-030121,8.1.1
1,pkg-030122,9.2.2
1,pkg-030123,1.3.3
1,pkg-030124,2.4.4
1,pkg-030125,3.5.5
1,pkg-030126,4.6.6
1,pkg-030127,5.7.7
1,pkg-030128,6.8.8
1,pkg-030129,7.9.9
1,pkg-030130,8.10.0
1,pkg-030131,9.11.1
1,pkg-030132,1.12.2
1,pkg-030133,2.13.3
1,pkg-030134,3.14.4
1,pkg-030135,4.15.5
1,pkg-030136,5.16.6
1,pkg-030137,6.17.7
1,pkg-030138,7.18.8
1,pkg-030139,8.19.9
1,pkg-030140,9.0.0
1,pkg-030141,1.1.1
1,pkg-030142,2.2.2
1,pkg-030143,3.3.3
1,pkg-030144,4.4.4
1,pkg-030145,5.5.5
1,pkg-030146,6.6.6
1,pkg-030147,7.7.7
1,pkg-030148,8.8.8
1,pkg-030149,9.9.9
1,pkg-030150,1.10.0
1,pkg-030151,2.11.1
1,pkg-030152,3.12.2
1,pkg-030153,4.13.3
1,pkg-030154,5.14.4
1,pkg-030155,6.15.5
1,pkg-030156,7.16.6
1,pkg-030157,8.17.7
1,pkg-030158,9.18.8
1,pkg-030159,1.19.9
1,pkg-030160,2.0.0
1,pkg-030161,3.1.1
1,pkg-030162,4.2.2
1,pkg-030163,5.3.3
1,pkg-030164,6.4.4
1,pkg-030165,7.5.5
1,pkg-030166,8.6.6
1,pkg-030167,9.7.7
1,pkg-030168,1.8.8
1,pkg-030169,2.9.9
1,pkg-030170,3.10.0
1,pkg-030171,4.11.1
1,pkg-030172,5.12.2
1,pkg-030173,6.13.3
1,pkg-030174,7.14.4
1,pkg-030175,8.15.5
1,pkg-030176,9.16.6
1,pkg-030177,1.17.7
1,pkg-030178,2.18.8
1,pkg-030179,3.19.9
1,pkg-030180,4.0.0
1,pkg-030181,5.1.1
1,pkg-030182,6.2.2
1,pkg-030183,7.3.3
1,pkg-030184,8.4.4
1,pkg-030185,9.5.5
1,pkg-030186,1.6.6
1,pkg-030187,2.7.7
1,pkg-030188,3.8.8
1,pkg-030189,4.9.9
1,pkg-030190,5.10.0
1,pkg-030191,6.11.1
1,pkg-030192,7.12.2
1,pkg-030193,8.13.3
1,pkg-030194,9.14.4
1,pkg-030195,1.15.5
1,pkg-030196,2.16.6
1,pkg-030197,3.17.7
1,pkg-030198,4.18.8
1,pkg-030199,5.19.9
1,pkg-030200,6.0.0
1,pkg-030201,7.1.1
1,pkg-030202,8.2.2
1,pkg-030203,9.3.3
1,pkg-030204,1.4.4
1,pkg-030205,2.5.5
1,pkg-030206,3.6.6
1,pkg-030207,4.7.7
1,pkg-030208,5.8.8
1,pkg-030209,6.9.9
1,pkg-030210,7.10.0
1,pkg-030211,8.11.1
1,pkg-030212,9.12.2
1,pkg-030213,1.13.3
1,pkg-030214,2.14.4
1,pkg-030215,3.15.5
1,pkg-030216,4.16.6
1,pkg-030217,5.17.7
1,pkg-030218,6.18.8
1,pkg-030219,7.19.9
1,pkg-030220,8.0.0
1,pkg-030221,9.1.1
1,pkg-030222,1.2.2
1,pkg-030223,2.3.3
1,pkg-030224,3.4.4
1,pkg-030225,4.5.5
1,pkg-030226,5.6.6
1,pkg-030227,6.7.7
1,pkg-030228,7.8.8
1,pkg-030229,8.9.9
1,pkg-030230,9.10.0
1,pkg-030231,1.11.1
1,pkg-030232,2.12.2
1,pkg-030233,3.13.3
1,pkg-030234,4.14.4
1,pkg-030235,5.15.5
1,pkg-030236,6.16.6
1,pkg-030237,7.17.7
1,pkg-030238,8.18.8
1,pkg-030239,9.19.9
1,pkg-030240,1.0.0
1,pkg-030241,2.1.1
1,pkg-030242,3.2.2
1,pkg-030243,4.3.3
1,pkg-030244,5.4.4
1,pkg-030245,6.5.5
1,pkg-030246,7.6.6
1,pkg-030247,8.7.7
1,pkg-030248,9.8.8
1,pkg-030249,1.9.9
1,pkg-030250,2.10.0
1,pkg-030251,3.11.1
1,pkg-030252,4.12.2
1,pkg-030253,5.13.3
1,pkg-030254,6.14.4
1,pkg-030255,7.15.5
1,pkg-030256,8.16.6
1,pkg-030257,9.17.7
1,pkg-030258,1.18.8
1,pkg-030259,2.19.9
1,pkg-030260,3.0.0
1,pkg-030261,4.1.1
1,pkg-030262,5.2.2
1,pkg-030263,6.3.3
1,pkg-030264,7.4.4
1,pkg-030265,8.5.5
1,pkg-030266,9.6.6
1,pkg-030267,1.7.7
1,pkg-030268,2.8.8
1,pkg-030269,3.9.9
1,pkg-030270,4.10.0
1,pkg-030271,5.11.1
1,pkg-030272,6.12.2
1,pkg-030273,7.13.3
1,pkg-030274,8.14.4
1,pkg-030275,9.15.5
1,pkg-030276,1.16.6
1,pkg-030277,2.17.7
1,pkg-030278,3.18.8
1,pkg-030279,4.19.9
1,pkg-030280,5.0.0
1,pkg-030281,6.1.1
1,pkg-030282,7.2.2
1,pkg-030283,8.3.3
1,pkg-030284,9.4.4
1,pkg-030285,1.5.5
1,pkg-030286,2.6.6
1,pkg-030287,3.7.7
1,pkg-030288,4.8.8
1,pkg-030289,5.9.9
1,pkg-030290,6.10.0
1,pkg-030291,7.11.1
1,pkg-030292,8.12.2
1,pkg-030293,9.13.3
1,pkg-030294,1.14.4
1,pkg-030295,2.15.5
1,pkg-030296,3.16.6
1,pkg-030297,4.17.7
1,pkg-030298,5.18.8
1,pkg-030299,6.19.9
1,pkg-030300,7.0.0
1,pkg-030301,8.1.1
1,pkg-030302,9.2.2
1,pkg-030303,1.3.3
1,pkg-030304,2.4.4
1,pkg-030305,3.5.5
1,pkg-030306,4.6.6
1,pkg-030307,5.7.7
1,pkg-030308,6.8.8
1,pkg-030309,7.9.9
1,pkg-030310,8.10.0
1,pkg-030311,9.11.1
1,pkg-030312,1.12.2
1,pkg-030313,2.13.3
1,pkg-030314,3.14.4
1,pkg-030315,4.15.5
1,pkg-030316,5.16.6
1,pkg-030317,6.17.7
1,pkg-030318,7.18.8
1,pkg-030319,8.19.9
1,pkg-030320,9.0.0
1,pkg-030321,1.1.1
1,pkg-030322,2.2.2
1,pkg-030323,3.3.3
1,pkg-030324,4.4.4
1,pkg-030325,5.5.5
1,pkg-030326,6.6.6
1,pkg-030327,7.7.7
1,pkg-030328,8.8.8
1,pkg-030329,9.9.9
1,pkg-030330,1.10.0
1,pkg-030331,2.11.1
1,pkg-030332,3.12.2
1,pkg-030333,4.13.3
1,pkg-030334,5.14.4
1,pkg-030335,6.15.5
1,pkg-030336,7.16.6
1,pkg-030337,8.17.7
1,pkg-030338,9.18.8
1,pkg-030339,1.19.9
1,pkg-030340,2.0.0
1,pkg-030341,3.1.1
1,pkg-030342,4.2.2
1,pkg-030343,5.3.3
1,pkg-030344,6.4.4
1,pkg-030345,7.5.5
1,pkg-030346,8.6.6
1,pkg-030347,9.7.7
1,pkg-030348,1.8.8
1,pkg-030349,2.9.9
1,pkg-030350,3.10.0
1,pkg-030351,4.11.1
1,pkg-030352,5.12.2
1,pkg-030353,6.13.3
1,pkg-030354,7.14.4
1,pkg-030355,8.15.5
1,pkg-030356,9.16.6
1,pkg-030357,1.17.7
1,pkg-030358,2.18.8
1,pkg-030359,3.19.9
1,pkg-030360,4.0.0
1,pkg-030361,5.1.1
1,pkg-030362,6.2.2
1,pkg-030363,7.3.3
1,pkg-030364,8.4.4
1,pkg-030365,9.5.5
1,pkg-030366,1.6.6
1,pkg-030367,2.7.7
1,pkg-030368,3.8.8
1,pkg-030369,4.9.9
1,pkg-030370,5.10.0
1,pkg-030371,6.11.1
1,pkg-030372,7.12.2
1,pkg-030373,8.13.3
1,pkg-030374,9.14.4
1,pkg-030375,1.15.5
1,pkg-030376,2.16.6
1,pkg-030377,3.17.7
1,pkg-030378,4.18.8
1,pkg-030379,5.19.9
1,pkg-030380,6.0.0
1,pkg-030381,7.1.1
1,pkg-030382,8.2.2
1,pkg-030383,9.3.3
1,pkg-030384,1.4.4
1,pkg-030385,2.5.5
1,pkg-030386,3.6.6
1,pkg-030387,4.7.7
1,pkg-030388,5.8.8
1,pkg-030389,6.9.9
1,pkg-030390,7.10.0
1,pkg-030391,8.11.1
1,pkg-030392,9.12.2
1,pkg-030393,1.13.3
1,pkg-030394,2.14.4
1,pkg-030395,3.15.5
1,pkg-030396,4.16.6
1,pkg-030397,5.17.7
1,pkg-030398,6.18.8
1,pkg-030399,7.19.9
1,pkg-030400,8.0.0
1,pkg-030401,9.1.1
1,pkg-030402,1.2.2
1,pkg-030403,2.3.3
1,pkg-030404,3.4.4
1,pkg-030405,4.5.5
1,pkg-030406,5.6.6
1,pkg-030407,6.7.7
1,pkg-030408,7.8.8
1,pkg-030409,8.9.9
1,pkg-030410,9.10.0
1,pkg-030411,1.11.1
1,pkg-030412,2.12.2
1,pkg-030413,3.13.3
1,pkg-030414,4.14.4
1,pkg-030415,5.15.5
1,pkg-030416,6.16.6
1,pkg-030417,7.17.7
1,pkg-030418,8.18.8
1,pkg-030419,9.19.9
1,pkg-030420,1.0.0
1,pkg-030421,2.1.1
1,pkg-030422,3.2.2
1,pkg-030423,4.3.3
1,pkg-030424,5.4.4
1,pkg-030425,6.5.5
1,pkg-030426,7.6.6
1,pkg-030427,8.7.7
1,pkg-030428,9.8.8
1,pkg-030429,1.9.9
1,pkg-030430,2.10.0
1,pkg-030431,3.11.1
1,pkg-030432,4.12.2
1,pkg-030433,5.13.3
1,pkg-030434,6.14.4
1,pkg-030435,7.15.5
1,pkg-030436,8.16.6
1,pkg-030437,9.17.7
1,pkg-030438,1.18.8
1,pkg-030439,2.19.9
1,pkg-030440,3.0.0
1,pkg-030441,4.1.1
1,pkg-030442,5.2.2
1,pkg-030443,6.3.3
1,pkg-030444,7.4.4
1,pkg-030445,8.5.5
1,pkg-030446,9.6.6
1,pkg-030447,1.7.7
1,pkg-030448,2.8.8
1,pkg-030449,3.9.9
1,pkg-030450,4.10.0
1,pkg-030451,5.11.1
1,pkg-030452,6.12.2
1,pkg-030453,7.13.3
1,pkg-030454,8.14.4
1,pkg-030455,9.15.5
1,pkg-030456,1.16.6
1,pkg-030457,2.17.7
1,pkg-030458,3.18.8
1,pkg-030459,4.19.9
1,pkg-030460,5.0.0
1,pkg-030461,6.1.1
1,pkg-030462,7.2.2
1,pkg-030463,8.3.3
1,pkg-030464,9.4.4
1,pkg-030465,1.5.5
1,pkg-030466,2.6.6
1,pkg-030467,3.7.7
1,pkg-030468,4.8.8
1,pkg-030469,5.9.9
1,pkg-030470,6.10.0
1,pkg-030471,7.11.1
1,pkg-030472,8.12.2
1,pkg-030473,9.13.3
1,pkg-030474,1.14.4
1,pkg-030475,2.15.5
1,pkg-030476,3.16.6
1,pkg-030477,4.17.7
1,pkg-030478,5.18.8
1,pkg-030479,6.19.9
1,pkg-030480,7.0.0
1,pkg-030481,8.1.1
1,pkg-030482,9.2.2
1,pkg-030483,1.3.3
1,pkg-030484,2.4.4
1,pkg-030485,3.5.5
1,pkg-030486,4.6.6
1,pkg-030487,5.7.7
1,pkg-030488,6.8.8
1,pkg-030489,7.9.9
1,pkg-030490,8.10.0
1,pkg-030491,9.11.1
1,pkg-030492,1.12.2
1,pkg-030493,2.13.3
1,pkg-030494,3.14.4
1,pkg-030495,4.15.5
1,pkg-030496,5.16.6
1,pkg-030497,6.17.7
1,pkg-030498,7.18.8
1,pkg-030499,8.19.9
1,pkg-030500,9.0.0
1,pkg-030501,1.1.1
1,pkg-030502,2.2.2
1,pkg-030503,3.3.3
1,pkg-030504,4.4.4
1,pkg-030505,5.5.5
1,pkg-030506,6.6.6
1,pkg-030507,7.7.7
1,pkg-030508,8.8.8
1,pkg-030509,9.9.9
1,pkg-030510,1.10.0
1,pkg-030511,2.11.1
1,pkg-030512,3.12.2
1,pkg-030513,4.13.3
1,pkg-030514,5.14.4
1,pkg-030515,6.15.5
1,pkg-030516,7.16.6
1,pkg-030517,8.17.7
1,pkg-030518,9.18.8
1,pkg-030519,1.19.9
1,pkg-030520,2.0.0
1,pkg-030521,3.1.1
1,pkg-030522,4.2.2
1,pkg-030523,5.3.3
1,pkg-030524,6.4.4
1,pkg-030525,7.5.5
1,pkg-030526,8.6.6
1,pkg-030527,9.7.7
1,pkg-030528,1.8.8
1,pkg-030529,2.9.9
1,pkg-030530,3.10.0
1,pkg-030531,4.11.1
1,pkg-030532,5.12.2
1,pkg-030533,6.13.3
1,pkg-030534,7.14.4
1,pkg-030535,8.15.5
1,pkg-030536,9.16.6
1,pkg-030537,1.17.7
1,pkg-030538,2.18.8
1,pkg-030539,3.19.9
1,pkg-030540,4.0.0
1,pkg-030541,5.1.1
1,pkg-030542,6.2.2
1,pkg-030543,7.3.3
1,pkg-030544,8.4.4
1,pkg-030545,9.5.5
1,pkg-030546,1.6.6
1,pkg-030547,2.7.7
1,pkg-030548,3.8.8
1,pkg-030549,4.9.9
1,pkg-030550,5.10.0
1,pkg-030551,6.11.1
1,pkg-030552,7.12.2
1,pkg-030553,8.13.3
1,pkg-030554,9.14.4
1,pkg-030555,1.15.5
1,pkg-030556,2.16.6
1,pkg-030557,3.17.7
1,pkg-030558,4.18.8
1,pkg-030559,5.19.9
1,pkg-030560,6.0.0
1,pkg-030561,7.1.1
1,pkg-030562,8.2.2
1,pkg-030563,9.3.3
1,pkg-030564,1.4.4
1,pkg-030565,2.5.5
1,pkg-030566,3.6.6
1,pkg-030567,4.7.7
1,pkg-030568,5.8.8
1,pkg-030569,6.9.9
1,pkg-030570,7.10.0
1,pkg-030571,8.11.1
1,pkg-030572,9.12.2
1,pkg-030573,1.13.3
1,pkg-030574,2.14.4
1,pkg-030575,3.15.5
1,pkg-030576,4.16.6
1,pkg-030577,5.17.7
1,pkg-030578,6.18.8
1,pkg-030579,7.19.9
1,pkg-030580,8.0.0
1,pkg-030581,9.1.1
1,pkg-030582,1.2.2
1,pkg-030583,2.3.3
1,pkg-030584,3.4.4
1,pkg-030585,4.5.5
1,pkg-030586,5.6.6
1,pkg-030587,6.7.7
1,pkg-030588,7.8.8
1,pkg-030589,8.9.9
1,pkg-030590,9.10.0
1,pkg-030591,1.11.1
1,pkg-030592,2.12.2
1,pkg-030593,3.13.3
1,pkg-030594,4.14.4
1,pkg-030595,5.15.5
1,pkg-030596,6.16.6
1,pkg-030597,7.17.7
1,pkg-030598,8.18.8
1,pkg-030599,9.19.9
1,pkg-030600,1.0.0
1,pkg-030601,2.1.1
1,pkg-030602,3.2.2
1,pkg-030603,4.3.3
1,pkg-030604,5.4.4
1,pkg-030605,6.5.5
1,pkg-030606,7.6.6
1,pkg-030607,8.7.7
1,pkg-030608,9.8.8
1,pkg-030609,1.9.9
1,pkg-030610,2.10.0
1,pkg-030611,3.11.1
1,pkg-030612,4.12.2
1,pkg-030613,5.13.3
1,pkg-030614,6.14.4
1,pkg-030615,7.15.5
1,pkg-030616,8.16.6
1,pkg-030617,9.17.7
1,pkg-030618,1.18.8
1,pkg-030619,2.19.9
1,pkg-030620,3.0.0
1,pkg-030621,4.1.1
1,pkg-030622,5.2.2
1,pkg-030623,6.3.3
1,pkg-030624,7.4.4
1,pkg-030625,8.5.5
1,pkg-030626,9.6.6
1,pkg-030627,1.7.7
1,pkg-030628,2.8.8
1,pkg-030629,3.9.9
1,pkg-030630,4.10.0
1,pkg-030631,5.11.1
1,pkg-030632,6.12.2
1,pkg-030633,7.13.3
1,pkg-030634,8.14.4
1,pkg-030635,9.15.5
1,pkg-030636,1.16.6
1,pkg-030637,2.17.7
1,pkg-030638,3.18.8
1,pkg-030639,4.19.9
1,pkg-030640,5.0.0
1,pkg-030641,6.1.1
1,pkg-030642,7.2.2
1,pkg-030643,8.3.3
1,pkg-030644,9.4.4
1,pkg-030645,1.5.5
1,pkg-030646,2.6.6
1,pkg-030647,3.7.7
1,pkg-030648,4.8.8
1,pkg-030649,5.9.9
1,pkg-030650,6.10.0
1,pkg-030651,7.11.1
1,pkg-030652,8.12.2
1,pkg-030653,9.13.3
1,pkg-030654,1.14.4
1,pkg-030655,2.15.5
1,pkg-030656,3.16.6
1,pkg-030657,4.17.7
1,pkg-030658,5.18.8
1,pkg-030659,6.19.9
1,pkg-030660,7.0.0
1,pkg-030661,8.1.1
1,pkg-030662,9.2.2
1,pkg-030663,1.3.3
1,pkg-030664,2.4.4
1,pkg-030665,3.5.5
1,pkg-030666,4.6.6
1,pkg-030667,5.7.7
1,pkg-030668,6.8.8
1,pkg-030669,7.9.9
1,pkg-030670,8.10.0
1,pkg-030671,9.11.1
1,pkg-030672,1.12.2
1,pkg-030673,2.13.3
1,pkg-030674,3.14.4
1,pkg-030675,4.15.5
1,pkg-030676,5.16.6
1,pkg-030677,6.17.7
1,pkg-030678,7.18.8
1,pkg-030679,8.19.9
1,pkg-030680,9.0.0
1,pkg-030681,1.1.1
1,pkg-030682,2.2.2
1,pkg-030683,3.3.3
1,pkg-030684,4.4.4
1,pkg-030685,5.5.5
1,pkg-030686,6.6.6
1,pkg-030687,7.7.7
1,pkg-030688,8.8.8
1,pkg-030689,9.9.9
1,pkg-030690,1.10.0
1,pkg-030691,2.11.1
1,pkg-030692,3.12.2
1,pkg-030693,4.13.3
1,pkg-030694,5.14.4
1,pkg-030695,6.15.5
1,pkg-030696,7.16.6
1,pkg-030697,8.17.7
1,pkg-030698,9.18.8
1,pkg-030699,1.19.9
1,pkg-030700,2.0.0
1,pkg-030701,3.1.1
1,pkg-030702,4.2.2
1,pkg-030703,5.3.3
1,pkg-030704,6.4.4
1,pkg-030705,7.5.5
1,pkg-030706,8.6.6
1,pkg-030707,9.7.7
1,pkg-030708,1.8.8
1,pkg-030709,2.9.9
1,pkg-030710,3.10.0
1,pkg-030711,4.11.1
1,pkg-030712,5.12.2
1,pkg-030713,6.13.3
1,pkg-030714,7.14.4
1,pkg-030715,8.15.5
1,pkg-030716,9.16.6
1,pkg-030717,1.17.7
1,pkg-030718,2.18.8
1,pkg-030719,3.19.9
1,pkg-030720,4.0.0
1,pkg-030721,5.1.1
1,pkg-030722,6.2.2
1,pkg-030723,7.3.3
1,pkg-030724,8.4.4
1,pkg-030725,9.5.5
1,pkg-030726,1.6.6
1,pkg-030727,2.7.7
1,pkg-030728,3.8.8
1,pkg-030729,4.9.9
1,pkg-030730,5.10.0
1,pkg-030731,6.11.1
1,pkg-030732,7.12.2
1,pkg-030733,8.13.3
1,pkg-030734,9.14.4
1,pkg-030735,1.15.5
1,pkg-030736,2.16.6
1,pkg-030737,3.17.7
1,pkg-030738,4.18.8
1,pkg-030739,5.19.9
1,pkg-030740,6.0.0
1,pkg-030741,7.1.1
1,pkg-030742,8.2.2
1,pkg-030743,9.3.3
1,pkg-030744,1.4.4
1,pkg-030745,2.5.5
1,pkg-030746,3.6.6
1,pkg-030747,4.7.7
1,pkg-030748,5.8.8
1,pkg-030749,6.9.9
1,pkg-030750,7.10.0
1,pkg-030751,8.11.1
1,pkg-030752,9.12.2
1,pkg-030753,1.13.3
1,pkg-030754,2.14.4
1,pkg-030755,3.15.5
1,pkg-030756,4.16.6
1,pkg-030757,5.17.7
1,pkg-030758,6.18.8
1,pkg-030759,7.19.9
1,pkg-030760,8.0.0
1,pkg-030761,9.1.1
1,pkg-030762,1.2.2
1,pkg-030763,2.3.3
1,pkg-030764,3.4.4
1,pkg-030765,4.5.5
1,pkg-030766,5.6.6
1,pkg-030767,6.7.7
1,pkg-030768,7.8.8
1,pkg-030769,8.9.9
1,pkg-030770,9.10.0
1,pkg-030771,1.11.1
1,pkg-030772,2.12.2
1,pkg-030773,3.13.3
1,pkg-030774,4.14.4
1,pkg-030775,5.15.5
1,pkg-030776,6.16.6
1,pkg-030777,7.17.7
1,pkg-030778,8.18.8
1,pkg-030779,9.19.9
1,pkg-030780,1.0.0
1,pkg-030781,2.1.1
1,pkg-030782,3.2.2
1,pkg-030783,4.3.3
1,pkg-030784,5.4.4
1,pkg-030785,6.5.5
1,pkg-030786,7.6.6
1,pkg-030787,8.7.7
1,pkg-030788,9.8.8
1,pkg-030789,1.9.9
1,pkg-030790,2.10.0
1,pkg-030791,3.11.1
1,pkg-030792,4.12.2
1,pkg-030793,5.13.3
1,pkg-030794,6.14.4
1,pkg-030795,7.15.5
1,pkg-030796,8.16.6
1,pkg-030797,9.17.7
1,pkg-030798,1.18.8
1,pkg-030799,2.19.9
1,pkg-030800,3.0.0
1,pkg-030801,4.1.1
1,pkg-030802,5.2.2
1,pkg-030803,6.3.3
1,pkg-030804,7.4.4
1,pkg-030805,8.5.5
1,pkg-030806,9.6.6
1,pkg-030807,1.7.7
1,pkg-030808,2.8.8
1,pkg-030809,3.9.9
1,pkg-030810,4.10.0
1,pkg-030811,5.11.1
1,pkg-030812,6.12.2
1,pkg-030813,7.13.3
1,pkg-030814,8.14.4
1,pkg-030815,9.15.5
1,pkg-030816,1.16.6
1,pkg-030817,2.17.7
1,pkg-030818,3.18.8
1,pkg-030819,4.19.9
1,pkg-030820,5.0.0
1,pkg-030821,6.1.1
1,pkg-030822,7.2.2
1,pkg-030823,8.3.3
1,pkg-030824,9.4.4
1,pkg-030825,1.5.5
1,pkg-030826,2.6.6
1,pkg-030827,3.7.7
1,pkg-030828,4.8.8
1,pkg-030829,5.9.9
1,pkg-030830,6.10.0
1,pkg-030831,7.11.1
1,pkg-030832,8.12.2
1,pkg-030833,9.13.3
1,pkg-030834,1.14.4
1,pkg-030835,2.15.5
1,pkg-030836,3.16.6
1,pkg-030837,4.17.7
1,pkg-030838,5.18.8
1,pkg-030839,6.19.9
1,pkg-030840,7.0.0
1,pkg-030841,8.1.1
1,pkg-030842,9.2.2
1,pkg-030843,1.3.3
1,pkg-030844,2.4.4
1,pkg-030845,3.5.5
1,pkg-030846,4.6.6
1,pkg-030847,5.7.7
1,pkg-030848,6.8.8
1,pkg-030849,7.9.9
1,pkg-030850,8.10.0
1,pkg-030851,9.11.1
1,pkg-030852,1.12.2
1,pkg-030853,2.13.3
1,pkg-030854,3.14.4
1,pkg-030855,4.15.5
1,pkg-030856,5.16.6
1,pkg-030857,6.17.7
1,pkg-030858,7.18.8
1,pkg-030859,8.19.9
1,pkg-030860,9.0.0
1,pkg-030861,1.1.1
1,pkg-030862,2.2.2
1,pkg-030863,3.3.3
1,pkg-030864,4.4.4
1,pkg-030865,5.5.5
1,pkg-030866,6.6.6
1,pkg-030867,7.7.7
1,pkg-030868,8.8.8
1,pkg-030869,9.9.9
1,pkg-030870,1.10.0
1,pkg-030871,2.11.1
1,pkg-030872,3.12.2
1,pkg-030873,4.13.3
1,pkg-030874,5.14.4
1,pkg-030875,6.15.5
1,pkg-030876,7.16.6
1,pkg-030877,8.17.7
1,pkg-030878,9.18.8
1,pkg-030879,1.19.9
1,pkg-030880,2.0.0
1,pkg-030881,3.1.1
1,pkg-030882,4.2.2
1,pkg-030883,5.3.3
1,pkg-030884,6.4.4
1,pkg-030885,7.5.5
1,pkg-030886,8.6.6
1,pkg-030887,9.7.7
1,pkg-030888,1.8.8
1,pkg-030889,2.9.9
1,pkg-030890,3.10.0
1,pkg-030891,4.11.1
1,pkg-030892,5.12.2
1,pkg-030893,6.13.3
1,pkg-030894,7.14.4
1,pkg-030895,8.15.5
1,pkg-030896,9.16.6
1,pkg-030897,1.17.7
1,pkg-030898,2.18.8
1,pkg-030899,3.19.9
1,pkg-030900,4.0.0
1,pkg-030901,5.1.1
1,pkg-030902,6.2.2
1,pkg-030903,7.3.3
1,pkg-030904,8.4.4
1,pkg-030905,9.5.5
1,pkg-030906,1.6.6
1,pkg-030907,2.7.7
1,pkg-030908,3.8.8
1,pkg-030909,4.9.9
1,pkg-030910,5.10.0
1,pkg-030911,6.11.1
1,pkg-030912,7.12.2
1,pkg-030913,8.13.3
1,pkg-030914,9.14.4
1,pkg-030915,1.15.5
1,pkg-030916,2.16.6
1,pkg-030917,3.17.7
1,pkg-030918,4.18.8
1,pkg-030919,5.19.9
1,pkg-030920,6.0.0
1,pkg-030921,7.1.1
1,pkg-030922,8.2.2
1,pkg-030923,9.3.3
1,pkg-030924,1.4.4
1,pkg-030925,2.5.5
1,pkg-030926,3.6.6
1,pkg-030927,4.7.7
1,pkg-030928,5.8.8
1,pkg-030929,6.9.9
1,pkg-030930,7.10.0
1,pkg-030931,8.11.1
1,pkg-030932,9.12.2
1,pkg-030933,1.13.3
1,pkg-030934,2.14.4
1,pkg-030935,3.15.5
1,pkg-030936,4.16.6
1,pkg-030937,5.17.7
1,pkg-030938,6.18.8
1,pkg-030939,7.19.9
1,pkg-030940,8.0.0
1,pkg-030941,9.1.1
1,pkg-030942,1.2.2
1,pkg-030943,2.3.3
1,pkg-030944,3.4.4
1,pkg-030945,4.5.5
1,pkg-030946,5.6.6
1,pkg-030947,6.7.7
1,pkg-030948,7.8.8
1,pkg-030949,8.9.9
1,pkg-030950,9.10.0
1,pkg-030951,1.11.1
1,pkg-030952,2.12.2
1,pkg-030953,3.13.3
1,pkg-030954,4.14.4
1,pkg-030955,5.15.5
1,pkg-030956,6.16.6
1,pkg-030957,7.17.7
1,pkg-030958,8.18.8
1,pkg-030959,9.19.9
1,pkg-030960,1.0.0
1,pkg-030961,2.1.1
1,pkg-030962,3.2.2
1,pkg-030963,4.3.3
1,pkg-030964,5.4.4
1,pkg-030965,6.5.5
1,pkg-030966,7.6.6
1,pkg-030967,8.7.7
1,pkg-030968,9.8.8
1,pkg-030969,1.9.9
1,pkg-030970,2.10.0
1,pkg-030971,3.11.1
1,pkg-030972,4.12.2
1,pkg-030973,5.13.3
1,pkg-030974,6.14.4
1,pkg-030975,7.15.5
1,pkg-030976,8.16.6
1,pkg-030977,9.17.7
1,pkg-030978,1.18.8
1,pkg-030979,2.19.9
1,pkg-030980,3.0.0
1,pkg-030981,4.1.1
1,pkg-030982,5.2.2
1,pkg-030983,6.3.3
1,pkg-030984,7.4.4
1,pkg-030985,8.5.5
1,pkg-030986,9.6.6
1,pkg-030987,1.7.7
1,pkg-030988,2.8.8
1,pkg-030989,3.9.9
1,pkg-030990,4.10.0
1,pkg-030991,5.11.1
1,pkg-030992,6.12.2
1,pkg-030993,7.13.3
1,pkg-030994,8.14.4
1,pkg-030995,9.15.5
1,pkg-030996,1.16.6
1,pkg-030997,2.17.7
1,pkg-030998,3.18.8
1,pkg-030999,4.19.9
1,pkg-031000,5.0.0
1,pkg-031001,6.1.1
1,pkg-031002,7.2.2
1,pkg-031003,8.3.3
1,pkg-031004,9.4.4
1,pkg-031005,1.5.5
1,pkg-031006,2.6.6
1,pkg-031007,3.7.7
1,pkg-031008,4.8.8
1,pkg-031009,5.9.9
1,pkg-031010,6.10.0
1,pkg-031011,7.11.1
1,pkg-031012,8.12.2
1,pkg-031013,9.13.3
1,pkg-031014,1.14.4
1,pkg-031015,2.15.5
1,pkg-031016,3.16.6
1,pkg-031017,4.17.7
1,pkg-031018,5.18.8
1,pkg-031019,6.19.9
1,pkg-031020,7.0.0
1,pkg-031021,8.1.1
1,pkg-031022,9.2.2
1,pkg-031023,1.3.3
1,pkg-031024,2.4.4
1,pkg-031025,3.5.5
1,pkg-031026,4.6.6
1,pkg-031027,5.7.7
1,pkg-031028,6.8.8
1,pkg-031029,7.9.9
1,pkg-031030,8.10.0
1,pkg-031031,9.11.1
1,pkg-031032,1.12.2
1,pkg-031033,2.13.3
1,pkg-031034,3.14.4
1,pkg-031035,4.15.5
1,pkg-031036,5.16.6
1,pkg-031037,6.17.7
1,pkg-031038,7.18.8
1,pkg-031039,8.19.9
1,pkg-031040,9.0.0
1,pkg-031041,1.1.1
1,pkg-031042,2.2.2
1,pkg-031043,3.3.3
1,pkg-031044,4.4.4
1,pkg-031045,5.5.5
1,pkg-031046,6.6.6
1,pkg-031047,7.7.7
1,pkg-031048,8.8.8
1,pkg-031049,9.9.9
1,pkg-031050,1.10.0
1,pkg-031051,2.11.1
1,pkg-031052,3.12.2
1,pkg-031053,4.13.3
1,pkg-031054,5.14.4
1,pkg-031055,6.15.5
1,pkg-031056,7.16.6
1,pkg-031057,8.17.7
1,pkg-031058,9.18.8
1,pkg-031059,1.19.9
1,pkg-031060,2.0.0
1,pkg-031061,3.1.1
1,pkg-031062,4.2.2
1,pkg-031063,5.3.3
1,pkg-031064,6.4.4
1,pkg-031065,7.5.5
1,pkg-031066,8.6.6
1,pkg-031067,9.7.7
1,pkg-031068,1.8.8
1,pkg-031069,2.9.9
1,pkg-031070,3.10.0
1,pkg-031071,4.11.1
1,pkg-031072,5.12.2
1,pkg-031073,6.13.3
1,pkg-031074,7.14.4
1,pkg-031075,8.15.5
1,pkg-031076,9.16.6
1,pkg-031077,1.17.7
1,pkg-031078,2.18.8
1,pkg-031079,3.19.9
1,pkg-031080,4.0.0
1,pkg-031081,5.1.1
1,pkg-031082,6.2.2
1,pkg-031083,7.3.3
1,pkg-031084,8.4.4
1,pkg-031085,9.5.5
1,pkg-031086,1.6.6
1,pkg-031087,2.7.7
1,pkg-031088,3.8.8
1,pkg-031089,4.9.9
1,pkg-031090,5.10.0
1,pkg-031091,6.11.1
1,pkg-031092,7.12.2
1,pkg-031093,8.13.3
1,pkg-031094,9.14.4
1,pkg-031095,1.15.5
1,pkg-031096,2.16.6
1,pkg-031097,3.17.7
1,pkg-031098,4.18.8
1,pkg-031099,5.19.9
1,pkg-031100,6.0.0
1,pkg-031101,7.1.1
1,pkg-031102,8.2.2
1,pkg-031103,9.3.3
1,pkg-031104,1.4.4
1,pkg-031105,2.5.5
1,pkg-031106,3.6.6
1,pkg-031107,4.7.7
1,pkg-031108,5.8.8
1,pkg-031109,6.9.9
1,pkg-031110,7.10.0
1,pkg-031111,8.11.1
1,pkg-031112,9.12.2
1,pkg-031113,1.13.3
1,pkg-031114,2.14.4
1,pkg-031115,3.15.5
1,pkg-031116,4.16.6
1,pkg-031117,5.17.7
1,pkg-031118,6.18.8
1,pkg-031119,7.19.9
1,pkg-031120,8.0.0
1,pkg-031121,9.1.1
1,pkg-031122,1.2.2
1,pkg-031123,2.3.3
1,pkg-031124,3.4.4
1,pkg-031125,4.5.5
1,pkg-031126,5.6.6
1,pkg-031127,6.7.7
1,pkg-031128,7.8.8
1,pkg-031129,8.9.9
1,pkg-031130,9.10.0
1,pkg-031131,1.11.1
1,pkg-031132,2.12.2
1,pkg-031133,3.13.3
1,pkg-031134,4.14.4
1,pkg-031135,5.15.5
1,pkg-031136,6.16.6
1,pkg-031137,7.17.7
1,pkg-031138,8.18.8
1,pkg-031139,9.19.9
1,pkg-031140,1.0.0
1,pkg-031141,2.1.1
1,pkg-031142,3.2.2
1,pkg-031143,4.3.3
1,pkg-031144,5.4.4
1,pkg-031145,6.5.5
1,pkg-031146,7.6.6
1,pkg-031147,8.7.7
1,pkg-031148,9.8.8
1,pkg-031149,1.9.9
1,pkg-031150,2.10.0
1,pkg-031151,3.11.1
1,pkg-031152,4.12.2
1,pkg-031153,5.13.3
1,pkg-031154,6.14.4
1,pkg-031155,7.15.5
1,pkg-031156,8.16.6
1,pkg-031157,9.17.7
1,pkg-031158,1.18.8
1,pkg-031159,2.19.9
1,pkg-031160,3.0.0
1,pkg-031161,4.1.1
1,pkg-031162,5.2.2
1,pkg-031163,6.3.3
1,pkg-031164,7.4.4
1,pkg-031165,8.5.5
1,pkg-031166,9.6.6
1,pkg-031167,1.7.7
1,pkg-031168,2.8.8
1,pkg-031169,3.9.9
1,pkg-031170,4.10.0
1,pkg-031171,5.11.1
1,pkg-031172,6.12.2
1,pkg-031173,7.13.3
1,pkg-031174,8.14.4
1,pkg-031175,9.15.5
1,pkg-031176,1.16.6
1,pkg-031177,2.17.7
1,pkg-031178,3.18.8
1,pkg-031179,4.19.9
1,pkg-031180,5.0.0
1,pkg-031181,6.1.1
1,pkg-031182,7.2.2
1,pkg-031183,8.3.3
1,pkg-031184,9.4.4
1,pkg-031185,1.5.5
1,pkg-031186,2.6.6
1,pkg-031187,3.7.7
1,pkg-031188,4.8.8
1,pkg-031189,5.9.9
1,pkg-031190,6.10.0
1,pkg-031191,7.11.1
1,pkg-031192,8.12.2
1,pkg-031193,9.13.3
1,pkg-031194,1.14.4
1,pkg-031195,2.15.5
1,pkg-031196,3.16.6
1,pkg-031197,4.17.7
1,pkg-031198,5.18.8
1,pkg-031199,6.19.9
1,pkg-031200,7.0.0
1,pkg-031201,8.1.1
1,pkg-031202,9.2.2
1,pkg-031203,1.3.3
1,pkg-031204,2.4.4
1,pkg-031205,3.5.5
1,pkg-031206,4.6.6
1,pkg-031207,5.7.7
1,pkg-031208,6.8.8
1,pkg-031209,7.9.9
1,pkg-031210,8.10.0
1,pkg-031211,9.11.1
1,pkg-031212,1.12.2
1,pkg-031213,2.13.3
1,pkg-031214,3.14.4
1,pkg-031215,4.15.5
1,pkg-031216,5.16.6
1,pkg-031217,6.17.7
1,pkg-031218,7.18.8
1,pkg-031219,8.19.9
1,pkg-031220,9.0.0
1,pkg-031221,1.1.1
1,pkg-031222,2.2.2
1,pkg-031223,3.3.3
1,pkg-031224,4.4.4
1,pkg-031225,5.5.5
1,pkg-031226,6.6.6
1,pkg-031227,7.7.7
1,pkg-031228,8.8.8
1,pkg-031229,9.9.9
1,pkg-031230,1.10.0
1,pkg-031231,2.11.1
1,pkg-031232,3.12.2
1,pkg-031233,4.13.3
1,pkg-031234,5.14.4
1,pkg-031235,6.15.5
1,pkg-031236,7.16.6
1,pkg-031237,8.17.7
1,pkg-031238,9.18.8
1,pkg-031239,1.19.9
1,pkg-031240,2.0.0
1,pkg-031241,3.1.1
1,pkg-031242,4.2.2
1,pkg-031243,5.3.3
1,pkg-031244,6.4.4
1,pkg-031245,7.5.5
1,pkg-031246,8.6.6
1,pkg-031247,9.7.7
1,pkg-031248,1.8.8
1,pkg-031249,2.9.9
1,pkg-031250,3.10.0
1,pkg-031251,4.11.1
1,pkg-031252,5.12.2
1,pkg-031253,6.13.3
1,pkg-031254,7.14.4
1,pkg-031255,8.15.5
1,pkg-031256,9.16.6
1,pkg-031257,1.17.7
1,pkg-031258,2.18.8
1,pkg-031259,3.19.9
1,pkg-031260,4.0.0
1,pkg-031261,5.1.1
1,pkg-031262,6.2.2
1,pkg-031263,7.3.3
1,pkg-031264,8.4.4
1,pkg-031265,9.5.5
1,pkg-031266,1.6.6
1,pkg-031267,2.7.7
1,pkg-031268,3.8.8
1,pkg-031269,4.9.9
1,pkg-031270,5.10.0
1,pkg-031271,6.11.1
1,pkg-031272,7.12.2
1,pkg-031273,8.13.3
1,pkg-031274,9.14.4
1,pkg-031275,1.15.5
1,pkg-031276,2.16.6
1,pkg-031277,3.17.7
1,pkg-031278,4.18.8
1,pkg-031279,5.19.9
1,pkg-031280,6.0.0
1,pkg-031281,7.1.1
1,pkg-031282,8.2.2
1,pkg-031283,9.3.3
1,pkg-031284,1.4.4
1,pkg-031285,2.5.5
1,pkg-031286,3.6.6
1,pkg-031287,4.7.7
1,pkg-031288,5.8.8
1,pkg-031289,6.9.9
1,pkg-031290,7.10.0
1,pkg-031291,8.11.1
1,pkg-031292,9.12.2
1,pkg-031293,1.13.3
1,pkg-031294,2.14.4
1,pkg-031295,3.15.5
1,pkg-031296,4.16.6
1,pkg-031297,5.17.7
1,pkg-031298,6.18.8
1,pkg-031299,7.19.9
1,pkg-031300,8.0.0
1,pkg-031301,9.1.1
1,pkg-031302,1.2.2
1,pkg-031303,2.3.3
1,pkg-031304,3.4.4
1,pkg-031305,4.5.5
1,pkg-031306,5.6.6
1,pkg-031307,6.7.7
1,pkg-031308,7.8.8
1,pkg-031309,8.9.9
1,pkg-031310,9.10.0
1,pkg-031311,1.11.1
1,pkg-031312,2.12.2
1,pkg-031313,3.13.3
1,pkg-031314,4.14.4
1,pkg-031315,5.15.5
1,pkg-031316,6.16.6
1,pkg-031317,7.17.7
1,pkg-031318,8.18.8
1,pkg-031319,9.19.9
1,pkg-031320,1.0.0
1,pkg-031321,2.1.1
1,pkg-031322,3.2.2
1,pkg-031323,4.3.3
1,pkg-031324,5.4.4
1,pkg-031325,6.5.5
1,pkg-031326,7.6.6
1,pkg-031327,8.7.7
1,pkg-031328,9.8.8
1,pkg-031329,1.9.9
1,pkg-031330,2.10.0
1,pkg-031331,3.11.1
1,pkg-031332,4.12.2
1,pkg-031333,5.13.3
1,pkg-031334,6.14.4
1,pkg-031335,7.15.5
1,pkg-031336,8.16.6
1,pkg-031337,9.17.7
1,pkg-031338,1.18.8
1,pkg-031339,2.19.9
1,pkg-031340,3.0.0
1,pkg-031341,4.1.1
1,pkg-031342,5.2.2
1,pkg-031343,6.3.3
1,pkg-031344,7.4.4
1,pkg-031345,8.5.5
1,pkg-031346,9.6.6
1,pkg-031347,1.7.7
1,pkg-031348,2.8.8
1,pkg-031349,3.9.9
1,pkg-031350,4.10.0
1,pkg-031351,5.11.1
1,pkg-031352,6.12.2
1,pkg-031353,7.13.3
1,pkg-031354,8.14.4
1,pkg-031355,9.15.5
1,pkg-031356,1.16.6
1,pkg-031357,2.17.7
1,pkg-031358,3.18.8
1,pkg-031359,4.19.9
1,pkg-031360,5.0.0
1,pkg-031361,6.1.1
1,pkg-031362,7.2.2
1,pkg-031363,8.3.3
1,pkg-031364,9.4.4
1,pkg-031365,1.5.5
1,pkg-031366,2.6.6
1,pkg-031367,3.7.7
1,pkg-031368,4.8.8
1,pkg-031369,5.9.9
1,pkg-031370,6.10.0
1,pkg-031371,7.11.1
1,pkg-031372,8.12.2
1,pkg-031373,9.13.3
1,pkg-031374,1.14.4
1,pkg-031375,2.15.5
1,pkg-031376,3.16.6
1,pkg-031377,4.17.7
1,pkg-031378,5.18.8
1,pkg-031379,6.19.9
1,pkg-031380,7.0.0
1,pkg-031381,8.1.1
1,pkg-031382,9.2.2
1,pkg-031383,1.3.3
1,pkg-031384,2.4.4
1,pkg-031385,3.5.5
1,pkg-031386,4.6.6
1,pkg-031387,5.7.7
1,pkg-031388,6.8.8
1,pkg-031389,7.9.9
1,pkg-031390,8.10.0
1,pkg-031391,9.11.1
1,pkg-031392,1.12.2
1,pkg-031393,2.13.3
1,pkg-031394,3.14.4
1,pkg-031395,4.15.5
1,pkg-031396,5.16.6
1,pkg-031397,6.17.7
1,pkg-031398,7.18.8
1,pkg-031399,8.19.9
1,pkg-031400,9.0.0
1,pkg-031401,1.1.1
1,pkg-031402,2.2.2
1,pkg-031403,3.3.3
1,pkg-031404,4.4.4
1,pkg-031405,5.5.5
1,pkg-031406,6.6.6
1,pkg-031407,7.7.7
1,pkg-031408,8.8.8
1,pkg-031409,9.9.9
1,pkg-031410,1.10.0
1,pkg-031411,2.11.1
1,pkg-031412,3.12.2
1,pkg-031413,4.13.3
1,pkg-031414,5.14.4
1,pkg-031415,6.15.5
1,pkg-031416,7.16.6
1,pkg-031417,8.17.7
1,pkg-031418,9.18.8
1,pkg-031419,1.19.9
1,pkg-031420,2.0.0
1,pkg-031421,3.1.1
1,pkg-031422,4.2.2
1,pkg-031423,5.3.3
1,pkg-031424,6.4.4
1,pkg-031425,7.5.5
1,pkg-031426,8.6.6
1,pkg-031427,9.7.7
1,pkg-031428,1.8.8
1,pkg-031429,2.9.9
1,pkg-031430,3.10.0
1,pkg-031431,4.11.1
1,pkg-031432,5.12.2
1,pkg-031433,6.13.3
1,pkg-031434,7.14.4
1,pkg-031435,8.15.5
1,pkg-031436,9.16.6
1,pkg-031437,1.17.7
1,pkg-031438,2.18.8
1,pkg-031439,3.19.9
1,pkg-031440,4.0.0
1,pkg-031441,5.1.1
1,pkg-031442,6.2.2
1,pkg-031443,7.3.3
1,pkg-031444,8.4.4
1,pkg-031445,9.5.5
1,pkg-031446,1.6.6
1,pkg-031447,2.7.7
1,pkg-031448,3.8.8
1,pkg-031449,4.9.9
1,pkg-031450,5.10.0
1,pkg-031451,6.11.1
1,pkg-031452,7.12.2
1,pkg-031453,8.13.3
1,pkg-031454,9.14.4
1,pkg-031455,1.15.5
1,pkg-031456,2.16.6
1,pkg-031457,3.17.7
1,pkg-031458,4.18.8
1,pkg-031459,5.19.9
1,pkg-031460,6.0.0
1,pkg-031461,7.1.1
1,pkg-031462,8.2.2
1,pkg-031463,9.3.3
1,pkg-031464,1.4.4
1,pkg-031465,2.5.5
1,pkg-031466,3.6.6
1,pkg-031467,4.7.7
1,pkg-031468,5.8.8
1,pkg-031469,6.9.9
1,pkg-031470,7.10.0
1,pkg-031471,8.11.1
1,pkg-031472,9.12.2
1,pkg-031473,1.13.3
1,pkg-031474,2.14.4
1,pkg-031475,3.15.5
1,pkg-031476,4.16.6
1,pkg-031477,5.17.7
1,pkg-031478,6.18.8
1,pkg-031479,7.19.9
1,pkg-031480,8.0.0
1,pkg-031481,9.1.1
1,pkg-031482,1.2.2
1,pkg-031483,2.3.3
1,pkg-031484,3.4.4
1,pkg-031485,4.5.5
1,pkg-031486,5.6.6
1,pkg-031487,6.7.7
1,pkg-031488,7.8.8
1,pkg-031489,8.9.9
1,pkg-031490,9.10.0
1,pkg-031491,1.11.1
1,pkg-031492,2.12.2
1,pkg-031493,3.13.3
1,pkg-031494,4.14.4
1,pkg-031495,5.15.5
1,pkg-031496,6.16.6
1,pkg-031497,7.17.7
1,pkg-031498,8.18.8
1,pkg-031499,9.19.9
1,pkg-031500,1.0.0
1,pkg-031501,2.1.1
1,pkg-031502,3.2.2
1,pkg-031503,4.3.3
1,pkg-031504,5.4.4
1,pkg-031505,6.5.5
1,pkg-031506,7.6.6
1,pkg-031507,8.7.7
1,pkg-031508,9.8.8
1,pkg-031509,1.9.9
1,pkg-031510,2.10.0
1,pkg-031511,3.11.1
1,pkg-031512,4.12.2
1,pkg-031513,5.13.3
1,pkg-031514,6.14.4
1,pkg-031515,7.15.5
1,pkg-031516,8.16.6
1,pkg-031517,9.17.7
1,pkg-031518,1.18.8
1,pkg-031519,2.19.9
1,pkg-031520,3.0.0
1,pkg-031521,4.1.1
1,pkg-031522,5.2.2
1,pkg-031523,6.3.3
1,pkg-031524,7.4.4
1,pkg-031525,8.5.5
1,pkg-031526,9.6.6
1,pkg-031527,1.7.7
1,pkg-031528,2.8.8
1,pkg-031529,3.9.9
1,pkg-031530,4.10.0
1,pkg-031531,5.11.1
1,pkg-031532,6.12.2
1,pkg-031533,7.13.3
1,pkg-031534,8.14.4
1,pkg-031535,9.15.5
1,pkg-031536,1.16.6
1,pkg-031537,2.17.7
1,pkg-031538,3.18.8
1,pkg-031539,4.19.9
1,pkg-031540,5.0.0
1,pkg-031541,6.1.1
1,pkg-031542,7.2.2
1,pkg-031543,8.3.3
1,pkg-031544,9.4.4
1,pkg-031545,1.5.5
1,pkg-031546,2.6.6
1,pkg-031547,3.7.7
1,pkg-031548,4.8.8
1,pkg-031549,5.9.9
1,pkg-031550,6.10.0
1,pkg-031551,7.11.1
1,pkg-031552,8.12.2
1,pkg-031553,9.13.3
1,pkg-031554,1.14.4
1,pkg-031555,2.15.5
1,pkg-031556,3.16.6
1,pkg-031557,4.17.7
1,pkg-031558,5.18.8
1,pkg-031559,6.19.9
1,pkg-031560,7.0.0
1,pkg-031561,8.1.1
1,pkg-031562,9.2.2
1,pkg-031563,1.3.3
1,pkg-031564,2.4.4
1,pkg-031565,3.5.5
1,pkg-031566,4.6.6
1,pkg-031567,5.7.7
1,pkg-031568,6.8.8
1,pkg-031569,7.9.9
1,pkg-031570,8.10.0
1,pkg-031571,9.11.1
1,pkg-031572,1.12.2
1,pkg-031573,2.13.3
1,pkg-031574,3.14.4
1,pkg-031575,4.15.5
1,pkg-031576,5.16.6
1,pkg-031577,6.17.7
1,pkg-031578,7.18.8
1,pkg-031579,8.19.9
1,pkg-031580,9.0.0
1,pkg-031581,1.1.1
1,pkg-031582,2.2.2
1,pkg-031583,3.3.3
1,pkg-031584,4.4.4
1,pkg-031585,5.5.5
1,pkg-031586,6.6.6
1,pkg-031587,7.7.7
1,pkg-031588,8.8.8
1,pkg-031589,9.9.9
1,pkg-031590,1.10.0
1,pkg-031591,2.11.1
1,pkg-031592,3.12.2
1,pkg-031593,4.13.3
1,pkg-031594,5.14.4
1,pkg-031595,6.15.5
1,pkg-031596,7.16.6
1,pkg-031597,8.17.7
1,pkg-031598,9.18.8
1,pkg-031599,1.19.9
1,pkg-031600,2.0.0
1,pkg-031601,3.1.1
1,pkg-031602,4.2.2
1,pkg-031603,5.3.3
1,pkg-031604,6.4.4
1,pkg-031605,7.5.5
1,pkg-031606,8.6.6
1,pkg-031607,9.7.7
1,pkg-031608,1.8.8
1,pkg-031609,2.9.9
1,pkg-031610,3.10.0
1,pkg-031611,4.11.1
1,pkg-031612,5.12.2
1,pkg-031613,6.13.3
1,pkg-031614,7.14.4
1,pkg-031615,8.15.5
1,pkg-031616,9.16.6
1,pkg-031617,1.17.7
1,pkg-031618,2.18.8
1,pkg-031619,3.19.9
1,pkg-031620,4.0.0
1,pkg-031621,5.1.1
1,pkg-031622,6.2.2
1,pkg-031623,7.3.3
1,pkg-031624,8.4.4
1,pkg-031625,9.5.5
1,pkg-031626,1.6.6
1,pkg-031627,2.7.7
1,pkg-031628,3.8.8
1,pkg-031629,4.9.9
1,pkg-031630,5.10.0
1,pkg-031631,6.11.1
1,pkg-031632,7.12.2
1,pkg-031633,8.13.3
1,pkg-031634,9.14.4
1,pkg-031635,1.15.5
1,pkg-031636,2.16.6
1,pkg-031637,3.17.7
1,pkg-031638,4.18.8
1,pkg-031639,5.19.9
1,pkg-031640,6.0.0
1,pkg-031641,7.1.1
1,pkg-031642,8.2.2
1,pkg-031643,9.3.3
1,pkg-031644,1.4.4
1,pkg-031645,2.5.5
1,pkg-031646,3.6.6
1,pkg-031647,4.7.7
1,pkg-031648,5.8.8
1,pkg-031649,6.9.9
1,pkg-031650,7.10.0
1,pkg-031651,8.11.1
1,pkg-031652,9.12.2
1,pkg-031653,1.13.3
1,pkg-031654,2.14.4
1,pkg-031655,3.15.5
1,pkg-031656,4.16.6
1,pkg-031657,5.17.7
1,pkg-031658,6.18.8
1,pkg-031659,7.19.9
1,pkg-031660,8.0.0
1,pkg-031661,9.1.1
1,pkg-031662,1.2.2
1,pkg-031663,2.3.3
1,pkg-031664,3.4.4
1,pkg-031665,4.5.5
1,pkg-031666,5.6.6
1,pkg-031667,6.7.7
1,pkg-031668,7.8.8
1,pkg-031669,8.9.9
1,pkg-031670,9.10.0
1,pkg-031671,1.11.1
1,pkg-031672,2.12.2
1,pkg-031673,3.13.3
1,pkg-031674,4.14.4
1,pkg-031675,5.15.5
1,pkg-031676,6.16.6
1,pkg-031677,7.17.7
1,pkg-031678,8.18.8
1,pkg-031679,9.19.9
1,pkg-031680,1.0.0
1,pkg-031681,2.1.1
1,pkg-031682,3.2.2
1,pkg-031683,4.3.3
1,pkg-031684,5.4.4
1,pkg-031685,6.5.5
1,pkg-031686,7.6.6
1,pkg-031687,8.7.7
1,pkg-031688,9.8.8
1,pkg-031689,1.9.9
1,pkg-031690,2.10.0
1,pkg-031691,3.11.1
1,pkg-031692,4.12.2
1,pkg-031693,5.13.3
1,pkg-031694,6.14.4
1,pkg-031695,7.15.5
1,pkg-031696,8.16.6
1,pkg-031697,9.17.7
1,pkg-031698,1.18.8
1,pkg-031699,2.19.9
1,pkg-031700,3.0.0
1,pkg-031701,4.1.1
1,pkg-031702,5.2.2
1,pkg-031703,6.3.3
1,pkg-031704,7.4.4
1,pkg-031705,8.5.5
1,pkg-031706,9.6.6
1,pkg-031707,1.7.7
1,pkg-031708,2.8.8
1,pkg-031709,3.9.9
1,pkg-031710,4.10.0
1,pkg-031711,5.11.1
1,pkg-031712,6.12.2
1,pkg-031713,7.13.3
1,pkg-031714,8.14.4
1,pkg-031715,9.15.5
1,pkg-031716,1.16.6
1,pkg-031717,2.17.7
1,pkg-031718,3.18.8
1,pkg-031719,4.19.9
1,pkg-031720,5.0.0
1,pkg-031721,6.1.1
1,pkg-031722,7.2.2
1,pkg-031723,8.3.3
1,pkg-031724,9.4.4
1,pkg-031725,1.5.5
1,pkg-031726,2.6.6
1,pkg-031727,3.7.7
1,pkg-031728,4.8.8
1,pkg-031729,5.9.9
1,pkg-031730,6.10.0
1,pkg-031731,7.11.1
1,pkg-031732,8.12.2
1,pkg-031733,9.13.3
1,pkg-031734,1.14.4
1,pkg-031735,2.15.5
1,pkg-031736,3.16.6
1,pkg-031737,4.17.7
1,pkg-031738,5.18.8
1,pkg-031739,6.19.9
1,pkg-031740,7.0.0
1,pkg-031741,8.1.1
1,pkg-031742,9.2.2
1,pkg-031743,1.3.3
1,pkg-031744,2.4.4
1,pkg-031745,3.5.5
1,pkg-031746,4.6.6
1,pkg-031747,5.7.7
1,pkg-031748,6.8.8
1,pkg-031749,7.9.9
1,pkg-031750,8.10.0
1,pkg-031751,9.11.1
1,pkg-031752,1.12.2
1,pkg-031753,2.13.3
1,pkg-031754,3.14.4
1,pkg-031755,4.15.5
1,pkg-031756,5.16.6
1,pkg-031757,6.17.7
1,pkg-031758,7.18.8
1,pkg-031759,8.19.9
1,pkg-031760,9.0.0
1,pkg-031761,1.1.1
1,pkg-031762,2.2.2
1,pkg-031763,3.3.3
1,pkg-031764,4.4.4
1,pkg-031765,5.5.5
1,pkg-031766,6.6.6
1,pkg-031767,7.7.7
1,pkg-031768,8.8.8
1,pkg-031769,9.9.9
1,pkg-031770,1.10.0
1,pkg-031771,2.11.1
1,pkg-031772,3.12.2
1,pkg-031773,4.13.3
1,pkg-031774,5.14.4
1,pkg-031775,6.15.5
1,pkg-031776,7.16.6
1,pkg-031777,8.17.7
1,pkg-031778,9.18.8
1,pkg-031779,1.19.9
1,pkg-031780,2.0.0
1,pkg-031781,3.1.1
1,pkg-031782,4.2.2
1,pkg-031783,5.3.3
1,pkg-031784,6.4.4
1,pkg-031785,7.5.5
1,pkg-031786,8.6.6
1,pkg-031787,9.7.7
1,pkg-031788,1.8.8
1,pkg-031789,2.9.9
1,pkg-031790,3.10.0
1,pkg-031791,4.11.1
1,pkg-031792,5.12.2
1,pkg-031793,6.13.3
1,pkg-031794,7.14.4
1,pkg-031795,8.15.5
1,pkg-031796,9.16.6
1,pkg-031797,1.17.7
1,pkg-031798,2.18.8
1,pkg-031799,3.19.9
1,pkg-031800,4.0.0
1,pkg-031801,5.1.1
1,pkg-031802,6.2.2
1,pkg-031803,7.3.3
1,pkg-031804,8.4.4
1,pkg-031805,9.5.5
1,pkg-031806,1.6.6
1,pkg-031807,2.7.7
1,pkg-031808,3.8.8
1,pkg-031809,4.9.9
1,pkg-031810,5.10.0
1,pkg-031811,6.11.1
1,pkg-031812,7.12.2
1,pkg-031813,8.13.3
1,pkg-031814,9.14.4
1,pkg-031815,1.15.5
1,pkg-031816,2.16.6
1,pkg-031817,3.17.7
1,pkg-031818,4.18.8
1,pkg-031819,5.19.9
1,pkg-031820,6.0.0
1,pkg-031821,7.1.1
1,pkg-031822,8.2.2
1,pkg-031823,9.3.3
1,pkg-031824,1.4.4
1,pkg-031825,2.5.5
1,pkg-031826,3.6.6
1,pkg-031827,4.7.7
1,pkg-031828,5.8.8
1,pkg-031829,6.9.9
1,pkg-031830,7.10.0
1,pkg-031831,8.11.1
1,pkg-031832,9.12.2
1,pkg-031833,1.13.3
1,pkg-031834,2.14.4
1,pkg-031835,3.15.5
1,pkg-031836,4.16.6
1,pkg-031837,5.17.7
1,pkg-031838,6.18.8
1,pkg-031839,7.19.9
1,pkg-031840,8.0.0
1,pkg-031841,9.1.1
1,pkg-031842,1.2.2
1,pkg-031843,2.3.3
1,pkg-031844,3.4.4
1,pkg-031845,4.5.5
1,pkg-031846,5.6.6
1,pkg-031847,6.7.7
1,pkg-031848,7.8.8
1,pkg-031849,8.9.9
1,pkg-031850,9.10.0
1,pkg-031851,1.11.1
1,pkg-031852,2.12.2
1,pkg-031853,3.13.3
1,pkg-031854,4.14.4
1,pkg-031855,5.15.5
1,pkg-031856,6.16.6
1,pkg-031857,7.17.7
1,pkg-031858,8.18.8
1,pkg-031859,9.19.9
1,pkg-031860,1.0.0
1,pkg-031861,2.1.1
1,pkg-031862,3.2.2
1,pkg-031863,4.3.3
1,pkg-031864,5.4.4
1,pkg-031865,6.5.5
1,pkg-031866,7.6.6
1,pkg-031867,8.7.7
1,pkg-031868,9.8.8
1,pkg-031869,1.9.9
1,pkg-031870,2.10.0
1,pkg-031871,3.11.1
1,pkg-031872,4.12.2
1,pkg-031873,5.13.3
1,pkg-031874,6.14.4
1,pkg-031875,7.15.5
1,pkg-031876,8.16.6
1,pkg-031877,9.17.7
1,pkg-031878,1.18.8
1,pkg-031879,2.19.9
1,pkg-031880,3.0.0
1,pkg-031881,4.1.1
1,pkg-031882,5.2.2
1,pkg-031883,6.3.3
1,pkg-031884,7.4.4
1,pkg-031885,8.5.5
1,pkg-031886,9.6.6
1,pkg-031887,1.7.7
1,pkg-031888,2.8.8
1,pkg-031889,3.9.9
1,pkg-031890,4.10.0
1,pkg-031891,5.11.1
1,pkg-031892,6.12.2
1,pkg-031893,7.13.3
1,pkg-031894,8.14.4
1,pkg-031895,9.15.5
1,pkg-031896,1.16.6
1,pkg-031897,2.17.7
1,pkg-031898,3.18.8
1,pkg-031899,4.19.9
1,pkg-031900,5.0.0
1,pkg-031901,6.1.1
1,pkg-031902,7.2.2
1,pkg-031903,8.3.3
1,pkg-031904,9.4.4
1,pkg-031905,1.5.5
1,pkg-031906,2.6.6
1,pkg-031907,3.7.7
1,pkg-031908,4.8.8
1,pkg-031909,5.9.9
1,pkg-031910,6.10.0
1,pkg-031911,7.11.1
1,pkg-031912,8.12.2
1,pkg-031913,9.13.3
1,pkg-031914,1.14.4
1,pkg-031915,2.15.5
1,pkg-031916,3.16.6
1,pkg-031917,4.17.7
1,pkg-031918,5.18.8
1,pkg-031919,6.19.9
1,pkg-031920,7.0.0
1,pkg-031921,8.1.1
1,pkg-031922,9.2.2
1,pkg-031923,1.3.3
1,pkg-031924,2.4.4
1,pkg-031925,3.5.5
1,pkg-031926,4.6.6
1,pkg-031927,5.7.7
1,pkg-031928,6.8.8
1,pkg-031929,7.9.9
1,pkg-031930,8.10.0
1,pkg-031931,9.11.1
1,pkg-031932,1.12.2
1,pkg-031933,2.13.3
1,pkg-031934,3.14.4
1,pkg-031935,4.15.5
1,pkg-031936,5.16.6
1,pkg-031937,6.17.7
1,pkg-031938,7.18.8
1,pkg-031939,8.19.9
1,pkg-031940,9.0.0
1,pkg-031941,1.1.1
1,pkg-031942,2.2.2
1,pkg-031943,3.3.3
1,pkg-031944,4.4.4
1,pkg-031945,5.5.5
1,pkg-031946,6.6.6
1,pkg-031947,7.7.7
1,pkg-031948,8.8.8
1,pkg-031949,9.9.9
1,pkg-031950,1.10.0
1,pkg-031951,2.11.1
1,pkg-031952,3.12.2
1,pkg-031953,4.13.3
1,pkg-031954,5.14.4
1,pkg-031955,6.15.5
1,pkg-031956,7.16.6
1,pkg-031957,8.17.7
1,pkg-031958,9.18.8
1,pkg-031959,1.19.9
1,pkg-031960,2.0.0
1,pkg-031961,3.1.1
1,pkg-031962,4.2.2
1,pkg-031963,5.3.3
1,pkg-031964,6.4.4
1,pkg-031965,7.5.5
1,pkg-031966,8.6.6
1,pkg-031967,9.7.7
1,pkg-031968,1.8.8
1,pkg-031969,2.9.9
1,pkg-031970,3.10.0
1,pkg-031971,4.11.1
1,pkg-031972,5.12.2
1,pkg-031973,6.13.3
1,pkg-031974,7.14.4
1,pkg-031975,8.15.5
1,pkg-031976,9.16.6
1,pkg-031977,1.17.7
1,pkg-031978,2.18.8
1,pkg-031979,3.19.9
1,pkg-031980,4.0.0
1,pkg-031981,5.1.1
1,pkg-031982,6.2.2
1,pkg-031983,7.3.3
1,pkg-031984,8.4.4
1,pkg-031985,9.5.5
1,pkg-031986,1.6.6
1,pkg-031987,2.7.7
1,pkg-031988,3.8.8
1,pkg-031989,4.9.9
1,pkg-031990,5.10.0
1,pkg-031991,6.11.1
1,pkg-031992,7.12.2
1,pkg-031993,8.13.3
1,pkg-031994,9.14.4
1,pkg-031995,1.15.5
1,pkg-031996,2.16.6
1,pkg-031997,3.17.7
1,pkg-031998,4.18.8
1,pkg-031999,5.19.9
1,pkg-032000,6.0.0
1,pkg-032001,7.1.1
1,pkg-032002,8.2.2
1,pkg-032003,9.3.3
1,pkg-032004,1.4.4
1,pkg-032005,2.5.5
1,pkg-032006,3.6.6
1,pkg-032007,4.7.7
1,pkg-032008,5.8.8
1,pkg-032009,6.9.9
1,pkg-032010,7.10.0
1,pkg-032011,8.11.1
1,pkg-032012,9.12.2
1,pkg-032013,1.13.3
1,pkg-032014,2.14.4
1,pkg-032015,3.15.5
1,pkg-032016,4.16.6
1,pkg-032017,5.17.7
1,pkg-032018,6.18.8
1,pkg-032019,7.19.9
1,pkg-032020,8.0.0
1,pkg-032021,9.1.1
1,pkg-032022,1.2.2
1,pkg-032023,2.3.3
1,pkg-032024,3.4.4
1,pkg-032025,4.5.5
1,pkg-032026,5.6.6
1,pkg-032027,6.7.7
1,pkg-032028,7.8.8
1,pkg-032029,8.9.9
1,pkg-032030,9.10.0
1,pkg-032031,1.11.1
1,pkg-032032,2.12.2
1,pkg-032033,3.13.3
1,pkg-032034,4.14.4
1,pkg-032035,5.15.5
1,pkg-032036,6.16.6
1,pkg-032037,7.17.7
1,pkg-032038,8.18.8
1,pkg-032039,9.19.9
1,pkg-032040,1.0.0
1,pkg-032041,2.1.1
1,pkg-032042,3.2.2
1,pkg-032043,4.3.3
1,pkg-032044,5.4.4
1,pkg-032045,6.5.5
1,pkg-032046,7.6.6
1,pkg-032047,8.7.7
1,pkg-032048,9.8.8
1,pkg-032049,1.9.9
1,pkg-032050,2.10.0
1,pkg-032051,3.11.1
1,pkg-032052,4.12.2
1,pkg-032053,5.13.3
1,pkg-032054,6.14.4
1,pkg-032055,7.15.5
1,pkg-032056,8.16.6
1,pkg-032057,9.17.7
1,pkg-032058,1.18.8
1,pkg-032059,2.19.9
1,pkg-032060,3.0.0
1,pkg-032061,4.1.1
1,pkg-032062,5.2.2
1,pkg-032063,6.3.3
1,pkg-032064,7.4.4
1,pkg-032065,8.5.5
1,pkg-032066,9.6.6
1,pkg-032067,1.7.7
1,pkg-032068,2.8.8
1,pkg-032069,3.9.9
1,pkg-032070,4.10.0
1,pkg-032071,5.11.1
1,pkg-032072,6.12.2
1,pkg-032073,7.13.3
1,pkg-032074,8.14.4
1,pkg-032075,9.15.5
1,pkg-032076,1.16.6
1,pkg-032077,2.17.7
1,pkg-032078,3.18.8
1,pkg-032079,4.19.9
1,pkg-032080,5.0.0
1,pkg-032081,6.1.1
1,pkg-032082,7.2.2
1,pkg-032083,8.3.3
1,pkg-032084,9.4.4
1,pkg-032085,1.5.5
1,pkg-032086,2.6.6
1,pkg-032087,3.7.7
1,pkg-032088,4.8.8
1,pkg-032089,5.9.9
1,pkg-032090,6.10.0
1,pkg-032091,7.11.1
1,pkg-032092,8.12.2
1,pkg-032093,9.13.3
1,pkg-032094,1.14.4
1,pkg-032095,2.15.5
1,pkg-032096,3.16.6
1,pkg-032097,4.17.7
1,pkg-032098,5.18.8
1,pkg-032099,6.19.9
1,pkg-032100,7.0.0
1,pkg-032101,8.1.1
1,pkg-032102,9.2.2
1,pkg-032103,1.3.3
1,pkg-032104,2.4.4
1,pkg-032105,3.5.5
1,pkg-032106,4.6.6
1,pkg-032107,5.7.7
1,pkg-032108,6.8.8
1,pkg-032109,7.9.9
1,pkg-032110,8.10.0
1,pkg-032111,9.11.1
1,pkg-032112,1.12.2
1,pkg-032113,2.13.3
1,pkg-032114,3.14.4
1,pkg-032115,4.15.5
1,pkg-032116,5.16.6
1,pkg-032117,6.17.7
1,pkg-032118,7.18.8
1,pkg-032119,8.19.9
1,pkg-032120,9.0.0
1,pkg-032121,1.1.1
1,pkg-032122,2.2.2
1,pkg-032123,3.3.3
1,pkg-032124,4.4.4
1,pkg-032125,5.5.5
1,pkg-032126,6.6.6
1,pkg-032127,7.7.7
1,pkg-032128,8.8.8
1,pkg-032129,9.9.9
1,pkg-032130,1.10.0
1,pkg-032131,2.11.1
1,pkg-032132,3.12.2
1,pkg-032133,4.13.3
1,pkg-032134,5.14.4
1,pkg-032135,6.15.5
1,pkg-032136,7.16.6
1,pkg-032137,8.17.7
1,pkg-032138,9.18.8
1,pkg-032139,1.19.9
1,pkg-032140,2.0.0
1,pkg-032141,3.1.1
1,pkg-032142,4.2.2
1,pkg-032143,5.3.3
1,pkg-032144,6.4.4
1,pkg-032145,7.5.5
1,pkg-032146,8.6.6
1,pkg-032147,9.7.7
1,pkg-032148,1.8.8
1,pkg-032149,2.9.9
1,pkg-032150,3.10.0
1,pkg-032151,4.11.1
1,pkg-032152,5.12.2
1,pkg-032153,6.13.3
1,pkg-032154,7.14.4
1,pkg-032155,8.15.5
1,pkg-032156,9.16.6
1,pkg-032157,1.17.7
1,pkg-032158,2.18.8
1,pkg-032159,3.19.9
1,pkg-032160,4.0.0
1,pkg-032161,5.1.1
1,pkg-032162,6.2.2
1,pkg-032163,7.3.3
1,pkg-032164,8.4.4
1,pkg-032165,9.5.5
1,pkg-032166,1.6.6
1,pkg-032167,2.7.7
1,pkg-032168,3.8.8
1,pkg-032169,4.9.9
1,pkg-032170,5.10.0
1,pkg-032171,6.11.1
1,pkg-032172,7.12.2
1,pkg-032173,8.13.3
1,pkg-032174,9.14.4
1,pkg-032175,1.15.5
1,pkg-032176,2.16.6
1,pkg-032177,3.17.7
1,pkg-032178,4.18.8
1,pkg-032179,5.19.9
1,pkg-032180,6.0.0
1,pkg-032181,7.1.1
1,pkg-032182,8.2.2
1,pkg-032183,9.3.3
1,pkg-032184,1.4.4
1,pkg-032185,2.5.5
1,pkg-032186,3.6.6
1,pkg-032187,4.7.7
1,pkg-032188,5.8.8
1,pkg-032189,6.9.9
1,pkg-032190,7.10.0
1,pkg-032191,8.11.1
1,pkg-032192,9.12.2
1,pkg-032193,1.13.3
1,pkg-032194,2.14.4
1,pkg-032195,3.15.5
1,pkg-032196,4.16.6
1,pkg-032197,5.17.7
1,pkg-032198,6.18.8
1,pkg-032199,7.19.9
1,pkg-032200,8.0.0
1,pkg-032201,9.1.1
1,pkg-032202,1.2.2
1,pkg-032203,2.3.3
1,pkg-032204,3.4.4
1,pkg-032205,4.5.5
1,pkg-032206,5.6.6
1,pkg-032207,6.7.7
1,pkg-032208,7.8.8
1,pkg-032209,8.9.9
1,pkg-032210,9.10.0
1,pkg-032211,1.11.1
1,pkg-032212,2.12.2
1,pkg-032213,3.13.3
1,pkg-032214,4.14.4
1,pkg-032215,5.15.5
1,pkg-032216,6.16.6
1,pkg-032217,7.17.7
1,pkg-032218,8.18.8
1,pkg-032219,9.19.9
1,pkg-032220,1.0.0
1,pkg-032221,2.1.1
1,pkg-032222,3.2.2
1,pkg-032223,4.3.3
1,pkg-032224,5.4.4
1,pkg-032225,6.5.5
1,pkg-032226,7.6.6
1,pkg-032227,8.7.7
1,pkg-032228,9.8.8
1,pkg-032229,1.9.9
1,pkg-032230,2.10.0
1,pkg-032231,3.11.1
1,pkg-032232,4.12.2
1,pkg-032233,5.13.3
1,pkg-032234,6.14.4
1,pkg-032235,7.15.5
1,pkg-032236,8.16.6
1,pkg-032237,9.17.7
1,pkg-032238,1.18.8
1,pkg-032239,2.19.9
1,pkg-032240,3.0.0
1,pkg-032241,4.1.1
1,pkg-032242,5.2.2
1,pkg-032243,6.3.3
1,pkg-032244,7.4.4
1,pkg-032245,8.5.5
1,pkg-032246,9.6.6
1,pkg-032247,1.7.7
1,pkg-032248,2.8.8
1,pkg-032249,3.9.9
1,pkg-032250,4.10.0
1,pkg-032251,5.11.1
1,pkg-032252,6.12.2
1,pkg-032253,7.13.3
1,pkg-032254,8.14.4
1,pkg-032255,9.15.5
1,pkg-032256,1.16.6
1,pkg-032257,2.17.7
1,pkg-032258,3.18.8
1,pkg-032259,4.19.9
1,pkg-032260,5.0.0
1,pkg-032261,6.1.1
1,pkg-032262,7.2.2
1,pkg-032263,8.3.3
1,pkg-032264,9.4.4
1,pkg-032265,1.5.5
1,pkg-032266,2.6.6
1,pkg-032267,3.7.7
1,pkg-032268,4.8.8
1,pkg-032269,5.9.9
1,pkg-032270,6.10.0
1,pkg-032271,7.11.1
1,pkg-032272,8.12.2
1,pkg-032273,9.13.3
1,pkg-032274,1.14.4
1,pkg-032275,2.15.5
1,pkg-032276,3.16.6
1,pkg-032277,4.17.7
1,pkg-032278,5.18.8
1,pkg-032279,6.19.9
1,pkg-032280,7.0.0
1,pkg-032281,8.1.1
1,pkg-032282,9.2.2
1,pkg-032283,1.3.3
1,pkg-032284,2.4.4
1,pkg-032285,3.5.5
1,pkg-032286,4.6.6
1,pkg-032287,5.7.7
1,pkg-032288,6.8.8
1,pkg-032289,7.9.9
1,pkg-032290,8.10.0
1,pkg-032291,9.11.1
1,pkg-032292,1.12.2
1,pkg-032293,2.13.3
1,pkg-032294,3.14.4
1,pkg-032295,4.15.5
1,pkg-032296,5.16.6
1,pkg-032297,6.17.7
1,pkg-032298,7.18.8
1,pkg-032299,8.19.9
1,pkg-032300,9.0.0
1,pkg-032301,1.1.1
1,pkg-032302,2.2.2
1,pkg-032303,3.3.3
1,pkg-032304,4.4.4
1,pkg-032305,5.5.5
1,pkg-032306,6.6.6
1,pkg-032307,7.7.7
1,pkg-032308,8.8.8
1,pkg-032309,9.9.9
1,pkg-032310,1.10.0
1,pkg-032311,2.11.1
1,pkg-032312,3.12.2
1,pkg-032313,4.13.3
1,pkg-032314,5.14.4
1,pkg-032315,6.15.5
1,pkg-032316,7.16.6
1,pkg-032317,8.17.7
1,pkg-032318,9.18.8
1,pkg-032319,1.19.9
1,pkg-032320,2.0.0
1,pkg-032321,3.1.1
1,pkg-032322,4.2.2
1,pkg-032323,5.3.3
1,pkg-032324,6.4.4
1,pkg-032325,7.5.5
1,pkg-032326,8.6.6
1,pkg-032327,9.7.7
1,pkg-032328,1.8.8
1,pkg-032329,2.9.9
1,pkg-032330,3.10.0
1,pkg-032331,4.11.1
1,pkg-032332,5.12.2
1,pkg-032333,6.13.3
1,pkg-032334,7.14.4
1,pkg-032335,8.15.5
1,pkg-032336,9.16.6
1,pkg-032337,1.17.7
1,pkg-032338,2.18.8
1,pkg-032339,3.19.9
1,pkg-032340,4.0.0
1,pkg-032341,5.1.1
1,pkg-032342,6.2.2
1,pkg-032343,7.3.3
1,pkg-032344,8.4.4
1,pkg-032345,9.5.5
1,pkg-032346,1.6.6
1,pkg-032347,2.7.7
1,pkg-032348,3.8.8
1,pkg-032349,4.9.9
1,pkg-032350,5.10.0
1,pkg-032351,6.11.1
1,pkg-032352,7.12.2
1,pkg-032353,8.13.3
1,pkg-032354,9.14.4
1,pkg-032355,1.15.5
1,pkg-032356,2.16.6
1,pkg-032357,3.17.7
1,pkg-032358,4.18.8
1,pkg-032359,5.19.9
1,pkg-032360,6.0.0
1,pkg-032361,7.1.1
1,pkg-032362,8.2.2
1,pkg-032363,9.3.3
1,pkg-032364,1.4.4
1,pkg-032365,2.5.5
1,pkg-032366,3.6.6
1,pkg-032367,4.7.7
1,pkg-032368,5.8.8
1,pkg-032369,6.9.9
1,pkg-032370,7.10.0
1,pkg-032371,8.11.1
1,pkg-032372,9.12.2
1,pkg-032373,1.13.3
1,pkg-032374,2.14.4
1,pkg-032375,3.15.5
1,pkg-032376,4.16.6
1,pkg-032377,5.17.7
1,pkg-032378,6.18.8
1,pkg-032379,7.19.9
1,pkg-032380,8.0.0
1,pkg-032381,9.1.1
1,pkg-032382,1.2.2
1,pkg-032383,2.3.3
1,pkg-032384,3.4.4
1,pkg-032385,4.5.5
1,pkg-032386,5.6.6
1,pkg-032387,6.7.7
1,pkg-032388,7.8.8
1,pkg-032389,8.9.9
1,pkg-032390,9.10.0
1,pkg-032391,1.11.1
1,pkg-032392,2.12.2
1,pkg-032393,3.13.3
1,pkg-032394,4.14.4
1,pkg-032395,5.15.5
1,pkg-032396,6.16.6
1,pkg-032397,7.17.7
1,pkg-032398,8.18.8
1,pkg-032399,9.19.9
1,pkg-032400,1.0.0
1,pkg-032401,2.1.1
1,pkg-032402,3.2.2
1,pkg-032403,4.3.3
1,pkg-032404,5.4.4
1,pkg-032405,6.5.5
1,pkg-032406,7.6.6
1,pkg-032407,8.7.7
1,pkg-032408,9.8.8
1,pkg-032409,1.9.9
1,pkg-032410,2.10.0
1,pkg-032411,3.11.1
1,pkg-032412,4.12.2
1,pkg-032413,5.13.3
1,pkg-032414,6.14.4
1,pkg-032415,7.15.5
1,pkg-032416,8.16.6
1,pkg-032417,9.17.7
1,pkg-032418,1.18.8
1,pkg-032419,2.19.9
1,pkg-032420,3.0.0
1,pkg-032421,4.1.1
1,pkg-032422,5.2.2
1,pkg-032423,6.3.3
1,pkg-032424,7.4.4
1,pkg-032425,8.5.5
1,pkg-032426,9.6.6
1,pkg-032427,1.7.7
1,pkg-032428,2.8.8
1,pkg-032429,3.9.9
1,pkg-032430,4.10.0
1,pkg-032431,5.11.1
1,pkg-032432,6.12.2
1,pkg-032433,7.13.3
1,pkg-032434,8.14.4
1,pkg-032435,9.15.5
1,pkg-032436,1.16.6
1,pkg-032437,2.17.7
1,pkg-032438,3.18.8
1,pkg-032439,4.19.9
1,pkg-032440,5.0.0
1,pkg-032441,6.1.1
1,pkg-032442,7.2.2
1,pkg-032443,8.3.3
1,pkg-032444,9.4.4
1,pkg-032445,1.5.5
1,pkg-032446,2.6.6
1,pkg-032447,3.7.7
1,pkg-032448,4.8.8
1,pkg-032449,5.9.9
1,pkg-032450,6.10.0
1,pkg-032451,7.11.1
1,pkg-032452,8.12.2
1,pkg-032453,9.13.3
1,pkg-032454,1.14.4
1,pkg-032455,2.15.5
1,pkg-032456,3.16.6
1,pkg-032457,4.17.7
1,pkg-032458,5.18.8
1,pkg-032459,6.19.9
1,pkg-032460,7.0.0
1,pkg-032461,8.1.1
1,pkg-032462,9.2.2
1,pkg-032463,1.3.3
1,pkg-032464,2.4.4
1,pkg-032465,3.5.5
1,pkg-032466,4.6.6
1,pkg-032467,5.7.7
1,pkg-032468,6.8.8
1,pkg-032469,7.9.9
1,pkg-032470,8.10.0
1,pkg-032471,9.11.1
1,pkg-032472,1.12.2
1,pkg-032473,2.13.3
1,pkg-032474,3.14.4
1,pkg-032475,4.15.5
1,pkg-032476,5.16.6
1,pkg-032477,6.17.7
1,pkg-032478,7.18.8
1,pkg-032479,8.19.9
1,pkg-032480,9.0.0
1,pkg-032481,1.1.1
1,pkg-032482,2.2.2
1,pkg-032483,3.3.3
1,pkg-032484,4.4.4
1,pkg-032485,5.5.5
1,pkg-032486,6.6.6
1,pkg-032487,7.7.7
1,pkg-032488,8.8.8
1,pkg-032489,9.9.9
1,pkg-032490,1.10.0
1,pkg-032491,2.11.1
1,pkg-032492,3.12.2
1,pkg-032493,4.13.3
1,pkg-032494,5.14.4
1,pkg-032495,6.15.5
1,pkg-032496,7.16.6
1,pkg-032497,8.17.7
1,pkg-032498,9.18.8
1,pkg-032499,1.19.9
1,pkg-032500,2.0.0
1,pkg-032501,3.1.1
1,pkg-032502,4.2.2
1,pkg-032503,5.3.3
1,pkg-032504,6.4.4
1,pkg-032505,7.5.5
1,pkg-032506,8.6.6
1,pkg-032507,9.7.7
1,pkg-032508,1.8.8
1,pkg-032509,2.9.9
1,pkg-032510,3.10.0
1,pkg-032511,4.11.1
1,pkg-032512,5.12.2
1,pkg-032513,6.13.3
1,pkg-032514,7.14.4
1,pkg-032515,8.15.5
1,pkg-032516,9.16.6
1,pkg-032517,1.17.7
1,pkg-032518,2.18.8
1,pkg-032519,3.19.9
1,pkg-032520,4.0.0
1,pkg-032521,5.1.1
1,pkg-032522,6.2.2
1,pkg-032523,7.3.3
1,pkg-032524,8.4.4
1,pkg-032525,9.5.5
1,pkg-032526,1.6.6
1,pkg-032527,2.7.7
1,pkg-032528,3.8.8
1,pkg-032529,4.9.9
1,pkg-032530,5.10.0
1,pkg-032531,6.11.1
1,pkg-032532,7.12.2
1,pkg-032533,8.13.3
1,pkg-032534,9.14.4
1,pkg-032535,1.15.5
1,pkg-032536,2.16.6
1,pkg-032537,3.17.7
1,pkg-032538,4.18.8
1,pkg-032539,5.19.9
1,pkg-032540,6.0.0
1,pkg-032541,7.1.1
1,pkg-032542,8.2.2
1,pkg-032543,9.3.3
1,pkg-032544,1.4.4
1,pkg-032545,2.5.5
1,pkg-032546,3.6.6
1,pkg-032547,4.7.7
1,pkg-032548,5.8.8
1,pkg-032549,6.9.9
1,pkg-032550,7.10.0
1,pkg-032551,8.11.1
1,pkg-032552,9.12.2
1,pkg-032553,1.13.3
1,pkg-032554,2.14.4
1,pkg-032555,3.15.5
1,pkg-032556,4.16.6
1,pkg-032557,5.17.7
1,pkg-032558,6.18.8
1,pkg-032559,7.19.9
1,pkg-032560,8.0.0
1,pkg-032561,9.1.1
1,pkg-032562,1.2.2
1,pkg-032563,2.3.3
1,pkg-032564,3.4.4
1,pkg-032565,4.5.5
1,pkg-032566,5.6.6
1,pkg-032567,6.7.7
1,pkg-032568,7.8.8
1,pkg-032569,8.9.9
1,pkg-032570,9.10.0
1,pkg-032571,1.11.1
1,pkg-032572,2.12.2
1,pkg-032573,3.13.3
1,pkg-032574,4.14.4
1,pkg-032575,5.15.5
1,pkg-032576,6.16.6
1,pkg-032577,7.17.7
1,pkg-032578,8.18.8
1,pkg-032579,9.19.9
1,pkg-032580,1.0.0
1,pkg-032581,2.1.1
1,pkg-032582,3.2.2
1,pkg-032583,4.3.3
1,pkg-032584,5.4.4
1,pkg-032585,6.5.5
1,pkg-032586,7.6.6
1,pkg-032587,8.7.7
1,pkg-032588,9.8.8
1,pkg-032589,1.9.9
1,pkg-032590,2.10.0
1,pkg-032591,3.11.1
1,pkg-032592,4.12.2
1,pkg-032593,5.13.3
1,pkg-032594,6.14.4
1,pkg-032595,7.15.5
1,pkg-032596,8.16.6
1,pkg-032597,9.17.7
1,pkg-032598,1.18.8
1,pkg-032599,2.19.9
1,pkg-032600,3.0.0
1,pkg-032601,4.1.1
1,pkg-032602,5.2.2
1,pkg-032603,6.3.3
1,pkg-032604,7.4.4
1,pkg-032605,8.5.5
1,pkg-032606,9.6.6
1,pkg-032607,1.7.7
1,pkg-032608,2.8.8
1,pkg-032609,3.9.9
1,pkg-032610,4.10.0
1,pkg-032611,5.11.1
1,pkg-032612,6.12.2
1,pkg-032613,7.13.3
1,pkg-032614,8.14.4
1,pkg-032615,9.15.5
1,pkg-032616,1.16.6
1,pkg-032617,2.17.7
1,pkg-032618,3.18.8
1,pkg-032619,4.19.9
1,pkg-032620,5.0.0
1,pkg-032621,6.1.1
1,pkg-032622,7.2.2
1,pkg-032623,8.3.3
1,pkg-032624,9.4.4
1,pkg-032625,1.5.5
1,pkg-032626,2.6.6
1,pkg-032627,3.7.7
1,pkg-032628,4.8.8
1,pkg-032629,5.9.9
1,pkg-032630,6.10.0
1,pkg-032631,7.11.1
1,pkg-032632,8.12.2
1,pkg-032633,9.13.3
1,pkg-032634,1.14.4
1,pkg-032635,2.15.5
1,pkg-032636,3.16.6
1,pkg-032637,4.17.7
1,pkg-032638,5.18.8
1,pkg-032639,6.19.9
1,pkg-032640,7.0.0
1,pkg-032641,8.1.1
1,pkg-032642,9.2.2
1,pkg-032643,1.3.3
1,pkg-032644,2.4.4
1,pkg-032645,3.5.5
1,pkg-032646,4.6.6
1,pkg-032647,5.7.7
1,pkg-032648,6.8.8
1,pkg-032649,7.9.9
1,pkg-032650,8.10.0
1,pkg-032651,9.11.1
1,pkg-032652,1.12.2
1,pkg-032653,2.13.3
1,pkg-032654,3.14.4
1,pkg-032655,4.15.5
1,pkg-032656,5.16.6
1,pkg-032657,6.17.7
1,pkg-032658,7.18.8
1,pkg-032659,8.19.9
1,pkg-032660,9.0.0
1,pkg-032661,1.1.1
1,pkg-032662,2.2.2
1,pkg-032663,3.3.3
1,pkg-032664,4.4.4
1,pkg-032665,5.5.5
1,pkg-032666,6.6.6
1,pkg-032667,7.7.7
1,pkg-032668,8.8.8
1,pkg-032669,9.9.9
1,pkg-032670,1.10.0
1,pkg-032671,2.11.1
1,pkg-032672,3.12.2
1,pkg-032673,4.13.3
1,pkg-032674,5.14.4
1,pkg-032675,6.15.5
1,pkg-032676,7.16.6
1,pkg-032677,8.17.7
1,pkg-032678,9.18.8
1,pkg-032679,1.19.9
1,pkg-032680,2.0.0
1,pkg-032681,3.1.1
1,pkg-032682,4.2.2
1,pkg-032683,5.3.3
1,pkg-032684,6.4.4
1,pkg-032685,7.5.5
1,pkg-032686,8.6.6
1,pkg-032687,9.7.7
1,pkg-032688,1.8.8
1,pkg-032689,2.9.9
1,pkg-032690,3.10.0
1,pkg-032691,4.11.1
1,pkg-032692,5.12.2
1,pkg-032693,6.13.3
1,pkg-032694,7.14.4
1,pkg-032695,8.15.5
1,pkg-032696,9.16.6
1,pkg-032697,1.17.7
1,pkg-032698,2.18.8
1,pkg-032699,3.19.9
1,pkg-032700,4.0.0
1,pkg-032701,5.1.1
1,pkg-032702,6.2.2
1,pkg-032703,7.3.3
1,pkg-032704,8.4.4
1,pkg-032705,9.5.5
1,pkg-032706,1.6.6
1,pkg-032707,2.7.7
1,pkg-032708,3.8.8
1,pkg-032709,4.9.9
1,pkg-032710,5.10.0
1,pkg-032711,6.11.1
1,pkg-032712,7.12.2
1,pkg-032713,8.13.3
1,pkg-032714,9.14.4
1,pkg-032715,1.15.5
1,pkg-032716,2.16.6
1,pkg-032717,3.17.7
1,pkg-032718,4.18.8
1,pkg-032719,5.19.9
1,pkg-032720,6.0.0
1,pkg-032721,7.1.1
1,pkg-032722,8.2.2
1,pkg-032723,9.3.3
1,pkg-032724,1.4.4
1,pkg-032725,2.5.5
1,pkg-032726,3.6.6
1,pkg-032727,4.7.7
1,pkg-032728,5.8.8
1,pkg-032729,6.9.9
1,pkg-032730,7.10.0
1,pkg-032731,8.11.1
1,pkg-032732,9.12.2
1,pkg-032733,1.13.3
1,pkg-032734,2.14.4
1,pkg-032735,3.15.5
1,pkg-032736,4.16.6
1,pkg-032737,5.17.7
1,pkg-032738,6.18.8
1,pkg-032739,7.19.9
1,pkg-032740,8.0.0
1,pkg-032741,9.1.1
1,pkg-032742,1.2.2
1,pkg-032743,2.3.3
1,pkg-032744,3.4.4
1,pkg-032745,4.5.5
1,pkg-032746,5.6.6
1,pkg-032747,6.7.7
1,pkg-032748,7.8.8
1,pkg-032749,8.9.9
1,pkg-032750,9.10.0
1,pkg-032751,1.11.1
1,pkg-032752,2.12.2
1,pkg-032753,3.13.3
1,pkg-032754,4.14.4
1,pkg-032755,5.15.5
1,pkg-032756,6.16.6
1,pkg-032757,7.17.7
1,pkg-032758,8.18.8
1,pkg-032759,9.19.9
1,pkg-032760,1.0.0
1,pkg-032761,2.1.1
1,pkg-032762,3.2.2
1,pkg-032763,4.3.3
1,pkg-032764,5.4.4
1,pkg-032765,6.5.5
1,pkg-032766,7.6.6
1,pkg-032767,8.7.7
1,pkg-032768,9.8.8
1,pkg-032769,1.9.9
1,pkg-032770,2.10.0
1,pkg-032771,3.11.1
1,pkg-032772,4.12.2
1,pkg-032773,5.13.3
1,pkg-032774,6.14.4
1,pkg-032775,7.15.5
1,pkg-032776,8.16.6
1,pkg-032777,9.17.7
1,pkg-032778,1.18.8
1,pkg-032779,2.19.9
1,pkg-032780,3.0.0
1,pkg-032781,4.1.1
1,pkg-032782,5.2.2
1,pkg-032783,6.3.3
1,pkg-032784,7.4.4
1,pkg-032785,8.5.5
1,pkg-032786,9.6.6
1,pkg-032787,1.7.7
1,pkg-032788,2.8.8
1,pkg-032789,3.9.9
1,pkg-032790,4.10.0
1,pkg-032791,5.11.1
1,pkg-032792,6.12.2
1,pkg-032793,7.13.3
1,pkg-032794,8.14.4
1,pkg-032795,9.15.5
1,pkg-032796,1.16.6
1,pkg-032797,2.17.7
1,pkg-032798,3.18.8
1,pkg-032799,4.19.9
1,pkg-032800,5.0.0
1,pkg-032801,6.1.1
1,pkg-032802,7.2.2
1,pkg-032803,8.3.3
1,pkg-032804,9.4.4
1,pkg-032805,1.5.5
1,pkg-032806,2.6.6
1,pkg-032807,3.7.7
1,pkg-032808,4.8.8
1,pkg-032809,5.9.9
1,pkg-032810,6.10.0
1,pkg-032811,7.11.1
1,pkg-032812,8.12.2
1,pkg-032813,9.13.3
1,pkg-032814,1.14.4
1,pkg-032815,2.15.5
1,pkg-032816,3.16.6
1,pkg-032817,4.17.7
1,pkg-032818,5.18.8
1,pkg-032819,6.19.9
1,pkg-032820,7.0.0
1,pkg-032821,8.1.1
1,pkg-032822,9.2.2
1,pkg-032823,1.3.3
1,pkg-032824,2.4.4
1,pkg-032825,3.5.5
1,pkg-032826,4.6.6
1,pkg-032827,5.7.7
1,pkg-032828,6.8.8
1,pkg-032829,7.9.9
1,pkg-032830,8.10.0
1,pkg-032831,9.11.1
1,pkg-032832,1.12.2
1,pkg-032833,2.13.3
1,pkg-032834,3.14.4
1,pkg-032835,4.15.5
1,pkg-032836,5.16.6
1,pkg-032837,6.17.7
1,pkg-032838,7.18.8
1,pkg-032839,8.19.9
1,pkg-032840,9.0.0
1,pkg-032841,1.1.1
1,pkg-032842,2.2.2
1,pkg-032843,3.3.3
1,pkg-032844,4.4.4
1,pkg-032845,5.5.5
1,pkg-032846,6.6.6
1,pkg-032847,7.7.7
1,pkg-032848,8.8.8
1,pkg-032849,9.9.9
1,pkg-032850,1.10.0
1,pkg-032851,2.11.1
1,pkg-032852,3.12.2
1,pkg-032853,4.13.3
1,pkg-032854,5.14.4
1,pkg-032855,6.15.5
1,pkg-032856,7.16.6
1,pkg-032857,8.17.7
1,pkg-032858,9.18.8
1,pkg-032859,1.19.9
1,pkg-032860,2.0.0
1,pkg-032861,3.1.1
1,pkg-032862,4.2.2
1,pkg-032863,5.3.3
1,pkg-032864,6.4.4
1,pkg-032865,7.5.5
1,pkg-032866,8.6.6
1,pkg-032867,9.7.7
1,pkg-032868,1.8.8
1,pkg-032869,2.9.9
1,pkg-032870,3.10.0
1,pkg-032871,4.11.1
1,pkg-032872,5.12.2
1,pkg-032873,6.13.3
1,pkg-032874,7.14.4
1,pkg-032875,8.15.5
1,pkg-032876,9.16.6
1,pkg-032877,1.17.7
1,pkg-032878,2.18.8
1,pkg-032879,3.19.9
1,pkg-032880,4.0.0
1,pkg-032881,5.1.1
1,pkg-032882,6.2.2
1,pkg-032883,7.3.3
1,pkg-032884,8.4.4
1,pkg-032885,9.5.5
1,pkg-032886,1.6.6
1,pkg-032887,2.7.7
1,pkg-032888,3.8.8
1,pkg-032889,4.9.9
1,pkg-032890,5.10.0
1,pkg-032891,6.11.1
1,pkg-032892,7.12.2
1,pkg-032893,8.13.3
1,pkg-032894,9.14.4
1,pkg-032895,1.15.5
1,pkg-032896,2.16.6
1,pkg-032897,3.17.7
1,pkg-032898,4.18.8
1,pkg-032899,5.19.9
1,pkg-032900,6.0.0
1,pkg-032901,7.1.1
1,pkg-032902,8.2.2
1,pkg-032903,9.3.3
1,pkg-032904,1.4.4
1,pkg-032905,2.5.5
1,pkg-032906,3.6.6
1,pkg-032907,4.7.7
1,pkg-032908,5.8.8
1,pkg-032909,6.9.9
1,pkg-032910,7.10.0
1,pkg-032911,8.11.1
1,pkg-032912,9.12.2
1,pkg-032913,1.13.3
1,pkg-032914,2.14.4
1,pkg-032915,3.15.5
1,pkg-032916,4.16.6
1,pkg-032917,5.17.7
1,pkg-032918,6.18.8
1,pkg-032919,7.19.9
1,pkg-032920,8.0.0
1,pkg-032921,9.1.1
1,pkg-032922,1.2.2
1,pkg-032923,2.3.3
1,pkg-032924,3.4.4
1,pkg-032925,4.5.5
1,pkg-032926,5.6.6
1,pkg-032927,6.7.7
1,pkg-032928,7.8.8
1,pkg-032929,8.9.9
1,pkg-032930,9.10.0
1,pkg-032931,1.11.1
1,pkg-032932,2.12.2
1,pkg-032933,3.13.3
1,pkg-032934,4.14.4
1,pkg-032935,5.15.5
1,pkg-032936,6.16.6
1,pkg-032937,7.17.7
1,pkg-032938,8.18.8
1,pkg-032939,9.19.9
1,pkg-032940,1.0.0
1,pkg-032941,2.1.1
1,pkg-032942,3.2.2
1,pkg-032943,4.3.3
1,pkg-032944,5.4.4
1,pkg-032945,6.5.5
1,pkg-032946,7.6.6
1,pkg-032947,8.7.7
1,pkg-032948,9.8.8
1,pkg-032949,1.9.9
1,pkg-032950,2.10.0
1,pkg-032951,3.11.1
1,pkg-032952,4.12.2
1,pkg-032953,5.13.3
1,pkg-032954,6.14.4
1,pkg-032955,7.15.5
1,pkg-032956,8.16.6
1,pkg-032957,9.17.7
1,pkg-032958,1.18.8
1,pkg-032959,2.19.9
1,pkg-032960,3.0.0
1,pkg-032961,4.1.1
1,pkg-032962,5.2.2
1,pkg-032963,6.3.3
1,pkg-032964,7.4.4
1,pkg-032965,8.5.5
1,pkg-032966,9.6.6
1,pkg-032967,1.7.7
1,pkg-032968,2.8.8
1,pkg-032969,3.9.9
1,pkg-032970,4.10.0
1,pkg-032971,5.11.1
1,pkg-032972,6.12.2
1,pkg-032973,7.13.3
1,pkg-032974,8.14.4
1,pkg-032975,9.15.5
1,pkg-032976,1.16.6
1,pkg-032977,2.17.7
1,pkg-032978,3.18.8
1,pkg-032979,4.19.9
1,pkg-032980,5.0.0
1,pkg-032981,6.1.1
1,pkg-032982,7.2.2
1,pkg-032983,8.3.3
1,pkg-032984,9.4.4
1,pkg-032985,1.5.5
1,pkg-032986,2.6.6
1,pkg-032987,3.7.7
1,pkg-032988,4.8.8
1,pkg-032989,5.9.9
1,pkg-032990,6.10.0
1,pkg-032991,7.11.1
1,pkg-032992,8.12.2
1,pkg-032993,9.13.3
1,pkg-032994,1.14.4
1,pkg-032995,2.15.5
1,pkg-032996,3.16.6
1,pkg-032997,4.17.7
1,pkg-032998,5.18.8
1,pkg-032999,6.19.9
1,pkg-033000,7.0.0
1,pkg-033001,8.1.1
1,pkg-033002,9.2.2
1,pkg-033003,1.3.3
1,pkg-033004,2.4.4
1,pkg-033005,3.5.5
1,pkg-033006,4.6.6
1,pkg-033007,5.7.7
1,pkg-033008,6.8.8
1,pkg-033009,7.9.9
1,pkg-033010,8.10.0
1,pkg-033011,9.11.1
1,pkg-033012,1.12.2
1,pkg-033013,2.13.3
1,pkg-033014,3.14.4
1,pkg-033015,4.15.5
1,pkg-033016,5.16.6
1,pkg-033017,6.17.7
1,pkg-033018,7.18.8
1,pkg-033019,8.19.9
1,pkg-033020,9.0.0
1,pkg-033021,1.1.1
1,pkg-033022,2.2.2
1,pkg-033023,3.3.3
1,pkg-033024,4.4.4
1,pkg-033025,5.5.5
1,pkg-033026,6.6.6
1,pkg-033027,7.7.7
1,pkg-033028,8.8.8
1,pkg-033029,9.9.9
1,pkg-033030,1.10.0
1,pkg-033031,2.11.1
1,pkg-033032,3.12.2
1,pkg-033033,4.13.3
1,pkg-033034,5.14.4
1,pkg-033035,6.15.5
1,pkg-033036,7.16.6
1,pkg-033037,8.17.7
1,pkg-033038,9.18.8
1,pkg-033039,1.19.9
1,pkg-033040,2.0.0
1,pkg-033041,3.1.1
1,pkg-033042,4.2.2
1,pkg-033043,5.3.3
1,pkg-033044,6.4.4
1,pkg-033045,7.5.5
1,pkg-033046,8.6.6
1,pkg-033047,9.7.7
1,pkg-033048,1.8.8
1,pkg-033049,2.9.9
1,pkg-033050,3.10.0
1,pkg-033051,4.11.1
1,pkg-033052,5.12.2
1,pkg-033053,6.13.3
1,pkg-033054,7.14.4
1,pkg-033055,8.15.5
1,pkg-033056,9.16.6
1,pkg-033057,1.17.7
1,pkg-033058,2.18.8
1,pkg-033059,3.19.9
1,pkg-033060,4.0.0
1,pkg-033061,5.1.1
1,pkg-033062,6.2.2
1,pkg-033063,7.3.3
1,pkg-033064,8.4.4
1,pkg-033065,9.5.5
1,pkg-033066,1.6.6
1,pkg-033067,2.7.7
1,pkg-033068,3.8.8
1,pkg-033069,4.9.9
1,pkg-033070,5.10.0
1,pkg-033071,6.11.1
1,pkg-033072,7.12.2
1,pkg-033073,8.13.3
1,pkg-033074,9.14.4
1,pkg-033075,1.15.5
1,pkg-033076,2.16.6
1,pkg-033077,3.17.7
1,pkg-033078,4.18.8
1,pkg-033079,5.19.9
1,pkg-033080,6.0.0
1,pkg-033081,7.1.1
1,pkg-033082,8.2.2
1,pkg-033083,9.3.3
1,pkg-033084,1.4.4
1,pkg-033085,2.5.5
1,pkg-033086,3.6.6
1,pkg-033087,4.7.7
1,pkg-033088,5.8.8
1,pkg-033089,6.9.9
1,pkg-033090,7.10.0
1,pkg-033091,8.11.1
1,pkg-033092,9.12.2
1,pkg-033093,1.13.3
1,pkg-033094,2.14.4
1,pkg-033095,3.15.5
1,pkg-033096,4.16.6
1,pkg-033097,5.17.7
1,pkg-033098,6.18.8
1,pkg-033099,7.19.9
1,pkg-033100,8.0.0
1,pkg-033101,9.1.1
1,pkg-033102,1.2.2
1,pkg-033103,2.3.3
1,pkg-033104,3.4.4
1,pkg-033105,4.5.5
1,pkg-033106,5.6.6
1,pkg-033107,6.7.7
1,pkg-033108,7.8.8
1,pkg-033109,8.9.9
1,pkg-033110,9.10.0
1,pkg-033111,1.11.1
1,pkg-033112,2.12.2
1,pkg-033113,3.13.3
1,pkg-033114,4.14.4
1,pkg-033115,5.15.5
1,pkg-033116,6.16.6
1,pkg-033117,7.17.7
1,pkg-033118,8.18.8
1,pkg-033119,9.19.9
1,pkg-033120,1.0.0
1,pkg-033121,2.1.1
1,pkg-033122,3.2.2
1,pkg-033123,4.3.3
1,pkg-033124,5.4.4
1,pkg-033125,6.5.5
1,pkg-033126,7.6.6
1,pkg-033127,8.7.7
1,pkg-033128,9.8.8
1,pkg-033129,1.9.9
1,pkg-033130,2.10.0
1,pkg-033131,3.11.1
1,pkg-033132,4.12.2
1,pkg-033133,5.13.3
1,pkg-033134,6.14.4
1,pkg-033135,7.15.5
1,pkg-033136,8.16.6
1,pkg-033137,9.17.7
1,pkg-033138,1.18.8
1,pkg-033139,2.19.9
1,pkg-033140,3.0.0
1,pkg-033141,4.1.1
1,pkg-033142,5.2.2
1,pkg-033143,6.3.3
1,pkg-033144,7.4.4
1,pkg-033145,8.5.5
1,pkg-033146,9.6.6
1,pkg-033147,1.7.7
1,pkg-033148,2.8.8
1,pkg-033149,3.9.9
1,pkg-033150,4.10.0
1,pkg-033151,5.11.1
1,pkg-033152,6.12.2
1,pkg-033153,7.13.3
1,pkg-033154,8.14.4
1,pkg-033155,9.15.5
1,pkg-033156,1.16.6
1,pkg-033157,2.17.7
1,pkg-033158,3.18.8
1,pkg-033159,4.19.9
1,pkg-033160,5.0.0
1,pkg-033161,6.1.1
1,pkg-033162,7.2.2
1,pkg-033163,8.3.3
1,pkg-033164,9.4.4
1,pkg-033165,1.5.5
1,pkg-033166,2.6.6
1,pkg-033167,3.7.7
1,pkg-033168,4.8.8
1,pkg-033169,5.9.9
1,pkg-033170,6.10.0
1,pkg-033171,7.11.1
1,pkg-033172,8.12.2
1,pkg-033173,9.13.3
1,pkg-033174,1.14.4
1,pkg-033175,2.15.5
1,pkg-033176,3.16.6
1,pkg-033177,4.17.7
1,pkg-033178,5.18.8
1,pkg-033179,6.19.9
1,pkg-033180,7.0.0
1,pkg-033181,8.1.1
1,pkg-033182,9.2.2
1,pkg-033183,1.3.3
1,pkg-033184,2.4.4
1,pkg-033185,3.5.5
1,pkg-033186,4.6.6
1,pkg-033187,5.7.7
1,pkg-033188,6.8.8
1,pkg-033189,7.9.9
1,pkg-033190,8.10.0
1,pkg-033191,9.11.1
1,pkg-033192,1.12.2
1,pkg-033193,2.13.3
1,pkg-033194,3.14.4
1,pkg-033195,4.15.5
1,pkg-033196,5.16.6
1,pkg-033197,6.17.7
1,pkg-033198,7.18.8
1,pkg-033199,8.19.9
1,pkg-033200,9.0.0
1,pkg-033201,1.1.1
1,pkg-033202,2.2.2
1,pkg-033203,3.3.3
1,pkg-033204,4.4.4
1,pkg-033205,5.5.5
1,pkg-033206,6.6.6
1,pkg-033207,7.7.7
1,pkg-033208,8.8.8
1,pkg-033209,9.9.9
1,pkg-033210,1.10.0
1,pkg-033211,2.11.1
1,pkg-033212,3.12.2
1,pkg-033213,4.13.3
1,pkg-033214,5.14.4
1,pkg-033215,6.15.5
1,pkg-033216,7.16.6
1,pkg-033217,8.17.7
1,pkg-033218,9.18.8
1,pkg-033219,1.19.9
1,pkg-033220,2.0.0
1,pkg-033221,3.1.1
1,pkg-033222,4.2.2
1,pkg-033223,5.3.3
1,pkg-033224,6.4.4
1,pkg-033225,7.5.5
1,pkg-033226,8.6.6
1,pkg-033227,9.7.7
1,pkg-033228,1.8.8
1,pkg-033229,2.9.9
1,pkg-033230,3.10.0
1,pkg-033231,4.11.1
1,pkg-033232,5.12.2
1,pkg-033233,6.13.3
1,pkg-033234,7.14.4
1,pkg-033235,8.15.5
1,pkg-033236,9.16.6
1,pkg-033237,1.17.7
1,pkg-033238,2.18.8
1,pkg-033239,3.19.9
1,pkg-033240,4.0.0
1,pkg-033241,5.1.1
1,pkg-033242,6.2.2
1,pkg-033243,7.3.3
1,pkg-033244,8.4.4
1,pkg-033245,9.5.5
1,pkg-033246,1.6.6
1,pkg-033247,2.7.7
1,pkg-033248,3.8.8
1,pkg-033249,4.9.9
1,pkg-033250,5.10.0
1,pkg-033251,6.11.1
1,pkg-033252,7.12.2
1,pkg-033253,8.13.3
1,pkg-033254,9.14.4
1,pkg-033255,1.15.5
1,pkg-033256,2.16.6
1,pkg-033257,3.17.7
1,pkg-033258,4.18.8
1,pkg-033259,5.19.9
1,pkg-033260,6.0.0
1,pkg-033261,7.1.1
1,pkg-033262,8.2.2
1,pkg-033263,9.3.3
1,pkg-033264,1.4.4
1,pkg-033265,2.5.5
1,pkg-033266,3.6.6
1,pkg-033267,4.7.7
1,pkg-033268,5.8.8
1,pkg-033269,6.9.9
1,pkg-033270,7.10.0
1,pkg-033271,8.11.1
1,pkg-033272,9.12.2
1,pkg-033273,1.13.3
1,pkg-033274,2.14.4
1,pkg-033275,3.15.5
1,pkg-033276,4.16.6
1,pkg-033277,5.17.7
1,pkg-033278,6.18.8
1,pkg-033279,7.19.9
1,pkg-033280,8.0.0
1,pkg-033281,9.1.1
1,pkg-033282,1.2.2
1,pkg-033283,2.3.3
1,pkg-033284,3.4.4
1,pkg-033285,4.5.5
1,pkg-033286,5.6.6
1,pkg-033287,6.7.7
1,pkg-033288,7.8.8
1,pkg-033289,8.9.9
1,pkg-033290,9.10.0
1,pkg-033291,1.11.1
1,pkg-033292,2.12.2
1,pkg-033293,3.13.3
1,pkg-033294,4.14.4
1,pkg-033295,5.15.5
1,pkg-033296,6.16.6
1,pkg-033297,7.17.7
1,pkg-033298,8.18.8
1,pkg-033299,9.19.9
1,pkg-033300,1.0.0
1,pkg-033301,2.1.1
1,pkg-033302,3.2.2
1,pkg-033303,4.3.3
1,pkg-033304,5.4.4
1,pkg-033305,6.5.5
1,pkg-033306,7.6.6
1,pkg-033307,8.7.7
1,pkg-033308,9.8.8
1,pkg-033309,1.9.9
1,pkg-033310,2.10.0
1,pkg-033311,3.11.1
1,pkg-033312,4.12.2
1,pkg-033313,5.13.3
1,pkg-033314,6.14.4
1,pkg-033315,7.15.5
1,pkg-033316,8.16.6
1,pkg-033317,9.17.7
1,pkg-033318,1.18.8
1,pkg-033319,2.19.9
1,pkg-033320,3.0.0
1,pkg-033321,4.1.1
1,pkg-033322,5.2.2
1,pkg-033323,6.3.3
1,pkg-033324,7.4.4
1,pkg-033325,8.5.5
1,pkg-033326,9.6.6
1,pkg-033327,1.7.7
1,pkg-033328,2.8.8
1,pkg-033329,3.9.9
1,pkg-033330,4.10.0
1,pkg-033331,5.11.1
1,pkg-033332,6.12.2
1,pkg-033333,7.13.3
1,pkg-033334,8.14.4
1,pkg-033335,9.15.5
1,pkg-033336,1.16.6
1,pkg-033337,2.17.7
1,pkg-033338,3.18.8
1,pkg-033339,4.19.9
1,pkg-033340,5.0.0
1,pkg-033341,6.1.1
1,pkg-033342,7.2.2
1,pkg-033343,8.3.3
1,pkg-033344,9.4.4
1,pkg-033345,1.5.5
1,pkg-033346,2.6.6
1,pkg-033347,3.7.7
1,pkg-033348,4.8.8
1,pkg-033349,5.9.9
1,pkg-033350,6.10.0
1,pkg-033351,7.11.1
1,pkg-033352,8.12.2
1,pkg-033353,9.13.3
1,pkg-033354,1.14.4
1,pkg-033355,2.15.5
1,pkg-033356,3.16.6
1,pkg-033357,4.17.7
1,pkg-033358,5.18.8
1,pkg-033359,6.19.9
1,pkg-033360,7.0.0
1,pkg-033361,8.1.1
1,pkg-033362,9.2.2
1,pkg-033363,1.3.3
1,pkg-033364,2.4.4
1,pkg-033365,3.5.5
1,pkg-033366,4.6.6
1,pkg-033367,5.7.7
1,pkg-033368,6.8.8
1,pkg-033369,7.9.9
1,pkg-033370,8.10.0
1,pkg-033371,9.11.1
1,pkg-033372,1.12.2
1,pkg-033373,2.13.3
1,pkg-033374,3.14.4
1,pkg-033375,4.15.5
1,pkg-033376,5.16.6
1,pkg-033377,6.17.7
1,pkg-033378,7.18.8
1,pkg-033379,8.19.9
1,pkg-033380,9.0.0
1,pkg-033381,1.1.1
1,pkg-033382,2.2.2
1,pkg-033383,3.3.3
1,pkg-033384,4.4.4
1,pkg-033385,5.5.5
1,pkg-033386,6.6.6
1,pkg-033387,7.7.7
1,pkg-033388,8.8.8
1,pkg-033389,9.9.9
1,pkg-033390,1.10.0
1,pkg-033391,2.11.1
1,pkg-033392,3.12.2
1,pkg-033393,4.13.3
1,pkg-033394,5.14.4
1,pkg-033395,6.15.5
1,pkg-033396,7.16.6
1,pkg-033397,8.17.7
1,pkg-033398,9.18.8
1,pkg-033399,1.19.9
1,pkg-033400,2.0.0
1,pkg-033401,3.1.1
1,pkg-033402,4.2.2
1,pkg-033403,5.3.3
1,pkg-033404,6.4.4
1,pkg-033405,7.5.5
1,pkg-033406,8.6.6
1,pkg-033407,9.7.7
1,pkg-033408,1.8.8
1,pkg-033409,2.9.9
1,pkg-033410,3.10.0
1,pkg-033411,4.11.1
1,pkg-033412,5.12.2
1,pkg-033413,6.13.3
1,pkg-033414,7.14.4
1,pkg-033415,8.15.5
1,pkg-033416,9.16.6
1,pkg-033417,1.17.7
1,pkg-033418,2.18.8
1,pkg-033419,3.19.9
1,pkg-033420,4.0.0
1,pkg-033421,5.1.1
1,pkg-033422,6.2.2
1,pkg-033423,7.3.3
1,pkg-033424,8.4.4
1,pkg-033425,9.5.5
1,pkg-033426,1.6.6
1,pkg-033427,2.7.7
1,pkg-033428,3.8.8
1,pkg-033429,4.9.9
1,pkg-033430,5.10.0
1,pkg-033431,6.11.1
1,pkg-033432,7.12.2
1,pkg-033433,8.13.3
1,pkg-033434,9.14.4
1,pkg-033435,1.15.5
1,pkg-033436,2.16.6
1,pkg-033437,3.17.7
1,pkg-033438,4.18.8
1,pkg-033439,5.19.9
1,pkg-033440,6.0.0
1,pkg-033441,7.1.1
1,pkg-033442,8.2.2
1,pkg-033443,9.3.3
1,pkg-033444,1.4.4
1,pkg-033445,2.5.5
1,pkg-033446,3.6.6
1,pkg-033447,4.7.7
1,pkg-033448,5.8.8
1,pkg-033449,6.9.9
1,pkg-033450,7.10.0
1,pkg-033451,8.11.1
1,pkg-033452,9.12.2
1,pkg-033453,1.13.3
1,pkg-033454,2.14.4
1,pkg-033455,3.15.5
1,pkg-033456,4.16.6
1,pkg-033457,5.17.7
1,pkg-033458,6.18.8
1,pkg-033459,7.19.9
1,pkg-033460,8.0.0
1,pkg-033461,9.1.1
1,pkg-033462,1.2.2
1,pkg-033463,2.3.3
1,pkg-033464,3.4.4
1,pkg-033465,4.5.5
1,pkg-033466,5.6.6
1,pkg-033467,6.7.7
1,pkg-033468,7.8.8
1,pkg-033469,8.9.9
1,pkg-033470,9.10.0
1,pkg-033471,1.11.1
1,pkg-033472,2.12.2
1,pkg-033473,3.13.3
1,pkg-033474,4.14.4
1,pkg-033475,5.15.5
1,pkg-033476,6.16.6
1,pkg-033477,7.17.7
1,pkg-033478,8.18.8
1,pkg-033479,9.19.9
1,pkg-033480,1.0.0
1,pkg-033481,2.1.1
1,pkg-033482,3.2.2
1,pkg-033483,4.3.3
1,pkg-033484,5.4.4
1,pkg-033485,6.5.5
1,pkg-033486,7.6.6
1,pkg-033487,8.7.7
1,pkg-033488,9.8.8
1,pkg-033489,1.9.9
1,pkg-033490,2.10.0
1,pkg-033491,3.11.1
1,pkg-033492,4.12.2
1,pkg-033493,5.13.3
1,pkg-033494,6.14.4
1,pkg-033495,7.15.5
1,pkg-033496,8.16.6
1,pkg-033497,9.17.7
1,pkg-033498,1.18.8
1,pkg-033499,2.19.9
1,pkg-033500,3.0.0
1,pkg-033501,4.1.1
1,pkg-033502,5.2.2
1,pkg-033503,6.3.3
1,pkg-033504,7.4.4
1,pkg-033505,8.5.5
1,pkg-033506,9.6.6
1,pkg-033507,1.7.7
1,pkg-033508,2.8.8
1,pkg-033509,3.9.9
1,pkg-033510,4.10.0
1,pkg-033511,5.11.1
1,pkg-033512,6.12.2
1,pkg-033513,7.13.3
1,pkg-033514,8.14.4
1,pkg-033515,9.15.5
1,pkg-033516,1.16.6
1,pkg-033517,2.17.7
1,pkg-033518,3.18.8
1,pkg-033519,4.19.9
1,pkg-033520,5.0.0
1,pkg-033521,6.1.1
1,pkg-033522,7.2.2
1,pkg-033523,8.3.3
1,pkg-033524,9.4.4
1,pkg-033525,1.5.5
1,pkg-033526,2.6.6
1,pkg-033527,3.7.7
1,pkg-033528,4.8.8
1,pkg-033529,5.9.9
1,pkg-033530,6.10.0
1,pkg-033531,7.11.1
1,pkg-033532,8.12.2
1,pkg-033533,9.13.3
1,pkg-033534,1.14.4
1,pkg-033535,2.15.5
1,pkg-033536,3.16.6
1,pkg-033537,4.17.7
1,pkg-033538,5.18.8
1,pkg-033539,6.19.9
1,pkg-033540,7.0.0
1,pkg-033541,8.1.1
1,pkg-033542,9.2.2
1,pkg-033543,1.3.3
1,pkg-033544,2.4.4
1,pkg-033545,3.5.5
1,pkg-033546,4.6.6
1,pkg-033547,5.7.7
1,pkg-033548,6.8.8
1,pkg-033549,7.9.9
1,pkg-033550,8.10.0
1,pkg-033551,9.11.1
1,pkg-033552,1.12.2
1,pkg-033553,2.13.3
1,pkg-033554,3.14.4
1,pkg-033555,4.15.5
1,pkg-033556,5.16.6
1,pkg-033557,6.17.7
1,pkg-033558,7.18.8
1,pkg-033559,8.19.9
1,pkg-033560,9.0.0
1,pkg-033561,1.1.1
1,pkg-033562,2.2.2
1,pkg-033563,3.3.3
1,pkg-033564,4.4.4
1,pkg-033565,5.5.5
1,pkg-033566,6.6.6
1,pkg-033567,7.7.7
1,pkg-033568,8.8.8
1,pkg-033569,9.9.9
1,pkg-033570,1.10.0
1,pkg-033571,2.11.1
1,pkg-033572,3.12.2
1,pkg-033573,4.13.3
1,pkg-033574,5.14.4
1,pkg-033575,6.15.5
1,pkg-033576,7.16.6
1,pkg-033577,8.17.7
1,pkg-033578,9.18.8
1,pkg-033579,1.19.9
1,pkg-033580,2.0.0
1,pkg-033581,3.1.1
1,pkg-033582,4.2.2
1,pkg-033583,5.3.3
1,pkg-033584,6.4.4
1,pkg-033585,7.5.5
1,pkg-033586,8.6.6
1,pkg-033587,9.7.7
1,pkg-033588,1.8.8
1,pkg-033589,2.9.9
1,pkg-033590,3.10.0
1,pkg-033591,4.11.1
1,pkg-033592,5.12.2
1,pkg-033593,6.13.3
1,pkg-033594,7.14.4
1,pkg-033595,8.15.5
1,pkg-033596,9.16.6
1,pkg-033597,1.17.7
1,pkg-033598,2.18.8
1,pkg-033599,3.19.9
1,pkg-033600,4.0.0
1,pkg-033601,5.1.1
1,pkg-033602,6.2.2
1,pkg-033603,7.3.3
1,pkg-033604,8.4.4
1,pkg-033605,9.5.5
1,pkg-033606,1.6.6
1,pkg-033607,2.7.7
1,pkg-033608,3.8.8
1,pkg-033609,4.9.9
1,pkg-033610,5.10.0
1,pkg-033611,6.11.1
1,pkg-033612,7.12.2
1,pkg-033613,8.13.3
1,pkg-033614,9.14.4
1,pkg-033615,1.15.5
1,pkg-033616,2.16.6
1,pkg-033617,3.17.7
1,pkg-033618,4.18.8
1,pkg-033619,5.19.9
1,pkg-033620,6.0.0
1,pkg-033621,7.1.1
1,pkg-033622,8.2.2
1,pkg-033623,9.3.3
1,pkg-033624,1.4.4
1,pkg-033625,2.5.5
1,pkg-033626,3.6.6
1,pkg-033627,4.7.7
1,pkg-033628,5.8.8
1,pkg-033629,6.9.9
1,pkg-033630,7.10.0
1,pkg-033631,8.11.1
1,pkg-033632,9.12.2
1,pkg-033633,1.13.3
1,pkg-033634,2.14.4
1,pkg-033635,3.15.5
1,pkg-033636,4.16.6
1,pkg-033637,5.17.7
1,pkg-033638,6.18.8
1,pkg-033639,7.19.9
1,pkg-033640,8.0.0
1,pkg-033641,9.1.1
1,pkg-033642,1.2.2
1,pkg-033643,2.3.3
1,pkg-033644,3.4.4
1,pkg-033645,4.5.5
1,pkg-033646,5.6.6
1,pkg-033647,6.7.7
1,pkg-033648,7.8.8
1,pkg-033649,8.9.9
1,pkg-033650,9.10.0
1,pkg-033651,1.11.1
1,pkg-033652,2.12.2
1,pkg-033653,3.13.3
1,pkg-033654,4.14.4
1,pkg-033655,5.15.5
1,pkg-033656,6.16.6
1,pkg-033657,7.17.7
1,pkg-033658,8.18.8
1,pkg-033659,9.19.9
1,pkg-033660,1.0.0
1,pkg-033661,2.1.1
1,pkg-033662,3.2.2
1,pkg-033663,4.3.3
1,pkg-033664,5.4.4
1,pkg-033665,6.5.5
1,pkg-033666,7.6.6
1,pkg-033667,8.7.7
1,pkg-033668,9.8.8
1,pkg-033669,1.9.9
1,pkg-033670,2.10.0
1,pkg-033671,3.11.1
1,pkg-033672,4.12.2
1,pkg-033673,5.13.3
1,pkg-033674,6.14.4
1,pkg-033675,7.15.5
1,pkg-033676,8.16.6
1,pkg-033677,9.17.7
1,pkg-033678,1.18.8
1,pkg-033679,2.19.9
1,pkg-033680,3.0.0
1,pkg-033681,4.1.1
1,pkg-033682,5.2.2
1,pkg-033683,6.3.3
1,pkg-033684,7.4.4
1,pkg-033685,8.5.5
1,pkg-033686,9.6.6
1,pkg-033687,1.7.7
1,pkg-033688,2.8.8
1,pkg-033689,3.9.9
1,pkg-033690,4.10.0
1,pkg-033691,5.11.1
1,pkg-033692,6.12.2
1,pkg-033693,7.13.3
1,pkg-033694,8.14.4
1,pkg-033695,9.15.5
1,pkg-033696,1.16.6
1,pkg-033697,2.17.7
1,pkg-033698,3.18.8
1,pkg-033699,4.19.9
1,pkg-033700,5.0.0
1,pkg-033701,6.1.1
1,pkg-033702,7.2.2
1,pkg-033703,8.3.3
1,pkg-033704,9.4.4
1,pkg-033705,1.5.5
1,pkg-033706,2.6.6
1,pkg-033707,3.7.7
1,pkg-033708,4.8.8
1,pkg-033709,5.9.9
1,pkg-033710,6.10.0
1,pkg-033711,7.11.1
1,pkg-033712,8.12.2
1,pkg-033713,9.13.3
1,pkg-033714,1.14.4
1,pkg-033715,2.15.5
1,pkg-033716,3.16.6
1,pkg-033717,4.17.7
1,pkg-033718,5.18.8
1,pkg-033719,6.19.9
1,pkg-033720,7.0.0
1,pkg-033721,8.1.1
1,pkg-033722,9.2.2
1,pkg-033723,1.3.3
1,pkg-033724,2.4.4
1,pkg-033725,3.5.5
1,pkg-033726,4.6.6
1,pkg-033727,5.7.7
1,pkg-033728,6.8.8
1,pkg-033729,7.9.9
1,pkg-033730,8.10.0
1,pkg-033731,9.11.1
1,pkg-033732,1.12.2
1,pkg-033733,2.13.3
1,pkg-033734,3.14.4
1,pkg-033735,4.15.5
1,pkg-033736,5.16.6
1,pkg-033737,6.17.7
1,pkg-033738,7.18.8
1,pkg-033739,8.19.9
1,pkg-033740,9.0.0
1,pkg-033741,1.1.1
1,pkg-033742,2.2.2
1,pkg-033743,3.3.3
1,pkg-033744,4.4.4
1,pkg-033745,5.5.5
1,pkg-033746,6.6.6
1,pkg-033747,7.7.7
1,pkg-033748,8.8.8
1,pkg-033749,9.9.9
1,pkg-033750,1.10.0
1,pkg-033751,2.11.1
1,pkg-033752,3.12.2
1,pkg-033753,4.13.3
1,pkg-033754,5.14.4
1,pkg-033755,6.15.5
1,pkg-033756,7.16.6
1,pkg-033757,8.17.7
1,pkg-033758,9.18.8
1,pkg-033759,1.19.9
1,pkg-033760,2.0.0
1,pkg-033761,3.1.1
1,pkg-033762,4.2.2
1,pkg-033763,5.3.3
1,pkg-033764,6.4.4
1,pkg-033765,7.5.5
1,pkg-033766,8.6.6
1,pkg-033767,9.7.7
1,pkg-033768,1.8.8
1,pkg-033769,2.9.9
1,pkg-033770,3.10.0
1,pkg-033771,4.11.1
1,pkg-033772,5.12.2
1,pkg-033773,6.13.3
1,pkg-033774,7.14.4
1,pkg-033775,8.15.5
1,pkg-033776,9.16.6
1,pkg-033777,1.17.7
1,pkg-033778,2.18.8
1,pkg-033779,3.19.9
1,pkg-033780,4.0.0
1,pkg-033781,5.1.1
1,pkg-033782,6.2.2
1,pkg-033783,7.3.3
1,pkg-033784,8.4.4
1,pkg-033785,9.5.5
1,pkg-033786,1.6.6
1,pkg-033787,2.7.7
1,pkg-033788,3.8.8
1,pkg-033789,4.9.9
1,pkg-033790,5.10.0
1,pkg-033791,6.11.1
1,pkg-033792,7.12.2
1,pkg-033793,8.13.3
1,pkg-033794,9.14.4
1,pkg-033795,1.15.5
1,pkg-033796,2.16.6
1,pkg-033797,3.17.7
1,pkg-033798,4.18.8
1,pkg-033799,5.19.9
1,pkg-033800,6.0.0
1,pkg-033801,7.1.1
1,pkg-033802,8.2.2
1,pkg-033803,9.3.3
1,pkg-033804,1.4.4
1,pkg-033805,2.5.5
1,pkg-033806,3.6.6
1,pkg-033807,4.7.7
1,pkg-033808,5.8.8
1,pkg-033809,6.9.9
1,pkg-033810,7.10.0
1,pkg-033811,8.11.1
1,pkg-033812,9.12.2
1,pkg-033813,1.13.3
1,pkg-033814,2.14.4
1,pkg-033815,3.15.5
1,pkg-033816,4.16.6
1,pkg-033817,5.17.7
1,pkg-033818,6.18.8
1,pkg-033819,7.19.9
1,pkg-033820,8.0.0
1,pkg-033821,9.1.1
1,pkg-033822,1.2.2
1,pkg-033823,2.3.3
1,pkg-033824,3.4.4
1,pkg-033825,4.5.5
1,pkg-033826,5.6.6
1,pkg-033827,6.7.7
1,pkg-033828,7.8.8
1,pkg-033829,8.9.9
1,pkg-033830,9.10.0
1,pkg-033831,1.11.1
1,pkg-033832,2.12.2
1,pkg-033833,3.13.3
1,pkg-033834,4.14.4
1,pkg-033835,5.15.5
1,pkg-033836,6.16.6
1,pkg-033837,7.17.7
1,pkg-033838,8.18.8
1,pkg-033839,9.19.9
1,pkg-033840,1.0.0
1,pkg-033841,2.1.1
1,pkg-033842,3.2.2
1,pkg-033843,4.3.3
1,pkg-033844,5.4.4
1,pkg-033845,6.5.5
1,pkg-033846,7.6.6
1,pkg-033847,8.7.7
1,pkg-033848,9.8.8
1,pkg-033849,1.9.9
1,pkg-033850,2.10.0
1,pkg-033851,3.11.1
1,pkg-033852,4.12.2
1,pkg-033853,5.13.3
1,pkg-033854,6.14.4
1,pkg-033855,7.15.5
1,pkg-033856,8.16.6
1,pkg-033857,9.17.7
1,pkg-033858,1.18.8
1,pkg-033859,2.19.9
1,pkg-033860,3.0.0
1,pkg-033861,4.1.1
1,pkg-033862,5.2.2
1,pkg-033863,6.3.3
1,pkg-033864,7.4.4
1,pkg-033865,8.5.5
1,pkg-033866,9.6.6
1,pkg-033867,1.7.7
1,pkg-033868,2.8.8
1,pkg-033869,3.9.9
1,pkg-033870,4.10.0
1,pkg-033871,5.11.1
1,pkg-033872,6.12.2
1,pkg-033873,7.13.3
1,pkg-033874,8.14.4
1,pkg-033875,9.15.5
1,pkg-033876,1.16.6
1,pkg-033877,2.17.7
1,pkg-033878,3.18.8
1,pkg-033879,4.19.9
1,pkg-033880,5.0.0
1,pkg-033881,6.1.1
1,pkg-033882,7.2.2
1,pkg-033883,8.3.3
1,pkg-033884,9.4.4
1,pkg-033885,1.5.5
1,pkg-033886,2.6.6
1,pkg-033887,3.7.7
1,pkg-033888,4.8.8
1,pkg-033889,5.9.9
1,pkg-033890,6.10.0
1,pkg-033891,7.11.1
1,pkg-033892,8.12.2
1,pkg-033893,9.13.3
1,pkg-033894,1.14.4
1,pkg-033895,2.15.5
1,pkg-033896,3.16.6
1,pkg-033897,4.17.7
1,pkg-033898,5.18.8
1,pkg-033899,6.19.9
1,pkg-033900,7.0.0
1,pkg-033901,8.1.1
1,pkg-033902,9.2.2
1,pkg-033903,1.3.3
1,pkg-033904,2.4.4
1,pkg-033905,3.5.5
1,pkg-033906,4.6.6
1,pkg-033907,5.7.7
1,pkg-033908,6.8.8
1,pkg-033909,7.9.9
1,pkg-033910,8.10.0
1,pkg-033911,9.11.1
1,pkg-033912,1.12.2
1,pkg-033913,2.13.3
1,pkg-033914,3.14.4
1,pkg-033915,4.15.5
1,pkg-033916,5.16.6
1,pkg-033917,6.17.7
1,pkg-033918,7.18.8
1,pkg-033919,8.19.9
1,pkg-033920,9.0.0
1,pkg-033921,1.1.1
1,pkg-033922,2.2.2
1,pkg-033923,3.3.3
1,pkg-033924,4.4.4
1,pkg-033925,5.5.5
1,pkg-033926,6.6.6
1,pkg-033927,7.7.7
1,pkg-033928,8.8.8
1,pkg-033929,9.9.9
1,pkg-033930,1.10.0
1,pkg-033931,2.11.1
1,pkg-033932,3.12.2
1,pkg-033933,4.13.3
1,pkg-033934,5.14.4
1,pkg-033935,6.15.5
1,pkg-033936,7.16.6
1,pkg-033937,8.17.7
1,pkg-033938,9.18.8
1,pkg-033939,1.19.9
1,pkg-033940,2.0.0
1,pkg-033941,3.1.1
1,pkg-033942,4.2.2
1,pkg-033943,5.3.3
1,pkg-033944,6.4.4
1,pkg-033945,7.5.5
1,pkg-033946,8.6.6
1,pkg-033947,9.7.7
1,pkg-033948,1.8.8
1,pkg-033949,2.9.9
1,pkg-033950,3.10.0
1,pkg-033951,4.11.1
1,pkg-033952,5.12.2
1,pkg-033953,6.13.3
1,pkg-033954,7.14.4
1,pkg-033955,8.15.5
1,pkg-033956,9.16.6
1,pkg-033957,1.17.7
1,pkg-033958,2.18.8
1,pkg-033959,3.19.9
1,pkg-033960,4.0.0
1,pkg-033961,5.1.1
1,pkg-033962,6.2.2
1,pkg-033963,7.3.3
1,pkg-033964,8.4.4
1,pkg-033965,9.5.5
1,pkg-033966,1.6.6
1,pkg-033967,2.7.7
1,pkg-033968,3.8.8
1,pkg-033969,4.9.9
1,pkg-033970,5.10.0
1,pkg-033971,6.11.1
1,pkg-033972,7.12.2
1,pkg-033973,8.13.3
1,pkg-033974,9.14.4
1,pkg-033975,1.15.5
1,pkg-033976,2.16.6
1,pkg-033977,3.17.7
1,pkg-033978,4.18.8
1,pkg-033979,5.19.9
1,pkg-033980,6.0.0
1,pkg-033981,7.1.1
1,pkg-033982,8.2.2
1,pkg-033983,9.3.3
1,pkg-033984,1.4.4
1,pkg-033985,2.5.5
1,pkg-033986,3.6.6
1,pkg-033987,4.7.7
1,pkg-033988,5.8.8
1,pkg-033989,6.9.9
1,pkg-033990,7.10.0
1,pkg-033991,8.11.1
1,pkg-033992,9.12.2
1,pkg-033993,1.13.3
1,pkg-033994,2.14.4
1,pkg-033995,3.15.5
1,pkg-033996,4.16.6
1,pkg-033997,5.17.7
1,pkg-033998,6.18.8
1,pkg-033999,7.19.9
1,pkg-034000,8.0.0
1,pkg-034001,9.1.1
1,pkg-034002,1.2.2
1,pkg-034003,2.3.3
1,pkg-034004,3.4.4
1,pkg-034005,4.5.5
1,pkg-034006,5.6.6
1,pkg-034007,6.7.7
1,pkg-034008,7.8.8
1,pkg-034009,8.9.9
1,pkg-034010,9.10.0
1,pkg-034011,1.11.1
1,pkg-034012,2.12.2
1,pkg-034013,3.13.3
1,pkg-034014,4.14.4
1,pkg-034015,5.15.5
1,pkg-034016,6.16.6
1,pkg-034017,7.17.7
1,pkg-034018,8.18.8
1,pkg-034019,9.19.9
1,pkg-034020,1.0.0
1,pkg-034021,2.1.1
1,pkg-034022,3.2.2
1,pkg-034023,4.3.3
1,pkg-034024,5.4.4
1,pkg-034025,6.5.5
1,pkg-034026,7.6.6
1,pkg-034027,8.7.7
1,pkg-034028,9.8.8
1,pkg-034029,1.9.9
1,pkg-034030,2.10.0
1,pkg-034031,3.11.1
1,pkg-034032,4.12.2
1,pkg-034033,5.13.3
1,pkg-034034,6.14.4
1,pkg-034035,7.15.5
1,pkg-034036,8.16.6
1,pkg-034037,9.17.7
1,pkg-034038,1.18.8
1,pkg-034039,2.19.9
1,pkg-034040,3.0.0
1,pkg-034041,4.1.1
1,pkg-034042,5.2.2
1,pkg-034043,6.3.3
1,pkg-034044,7.4.4
1,pkg-034045,8.5.5
1,pkg-034046,9.6.6
1,pkg-034047,1.7.7
1,pkg-034048,2.8.8
1,pkg-034049,3.9.9
1,pkg-034050,4.10.0
1,pkg-034051,5.11.1
1,pkg-034052,6.12.2
1,pkg-034053,7.13.3
1,pkg-034054,8.14.4
1,pkg-034055,9.15.5
1,pkg-034056,1.16.6
1,pkg-034057,2.17.7
1,pkg-034058,3.18.8
1,pkg-034059,4.19.9
1,pkg-034060,5.0.0
1,pkg-034061,6.1.1
1,pkg-034062,7.2.2
1,pkg-034063,8.3.3
1,pkg-034064,9.4.4
1,pkg-034065,1.5.5
1,pkg-034066,2.6.6
1,pkg-034067,3.7.7
1,pkg-034068,4.8.8
1,pkg-034069,5.9.9
1,pkg-034070,6.10.0
1,pkg-034071,7.11.1
1,pkg-034072,8.12.2
1,pkg-034073,9.13.3
1,pkg-034074,1.14.4
1,pkg-034075,2.15.5
1,pkg-034076,3.16.6
1,pkg-034077,4.17.7
1,pkg-034078,5.18.8
1,pkg-034079,6.19.9
1,pkg-034080,7.0.0
1,pkg-034081,8.1.1
1,pkg-034082,9.2.2
1,pkg-034083,1.3.3
1,pkg-034084,2.4.4
1,pkg-034085,3.5.5
1,pkg-034086,4.6.6
1,pkg-034087,5.7.7
1,pkg-034088,6.8.8
1,pkg-034089,7.9.9
1,pkg-034090,8.10.0
1,pkg-034091,9.11.1
1,pkg-034092,1.12.2
1,pkg-034093,2.13.3
1,pkg-034094,3.14.4
1,pkg-034095,4.15.5
1,pkg-034096,5.16.6
1,pkg-034097,6.17.7
1,pkg-034098,7.18.8
1,pkg-034099,8.19.9
1,pkg-034100,9.0.0
1,pkg-034101,1.1.1
1,pkg-034102,2.2.2
1,pkg-034103,3.3.3
1,pkg-034104,4.4.4
1,pkg-034105,5.5.5
1,pkg-034106,6.6.6
1,pkg-034107,7.7.7
1,pkg-034108,8.8.8
1,pkg-034109,9.9.9
1,pkg-034110,1.10.0
1,pkg-034111,2.11.1
1,pkg-034112,3.12.2
1,pkg-034113,4.13.3
1,pkg-034114,5.14.4
1,pkg-034115,6.15.5
1,pkg-034116,7.16.6
1,pkg-034117,8.17.7
1,pkg-034118,9.18.8
1,pkg-034119,1.19.9
1,pkg-034120,2.0.0
1,pkg-034121,3.1.1
1,pkg-034122,4.2.2
1,pkg-034123,5.3.3
1,pkg-034124,6.4.4
1,pkg-034125,7.5.5
1,pkg-034126,8.6.6
1,pkg-034127,9.7.7
1,pkg-034128,1.8.8
1,pkg-034129,2.9.9
1,pkg-034130,3.10.0
1,pkg-034131,4.11.1
1,pkg-034132,5.12.2
1,pkg-034133,6.13.3
1,pkg-034134,7.14.4
1,pkg-034135,8.15.5
1,pkg-034136,9.16.6
1,pkg-034137,1.17.7
1,pkg-034138,2.18.8
1,pkg-034139,3.19.9
1,pkg-034140,4.0.0
1,pkg-034141,5.1.1
1,pkg-034142,6.2.2
1,pkg-034143,7.3.3
1,pkg-034144,8.4.4
1,pkg-034145,9.5.5
1,pkg-034146,1.6.6
1,pkg-034147,2.7.7
1,pkg-034148,3.8.8
1,pkg-034149,4.9.9
1,pkg-034150,5.10.0
1,pkg-034151,6.11.1
1,pkg-034152,7.12.2
1,pkg-034153,8.13.3
1,pkg-034154,9.14.4
1,pkg-034155,1.15.5
1,pkg-034156,2.16.6
1,pkg-034157,3.17.7
1,pkg-034158,4.18.8
1,pkg-034159,5.19.9
1,pkg-034160,6.0.0
1,pkg-034161,7.1.1
1,pkg-034162,8.2.2
1,pkg-034163,9.3.3
1,pkg-034164,1.4.4
1,pkg-034165,2.5.5
1,pkg-034166,3.6.6
1,pkg-034167,4.7.7
1,pkg-034168,5.8.8
1,pkg-034169,6.9.9
1,pkg-034170,7.10.0
1,pkg-034171,8.11.1
1,pkg-034172,9.12.2
1,pkg-034173,1.13.3
1,pkg-034174,2.14.4
1,pkg-034175,3.15.5
1,pkg-034176,4.16.6
1,pkg-034177,5.17.7
1,pkg-034178,6.18.8
1,pkg-034179,7.19.9
1,pkg-034180,8.0.0
1,pkg-034181,9.1.1
1,pkg-034182,1.2.2
1,pkg-034183,2.3.3
1,pkg-034184,3.4.4
1,pkg-034185,4.5.5
1,pkg-034186,5.6.6
1,pkg-034187,6.7.7
1,pkg-034188,7.8.8
1,pkg-034189,8.9.9
1,pkg-034190,9.10.0
1,pkg-034191,1.11.1
1,pkg-034192,2.12.2
1,pkg-034193,3.13.3
1,pkg-034194,4.14.4
1,pkg-034195,5.15.5
1,pkg-034196,6.16.6
1,pkg-034197,7.17.7
1,pkg-034198,8.18.8
1,pkg-034199,9.19.9
1,pkg-034200,1.0.0
1,pkg-034201,2.1.1
1,pkg-034202,3.2.2
1,pkg-034203,4.3.3
1,pkg-034204,5.4.4
1,pkg-034205,6.5.5
1,pkg-034206,7.6.6
1,pkg-034207,8.7.7
1,pkg-034208,9.8.8
1,pkg-034209,1.9.9
1,pkg-034210,2.10.0
1,pkg-034211,3.11.1
1,pkg-034212,4.12.2
1,pkg-034213,5.13.3
1,pkg-034214,6.14.4
1,pkg-034215,7.15.5
1,pkg-034216,8.16.6
1,pkg-034217,9.17.7
1,pkg-034218,1.18.8
1,pkg-034219,2.19.9
1,pkg-034220,3.0.0
1,pkg-034221,4.1.1
1,pkg-034222,5.2.2
1,pkg-034223,6.3.3
1,pkg-034224,7.4.4
1,pkg-034225,8.5.5
1,pkg-034226,9.6.6
1,pkg-034227,1.7.7
1,pkg-034228,2.8.8
1,pkg-034229,3.9.9
1,pkg-034230,4.10.0
1,pkg-034231,5.11.1
1,pkg-034232,6.12.2
1,pkg-034233,7.13.3
1,pkg-034234,8.14.4
1,pkg-034235,9.15.5
1,pkg-034236,1.16.6
1,pkg-034237,2.17.7
1,pkg-034238,3.18.8
1,pkg-034239,4.19.9
1,pkg-034240,5.0.0
1,pkg-034241,6.1.1
1,pkg-034242,7.2.2
1,pkg-034243,8.3.3
1,pkg-034244,9.4.4
1,pkg-034245,1.5.5
1,pkg-034246,2.6.6
1,pkg-034247,3.7.7
1,pkg-034248,4.8.8
1,pkg-034249,5.9.9
1,pkg-034250,6.10.0
1,pkg-034251,7.11.1
1,pkg-034252,8.12.2
1,pkg-034253,9.13.3
1,pkg-034254,1.14.4
1,pkg-034255,2.15.5
1,pkg-034256,3.16.6
1,pkg-034257,4.17.7
1,pkg-034258,5.18.8
1,pkg-034259,6.19.9
1,pkg-034260,7.0.0
1,pkg-034261,8.1.1
1,pkg-034262,9.2.2
1,pkg-034263,1.3.3
1,pkg-034264,2.4.4
1,pkg-034265,3.5.5
1,pkg-034266,4.6.6
1,pkg-034267,5.7.7
1,pkg-034268,6.8.8
1,pkg-034269,7.9.9
1,pkg-034270,8.10.0
1,pkg-034271,9.11.1
1,pkg-034272,1.12.2
1,pkg-034273,2.13.3
1,pkg-034274,3.14.4
1,pkg-034275,4.15.5
1,pkg-034276,5.16.6
1,pkg-034277,6.17.7
1,pkg-034278,7.18.8
1,pkg-034279,8.19.9
1,pkg-034280,9.0.0
1,pkg-034281,1.1.1
1,pkg-034282,2.2.2
1,pkg-034283,3.3.3
1,pkg-034284,4.4.4
1,pkg-034285,5.5.5
1,pkg-034286,6.6.6
1,pkg-034287,7.7.7
1,pkg-034288,8.8.8
1,pkg-034289,9.9.9
1,pkg-034290,1.10.0
1,pkg-034291,2.11.1
1,pkg-034292,3.12.2
1,pkg-034293,4.13.3
1,pkg-034294,5.14.4
1,pkg-034295,6.15.5
1,pkg-034296,7.16.6
1,pkg-034297,8.17.7
1,pkg-034298,9.18.8
1,pkg-034299,1.19.9
1,pkg-034300,2.0.0
1,pkg-034301,3.1.1
1,pkg-034302,4.2.2
1,pkg-034303,5.3.3
1,pkg-034304,6.4.4
1,pkg-034305,7.5.5
1,pkg-034306,8.6.6
1,pkg-034307,9.7.7
1,pkg-034308,1.8.8
1,pkg-034309,2.9.9
1,pkg-034310,3.10.0
1,pkg-034311,4.11.1
1,pkg-034312,5.12.2
1,pkg-034313,6.13.3
1,pkg-034314,7.14.4
1,pkg-034315,8.15.5
1,pkg-034316,9.16.6
1,pkg-034317,1.17.7
1,pkg-034318,2.18.8
1,pkg-034319,3.19.9
1,pkg-034320,4.0.0
1,pkg-034321,5.1.1
1,pkg-034322,6.2.2
1,pkg-034323,7.3.3
1,pkg-034324,8.4.4
1,pkg-034325,9.5.5
1,pkg-034326,1.6.6
1,pkg-034327,2.7.7
1,pkg-034328,3.8.8
1,pkg-034329,4.9.9
1,pkg-034330,5.10.0
1,pkg-034331,6.11.1
1,pkg-034332,7.12.2
1,pkg-034333,8.13.3
1,pkg-034334,9.14.4
1,pkg-034335,1.15.5
1,pkg-034336,2.16.6
1,pkg-034337,3.17.7
1,pkg-034338,4.18.8
1,pkg-034339,5.19.9
1,pkg-034340,6.0.0
1,pkg-034341,7.1.1
1,pkg-034342,8.2.2
1,pkg-034343,9.3.3
1,pkg-034344,1.4.4
1,pkg-034345,2.5.5
1,pkg-034346,3.6.6
1,pkg-034347,4.7.7
1,pkg-034348,5.8.8
1,pkg-034349,6.9.9
1,pkg-034350,7.10.0
1,pkg-034351,8.11.1
1,pkg-034352,9.12.2
1,pkg-034353,1.13.3
1,pkg-034354,2.14.4
1,pkg-034355,3.15.5
1,pkg-034356,4.16.6
1,pkg-034357,5.17.7
1,pkg-034358,6.18.8
1,pkg-034359,7.19.9
1,pkg-034360,8.0.0
1,pkg-034361,9.1.1
1,pkg-034362,1.2.2
1,pkg-034363,2.3.3
1,pkg-034364,3.4.4
1,pkg-034365,4.5.5
1,pkg-034366,5.6.6
1,pkg-034367,6.7.7
1,pkg-034368,7.8.8
1,pkg-034369,8.9.9
1,pkg-034370,9.10.0
1,pkg-034371,1.11.1
1,pkg-034372,2.12.2
1,pkg-034373,3.13.3
1,pkg-034374,4.14.4
1,pkg-034375,5.15.5
1,pkg-034376,6.16.6
1,pkg-034377,7.17.7
1,pkg-034378,8.18.8
1,pkg-034379,9.19.9
1,pkg-034380,1.0.0
1,pkg-034381,2.1.1
1,pkg-034382,3.2.2
1,pkg-034383,4.3.3
1,pkg-034384,5.4.4
1,pkg-034385,6.5.5
1,pkg-034386,7.6.6
1,pkg-034387,8.7.7
1,pkg-034388,9.8.8
1,pkg-034389,1.9.9
1,pkg-034390,2.10.0
1,pkg-034391,3.11.1
1,pkg-034392,4.12.2
1,pkg-034393,5.13.3
1,pkg-034394,6.14.4
1,pkg-034395,7.15.5
1,pkg-034396,8.16.6
1,pkg-034397,9.17.7
1,pkg-034398,1.18.8
1,pkg-034399,2.19.9
1,pkg-034400,3.0.0
1,pkg-034401,4.1.1
1,pkg-034402,5.2.2
1,pkg-034403,6.3.3
1,pkg-034404,7.4.4
1,pkg-034405,8.5.5
1,pkg-034406,9.6.6
1,pkg-034407,1.7.7
1,pkg-034408,2.8.8
1,pkg-034409,3.9.9
1,pkg-034410,4.10.0
1,pkg-034411,5.11.1
1,pkg-034412,6.12.2
1,pkg-034413,7.13.3
1,pkg-034414,8.14.4
1,pkg-034415,9.15.5
1,pkg-034416,1.16.6
1,pkg-034417,2.17.7
1,pkg-034418,3.18.8
1,pkg-034419,4.19.9
1,pkg-034420,5.0.0
1,pkg-034421,6.1.1
1,pkg-034422,7.2.2
1,pkg-034423,8.3.3
1,pkg-034424,9.4.4
1,pkg-034425,1.5.5
1,pkg-034426,2.6.6
1,pkg-034427,3.7.7
1,pkg-034428,4.8.8
1,pkg-034429,5.9.9
1,pkg-034430,6.10.0
1,pkg-034431,7.11.1
1,pkg-034432,8.12.2
1,pkg-034433,9.13.3
1,pkg-034434,1.14.4
1,pkg-034435,2.15.5
1,pkg-034436,3.16.6
1,pkg-034437,4.17.7
1,pkg-034438,5.18.8
1,pkg-034439,6.19.9
1,pkg-034440,7.0.0
1,pkg-034441,8.1.1
1,pkg-034442,9.2.2
1,pkg-034443,1.3.3
1,pkg-034444,2.4.4
1,pkg-034445,3.5.5
1,pkg-034446,4.6.6
1,pkg-034447,5.7.7
1,pkg-034448,6.8.8
1,pkg-034449,7.9.9
1,pkg-034450,8.10.0
1,pkg-034451,9.11.1
1,pkg-034452,1.12.2
1,pkg-034453,2.13.3
1,pkg-034454,3.14.4
1,pkg-034455,4.15.5
1,pkg-034456,5.16.6
1,pkg-034457,6.17.7
1,pkg-034458,7.18.8
1,pkg-034459,8.19.9
1,pkg-034460,9.0.0
1,pkg-034461,1.1.1
1,pkg-034462,2.2.2
1,pkg-034463,3.3.3
1,pkg-034464,4.4.4
1,pkg-034465,5.5.5
1,pkg-034466,6.6.6
1,pkg-034467,7.7.7
1,pkg-034468,8.8.8
1,pkg-034469,9.9.9
1,pkg-034470,1.10.0
1,pkg-034471,2.11.1
1,pkg-034472,3.12.2
1,pkg-034473,4.13.3
1,pkg-034474,5.14.4
1,pkg-034475,6.15.5
1,pkg-034476,7.16.6
1,pkg-034477,8.17.7
1,pkg-034478,9.18.8
1,pkg-034479,1.19.9
1,pkg-034480,2.0.0
1,pkg-034481,3.1.1
1,pkg-034482,4.2.2
1,pkg-034483,5.3.3
1,pkg-034484,6.4.4
1,pkg-034485,7.5.5
1,pkg-034486,8.6.6
1,pkg-034487,9.7.7
1,pkg-034488,1.8.8
1,pkg-034489,2.9.9
1,pkg-034490,3.10.0
1,pkg-034491,4.11.1
1,pkg-034492,5.12.2
1,pkg-034493,6.13.3
1,pkg-034494,7.14.4
1,pkg-034495,8.15.5
1,pkg-034496,9.16.6
1,pkg-034497,1.17.7
1,pkg-034498,2.18.8
1,pkg-034499,3.19.9
1,pkg-034500,4.0.0
1,pkg-034501,5.1.1
1,pkg-034502,6.2.2
1,pkg-034503,7.3.3
1,pkg-034504,8.4.4
1,pkg-034505,9.5.5
1,pkg-034506,1.6.6
1,pkg-034507,2.7.7
1,pkg-034508,3.8.8
1,pkg-034509,4.9.9
1,pkg-034510,5.10.0
1,pkg-034511,6.11.1
1,pkg-034512,7.12.2
1,pkg-034513,8.13.3
1,pkg-034514,9.14.4
1,pkg-034515,1.15.5
1,pkg-034516,2.16.6
1,pkg-034517,3.17.7
1,pkg-034518,4.18.8
1,pkg-034519,5.19.9
1,pkg-034520,6.0.0
1,pkg-034521,7.1.1
1,pkg-034522,8.2.2
1,pkg-034523,9.3.3
1,pkg-034524,1.4.4
1,pkg-034525,2.5.5
1,pkg-034526,3.6.6
1,pkg-034527,4.7.7
1,pkg-034528,5.8.8
1,pkg-034529,6.9.9
1,pkg-034530,7.10.0
1,pkg-034531,8.11.1
1,pkg-034532,9.12.2
1,pkg-034533,1.13.3
1,pkg-034534,2.14.4
1,pkg-034535,3.15.5
1,pkg-034536,4.16.6
1,pkg-034537,5.17.7
1,pkg-034538,6.18.8
1,pkg-034539,7.19.9
1,pkg-034540,8.0.0
1,pkg-034541,9.1.1
1,pkg-034542,1.2.2
1,pkg-034543,2.3.3
1,pkg-034544,3.4.4
1,pkg-034545,4.5.5
1,pkg-034546,5.6.6
1,pkg-034547,6.7.7
1,pkg-034548,7.8.8
1,pkg-034549,8.9.9
1,pkg-034550,9.10.0
1,pkg-034551,1.11.1
1,pkg-034552,2.12.2
1,pkg-034553,3.13.3
1,pkg-034554,4.14.4
1,pkg-034555,5.15.5
1,pkg-034556,6.16.6
1,pkg-034557,7.17.7
1,pkg-034558,8.18.8
1,pkg-034559,9.19.9
1,pkg-034560,1.0.0
1,pkg-034561,2.1.1
1,pkg-034562,3.2.2
1,pkg-034563,4.3.3
1,pkg-034564,5.4.4
1,pkg-034565,6.5.5
1,pkg-034566,7.6.6
1,pkg-034567,8.7.7
1,pkg-034568,9.8.8
1,pkg-034569,1.9.9
1,pkg-034570,2.10.0
1,pkg-034571,3.11.1
1,pkg-034572,4.12.2
1,pkg-034573,5.13.3
1,pkg-034574,6.14.4
1,pkg-034575,7.15.5
1,pkg-034576,8.16.6
1,pkg-034577,9.17.7
1,pkg-034578,1.18.8
1,pkg-034579,2.19.9
1,pkg-034580,3.0.0
1,pkg-034581,4.1.1
1,pkg-034582,5.2.2
1,pkg-034583,6.3.3
1,pkg-034584,7.4.4
1,pkg-034585,8.5.5
1,pkg-034586,9.6.6
1,pkg-034587,1.7.7
1,pkg-034588,2.8.8
1,pkg-034589,3.9.9
1,pkg-034590,4.10.0
1,pkg-034591,5.11.1
1,pkg-034592,6.12.2
1,pkg-034593,7.13.3
1,pkg-034594,8.14.4
1,pkg-034595,9.15.5
1,pkg-034596,1.16.6
1,pkg-034597,2.17.7
1,pkg-034598,3.18.8
1,pkg-034599,4.19.9
1,pkg-034600,5.0.0
1,pkg-034601,6.1.1
1,pkg-034602,7.2.2
1,pkg-034603,8.3.3
1,pkg-034604,9.4.4
1,pkg-034605,1.5.5
1,pkg-034606,2.6.6
1,pkg-034607,3.7.7
1,pkg-034608,4.8.8
1,pkg-034609,5.9.9
1,pkg-034610,6.10.0
1,pkg-034611,7.11.1
1,pkg-034612,8.12.2
1,pkg-034613,9.13.3
1,pkg-034614,1.14.4
1,pkg-034615,2.15.5
1,pkg-034616,3.16.6
1,pkg-034617,4.17.7
1,pkg-034618,5.18.8
1,pkg-034619,6.19.9
1,pkg-034620,7.0.0
1,pkg-034621,8.1.1
1,pkg-034622,9.2.2
1,pkg-034623,1.3.3
1,pkg-034624,2.4.4
1,pkg-034625,3.5.5
1,pkg-034626,4.6.6
1,pkg-034627,5.7.7
1,pkg-034628,6.8.8
1,pkg-034629,7.9.9
1,pkg-034630,8.10.0
1,pkg-034631,9.11.1
1,pkg-034632,1.12.2
1,pkg-034633,2.13.3
1,pkg-034634,3.14.4
1,pkg-034635,4.15.5
1,pkg-034636,5.16.6
1,pkg-034637,6.17.7
1,pkg-034638,7.18.8
1,pkg-034639,8.19.9
1,pkg-034640,9.0.0
1,pkg-034641,1.1.1
1,pkg-034642,2.2.2
1,pkg-034643,3.3.3
1,pkg-034644,4.4.4
1,pkg-034645,5.5.5
1,pkg-034646,6.6.6
1,pkg-034647,7.7.7
1,pkg-034648,8.8.8
1,pkg-034649,9.9.9
1,pkg-034650,1.10.0
1,pkg-034651,2.11.1
1,pkg-034652,3.12.2
1,pkg-034653,4.13.3
1,pkg-034654,5.14.4
1,pkg-034655,6.15.5
1,pkg-034656,7.16.6
1,pkg-034657,8.17.7
1,pkg-034658,9.18.8
1,pkg-034659,1.19.9
1,pkg-034660,2.0.0
1,pkg-034661,3.1.1
1,pkg-034662,4.2.2
1,pkg-034663,5.3.3
1,pkg-034664,6.4.4
1,pkg-034665,7.5.5
1,pkg-034666,8.6.6
1,pkg-034667,9.7.7
1,pkg-034668,1.8.8
1,pkg-034669,2.9.9
1,pkg-034670,3.10.0
1,pkg-034671,4.11.1
1,pkg-034672,5.12.2
1,pkg-034673,6.13.3
1,pkg-034674,7.14.4
1,pkg-034675,8.15.5
1,pkg-034676,9.16.6
1,pkg-034677,1.17.7
1,pkg-034678,2.18.8
1,pkg-034679,3.19.9
1,pkg-034680,4.0.0
1,pkg-034681,5.1.1
1,pkg-034682,6.2.2
1,pkg-034683,7.3.3
1,pkg-034684,8.4.4
1,pkg-034685,9.5.5
1,pkg-034686,1.6.6
1,pkg-034687,2.7.7
1,pkg-034688,3.8.8
1,pkg-034689,4.9.9
1,pkg-034690,5.10.0
1,pkg-034691,6.11.1
1,pkg-034692,7.12.2
1,pkg-034693,8.13.3
1,pkg-034694,9.14.4
1,pkg-034695,1.15.5
1,pkg-034696,2.16.6
1,pkg-034697,3.17.7
1,pkg-034698,4.18.8
1,pkg-034699,5.19.9
1,pkg-034700,6.0.0
1,pkg-034701,7.1.1
1,pkg-034702,8.2.2
1,pkg-034703,9.3.3
1,pkg-034704,1.4.4
1,pkg-034705,2.5.5
1,pkg-034706,3.6.6
1,pkg-034707,4.7.7
1,pkg-034708,5.8.8
1,pkg-034709,6.9.9
1,pkg-034710,7.10.0
1,pkg-034711,8.11.1
1,pkg-034712,9.12.2
1,pkg-034713,1.13.3
1,pkg-034714,2.14.4
1,pkg-034715,3.15.5
1,pkg-034716,4.16.6
1,pkg-034717,5.17.7
1,pkg-034718,6.18.8
1,pkg-034719,7.19.9
1,pkg-034720,8.0.0
1,pkg-034721,9.1.1
1,pkg-034722,1.2.2
1,pkg-034723,2.3.3
1,pkg-034724,3.4.4
1,pkg-034725,4.5.5
1,pkg-034726,5.6.6
1,pkg-034727,6.7.7
1,pkg-034728,7.8.8
1,pkg-034729,8.9.9
1,pkg-034730,9.10.0
1,pkg-034731,1.11.1
1,pkg-034732,2.12.2
1,pkg-034733,3.13.3
1,pkg-034734,4.14.4
1,pkg-034735,5.15.5
1,pkg-034736,6.16.6
1,pkg-034737,7.17.7
1,pkg-034738,8.18.8
1,pkg-034739,9.19.9
1,pkg-034740,1.0.0
1,pkg-034741,2.1.1
1,pkg-034742,3.2.2
1,pkg-034743,4.3.3
1,pkg-034744,5.4.4
1,pkg-034745,6.5.5
1,pkg-034746,7.6.6
1,pkg-034747,8.7.7
1,pkg-034748,9.8.8
1,pkg-034749,1.9.9
1,pkg-034750,2.10.0
1,pkg-034751,3.11.1
1,pkg-034752,4.12.2
1,pkg-034753,5.13.3
1,pkg-034754,6.14.4
1,pkg-034755,7.15.5
1,pkg-034756,8.16.6
1,pkg-034757,9.17.7
1,pkg-034758,1.18.8
1,pkg-034759,2.19.9
1,pkg-034760,3.0.0
1,pkg-034761,4.1.1
1,pkg-034762,5.2.2
1,pkg-034763,6.3.3
1,pkg-034764,7.4.4
1,pkg-034765,8.5.5
1,pkg-034766,9.6.6
1,pkg-034767,1.7.7
1,pkg-034768,2.8.8
1,pkg-034769,3.9.9
1,pkg-034770,4.10.0
1,pkg-034771,5.11.1
1,pkg-034772,6.12.2
1,pkg-034773,7.13.3
1,pkg-034774,8.14.4
1,pkg-034775,9.15.5
1,pkg-034776,1.16.6
1,pkg-034777,2.17.7
1,pkg-034778,3.18.8
1,pkg-034779,4.19.9
1,pkg-034780,5.0.0
1,pkg-034781,6.1.1
1,pkg-034782,7.2.2
1,pkg-034783,8.3.3
1,pkg-034784,9.4.4
1,pkg-034785,1.5.5
1,pkg-034786,2.6.6
1,pkg-034787,3.7.7
1,pkg-034788,4.8.8
1,pkg-034789,5.9.9
1,pkg-034790,6.10.0
1,pkg-034791,7.11.1
1,pkg-034792,8.12.2
1,pkg-034793,9.13.3
1,pkg-034794,1.14.4
1,pkg-034795,2.15.5
1,pkg-034796,3.16.6
1,pkg-034797,4.17.7
1,pkg-034798,5.18.8
1,pkg-034799,6.19.9
1,pkg-034800,7.0.0
1,pkg-034801,8.1.1
1,pkg-034802,9.2.2
1,pkg-034803,1.3.3
1,pkg-034804,2.4.4
1,pkg-034805,3.5.5
1,pkg-034806,4.6.6
1,pkg-034807,5.7.7
1,pkg-034808,6.8.8
1,pkg-034809,7.9.9
1,pkg-034810,8.10.0
1,pkg-034811,9.11.1
1,pkg-034812,1.12.2
1,pkg-034813,2.13.3
1,pkg-034814,3.14.4
1,pkg-034815,4.15.5
1,pkg-034816,5.16.6
1,pkg-034817,6.17.7
1,pkg-034818,7.18.8
1,pkg-034819,8.19.9
1,pkg-034820,9.0.0
1,pkg-034821,1.1.1
1,pkg-034822,2.2.2
1,pkg-034823,3.3.3
1,pkg-034824,4.4.4
1,pkg-034825,5.5.5
1,pkg-034826,6.6.6
1,pkg-034827,7.7.7
1,pkg-034828,8.8.8
1,pkg-034829,9.9.9
1,pkg-034830,1.10.0
1,pkg-034831,2.11.1
1,pkg-034832,3.12.2
1,pkg-034833,4.13.3
1,pkg-034834,5.14.4
1,pkg-034835,6.15.5
1,pkg-034836,7.16.6
1,pkg-034837,8.17.7
1,pkg-034838,9.18.8
1,pkg-034839,1.19.9
1,pkg-034840,2.0.0
1,pkg-034841,3.1.1
1,pkg-034842,4.2.2
1,pkg-034843,5.3.3
1,pkg-034844,6.4.4
1,pkg-034845,7.5.5
1,pkg-034846,8.6.6
1,pkg-034847,9.7.7
1,pkg-034848,1.8.8
1,pkg-034849,2.9.9
1,pkg-034850,3.10.0
1,pkg-034851,4.11.1
1,pkg-034852,5.12.2
1,pkg-034853,6.13.3
1,pkg-034854,7.14.4
1,pkg-034855,8.15.5
1,pkg-034856,9.16.6
1,pkg-034857,1.17.7
1,pkg-034858,2.18.8
1,pkg-034859,3.19.9
1,pkg-034860,4.0.0
1,pkg-034861,5.1.1
1,pkg-034862,6.2.2
1,pkg-034863,7.3.3
1,pkg-034864,8.4.4
1,pkg-034865,9.5.5
1,pkg-034866,1.6.6
1,pkg-034867,2.7.7
1,pkg-034868,3.8.8
1,pkg-034869,4.9.9
1,pkg-034870,5.10.0
1,pkg-034871,6.11.1
1,pkg-034872,7.12.2
1,pkg-034873,8.13.3
1,pkg-034874,9.14.4
1,pkg-034875,1.15.5
1,pkg-034876,2.16.6
1,pkg-034877,3.17.7
1,pkg-034878,4.18.8
1,pkg-034879,5.19.9
1,pkg-034880,6.0.0
1,pkg-034881,7.1.1
1,pkg-034882,8.2.2
1,pkg-034883,9.3.3
1,pkg-034884,1.4.4
1,pkg-034885,2.5.5
1,pkg-034886,3.6.6
1,pkg-034887,4.7.7
1,pkg-034888,5.8.8
1,pkg-034889,6.9.9
1,pkg-034890,7.10.0
1,pkg-034891,8.11.1
1,pkg-034892,9.12.2
1,pkg-034893,1.13.3
1,pkg-034894,2.14.4
1,pkg-034895,3.15.5
1,pkg-034896,4.16.6
1,pkg-034897,5.17.7
1,pkg-034898,6.18.8
1,pkg-034899,7.19.9
1,pkg-034900,8.0.0
1,pkg-034901,9.1.1
1,pkg-034902,1.2.2
1,pkg-034903,2.3.3
1,pkg-034904,3.4.4
1,pkg-034905,4.5.5
1,pkg-034906,5.6.6
1,pkg-034907,6.7.7
1,pkg-034908,7.8.8
1,pkg-034909,8.9.9
1,pkg-034910,9.10.0
1,pkg-034911,1.11.1
1,pkg-034912,2.12.2
1,pkg-034913,3.13.3
1,pkg-034914,4.14.4
1,pkg-034915,5.15.5
1,pkg-034916,6.16.6
1,pkg-034917,7.17.7
1,pkg-034918,8.18.8
1,pkg-034919,9.19.9
1,pkg-034920,1.0.0
1,pkg-034921,2.1.1
1,pkg-034922,3.2.2
1,pkg-034923,4.3.3
1,pkg-034924,5.4.4
1,pkg-034925,6.5.5
1,pkg-034926,7.6.6
1,pkg-034927,8.7.7
1,pkg-034928,9.8.8
1,pkg-034929,1.9.9
1,pkg-034930,2.10.0
1,pkg-034931,3.11.1
1,pkg-034932,4.12.2
1,pkg-034933,5.13.3
1,pkg-034934,6.14.4
1,pkg-034935,7.15.5
1,pkg-034936,8.16.6
1,pkg-034937,9.17.7
1,pkg-034938,1.18.8
1,pkg-034939,2.19.9
1,pkg-034940,3.0.0
1,pkg-034941,4.1.1
1,pkg-034942,5.2.2
1,pkg-034943,6.3.3
1,pkg-034944,7.4.4
1,pkg-034945,8.5.5
1,pkg-034946,9.6.6
1,pkg-034947,1.7.7
1,pkg-034948,2.8.8
1,pkg-034949,3.9.9
1,pkg-034950,4.10.0
1,pkg-034951,5.11.1
1,pkg-034952,6.12.2
1,pkg-034953,7.13.3
1,pkg-034954,8.14.4
1,pkg-034955,9.15.5
1,pkg-034956,1.16.6
1,pkg-034957,2.17.7
1,pkg-034958,3.18.8
1,pkg-034959,4.19.9
1,pkg-034960,5.0.0
1,pkg-034961,6.1.1
1,pkg-034962,7.2.2
1,pkg-034963,8.3.3
1,pkg-034964,9.4.4
1,pkg-034965,1.5.5
1,pkg-034966,2.6.6
1,pkg-034967,3.7.7
1,pkg-034968,4.8.8
1,pkg-034969,5.9.9
1,pkg-034970,6.10.0
1,pkg-034971,7.11.1
1,pkg-034972,8.12.2
1,pkg-034973,9.13.3
1,pkg-034974,1.14.4
1,pkg-034975,2.15.5
1,pkg-034976,3.16.6
1,pkg-034977,4.17.7
1,pkg-034978,5.18.8
1,pkg-034979,6.19.9
1,pkg-034980,7.0.0
1,pkg-034981,8.1.1
1,pkg-034982,9.2.2
1,pkg-034983,1.3.3
1,pkg-034984,2.4.4
1,pkg-034985,3.5.5
1,pkg-034986,4.6.6
1,pkg-034987,5.7.7
1,pkg-034988,6.8.8
1,pkg-034989,7.9.9
1,pkg-034990,8.10.0
1,pkg-034991,9.11.1
1,pkg-034992,1.12.2
1,pkg-034993,2.13.3
1,pkg-034994,3.14.4
1,pkg-034995,4.15.5
1,pkg-034996,5.16.6
1,pkg-034997,6.17.7
1,pkg-034998,7.18.8
1,pkg-034999,8.19.9
1,pkg-035000,9.0.0
1,pkg-035001,1.1.1
1,pkg-035002,2.2.2
1,pkg-035003,3.3.3
1,pkg-035004,4.4.4
1,pkg-035005,5.5.5
1,pkg-035006,6.6.6
1,pkg-035007,7.7.7
1,pkg-035008,8.8.8
1,pkg-035009,9.9.9
1,pkg-035010,1.10.0
1,pkg-035011,2.11.1
1,pkg-035012,3.12.2
1,pkg-035013,4.13.3
1,pkg-035014,5.14.4
1,pkg-035015,6.15.5
1,pkg-035016,7.16.6
1,pkg-035017,8.17.7
1,pkg-035018,9.18.8
1,pkg-035019,1.19.9
1,pkg-035020,2.0.0
1,pkg-035021,3.1.1
1,pkg-035022,4.2.2
1,pkg-035023,5.3.3
1,pkg-035024,6.4.4
1,pkg-035025,7.5.5
1,pkg-035026,8.6.6
1,pkg-035027,9.7.7
1,pkg-035028,1.8.8
1,pkg-035029,2.9.9
1,pkg-035030,3.10.0
1,pkg-035031,4.11.1
1,pkg-035032,5.12.2
1,pkg-035033,6.13.3
1,pkg-035034,7.14.4
1,pkg-035035,8.15.5
1,pkg-035036,9.16.6
1,pkg-035037,1.17.7
1,pkg-035038,2.18.8
1,pkg-035039,3.19.9
1,pkg-035040,4.0.0
1,pkg-035041,5.1.1
1,pkg-035042,6.2.2
1,pkg-035043,7.3.3
1,pkg-035044,8.4.4
1,pkg-035045,9.5.5
1,pkg-035046,1.6.6
1,pkg-035047,2.7.7
1,pkg-035048,3.8.8
1,pkg-035049,4.9.9
1,pkg-035050,5.10.0
1,pkg-035051,6.11.1
1,pkg-035052,7.12.2
1,pkg-035053,8.13.3
1,pkg-035054,9.14.4
1,pkg-035055,1.15.5
1,pkg-035056,2.16.6
1,pkg-035057,3.17.7
1,pkg-035058,4.18.8
1,pkg-035059,5.19.9
1,pkg-035060,6.0.0
1,pkg-035061,7.1.1
1,pkg-035062,8.2.2
1,pkg-035063,9.3.3
1,pkg-035064,1.4.4
1,pkg-035065,2.5.5
1,pkg-035066,3.6.6
1,pkg-035067,4.7.7
1,pkg-035068,5.8.8
1,pkg-035069,6.9.9
1,pkg-035070,7.10.0
1,pkg-035071,8.11.1
1,pkg-035072,9.12.2
1,pkg-035073,1.13.3
1,pkg-035074,2.14.4
1,pkg-035075,3.15.5
1,pkg-035076,4.16.6
1,pkg-035077,5.17.7
1,pkg-035078,6.18.8
1,pkg-035079,7.19.9
1,pkg-035080,8.0.0
1,pkg-035081,9.1.1
1,pkg-035082,1.2.2
1,pkg-035083,2.3.3
1,pkg-035084,3.4.4
1,pkg-035085,4.5.5
1,pkg-035086,5.6.6
1,pkg-035087,6.7.7
1,pkg-035088,7.8.8
1,pkg-035089,8.9.9
1,pkg-035090,9.10.0
1,pkg-035091,1.11.1
1,pkg-035092,2.12.2
1,pkg-035093,3.13.3
1,pkg-035094,4.14.4
1,pkg-035095,5.15.5
1,pkg-035096,6.16.6
1,pkg-035097,7.17.7
1,pkg-035098,8.18.8
1,pkg-035099,9.19.9
1,pkg-035100,1.0.0
1,pkg-035101,2.1.1
1,pkg-035102,3.2.2
1,pkg-035103,4.3.3
1,pkg-035104,5.4.4
1,pkg-035105,6.5.5
1,pkg-035106,7.6.6
1,pkg-035107,8.7.7
1,pkg-035108,9.8.8
1,pkg-035109,1.9.9
1,pkg-035110,2.10.0
1,pkg-035111,3.11.1
1,pkg-035112,4.12.2
1,pkg-035113,5.13.3
1,pkg-035114,6.14.4
1,pkg-035115,7.15.5
1,pkg-035116,8.16.6
1,pkg-035117,9.17.7
1,pkg-035118,1.18.8
1,pkg-035119,2.19.9
1,pkg-035120,3.0.0
1,pkg-035121,4.1.1
1,pkg-035122,5.2.2
1,pkg-035123,6.3.3
1,pkg-035124,7.4.4
1,pkg-035125,8.5.5
1,pkg-035126,9.6.6
1,pkg-035127,1.7.7
1,pkg-035128,2.8.8
1,pkg-035129,3.9.9
1,pkg-035130,4.10.0
1,pkg-035131,5.11.1
1,pkg-035132,6.12.2
1,pkg-035133,7.13.3
1,pkg-035134,8.14.4
1,pkg-035135,9.15.5
1,pkg-035136,1.16.6
1,pkg-035137,2.17.7
1,pkg-035138,3.18.8
1,pkg-035139,4.19.9
1,pkg-035140,5.0.0
1,pkg-035141,6.1.1
1,pkg-035142,7.2.2
1,pkg-035143,8.3.3
1,pkg-035144,9.4.4
1,pkg-035145,1.5.5
1,pkg-035146,2.6.6
1,pkg-035147,3.7.7
1,pkg-035148,4.8.8
1,pkg-035149,5.9.9
1,pkg-035150,6.10.0
1,pkg-035151,7.11.1
1,pkg-035152,8.12.2
1,pkg-035153,9.13.3
1,pkg-035154,1.14.4
1,pkg-035155,2.15.5
1,pkg-035156,3.16.6
1,pkg-035157,4.17.7
1,pkg-035158,5.18.8
1,pkg-035159,6.19.9
1,pkg-035160,7.0.0
1,pkg-035161,8.1.1
1,pkg-035162,9.2.2
1,pkg-035163,1.3.3
1,pkg-035164,2.4.4
1,pkg-035165,3.5.5
1,pkg-035166,4.6.6
1,pkg-035167,5.7.7
1,pkg-035168,6.8.8
1,pkg-035169,7.9.9
1,pkg-035170,8.10.0
1,pkg-035171,9.11.1
1,pkg-035172,1.12.2
1,pkg-035173,2.13.3
1,pkg-035174,3.14.4
1,pkg-035175,4.15.5
1,pkg-035176,5.16.6
1,pkg-035177,6.17.7
1,pkg-035178,7.18.8
1,pkg-035179,8.19.9
1,pkg-035180,9.0.0
1,pkg-035181,1.1.1
1,pkg-035182,2.2.2
1,pkg-035183,3.3.3
1,pkg-035184,4.4.4
1,pkg-035185,5.5.5
1,pkg-035186,6.6.6
1,pkg-035187,7.7.7
1,pkg-035188,8.8.8
1,pkg-035189,9.9.9
1,pkg-035190,1.10.0
1,pkg-035191,2.11.1
1,pkg-035192,3.12.2
1,pkg-035193,4.13.3
1,pkg-035194,5.14.4
1,pkg-035195,6.15.5
1,pkg-035196,7.16.6
1,pkg-035197,8.17.7
1,pkg-035198,9.18.8
1,pkg-035199,1.19.9
1,pkg-035200,2.0.0
1,pkg-035201,3.1.1
1,pkg-035202,4.2.2
1,pkg-035203,5.3.3
1,pkg-035204,6.4.4
1,pkg-035205,7.5.5
1,pkg-035206,8.6.6
1,pkg-035207,9.7.7
1,pkg-035208,1.8.8
1,pkg-035209,2.9.9
1,pkg-035210,3.10.0
1,pkg-035211,4.11.1
1,pkg-035212,5.12.2
1,pkg-035213,6.13.3
1,pkg-035214,7.14.4
1,pkg-035215,8.15.5
1,pkg-035216,9.16.6
1,pkg-035217,1.17.7
1,pkg-035218,2.18.8
1,pkg-035219,3.19.9
1,pkg-035220,4.0.0
1,pkg-035221,5.1.1
1,pkg-035222,6.2.2
1,pkg-035223,7.3.3
1,pkg-035224,8.4.4
1,pkg-035225,9.5.5
1,pkg-035226,1.6.6
1,pkg-035227,2.7.7
1,pkg-035228,3.8.8
1,pkg-035229,4.9.9
1,pkg-035230,5.10.0
1,pkg-035231,6.11.1
1,pkg-035232,7.12.2
1,pkg-035233,8.13.3
1,pkg-035234,9.14.4
1,pkg-035235,1.15.5
1,pkg-035236,2.16.6
1,pkg-035237,3.17.7
1,pkg-035238,4.18.8
1,pkg-035239,5.19.9
1,pkg-035240,6.0.0
1,pkg-035241,7.1.1
1,pkg-035242,8.2.2
1,pkg-035243,9.3.3
1,pkg-035244,1.4.4
1,pkg-035245,2.5.5
1,pkg-035246,3.6.6
1,pkg-035247,4.7.7
1,pkg-035248,5.8.8
1,pkg-035249,6.9.9
1,pkg-035250,7.10.0
1,pkg-035251,8.11.1
1,pkg-035252,9.12.2
1,pkg-035253,1.13.3
1,pkg-035254,2.14.4
1,pkg-035255,3.15.5
1,pkg-035256,4.16.6
1,pkg-035257,5.17.7
1,pkg-035258,6.18.8
1,pkg-035259,7.19.9
1,pkg-035260,8.0.0
1,pkg-035261,9.1.1
1,pkg-035262,1.2.2
1,pkg-035263,2.3.3
1,pkg-035264,3.4.4
1,pkg-035265,4.5.5
1,pkg-035266,5.6.6
1,pkg-035267,6.7.7
1,pkg-035268,7.8.8
1,pkg-035269,8.9.9
1,pkg-035270,9.10.0
1,pkg-035271,1.11.1
1,pkg-035272,2.12.2
1,pkg-035273,3.13.3
1,pkg-035274,4.14.4
1,pkg-035275,5.15.5
1,pkg-035276,6.16.6
1,pkg-035277,7.17.7
1,pkg-035278,8.18.8
1,pkg-035279,9.19.9
1,pkg-035280,1.0.0
1,pkg-035281,2.1.1
1,pkg-035282,3.2.2
1,pkg-035283,4.3.3
1,pkg-035284,5.4.4
1,pkg-035285,6.5.5
1,pkg-035286,7.6.6
1,pkg-035287,8.7.7
1,pkg-035288,9.8.8
1,pkg-035289,1.9.9
1,pkg-035290,2.10.0
1,pkg-035291,3.11.1
1,pkg-035292,4.12.2
1,pkg-035293,5.13.3
1,pkg-035294,6.14.4
1,pkg-035295,7.15.5
1,pkg-035296,8.16.6
1,pkg-035297,9.17.7
1,pkg-035298,1.18.8
1,pkg-035299,2.19.9
1,pkg-035300,3.0.0
1,pkg-035301,4.1.1
1,pkg-035302,5.2.2
1,pkg-035303,6.3.3
1,pkg-035304,7.4.4
1,pkg-035305,8.5.5
1,pkg-035306,9.6.6
1,pkg-035307,1.7.7
1,pkg-035308,2.8.8
1,pkg-035309,3.9.9
1,pkg-035310,4.10.0
1,pkg-035311,5.11.1
1,pkg-035312,6.12.2
1,pkg-035313,7.13.3
1,pkg-035314,8.14.4
1,pkg-035315,9.15.5
1,pkg-035316,1.16.6
1,pkg-035317,2.17.7
1,pkg-035318,3.18.8
1,pkg-035319,4.19.9
1,pkg-035320,5.0.0
1,pkg-035321,6.1.1
1,pkg-035322,7.2.2
1,pkg-035323,8.3.3
1,pkg-035324,9.4.4
1,pkg-035325,1.5.5
1,pkg-035326,2.6.6
1,pkg-035327,3.7.7
1,pkg-035328,4.8.8
1,pkg-035329,5.9.9
1,pkg-035330,6.10.0
1,pkg-035331,7.11.1
1,pkg-035332,8.12.2
1,pkg-035333,9.13.3
1,pkg-035334,1.14.4
1,pkg-035335,2.15.5
1,pkg-035336,3.16.6
1,pkg-035337,4.17.7
1,pkg-035338,5.18.8
1,pkg-035339,6.19.9
1,pkg-035340,7.0.0
1,pkg-035341,8.1.1
1,pkg-035342,9.2.2
1,pkg-035343,1.3.3
1,pkg-035344,2.4.4
1,pkg-035345,3.5.5
1,pkg-035346,4.6.6
1,pkg-035347,5.7.7
1,pkg-035348,6.8.8
1,pkg-035349,7.9.9
1,pkg-035350,8.10.0
1,pkg-035351,9.11.1
1,pkg-035352,1.12.2
1,pkg-035353,2.13.3
1,pkg-035354,3.14.4
1,pkg-035355,4.15.5
1,pkg-035356,5.16.6
1,pkg-035357,6.17.7
1,pkg-035358,7.18.8
1,pkg-035359,8.19.9
1,pkg-035360,9.0.0
1,pkg-035361,1.1.1
1,pkg-035362,2.2.2
1,pkg-035363,3.3.3
1,pkg-035364,4.4.4
1,pkg-035365,5.5.5
1,pkg-035366,6.6.6
1,pkg-035367,7.7.7
1,pkg-035368,8.8.8
1,pkg-035369,9.9.9
1,pkg-035370,1.10.0
1,pkg-035371,2.11.1
1,pkg-035372,3.12.2
1,pkg-035373,4.13.3
1,pkg-035374,5.14.4
1,pkg-035375,6.15.5
1,pkg-035376,7.16.6
1,pkg-035377,8.17.7
1,pkg-035378,9.18.8
1,pkg-035379,1.19.9
1,pkg-035380,2.0.0
1,pkg-035381,3.1.1
1,pkg-035382,4.2.2
1,pkg-035383,5.3.3
1,pkg-035384,6.4.4
1,pkg-035385,7.5.5
1,pkg-035386,8.6.6
1,pkg-035387,9.7.7
1,pkg-035388,1.8.8
1,pkg-035389,2.9.9
1,pkg-035390,3.10.0
1,pkg-035391,4.11.1
1,pkg-035392,5.12.2
1,pkg-035393,6.13.3
1,pkg-035394,7.14.4
1,pkg-035395,8.15.5
1,pkg-035396,9.16.6
1,pkg-035397,1.17.7
1,pkg-035398,2.18.8
1,pkg-035399,3.19.9
1,pkg-035400,4.0.0
1,pkg-035401,5.1.1
1,pkg-035402,6.2.2
1,pkg-035403,7.3.3
1,pkg-035404,8.4.4
1,pkg-035405,9.5.5
1,pkg-035406,1.6.6
1,pkg-035407,2.7.7
1,pkg-035408,3.8.8
1,pkg-035409,4.9.9
1,pkg-035410,5.10.0
1,pkg-035411,6.11.1
1,pkg-035412,7.12.2
1,pkg-035413,8.13.3
1,pkg-035414,9.14.4
1,pkg-035415,1.15.5
1,pkg-035416,2.16.6
1,pkg-035417,3.17.7
1,pkg-035418,4.18.8
1,pkg-035419,5.19.9
1,pkg-035420,6.0.0
1,pkg-035421,7.1.1
1,pkg-035422,8.2.2
1,pkg-035423,9.3.3
1,pkg-035424,1.4.4
1,pkg-035425,2.5.5
1,pkg-035426,3.6.6
1,pkg-035427,4.7.7
1,pkg-035428,5.8.8
1,pkg-035429,6.9.9
1,pkg-035430,7.10.0
1,pkg-035431,8.11.1
1,pkg-035432,9.12.2
1,pkg-035433,1.13.3
1,pkg-035434,2.14.4
1,pkg-035435,3.15.5
1,pkg-035436,4.16.6
1,pkg-035437,5.17.7
1,pkg-035438,6.18.8
1,pkg-035439,7.19.9
1,pkg-035440,8.0.0
1,pkg-035441,9.1.1
1,pkg-035442,1.2.2
1,pkg-035443,2.3.3
1,pkg-035444,3.4.4
1,pkg-035445,4.5.5
1,pkg-035446,5.6.6
1,pkg-035447,6.7.7
1,pkg-035448,7.8.8
1,pkg-035449,8.9.9
1,pkg-035450,9.10.0
1,pkg-035451,1.11.1
1,pkg-035452,2.12.2
1,pkg-035453,3.13.3
1,pkg-035454,4.14.4
1,pkg-035455,5.15.5
1,pkg-035456,6.16.6
1,pkg-035457,7.17.7
1,pkg-035458,8.18.8
1,pkg-035459,9.19.9
1,pkg-035460,1.0.0
1,pkg-035461,2.1.1
1,pkg-035462,3.2.2
1,pkg-035463,4.3.3
1,pkg-035464,5.4.4
1,pkg-035465,6.5.5
1,pkg-035466,7.6.6
1,pkg-035467,8.7.7
1,pkg-035468,9.8.8
1,pkg-035469,1.9.9
1,pkg-035470,2.10.0
1,pkg-035471,3.11.1
1,pkg-035472,4.12.2
1,pkg-035473,5.13.3
1,pkg-035474,6.14.4
1,pkg-035475,7.15.5
1,pkg-035476,8.16.6
1,pkg-035477,9.17.7
1,pkg-035478,1.18.8
1,pkg-035479,2.19.9
1,pkg-035480,3.0.0
1,pkg-035481,4.1.1
1,pkg-035482,5.2.2
1,pkg-035483,6.3.3
1,pkg-035484,7.4.4
1,pkg-035485,8.5.5
1,pkg-035486,9.6.6
1,pkg-035487,1.7.7
1,pkg-035488,2.8.8
1,pkg-035489,3.9.9
1,pkg-035490,4.10.0
1,pkg-035491,5.11.1
1,pkg-035492,6.12.2
1,pkg-035493,7.13.3
1,pkg-035494,8.14.4
1,pkg-035495,9.15.5
1,pkg-035496,1.16.6
1,pkg-035497,2.17.7
1,pkg-035498,3.18.8
1,pkg-035499,4.19.9
1,pkg-035500,5.0.0
1,pkg-035501,6.1.1
1,pkg-035502,7.2.2
1,pkg-035503,8.3.3
1,pkg-035504,9.4.4
1,pkg-035505,1.5.5
1,pkg-035506,2.6.6
1,pkg-035507,3.7.7
1,pkg-035508,4.8.8
1,pkg-035509,5.9.9
1,pkg-035510,6.10.0
1,pkg-035511,7.11.1
1,pkg-035512,8.12.2
1,pkg-035513,9.13.3
1,pkg-035514,1.14.4
1,pkg-035515,2.15.5
1,pkg-035516,3.16.6
1,pkg-035517,4.17.7
1,pkg-035518,5.18.8
1,pkg-035519,6.19.9
1,pkg-035520,7.0.0
1,pkg-035521,8.1.1
1,pkg-035522,9.2.2
1,pkg-035523,1.3.3
1,pkg-035524,2.4.4
1,pkg-035525,3.5.5
1,pkg-035526,4.6.6
1,pkg-035527,5.7.7
1,pkg-035528,6.8.8
1,pkg-035529,7.9.9
1,pkg-035530,8.10.0
1,pkg-035531,9.11.1
1,pkg-035532,1.12.2
1,pkg-035533,2.13.3
1,pkg-035534,3.14.4
1,pkg-035535,4.15.5
1,pkg-035536,5.16.6
1,pkg-035537,6.17.7
1,pkg-035538,7.18.8
1,pkg-035539,8.19.9
1,pkg-035540,9.0.0
1,pkg-035541,1.1.1
1,pkg-035542,2.2.2
1,pkg-035543,3.3.3
1,pkg-035544,4.4.4
1,pkg-035545,5.5.5
1,pkg-035546,6.6.6
1,pkg-035547,7.7.7
1,pkg-035548,8.8.8
1,pkg-035549,9.9.9
1,pkg-035550,1.10.0
1,pkg-035551,2.11.1
1,pkg-035552,3.12.2
1,pkg-035553,4.13.3
1,pkg-035554,5.14.4
1,pkg-035555,6.15.5
1,pkg-035556,7.16.6
1,pkg-035557,8.17.7
1,pkg-035558,9.18.8
1,pkg-035559,1.19.9
1,pkg-035560,2.0.0
1,pkg-035561,3.1.1
1,pkg-035562,4.2.2
1,pkg-035563,5.3.3
1,pkg-035564,6.4.4
1,pkg-035565,7.5.5
1,pkg-035566,8.6.6
1,pkg-035567,9.7.7
1,pkg-035568,1.8.8
1,pkg-035569,2.9.9
1,pkg-035570,3.10.0
1,pkg-035571,4.11.1
1,pkg-035572,5.12.2
1,pkg-035573,6.13.3
1,pkg-035574,7.14.4
1,pkg-035575,8.15.5
1,pkg-035576,9.16.6
1,pkg-035577,1.17.7
1,pkg-035578,2.18.8
1,pkg-035579,3.19.9
1,pkg-035580,4.0.0
1,pkg-035581,5.1.1
1,pkg-035582,6.2.2
1,pkg-035583,7.3.3
1,pkg-035584,8.4.4
1,pkg-035585,9.5.5
1,pkg-035586,1.6.6
1,pkg-035587,2.7.7
1,pkg-035588,3.8.8
1,pkg-035589,4.9.9
1,pkg-035590,5.10.0
1,pkg-035591,6.11.1
1,pkg-035592,7.12.2
1,pkg-035593,8.13.3
1,pkg-035594,9.14.4
1,pkg-035595,1.15.5
1,pkg-035596,2.16.6
1,pkg-035597,3.17.7
1,pkg-035598,4.18.8
1,pkg-035599,5.19.9
1,pkg-035600,6.0.0
1,pkg-035601,7.1.1
1,pkg-035602,8.2.2
1,pkg-035603,9.3.3
1,pkg-035604,1.4.4
1,pkg-035605,2.5.5
1,pkg-035606,3.6.6
1,pkg-035607,4.7.7
1,pkg-035608,5.8.8
1,pkg-035609,6.9.9
1,pkg-035610,7.10.0
1,pkg-035611,8.11.1
1,pkg-035612,9.12.2
1,pkg-035613,1.13.3
1,pkg-035614,2.14.4
1,pkg-035615,3.15.5
1,pkg-035616,4.16.6
1,pkg-035617,5.17.7
1,pkg-035618,6.18.8
1,pkg-035619,7.19.9
1,pkg-035620,8.0.0
1,pkg-035621,9.1.1
1,pkg-035622,1.2.2
1,pkg-035623,2.3.3
1,pkg-035624,3.4.4
1,pkg-035625,4.5.5
1,pkg-035626,5.6.6
1,pkg-035627,6.7.7
1,pkg-035628,7.8.8
1,pkg-035629,8.9.9
1,pkg-035630,9.10.0
1,pkg-035631,1.11.1
1,pkg-035632,2.12.2
1,pkg-035633,3.13.3
1,pkg-035634,4.14.4
1,pkg-035635,5.15.5
1,pkg-035636,6.16.6
1,pkg-035637,7.17.7
1,pkg-035638,8.18.8
1,pkg-035639,9.19.9
1,pkg-035640,1.0.0
1,pkg-035641,2.1.1
1,pkg-035642,3.2.2
1,pkg-035643,4.3.3
1,pkg-035644,5.4.4
1,pkg-035645,6.5.5
1,pkg-035646,7.6.6
1,pkg-035647,8.7.7
1,pkg-035648,9.8.8
1,pkg-035649,1.9.9
1,pkg-035650,2.10.0
1,pkg-035651,3.11.1
1,pkg-035652,4.12.2
1,pkg-035653,5.13.3
1,pkg-035654,6.14.4
1,pkg-035655,7.15.5
1,pkg-035656,8.16.6
1,pkg-035657,9.17.7
1,pkg-035658,1.18.8
1,pkg-035659,2.19.9
1,pkg-035660,3.0.0
1,pkg-035661,4.1.1
1,pkg-035662,5.2.2
1,pkg-035663,6.3.3
1,pkg-035664,7.4.4
1,pkg-035665,8.5.5
1,pkg-035666,9.6.6
1,pkg-035667,1.7.7
1,pkg-035668,2.8.8
1,pkg-035669,3.9.9
1,pkg-035670,4.10.0
1,pkg-035671,5.11.1
1,pkg-035672,6.12.2
1,pkg-035673,7.13.3
1,pkg-035674,8.14.4
1,pkg-035675,9.15.5
1,pkg-035676,1.16.6
1,pkg-035677,2.17.7
1,pkg-035678,3.18.8
1,pkg-035679,4.19.9
1,pkg-035680,5.0.0
1,pkg-035681,6.1.1
1,pkg-035682,7.2.2
1,pkg-035683,8.3.3
1,pkg-035684,9.4.4
1,pkg-035685,1.5.5
1,pkg-035686,2.6.6
1,pkg-035687,3.7.7
1,pkg-035688,4.8.8
1,pkg-035689,5.9.9
1,pkg-035690,6.10.0
1,pkg-035691,7.11.1
1,pkg-035692,8.12.2
1,pkg-035693,9.13.3
1,pkg-035694,1.14.4
1,pkg-035695,2.15.5
1,pkg-035696,3.16.6
1,pkg-035697,4.17.7
1,pkg-035698,5.18.8
1,pkg-035699,6.19.9
1,pkg-035700,7.0.0
1,pkg-035701,8.1.1
1,pkg-035702,9.2.2
1,pkg-035703,1.3.3
1,pkg-035704,2.4.4
1,pkg-035705,3.5.5
1,pkg-035706,4.6.6
1,pkg-035707,5.7.7
1,pkg-035708,6.8.8
1,pkg-035709,7.9.9
1,pkg-035710,8.10.0
1,pkg-035711,9.11.1
1,pkg-035712,1.12.2
1,pkg-035713,2.13.3
1,pkg-035714,3.14.4
1,pkg-035715,4.15.5
1,pkg-035716,5.16.6
1,pkg-035717,6.17.7
1,pkg-035718,7.18.8
1,pkg-035719,8.19.9
1,pkg-035720,9.0.0
1,pkg-035721,1.1.1
1,pkg-035722,2.2.2
1,pkg-035723,3.3.3
1,pkg-035724,4.4.4
1,pkg-035725,5.5.5
1,pkg-035726,6.6.6
1,pkg-035727,7.7.7
1,pkg-035728,8.8.8
1,pkg-035729,9.9.9
1,pkg-035730,1.10.0
1,pkg-035731,2.11.1
1,pkg-035732,3.12.2
1,pkg-035733,4.13.3
1,pkg-035734,5.14.4
1,pkg-035735,6.15.5
1,pkg-035736,7.16.6
1,pkg-035737,8.17.7
1,pkg-035738,9.18.8
1,pkg-035739,1.19.9
1,pkg-035740,2.0.0
1,pkg-035741,3.1.1
1,pkg-035742,4.2.2
1,pkg-035743,5.3.3
1,pkg-035744,6.4.4
1,pkg-035745,7.5.5
1,pkg-035746,8.6.6
1,pkg-035747,9.7.7
1,pkg-035748,1.8.8
1,pkg-035749,2.9.9
1,pkg-035750,3.10.0
1,pkg-035751,4.11.1
1,pkg-035752,5.12.2
1,pkg-035753,6.13.3
1,pkg-035754,7.14.4
1,pkg-035755,8.15.5
1,pkg-035756,9.16.6
1,pkg-035757,1.17.7
1,pkg-035758,2.18.8
1,pkg-035759,3.19.9
1,pkg-035760,4.0.0
1,pkg-035761,5.1.1
1,pkg-035762,6.2.2
1,pkg-035763,7.3.3
1,pkg-035764,8.4.4
1,pkg-035765,9.5.5
1,pkg-035766,1.6.6
1,pkg-035767,2.7.7
1,pkg-035768,3.8.8
1,pkg-035769,4.9.9
1,pkg-035770,5.10.0
1,pkg-035771,6.11.1
1,pkg-035772,7.12.2
1,pkg-035773,8.13.3
1,pkg-035774,9.14.4
1,pkg-035775,1.15.5
1,pkg-035776,2.16.6
1,pkg-035777,3.17.7
1,pkg-035778,4.18.8
1,pkg-035779,5.19.9
1,pkg-035780,6.0.0
1,pkg-035781,7.1.1
1,pkg-035782,8.2.2
1,pkg-035783,9.3.3
1,pkg-035784,1.4.4
1,pkg-035785,2.5.5
1,pkg-035786,3.6.6
1,pkg-035787,4.7.7
1,pkg-035788,5.8.8
1,pkg-035789,6.9.9
1,pkg-035790,7.10.0
1,pkg-035791,8.11.1
1,pkg-035792,9.12.2
1,pkg-035793,1.13.3
1,pkg-035794,2.14.4
1,pkg-035795,3.15.5
1,pkg-035796,4.16.6
1,pkg-035797,5.17.7
1,pkg-035798,6.18.8
1,pkg-035799,7.19.9
1,pkg-035800,8.0.0
1,pkg-035801,9.1.1
1,pkg-035802,1.2.2
1,pkg-035803,2.3.3
1,pkg-035804,3.4.4
1,pkg-035805,4.5.5
1,pkg-035806,5.6.6
1,pkg-035807,6.7.7
1,pkg-035808,7.8.8
1,pkg-035809,8.9.9
1,pkg-035810,9.10.0
1,pkg-035811,1.11.1
1,pkg-035812,2.12.2
1,pkg-035813,3.13.3
1,pkg-035814,4.14.4
1,pkg-035815,5.15.5
1,pkg-035816,6.16.6
1,pkg-035817,7.17.7
1,pkg-035818,8.18.8
1,pkg-035819,9.19.9
1,pkg-035820,1.0.0
1,pkg-035821,2.1.1
1,pkg-035822,3.2.2
1,pkg-035823,4.3.3
1,pkg-035824,5.4.4
1,pkg-035825,6.5.5
1,pkg-035826,7.6.6
1,pkg-035827,8.7.7
1,pkg-035828,9.8.8
1,pkg-035829,1.9.9
1,pkg-035830,2.10.0
1,pkg-035831,3.11.1
1,pkg-035832,4.12.2
1,pkg-035833,5.13.3
1,pkg-035834,6.14.4
1,pkg-035835,7.15.5
1,pkg-035836,8.16.6
1,pkg-035837,9.17.7
1,pkg-035838,1.18.8
1,pkg-035839,2.19.9
1,pkg-035840,3.0.0
1,pkg-035841,4.1.1
1,pkg-035842,5.2.2
1,pkg-035843,6.3.3
1,pkg-035844,7.4.4
1,pkg-035845,8.5.5
1,pkg-035846,9.6.6
1,pkg-035847,1.7.7
1,pkg-035848,2.8.8
1,pkg-035849,3.9.9
1,pkg-035850,4.10.0
1,pkg-035851,5.11.1
1,pkg-035852,6.12.2
1,pkg-035853,7.13.3
1,pkg-035854,8.14.4
1,pkg-035855,9.15.5
1,pkg-035856,1.16.6
1,pkg-035857,2.17.7
1,pkg-035858,3.18.8
1,pkg-035859,4.19.9
1,pkg-035860,5.0.0
1,pkg-035861,6.1.1
1,pkg-035862,7.2.2
1,pkg-035863,8.3.3
1,pkg-035864,9.4.4
1,pkg-035865,1.5.5
1,pkg-035866,2.6.6
1,pkg-035867,3.7.7
1,pkg-035868,4.8.8
1,pkg-035869,5.9.9
1,pkg-035870,6.10.0
1,pkg-035871,7.11.1
1,pkg-035872,8.12.2
1,pkg-035873,9.13.3
1,pkg-035874,1.14.4
1,pkg-035875,2.15.5
1,pkg-035876,3.16.6
1,pkg-035877,4.17.7
1,pkg-035878,5.18.8
1,pkg-035879,6.19.9
1,pkg-035880,7.0.0
1,pkg-035881,8.1.1
1,pkg-035882,9.2.2
1,pkg-035883,1.3.3
1,pkg-035884,2.4.4
1,pkg-035885,3.5.5
1,pkg-035886,4.6.6
1,pkg-035887,5.7.7
1,pkg-035888,6.8.8
1,pkg-035889,7.9.9
1,pkg-035890,8.10.0
1,pkg-035891,9.11.1
1,pkg-035892,1.12.2
1,pkg-035893,2.13.3
1,pkg-035894,3.14.4
1,pkg-035895,4.15.5
1,pkg-035896,5.16.6
1,pkg-035897,6.17.7
1,pkg-035898,7.18.8
1,pkg-035899,8.19.9
1,pkg-035900,9.0.0
1,pkg-035901,1.1.1
1,pkg-035902,2.2.2
1,pkg-035903,3.3.3
1,pkg-035904,4.4.4
1,pkg-035905,5.5.5
1,pkg-035906,6.6.6
1,pkg-035907,7.7.7
1,pkg-035908,8.8.8
1,pkg-035909,9.9.9
1,pkg-035910,1.10.0
1,pkg-035911,2.11.1
1,pkg-035912,3.12.2
1,pkg-035913,4.13.3
1,pkg-035914,5.14.4
1,pkg-035915,6.15.5
1,pkg-035916,7.16.6
1,pkg-035917,8.17.7
1,pkg-035918,9.18.8
1,pkg-035919,1.19.9
1,pkg-035920,2.0.0
1,pkg-035921,3.1.1
1,pkg-035922,4.2.2
1,pkg-035923,5.3.3
1,pkg-035924,6.4.4
1,pkg-035925,7.5.5
1,pkg-035926,8.6.6
1,pkg-035927,9.7.7
1,pkg-035928,1.8.8
1,pkg-035929,2.9.9
1,pkg-035930,3.10.0
1,pkg-035931,4.11.1
1,pkg-035932,5.12.2
1,pkg-035933,6.13.3
1,pkg-035934,7.14.4
1,pkg-035935,8.15.5
1,pkg-035936,9.16.6
1,pkg-035937,1.17.7
1,pkg-035938,2.18.8
1,pkg-035939,3.19.9
1,pkg-035940,4.0.0
1,pkg-035941,5.1.1
1,pkg-035942,6.2.2
1,pkg-035943,7.3.3
1,pkg-035944,8.4.4
1,pkg-035945,9.5.5
1,pkg-035946,1.6.6
1,pkg-035947,2.7.7
1,pkg-035948,3.8.8
1,pkg-035949,4.9.9
1,pkg-035950,5.10.0
1,pkg-035951,6.11.1
1,pkg-035952,7.12.2
1,pkg-035953,8.13.3
1,pkg-035954,9.14.4
1,pkg-035955,1.15.5
1,pkg-035956,2.16.6
1,pkg-035957,3.17.7
1,pkg-035958,4.18.8
1,pkg-035959,5.19.9
1,pkg-035960,6.0.0
1,pkg-035961,7.1.1
1,pkg-035962,8.2.2
1,pkg-035963,9.3.3
1,pkg-035964,1.4.4
1,pkg-035965,2.5.5
1,pkg-035966,3.6.6
1,pkg-035967,4.7.7
1,pkg-035968,5.8.8
1,pkg-035969,6.9.9
1,pkg-035970,7.10.0
1,pkg-035971,8.11.1
1,pkg-035972,9.12.2
1,pkg-035973,1.13.3
1,pkg-035974,2.14.4
1,pkg-035975,3.15.5
1,pkg-035976,4.16.6
1,pkg-035977,5.17.7
1,pkg-035978,6.18.8
1,pkg-035979,7.19.9
1,pkg-035980,8.0.0
1,pkg-035981,9.1.1
1,pkg-035982,1.2.2
1,pkg-035983,2.3.3
1,pkg-035984,3.4.4
1,pkg-035985,4.5.5
1,pkg-035986,5.6.6
1,pkg-035987,6.7.7
1,pkg-035988,7.8.8
1,pkg-035989,8.9.9
1,pkg-035990,9.10.0
1,pkg-035991,1.11.1
1,pkg-035992,2.12.2
1,pkg-035993,3.13.3
1,pkg-035994,4.14.4
1,pkg-035995,5.15.5
1,pkg-035996,6.16.6
1,pkg-035997,7.17.7
1,pkg-035998,8.18.8
1,pkg-035999,9.19.9
1,pkg-036000,1.0.0
1,pkg-036001,2.1.1
1,pkg-036002,3.2.2
1,pkg-036003,4.3.3
1,pkg-036004,5.4.4
1,pkg-036005,6.5.5
1,pkg-036006,7.6.6
1,pkg-036007,8.7.7
1,pkg-036008,9.8.8
1,pkg-036009,1.9.9
1,pkg-036010,2.10.0
1,pkg-036011,3.11.1
1,pkg-036012,4.12.2
1,pkg-036013,5.13.3
1,pkg-036014,6.14.4
1,pkg-036015,7.15.5
1,pkg-036016,8.16.6
1,pkg-036017,9.17.7
1,pkg-036018,1.18.8
1,pkg-036019,2.19.9
1,pkg-036020,3.0.0
1,pkg-036021,4.1.1
1,pkg-036022,5.2.2
1,pkg-036023,6.3.3
1,pkg-036024,7.4.4
1,pkg-036025,8.5.5
1,pkg-036026,9.6.6
1,pkg-036027,1.7.7
1,pkg-036028,2.8.8
1,pkg-036029,3.9.9
1,pkg-036030,4.10.0
1,pkg-036031,5.11.1
1,pkg-036032,6.12.2
1,pkg-036033,7.13.3
1,pkg-036034,8.14.4
1,pkg-036035,9.15.5
1,pkg-036036,1.16.6
1,pkg-036037,2.17.7
1,pkg-036038,3.18.8
1,pkg-036039,4.19.9
1,pkg-036040,5.0.0
1,pkg-036041,6.1.1
1,pkg-036042,7.2.2
1,pkg-036043,8.3.3
1,pkg-036044,9.4.4
1,pkg-036045,1.5.5
1,pkg-036046,2.6.6
1,pkg-036047,3.7.7
1,pkg-036048,4.8.8
1,pkg-036049,5.9.9
1,pkg-036050,6.10.0
1,pkg-036051,7.11.1
1,pkg-036052,8.12.2
1,pkg-036053,9.13.3
1,pkg-036054,1.14.4
1,pkg-036055,2.15.5
1,pkg-036056,3.16.6
1,pkg-036057,4.17.7
1,pkg-036058,5.18.8
1,pkg-036059,6.19.9
1,pkg-036060,7.0.0
1,pkg-036061,8.1.1
1,pkg-036062,9.2.2
1,pkg-036063,1.3.3
1,pkg-036064,2.4.4
1,pkg-036065,3.5.5
1,pkg-036066,4.6.6
1,pkg-036067,5.7.7
1,pkg-036068,6.8.8
1,pkg-036069,7.9.9
1,pkg-036070,8.10.0
1,pkg-036071,9.11.1
1,pkg-036072,1.12.2
1,pkg-036073,2.13.3
1,pkg-036074,3.14.4
1,pkg-036075,4.15.5
1,pkg-036076,5.16.6
1,pkg-036077,6.17.7
1,pkg-036078,7.18.8
1,pkg-036079,8.19.9
1,pkg-036080,9.0.0
1,pkg-036081,1.1.1
1,pkg-036082,2.2.2
1,pkg-036083,3.3.3
1,pkg-036084,4.4.4
1,pkg-036085,5.5.5
1,pkg-036086,6.6.6
1,pkg-036087,7.7.7
1,pkg-036088,8.8.8
1,pkg-036089,9.9.9
1,pkg-036090,1.10.0
1,pkg-036091,2.11.1
1,pkg-036092,3.12.2
1,pkg-036093,4.13.3
1,pkg-036094,5.14.4
1,pkg-036095,6.15.5
1,pkg-036096,7.16.6
1,pkg-036097,8.17.7
1,pkg-036098,9.18.8
1,pkg-036099,1.19.9
1,pkg-036100,2.0.0
1,pkg-036101,3.1.1
1,pkg-036102,4.2.2
1,pkg-036103,5.3.3
1,pkg-036104,6.4.4
1,pkg-036105,7.5.5
1,pkg-036106,8.6.6
1,pkg-036107,9.7.7
1,pkg-036108,1.8.8
1,pkg-036109,2.9.9
1,pkg-036110,3.10.0
1,pkg-036111,4.11.1
1,pkg-036112,5.12.2
1,pkg-036113,6.13.3
1,pkg-036114,7.14.4
1,pkg-036115,8.15.5
1,pkg-036116,9.16.6
1,pkg-036117,1.17.7
1,pkg-036118,2.18.8
1,pkg-036119,3.19.9
1,pkg-036120,4.0.0
1,pkg-036121,5.1.1
1,pkg-036122,6.2.2
1,pkg-036123,7.3.3
1,pkg-036124,8.4.4
1,pkg-036125,9.5.5
1,pkg-036126,1.6.6
1,pkg-036127,2.7.7
1,pkg-036128,3.8.8
1,pkg-036129,4.9.9
1,pkg-036130,5.10.0
1,pkg-036131,6.11.1
1,pkg-036132,7.12.2
1,pkg-036133,8.13.3
1,pkg-036134,9.14.4
1,pkg-036135,1.15.5
1,pkg-036136,2.16.6
1,pkg-036137,3.17.7
1,pkg-036138,4.18.8
1,pkg-036139,5.19.9
1,pkg-036140,6.0.0
1,pkg-036141,7.1.1
1,pkg-036142,8.2.2
1,pkg-036143,9.3.3
1,pkg-036144,1.4.4
1,pkg-036145,2.5.5
1,pkg-036146,3.6.6
1,pkg-036147,4.7.7
1,pkg-036148,5.8.8
1,pkg-036149,6.9.9
1,pkg-036150,7.10.0
1,pkg-036151,8.11.1
1,pkg-036152,9.12.2
1,pkg-036153,1.13.3
1,pkg-036154,2.14.4
1,pkg-036155,3.15.5
1,pkg-036156,4.16.6
1,pkg-036157,5.17.7
1,pkg-036158,6.18.8
1,pkg-036159,7.19.9
1,pkg-036160,8.0.0
1,pkg-036161,9.1.1
1,pkg-036162,1.2.2
1,pkg-036163,2.3.3
1,pkg-036164,3.4.4
1,pkg-036165,4.5.5
1,pkg-036166,5.6.6
1,pkg-036167,6.7.7
1,pkg-036168,7.8.8
1,pkg-036169,8.9.9
1,pkg-036170,9.10.0
1,pkg-036171,1.11.1
1,pkg-036172,2.12.2
1,pkg-036173,3.13.3
1,pkg-036174,4.14.4
1,pkg-036175,5.15.5
1,pkg-036176,6.16.6
1,pkg-036177,7.17.7
1,pkg-036178,8.18.8
1,pkg-036179,9.19.9
1,pkg-036180,1.0.0
1,pkg-036181,2.1.1
1,pkg-036182,3.2.2
1,pkg-036183,4.3.3
1,pkg-036184,5.4.4
1,pkg-036185,6.5.5
1,pkg-036186,7.6.6
1,pkg-036187,8.7.7
1,pkg-036188,9.8.8
1,pkg-036189,1.9.9
1,pkg-036190,2.10.0
1,pkg-036191,3.11.1
1,pkg-036192,4.12.2
1,pkg-036193,5.13.3
1,pkg-036194,6.14.4
1,pkg-036195,7.15.5
1,pkg-036196,8.16.6
1,pkg-036197,9.17.7
1,pkg-036198,1.18.8
1,pkg-036199,2.19.9
1,pkg-036200,3.0.0
1,pkg-036201,4.1.1
1,pkg-036202,5.2.2
1,pkg-036203,6.3.3
1,pkg-036204,7.4.4
1,pkg-036205,8.5.5
1,pkg-036206,9.6.6
1,pkg-036207,1.7.7
1,pkg-036208,2.8.8
1,pkg-036209,3.9.9
1,pkg-036210,4.10.0
1,pkg-036211,5.11.1
1,pkg-036212,6.12.2
1,pkg-036213,7.13.3
1,pkg-036214,8.14.4
1,pkg-036215,9.15.5
1,pkg-036216,1.16.6
1,pkg-036217,2.17.7
1,pkg-036218,3.18.8
1,pkg-036219,4.19.9
1,pkg-036220,5.0.0
1,pkg-036221,6.1.1
1,pkg-036222,7.2.2
1,pkg-036223,8.3.3
1,pkg-036224,9.4.4
1,pkg-036225,1.5.5
1,pkg-036226,2.6.6
1,pkg-036227,3.7.7
1,pkg-036228,4.8.8
1,pkg-036229,5.9.9
1,pkg-036230,6.10.0
1,pkg-036231,7.11.1
1,pkg-036232,8.12.2
1,pkg-036233,9.13.3
1,pkg-036234,1.14.4
1,pkg-036235,2.15.5
1,pkg-036236,3.16.6
1,pkg-036237,4.17.7
1,pkg-036238,5.18.8
1,pkg-036239,6.19.9
1,pkg-036240,7.0.0
1,pkg-036241,8.1.1
1,pkg-036242,9.2.2
1,pkg-036243,1.3.3
1,pkg-036244,2.4.4
1,pkg-036245,3.5.5
1,pkg-036246,4.6.6
1,pkg-036247,5.7.7
1,pkg-036248,6.8.8
1,pkg-036249,7.9.9
1,pkg-036250,8.10.0
1,pkg-036251,9.11.1
1,pkg-036252,1.12.2
1,pkg-036253,2.13.3
1,pkg-036254,3.14.4
1,pkg-036255,4.15.5
1,pkg-036256,5.16.6
1,pkg-036257,6.17.7
1,pkg-036258,7.18.8
1,pkg-036259,8.19.9
1,pkg-036260,9.0.0
1,pkg-036261,1.1.1
1,pkg-036262,2.2.2
1,pkg-036263,3.3.3
1,pkg-036264,4.4.4
1,pkg-036265,5.5.5
1,pkg-036266,6.6.6
1,pkg-036267,7.7.7
1,pkg-036268,8.8.8
1,pkg-036269,9.9.9
1,pkg-036270,1.10.0
1,pkg-036271,2.11.1
1,pkg-036272,3.12.2
1,pkg-036273,4.13.3
1,pkg-036274,5.14.4
1,pkg-036275,6.15.5
1,pkg-036276,7.16.6
1,pkg-036277,8.17.7
1,pkg-036278,9.18.8
1,pkg-036279,1.19.9
1,pkg-036280,2.0.0
1,pkg-036281,3.1.1
1,pkg-036282,4.2.2
1,pkg-036283,5.3.3
1,pkg-036284,6.4.4
1,pkg-036285,7.5.5
1,pkg-036286,8.6.6
1,pkg-036287,9.7.7
1,pkg-036288,1.8.8
1,pkg-036289,2.9.9
1,pkg-036290,3.10.0
1,pkg-036291,4.11.1
1,pkg-036292,5.12.2
1,pkg-036293,6.13.3
1,pkg-036294,7.14.4
1,pkg-036295,8.15.5
1,pkg-036296,9.16.6
1,pkg-036297,1.17.7
1,pkg-036298,2.18.8
1,pkg-036299,3.19.9
1,pkg-036300,4.0.0
1,pkg-036301,5.1.1
1,pkg-036302,6.2.2
1,pkg-036303,7.3.3
1,pkg-036304,8.4.4
1,pkg-036305,9.5.5
1,pkg-036306,1.6.6
1,pkg-036307,2.7.7
1,pkg-036308,3.8.8
1,pkg-036309,4.9.9
1,pkg-036310,5.10.0
1,pkg-036311,6.11.1
1,pkg-036312,7.12.2
1,pkg-036313,8.13.3
1,pkg-036314,9.14.4
1,pkg-036315,1.15.5
1,pkg-036316,2.16.6
1,pkg-036317,3.17.7
1,pkg-036318,4.18.8
1,pkg-036319,5.19.9
1,pkg-036320,6.0.0
1,pkg-036321,7.1.1
1,pkg-036322,8.2.2
1,pkg-036323,9.3.3
1,pkg-036324,1.4.4
1,pkg-036325,2.5.5
1,pkg-036326,3.6.6
1,pkg-036327,4.7.7
1,pkg-036328,5.8.8
1,pkg-036329,6.9.9
1,pkg-036330,7.10.0
1,pkg-036331,8.11.1
1,pkg-036332,9.12.2
1,pkg-036333,1.13.3
1,pkg-036334,2.14.4
1,pkg-036335,3.15.5
1,pkg-036336,4.16.6
1,pkg-036337,5.17.7
1,pkg-036338,6.18.8
1,pkg-036339,7.19.9
1,pkg-036340,8.0.0
1,pkg-036341,9.1.1
1,pkg-036342,1.2.2
1,pkg-036343,2.3.3
1,pkg-036344,3.4.4
1,pkg-036345,4.5.5
1,pkg-036346,5.6.6
1,pkg-036347,6.7.7
1,pkg-036348,7.8.8
1,pkg-036349,8.9.9
1,pkg-036350,9.10.0
1,pkg-036351,1.11.1
1,pkg-036352,2.12.2
1,pkg-036353,3.13.3
1,pkg-036354,4.14.4
1,pkg-036355,5.15.5
1,pkg-036356,6.16.6
1,pkg-036357,7.17.7
1,pkg-036358,8.18.8
1,pkg-036359,9.19.9
1,pkg-036360,1.0.0
1,pkg-036361,2.1.1
1,pkg-036362,3.2.2
1,pkg-036363,4.3.3
1,pkg-036364,5.4.4
1,pkg-036365,6.5.5
1,pkg-036366,7.6.6
1,pkg-036367,8.7.7
1,pkg-036368,9.8.8
1,pkg-036369,1.9.9
1,pkg-036370,2.10.0
1,pkg-036371,3.11.1
1,pkg-036372,4.12.2
1,pkg-036373,5.13.3
1,pkg-036374,6.14.4
1,pkg-036375,7.15.5
1,pkg-036376,8.16.6
1,pkg-036377,9.17.7
1,pkg-036378,1.18.8
1,pkg-036379,2.19.9
1,pkg-036380,3.0.0
1,pkg-036381,4.1.1
1,pkg-036382,5.2.2
1,pkg-036383,6.3.3
1,pkg-036384,7.4.4
1,pkg-036385,8.5.5
1,pkg-036386,9.6.6
1,pkg-036387,1.7.7
1,pkg-036388,2.8.8
1,pkg-036389,3.9.9
1,pkg-036390,4.10.0
1,pkg-036391,5.11.1
1,pkg-036392,6.12.2
1,pkg-036393,7.13.3
1,pkg-036394,8.14.4
1,pkg-036395,9.15.5
1,pkg-036396,1.16.6
1,pkg-036397,2.17.7
1,pkg-036398,3.18.8
1,pkg-036399,4.19.9
1,pkg-036400,5.0.0
1,pkg-036401,6.1.1
1,pkg-036402,7.2.2
1,pkg-036403,8.3.3
1,pkg-036404,9.4.4
1,pkg-036405,1.5.5
1,pkg-036406,2.6.6
1,pkg-036407,3.7.7
1,pkg-036408,4.8.8
1,pkg-036409,5.9.9
1,pkg-036410,6.10.0
1,pkg-036411,7.11.1
1,pkg-036412,8.12.2
1,pkg-036413,9.13.3
1,pkg-036414,1.14.4
1,pkg-036415,2.15.5
1,pkg-036416,3.16.6
1,pkg-036417,4.17.7
1,pkg-036418,5.18.8
1,pkg-036419,6.19.9
1,pkg-036420,7.0.0
1,pkg-036421,8.1.1
1,pkg-036422,9.2.2
1,pkg-036423,1.3.3
1,pkg-036424,2.4.4
1,pkg-036425,3.5.5
1,pkg-036426,4.6.6
1,pkg-036427,5.7.7
1,pkg-036428,6.8.8
1,pkg-036429,7.9.9
1,pkg-036430,8.10.0
1,pkg-036431,9.11.1
1,pkg-036432,1.12.2
1,pkg-036433,2.13.3
1,pkg-036434,3.14.4
1,pkg-036435,4.15.5
1,pkg-036436,5.16.6
1,pkg-036437,6.17.7
1,pkg-036438,7.18.8
1,pkg-036439,8.19.9
1,pkg-036440,9.0.0
1,pkg-036441,1.1.1
1,pkg-036442,2.2.2
1,pkg-036443,3.3.3
1,pkg-036444,4.4.4
1,pkg-036445,5.5.5
1,pkg-036446,6.6.6
1,pkg-036447,7.7.7
1,pkg-036448,8.8.8
1,pkg-036449,9.9.9
1,pkg-036450,1.10.0
1,pkg-036451,2.11.1
1,pkg-036452,3.12.2
1,pkg-036453,4.13.3
1,pkg-036454,5.14.4
1,pkg-036455,6.15.5
1,pkg-036456,7.16.6
1,pkg-036457,8.17.7
1,pkg-036458,9.18.8
1,pkg-036459,1.19.9
1,pkg-036460,2.0.0
1,pkg-036461,3.1.1
1,pkg-036462,4.2.2
1,pkg-036463,5.3.3
1,pkg-036464,6.4.4
1,pkg-036465,7.5.5
1,pkg-036466,8.6.6
1,pkg-036467,9.7.7
1,pkg-036468,1.8.8
1,pkg-036469,2.9.9
1,pkg-036470,3.10.0
1,pkg-036471,4.11.1
1,pkg-036472,5.12.2
1,pkg-036473,6.13.3
1,pkg-036474,7.14.4
1,pkg-036475,8.15.5
1,pkg-036476,9.16.6
1,pkg-036477,1.17.7
1,pkg-036478,2.18.8
1,pkg-036479,3.19.9
1,pkg-036480,4.0.0
1,pkg-036481,5.1.1
1,pkg-036482,6.2.2
1,pkg-036483,7.3.3
1,pkg-036484,8.4.4
1,pkg-036485,9.5.5
1,pkg-036486,1.6.6
1,pkg-036487,2.7.7
1,pkg-036488,3.8.8
1,pkg-036489,4.9.9
1,pkg-036490,5.10.0
1,pkg-036491,6.11.1
1,pkg-036492,7.12.2
1,pkg-036493,8.13.3
1,pkg-036494,9.14.4
1,pkg-036495,1.15.5
1,pkg-036496,2.16.6
1,pkg-036497,3.17.7
1,pkg-036498,4.18.8
1,pkg-036499,5.19.9
1,pkg-036500,6.0.0
1,pkg-036501,7.1.1
1,pkg-036502,8.2.2
1,pkg-036503,9.3.3
1,pkg-036504,1.4.4
1,pkg-036505,2.5.5
1,pkg-036506,3.6.6
1,pkg-036507,4.7.7
1,pkg-036508,5.8.8
1,pkg-036509,6.9.9
1,pkg-036510,7.10.0
1,pkg-036511,8.11.1
1,pkg-036512,9.12.2
1,pkg-036513,1.13.3
1,pkg-036514,2.14.4
1,pkg-036515,3.15.5
1,pkg-036516,4.16.6
1,pkg-036517,5.17.7
1,pkg-036518,6.18.8
1,pkg-036519,7.19.9
1,pkg-036520,8.0.0
1,pkg-036521,9.1.1
1,pkg-036522,1.2.2
1,pkg-036523,2.3.3
1,pkg-036524,3.4.4
1,pkg-036525,4.5.5
1,pkg-036526,5.6.6
1,pkg-036527,6.7.7
1,pkg-036528,7.8.8
1,pkg-036529,8.9.9
1,pkg-036530,9.10.0
1,pkg-036531,1.11.1
1,pkg-036532,2.12.2
1,pkg-036533,3.13.3
1,pkg-036534,4.14.4
1,pkg-036535,5.15.5
1,pkg-036536,6.16.6
1,pkg-036537,7.17.7
1,pkg-036538,8.18.8
1,pkg-036539,9.19.9
1,pkg-036540,1.0.0
1,pkg-036541,2.1.1
1,pkg-036542,3.2.2
1,pkg-036543,4.3.3
1,pkg-036544,5.4.4
1,pkg-036545,6.5.5
1,pkg-036546,7.6.6
1,pkg-036547,8.7.7
1,pkg-036548,9.8.8
1,pkg-036549,1.9.9
1,pkg-036550,2.10.0
1,pkg-036551,3.11.1
1,pkg-036552,4.12.2
1,pkg-036553,5.13.3
1,pkg-036554,6.14.4
1,pkg-036555,7.15.5
1,pkg-036556,8.16.6
1,pkg-036557,9.17.7
1,pkg-036558,1.18.8
1,pkg-036559,2.19.9
1,pkg-036560,3.0.0
1,pkg-036561,4.1.1
1,pkg-036562,5.2.2
1,pkg-036563,6.3.3
1,pkg-036564,7.4.4
1,pkg-036565,8.5.5
1,pkg-036566,9.6.6
1,pkg-036567,1.7.7
1,pkg-036568,2.8.8
1,pkg-036569,3.9.9
1,pkg-036570,4.10.0
1,pkg-036571,5.11.1
1,pkg-036572,6.12.2
1,pkg-036573,7.13.3
1,pkg-036574,8.14.4
1,pkg-036575,9.15.5
1,pkg-036576,1.16.6
1,pkg-036577,2.17.7
1,pkg-036578,3.18.8
1,pkg-036579,4.19.9
1,pkg-036580,5.0.0
1,pkg-036581,6.1.1
1,pkg-036582,7.2.2
1,pkg-036583,8.3.3
1,pkg-036584,9.4.4
1,pkg-036585,1.5.5
1,pkg-036586,2.6.6
1,pkg-036587,3.7.7
1,pkg-036588,4.8.8
1,pkg-036589,5.9.9
1,pkg-036590,6.10.0
1,pkg-036591,7.11.1
1,pkg-036592,8.12.2
1,pkg-036593,9.13.3
1,pkg-036594,1.14.4
1,pkg-036595,2.15.5
1,pkg-036596,3.16.6
1,pkg-036597,4.17.7
1,pkg-036598,5.18.8
1,pkg-036599,6.19.9
1,pkg-036600,7.0.0
1,pkg-036601,8.1.1
1,pkg-036602,9.2.2
1,pkg-036603,1.3.3
1,pkg-036604,2.4.4
1,pkg-036605,3.5.5
1,pkg-036606,4.6.6
1,pkg-036607,5.7.7
1,pkg-036608,6.8.8
1,pkg-036609,7.9.9
1,pkg-036610,8.10.0
1,pkg-036611,9.11.1
1,pkg-036612,1.12.2
1,pkg-036613,2.13.3
1,pkg-036614,3.14.4
1,pkg-036615,4.15.5
1,pkg-036616,5.16.6
1,pkg-036617,6.17.7
1,pkg-036618,7.18.8
1,pkg-036619,8.19.9
1,pkg-036620,9.0.0
1,pkg-036621,1.1.1
1,pkg-036622,2.2.2
1,pkg-036623,3.3.3
1,pkg-036624,4.4.4
1,pkg-036625,5.5.5
1,pkg-036626,6.6.6
1,pkg-036627,7.7.7
1,pkg-036628,8.8.8
1,pkg-036629,9.9.9
1,pkg-036630,1.10.0
1,pkg-036631,2.11.1
1,pkg-036632,3.12.2
1,pkg-036633,4.13.3
1,pkg-036634,5.14.4
1,pkg-036635,6.15.5
1,pkg-036636,7.16.6
1,pkg-036637,8.17.7
1,pkg-036638,9.18.8
1,pkg-036639,1.19.9
1,pkg-036640,2.0.0
1,pkg-036641,3.1.1
1,pkg-036642,4.2.2
1,pkg-036643,5.3.3
1,pkg-036644,6.4.4
1,pkg-036645,7.5.5
1,pkg-036646,8.6.6
1,pkg-036647,9.7.7
1,pkg-036648,1.8.8
1,pkg-036649,2.9.9
1,pkg-036650,3.10.0
1,pkg-036651,4.11.1
1,pkg-036652,5.12.2
1,pkg-036653,6.13.3
1,pkg-036654,7.14.4
1,pkg-036655,8.15.5
1,pkg-036656,9.16.6
1,pkg-036657,1.17.7
1,pkg-036658,2.18.8
1,pkg-036659,3.19.9
1,pkg-036660,4.0.0
1,pkg-036661,5.1.1
1,pkg-036662,6.2.2
1,pkg-036663,7.3.3
1,pkg-036664,8.4.4
1,pkg-036665,9.5.5
1,pkg-036666,1.6.6
1,pkg-036667,2.7.7
1,pkg-036668,3.8.8
1,pkg-036669,4.9.9
1,pkg-036670,5.10.0
1,pkg-036671,6.11.1
1,pkg-036672,7.12.2
1,pkg-036673,8.13.3
1,pkg-036674,9.14.4
1,pkg-036675,1.15.5
1,pkg-036676,2.16.6
1,pkg-036677,3.17.7
1,pkg-036678,4.18.8
1,pkg-036679,5.19.9
1,pkg-036680,6.0.0
1,pkg-036681,7.1.1
1,pkg-036682,8.2.2
1,pkg-036683,9.3.3
1,pkg-036684,1.4.4
1,pkg-036685,2.5.5
1,pkg-036686,3.6.6
1,pkg-036687,4.7.7
1,pkg-036688,5.8.8
1,pkg-036689,6.9.9
1,pkg-036690,7.10.0
1,pkg-036691,8.11.1
1,pkg-036692,9.12.2
1,pkg-036693,1.13.3
1,pkg-036694,2.14.4
1,pkg-036695,3.15.5
1,pkg-036696,4.16.6
1,pkg-036697,5.17.7
1,pkg-036698,6.18.8
1,pkg-036699,7.19.9
1,pkg-036700,8.0.0
1,pkg-036701,9.1.1
1,pkg-036702,1.2.2
1,pkg-036703,2.3.3
1,pkg-036704,3.4.4
1,pkg-036705,4.5.5
1,pkg-036706,5.6.6
1,pkg-036707,6.7.7
1,pkg-036708,7.8.8
1,pkg-036709,8.9.9
1,pkg-036710,9.10.0
1,pkg-036711,1.11.1
1,pkg-036712,2.12.2
1,pkg-036713,3.13.3
1,pkg-036714,4.14.4
1,pkg-036715,5.15.5
1,pkg-036716,6.16.6
1,pkg-036717,7.17.7
1,pkg-036718,8.18.8
1,pkg-036719,9.19.9
1,pkg-036720,1.0.0
1,pkg-036721,2.1.1
1,pkg-036722,3.2.2
1,pkg-036723,4.3.3
1,pkg-036724,5.4.4
1,pkg-036725,6.5.5
1,pkg-036726,7.6.6
1,pkg-036727,8.7.7
1,pkg-036728,9.8.8
1,pkg-036729,1.9.9
1,pkg-036730,2.10.0
1,pkg-036731,3.11.1
1,pkg-036732,4.12.2
1,pkg-036733,5.13.3
1,pkg-036734,6.14.4
1,pkg-036735,7.15.5
1,pkg-036736,8.16.6
1,pkg-036737,9.17.7
1,pkg-036738,1.18.8
1,pkg-036739,2.19.9
1,pkg-036740,3.0.0
1,pkg-036741,4.1.1
1,pkg-036742,5.2.2
1,pkg-036743,6.3.3
1,pkg-036744,7.4.4
1,pkg-036745,8.5.5
1,pkg-036746,9.6.6
1,pkg-036747,1.7.7
1,pkg-036748,2.8.8
1,pkg-036749,3.9.9
1,pkg-036750,4.10.0
1,pkg-036751,5.11.1
1,pkg-036752,6.12.2
1,pkg-036753,7.13.3
1,pkg-036754,8.14.4
1,pkg-036755,9.15.5
1,pkg-036756,1.16.6
1,pkg-036757,2.17.7
1,pkg-036758,3.18.8
1,pkg-036759,4.19.9
1,pkg-036760,5.0.0
1,pkg-036761,6.1.1
1,pkg-036762,7.2.2
1,pkg-036763,8.3.3
1,pkg-036764,9.4.4
1,pkg-036765,1.5.5
1,pkg-036766,2.6.6
1,pkg-036767,3.7.7
1,pkg-036768,4.8.8
1,pkg-036769,5.9.9
1,pkg-036770,6.10.0
1,pkg-036771,7.11.1
1,pkg-036772,8.12.2
1,pkg-036773,9.13.3
1,pkg-036774,1.14.4
1,pkg-036775,2.15.5
1,pkg-036776,3.16.6
1,pkg-036777,4.17.7
1,pkg-036778,5.18.8
1,pkg-036779,6.19.9
1,pkg-036780,7.0.0
1,pkg-036781,8.1.1
1,pkg-036782,9.2.2
1,pkg-036783,1.3.3
1,pkg-036784,2.4.4
1,pkg-036785,3.5.5
1,pkg-036786,4.6.6
1,pkg-036787,5.7.7
1,pkg-036788,6.8.8
1,pkg-036789,7.9.9
1,pkg-036790,8.10.0
1,pkg-036791,9.11.1
1,pkg-036792,1.12.2
1,pkg-036793,2.13.3
1,pkg-036794,3.14.4
1,pkg-036795,4.15.5
1,pkg-036796,5.16.6
1,pkg-036797,6.17.7
1,pkg-036798,7.18.8
1,pkg-036799,8.19.9
1,pkg-036800,9.0.0
1,pkg-036801,1.1.1
1,pkg-036802,2.2.2
1,pkg-036803,3.3.3
1,pkg-036804,4.4.4
1,pkg-036805,5.5.5
1,pkg-036806,6.6.6
1,pkg-036807,7.7.7
1,pkg-036808,8.8.8
1,pkg-036809,9.9.9
1,pkg-036810,1.10.0
1,pkg-036811,2.11.1
1,pkg-036812,3.12.2
1,pkg-036813,4.13.3
1,pkg-036814,5.14.4
1,pkg-036815,6.15.5
1,pkg-036816,7.16.6
1,pkg-036817,8.17.7
1,pkg-036818,9.18.8
1,pkg-036819,1.19.9
1,pkg-036820,2.0.0
1,pkg-036821,3.1.1
1,pkg-036822,4.2.2
1,pkg-036823,5.3.3
1,pkg-036824,6.4.4
1,pkg-036825,7.5.5
1,pkg-036826,8.6.6
1,pkg-036827,9.7.7
1,pkg-036828,1.8.8
1,pkg-036829,2.9.9
1,pkg-036830,3.10.0
1,pkg-036831,4.11.1
1,pkg-036832,5.12.2
1,pkg-036833,6.13.3
1,pkg-036834,7.14.4
1,pkg-036835,8.15.5
1,pkg-036836,9.16.6
1,pkg-036837,1.17.7
1,pkg-036838,2.18.8
1,pkg-036839,3.19.9
1,pkg-036840,4.0.0
1,pkg-036841,5.1.1
1,pkg-036842,6.2.2
1,pkg-036843,7.3.3
1,pkg-036844,8.4.4
1,pkg-036845,9.5.5
1,pkg-036846,1.6.6
1,pkg-036847,2.7.7
1,pkg-036848,3.8.8
1,pkg-036849,4.9.9
1,pkg-036850,5.10.0
1,pkg-036851,6.11.1
1,pkg-036852,7.12.2
1,pkg-036853,8.13.3
1,pkg-036854,9.14.4
1,pkg-036855,1.15.5
1,pkg-036856,2.16.6
1,pkg-036857,3.17.7
1,pkg-036858,4.18.8
1,pkg-036859,5.19.9
1,pkg-036860,6.0.0
1,pkg-036861,7.1.1
1,pkg-036862,8.2.2
1,pkg-036863,9.3.3
1,pkg-036864,1.4.4
1,pkg-036865,2.5.5
1,pkg-036866,3.6.6
1,pkg-036867,4.7.7
1,pkg-036868,5.8.8
1,pkg-036869,6.9.9
1,pkg-036870,7.10.0
1,pkg-036871,8.11.1
1,pkg-036872,9.12.2
1,pkg-036873,1.13.3
1,pkg-036874,2.14.4
1,pkg-036875,3.15.5
1,pkg-036876,4.16.6
1,pkg-036877,5.17.7
1,pkg-036878,6.18.8
1,pkg-036879,7.19.9
1,pkg-036880,8.0.0
1,pkg-036881,9.1.1
1,pkg-036882,1.2.2
1,pkg-036883,2.3.3
1,pkg-036884,3.4.4
1,pkg-036885,4.5.5
1,pkg-036886,5.6.6
1,pkg-036887,6.7.7
1,pkg-036888,7.8.8
1,pkg-036889,8.9.9
1,pkg-036890,9.10.0
1,pkg-036891,1.11.1
1,pkg-036892,2.12.2
1,pkg-036893,3.13.3
1,pkg-036894,4.14.4
1,pkg-036895,5.15.5
1,pkg-036896,6.16.6
1,pkg-036897,7.17.7
1,pkg-036898,8.18.8
1,pkg-036899,9.19.9
1,pkg-036900,1.0.0
1,pkg-036901,2.1.1
1,pkg-036902,3.2.2
1,pkg-036903,4.3.3
1,pkg-036904,5.4.4
1,pkg-036905,6.5.5
1,pkg-036906,7.6.6
1,pkg-036907,8.7.7
1,pkg-036908,9.8.8
1,pkg-036909,1.9.9
1,pkg-036910,2.10.0
1,pkg-036911,3.11.1
1,pkg-036912,4.12.2
1,pkg-036913,5.13.3
1,pkg-036914,6.14.4
1,pkg-036915,7.15.5
1,pkg-036916,8.16.6
1,pkg-036917,9.17.7
1,pkg-036918,1.18.8
1,pkg-036919,2.19.9
1,pkg-036920,3.0.0
1,pkg-036921,4.1.1
1,pkg-036922,5.2.2
1,pkg-036923,6.3.3
1,pkg-036924,7.4.4
1,pkg-036925,8.5.5
1,pkg-036926,9.6.6
1,pkg-036927,1.7.7
1,pkg-036928,2.8.8
1,pkg-036929,3.9.9
1,pkg-036930,4.10.0
1,pkg-036931,5.11.1
1,pkg-036932,6.12.2
1,pkg-036933,7.13.3
1,pkg-036934,8.14.4
1,pkg-036935,9.15.5
1,pkg-036936,1.16.6
1,pkg-036937,2.17.7
1,pkg-036938,3.18.8
1,pkg-036939,4.19.9
1,pkg-036940,5.0.0
1,pkg-036941,6.1.1
1,pkg-036942,7.2.2
1,pkg-036943,8.3.3
1,pkg-036944,9.4.4
1,pkg-036945,1.5.5
1,pkg-036946,2.6.6
1,pkg-036947,3.7.7
1,pkg-036948,4.8.8
1,pkg-036949,5.9.9
1,pkg-036950,6.10.0
1,pkg-036951,7.11.1
1,pkg-036952,8.12.2
1,pkg-036953,9.13.3
1,pkg-036954,1.14.4
1,pkg-036955,2.15.5
1,pkg-036956,3.16.6
1,pkg-036957,4.17.7
1,pkg-036958,5.18.8
1,pkg-036959,6.19.9
1,pkg-036960,7.0.0
1,pkg-036961,8.1.1
1,pkg-036962,9.2.2
1,pkg-036963,1.3.3
1,pkg-036964,2.4.4
1,pkg-036965,3.5.5
1,pkg-036966,4.6.6
1,pkg-036967,5.7.7
1,pkg-036968,6.8.8
1,pkg-036969,7.9.9
1,pkg-036970,8.10.0
1,pkg-036971,9.11.1
1,pkg-036972,1.12.2
1,pkg-036973,2.13.3
1,pkg-036974,3.14.4
1,pkg-036975,4.15.5
1,pkg-036976,5.16.6
1,pkg-036977,6.17.7
1,pkg-036978,7.18.8
1,pkg-036979,8.19.9
1,pkg-036980,9.0.0
1,pkg-036981,1.1.1
1,pkg-036982,2.2.2
1,pkg-036983,3.3.3
1,pkg-036984,4.4.4
1,pkg-036985,5.5.5
1,pkg-036986,6.6.6
1,pkg-036987,7.7.7
1,pkg-036988,8.8.8
1,pkg-036989,9.9.9
1,pkg-036990,1.10.0
1,pkg-036991,2.11.1
1,pkg-036992,3.12.2
1,pkg-036993,4.13.3
1,pkg-036994,5.14.4
1,pkg-036995,6.15.5
1,pkg-036996,7.16.6
1,pkg-036997,8.17.7
1,pkg-036998,9.18.8
1,pkg-036999,1.19.9
1,pkg-037000,2.0.0
1,pkg-037001,3.1.1
1,pkg-037002,4.2.2
1,pkg-037003,5.3.3
1,pkg-037004,6.4.4
1,pkg-037005,7.5.5
1,pkg-037006,8.6.6
1,pkg-037007,9.7.7
1,pkg-037008,1.8.8
1,pkg-037009,2.9.9
1,pkg-037010,3.10.0
1,pkg-037011,4.11.1
1,pkg-037012,5.12.2
1,pkg-037013,6.13.3
1,pkg-037014,7.14.4
1,pkg-037015,8.15.5
1,pkg-037016,9.16.6
1,pkg-037017,1.17.7
1,pkg-037018,2.18.8
1,pkg-037019,3.19.9
1,pkg-037020,4.0.0
1,pkg-037021,5.1.1
1,pkg-037022,6.2.2
1,pkg-037023,7.3.3
1,pkg-037024,8.4.4
1,pkg-037025,9.5.5
1,pkg-037026,1.6.6
1,pkg-037027,2.7.7
1,pkg-037028,3.8.8
1,pkg-037029,4.9.9
1,pkg-037030,5.10.0
1,pkg-037031,6.11.1
1,pkg-037032,7.12.2
1,pkg-037033,8.13.3
1,pkg-037034,9.14.4
1,pkg-037035,1.15.5
1,pkg-037036,2.16.6
1,pkg-037037,3.17.7
1,pkg-037038,4.18.8
1,pkg-037039,5.19.9
1,pkg-037040,6.0.0
1,pkg-037041,7.1.1
1,pkg-037042,8.2.2
1,pkg-037043,9.3.3
1,pkg-037044,1.4.4
1,pkg-037045,2.5.5
1,pkg-037046,3.6.6
1,pkg-037047,4.7.7
1,pkg-037048,5.8.8
1,pkg-037049,6.9.9
1,pkg-037050,7.10.0
1,pkg-037051,8.11.1
1,pkg-037052,9.12.2
1,pkg-037053,1.13.3
1,pkg-037054,2.14.4
1,pkg-037055,3.15.5
1,pkg-037056,4.16.6
1,pkg-037057,5.17.7
1,pkg-037058,6.18.8
1,pkg-037059,7.19.9
1,pkg-037060,8.0.0
1,pkg-037061,9.1.1
1,pkg-037062,1.2.2
1,pkg-037063,2.3.3
1,pkg-037064,3.4.4
1,pkg-037065,4.5.5
1,pkg-037066,5.6.6
1,pkg-037067,6.7.7
1,pkg-037068,7.8.8
1,pkg-037069,8.9.9
1,pkg-037070,9.10.0
1,pkg-037071,1.11.1
1,pkg-037072,2.12.2
1,pkg-037073,3.13.3
1,pkg-037074,4.14.4
1,pkg-037075,5.15.5
1,pkg-037076,6.16.6
1,pkg-037077,7.17.7
1,pkg-037078,8.18.8
1,pkg-037079,9.19.9
1,pkg-037080,1.0.0
1,pkg-037081,2.1.1
1,pkg-037082,3.2.2
1,pkg-037083,4.3.3
1,pkg-037084,5.4.4
1,pkg-037085,6.5.5
1,pkg-037086,7.6.6
1,pkg-037087,8.7.7
1,pkg-037088,9.8.8
1,pkg-037089,1.9.9
1,pkg-037090,2.10.0
1,pkg-037091,3.11.1
1,pkg-037092,4.12.2
1,pkg-037093,5.13.3
1,pkg-037094,6.14.4
1,pkg-037095,7.15.5
1,pkg-037096,8.16.6
1,pkg-037097,9.17.7
1,pkg-037098,1.18.8
1,pkg-037099,2.19.9
1,pkg-037100,3.0.0
1,pkg-037101,4.1.1
1,pkg-037102,5.2.2
1,pkg-037103,6.3.3
1,pkg-037104,7.4.4
1,pkg-037105,8.5.5
1,pkg-037106,9.6.6
1,pkg-037107,1.7.7
1,pkg-037108,2.8.8
1,pkg-037109,3.9.9
1,pkg-037110,4.10.0
1,pkg-037111,5.11.1
1,pkg-037112,6.12.2
1,pkg-037113,7.13.3
1,pkg-037114,8.14.4
1,pkg-037115,9.15.5
1,pkg-037116,1.16.6
1,pkg-037117,2.17.7
1,pkg-037118,3.18.8
1,pkg-037119,4.19.9
1,pkg-037120,5.0.0
1,pkg-037121,6.1.1
1,pkg-037122,7.2.2
1,pkg-037123,8.3.3
1,pkg-037124,9.4.4
1,pkg-037125,1.5.5
1,pkg-037126,2.6.6
1,pkg-037127,3.7.7
1,pkg-037128,4.8.8
1,pkg-037129,5.9.9
1,pkg-037130,6.10.0
1,pkg-037131,7.11.1
1,pkg-037132,8.12.2
1,pkg-037133,9.13.3
1,pkg-037134,1.14.4
1,pkg-037135,2.15.5
1,pkg-037136,3.16.6
1,pkg-037137,4.17.7
1,pkg-037138,5.18.8
1,pkg-037139,6.19.9
1,pkg-037140,7.0.0
1,pkg-037141,8.1.1
1,pkg-037142,9.2.2
1,pkg-037143,1.3.3
1,pkg-037144,2.4.4
1,pkg-037145,3.5.5
1,pkg-037146,4.6.6
1,pkg-037147,5.7.7
1,pkg-037148,6.8.8
1,pkg-037149,7.9.9
1,pkg-037150,8.10.0
1,pkg-037151,9.11.1
1,pkg-037152,1.12.2
1,pkg-037153,2.13.3
1,pkg-037154,3.14.4
1,pkg-037155,4.15.5
1,pkg-037156,5.16.6
1,pkg-037157,6.17.7
1,pkg-037158,7.18.8
1,pkg-037159,8.19.9
1,pkg-037160,9.0.0
1,pkg-037161,1.1.1
1,pkg-037162,2.2.2
1,pkg-037163,3.3.3
1,pkg-037164,4.4.4
1,pkg-037165,5.5.5
1,pkg-037166,6.6.6
1,pkg-037167,7.7.7
1,pkg-037168,8.8.8
1,pkg-037169,9.9.9
1,pkg-037170,1.10.0
1,pkg-037171,2.11.1
1,pkg-037172,3.12.2
1,pkg-037173,4.13.3
1,pkg-037174,5.14.4
1,pkg-037175,6.15.5
1,pkg-037176,7.16.6
1,pkg-037177,8.17.7
1,pkg-037178,9.18.8
1,pkg-037179,1.19.9
1,pkg-037180,2.0.0
1,pkg-037181,3.1.1
1,pkg-037182,4.2.2
1,pkg-037183,5.3.3
1,pkg-037184,6.4.4
1,pkg-037185,7.5.5
1,pkg-037186,8.6.6
1,pkg-037187,9.7.7
1,pkg-037188,1.8.8
1,pkg-037189,2.9.9
1,pkg-037190,3.10.0
1,pkg-037191,4.11.1
1,pkg-037192,5.12.2
1,pkg-037193,6.13.3
1,pkg-037194,7.14.4
1,pkg-037195,8.15.5
1,pkg-037196,9.16.6
1,pkg-037197,1.17.7
1,pkg-037198,2.18.8
1,pkg-037199,3.19.9
1,pkg-037200,4.0.0
1,pkg-037201,5.1.1
1,pkg-037202,6.2.2
1,pkg-037203,7.3.3
1,pkg-037204,8.4.4
1,pkg-037205,9.5.5
1,pkg-037206,1.6.6
1,pkg-037207,2.7.7
1,pkg-037208,3.8.8
1,pkg-037209,4.9.9
1,pkg-037210,5.10.0
1,pkg-037211,6.11.1
1,pkg-037212,7.12.2
1,pkg-037213,8.13.3
1,pkg-037214,9.14.4
1,pkg-037215,1.15.5
1,pkg-037216,2.16.6
1,pkg-037217,3.17.7
1,pkg-037218,4.18.8
1,pkg-037219,5.19.9
1,pkg-037220,6.0.0
1,pkg-037221,7.1.1
1,pkg-037222,8.2.2
1,pkg-037223,9.3.3
1,pkg-037224,1.4.4
1,pkg-037225,2.5.5
1,pkg-037226,3.6.6
1,pkg-037227,4.7.7
1,pkg-037228,5.8.8
1,pkg-037229,6.9.9
1,pkg-037230,7.10.0
1,pkg-037231,8.11.1
1,pkg-037232,9.12.2
1,pkg-037233,1.13.3
1,pkg-037234,2.14.4
1,pkg-037235,3.15.5
1,pkg-037236,4.16.6
1,pkg-037237,5.17.7
1,pkg-037238,6.18.8
1,pkg-037239,7.19.9
1,pkg-037240,8.0.0
1,pkg-037241,9.1.1
1,pkg-037242,1.2.2
1,pkg-037243,2.3.3
1,pkg-037244,3.4.4
1,pkg-037245,4.5.5
1,pkg-037246,5.6.6
1,pkg-037247,6.7.7
1,pkg-037248,7.8.8
1,pkg-037249,8.9.9
1,pkg-037250,9.10.0
1,pkg-037251,1.11.1
1,pkg-037252,2.12.2
1,pkg-037253,3.13.3
1,pkg-037254,4.14.4
1,pkg-037255,5.15.5
1,pkg-037256,6.16.6
1,pkg-037257,7.17.7
1,pkg-037258,8.18.8
1,pkg-037259,9.19.9
1,pkg-037260,1.0.0
1,pkg-037261,2.1.1
1,pkg-037262,3.2.2
1,pkg-037263,4.3.3
1,pkg-037264,5.4.4
1,pkg-037265,6.5.5
1,pkg-037266,7.6.6
1,pkg-037267,8.7.7
1,pkg-037268,9.8.8
1,pkg-037269,1.9.9
1,pkg-037270,2.10.0
1,pkg-037271,3.11.1
1,pkg-037272,4.12.2
1,pkg-037273,5.13.3
1,pkg-037274,6.14.4
1,pkg-037275,7.15.5
1,pkg-037276,8.16.6
1,pkg-037277,9.17.7
1,pkg-037278,1.18.8
1,pkg-037279,2.19.9
1,pkg-037280,3.0.0
1,pkg-037281,4.1.1
1,pkg-037282,5.2.2
1,pkg-037283,6.3.3
1,pkg-037284,7.4.4
1,pkg-037285,8.5.5
1,pkg-037286,9.6.6
1,pkg-037287,1.7.7
1,pkg-037288,2.8.8
1,pkg-037289,3.9.9
1,pkg-037290,4.10.0
1,pkg-037291,5.11.1
1,pkg-037292,6.12.2
1,pkg-037293,7.13.3
1,pkg-037294,8.14.4
1,pkg-037295,9.15.5
1,pkg-037296,1.16.6
1,pkg-037297,2.17.7
1,pkg-037298,3.18.8
1,pkg-037299,4.19.9
1,pkg-037300,5.0.0
1,pkg-037301,6.1.1
1,pkg-037302,7.2.2
1,pkg-037303,8.3.3
1,pkg-037304,9.4.4
1,pkg-037305,1.5.5
1,pkg-037306,2.6.6
1,pkg-037307,3.7.7
1,pkg-037308,4.8.8
1,pkg-037309,5.9.9
1,pkg-037310,6.10.0
1,pkg-037311,7.11.1
1,pkg-037312,8.12.2
1,pkg-037313,9.13.3
1,pkg-037314,1.14.4
1,pkg-037315,2.15.5
1,pkg-037316,3.16.6
1,pkg-037317,4.17.7
1,pkg-037318,5.18.8
1,pkg-037319,6.19.9
1,pkg-037320,7.0.0
1,pkg-037321,8.1.1
1,pkg-037322,9.2.2
1,pkg-037323,1.3.3
1,pkg-037324,2.4.4
1,pkg-037325,3.5.5
1,pkg-037326,4.6.6
1,pkg-037327,5.7.7
1,pkg-037328,6.8.8
1,pkg-037329,7.9.9
1,pkg-037330,8.10.0
1,pkg-037331,9.11.1
1,pkg-037332,1.12.2
1,pkg-037333,2.13.3
1,pkg-037334,3.14.4
1,pkg-037335,4.15.5
1,pkg-037336,5.16.6
1,pkg-037337,6.17.7
1,pkg-037338,7.18.8
1,pkg-037339,8.19.9
1,pkg-037340,9.0.0
1,pkg-037341,1.1.1
1,pkg-037342,2.2.2
1,pkg-037343,3.3.3
1,pkg-037344,4.4.4
1,pkg-037345,5.5.5
1,pkg-037346,6.6.6
1,pkg-037347,7.7.7
1,pkg-037348,8.8.8
1,pkg-037349,9.9.9
1,pkg-037350,1.10.0
1,pkg-037351,2.11.1
1,pkg-037352,3.12.2
1,pkg-037353,4.13.3
1,pkg-037354,5.14.4
1,pkg-037355,6.15.5
1,pkg-037356,7.16.6
1,pkg-037357,8.17.7
1,pkg-037358,9.18.8
1,pkg-037359,1.19.9
1,pkg-037360,2.0.0
1,pkg-037361,3.1.1
1,pkg-037362,4.2.2
1,pkg-037363,5.3.3
1,pkg-037364,6.4.4
1,pkg-037365,7.5.5
1,pkg-037366,8.6.6
1,pkg-037367,9.7.7
1,pkg-037368,1.8.8
1,pkg-037369,2.9.9
1,pkg-037370,3.10.0
1,pkg-037371,4.11.1
1,pkg-037372,5.12.2
1,pkg-037373,6.13.3
1,pkg-037374,7.14.4
1,pkg-037375,8.15.5
1,pkg-037376,9.16.6
1,pkg-037377,1.17.7
1,pkg-037378,2.18.8
1,pkg-037379,3.19.9
1,pkg-037380,4.0.0
1,pkg-037381,5.1.1
1,pkg-037382,6.2.2
1,pkg-037383,7.3.3
1,pkg-037384,8.4.4
1,pkg-037385,9.5.5
1,pkg-037386,1.6.6
1,pkg-037387,2.7.7
1,pkg-037388,3.8.8
1,pkg-037389,4.9.9
1,pkg-037390,5.10.0
1,pkg-037391,6.11.1
1,pkg-037392,7.12.2
1,pkg-037393,8.13.3
1,pkg-037394,9.14.4
1,pkg-037395,1.15.5
1,pkg-037396,2.16.6
1,pkg-037397,3.17.7
1,pkg-037398,4.18.8
1,pkg-037399,5.19.9
1,pkg-037400,6.0.0
1,pkg-037401,7.1.1
1,pkg-037402,8.2.2
1,pkg-037403,9.3.3
1,pkg-037404,1.4.4
1,pkg-037405,2.5.5
1,pkg-037406,3.6.6
1,pkg-037407,4.7.7
1,pkg-037408,5.8.8
1,pkg-037409,6.9.9
1,pkg-037410,7.10.0
1,pkg-037411,8.11.1
1,pkg-037412,9.12.2
1,pkg-037413,1.13.3
1,pkg-037414,2.14.4
1,pkg-037415,3.15.5
1,pkg-037416,4.16.6
1,pkg-037417,5.17.7
1,pkg-037418,6.18.8
1,pkg-037419,7.19.9
1,pkg-037420,8.0.0
1,pkg-037421,9.1.1
1,pkg-037422,1.2.2
1,pkg-037423,2.3.3
1,pkg-037424,3.4.4
1,pkg-037425,4.5.5
1,pkg-037426,5.6.6
1,pkg-037427,6.7.7
1,pkg-037428,7.8.8
1,pkg-037429,8.9.9
1,pkg-037430,9.10.0
1,pkg-037431,1.11.1
1,pkg-037432,2.12.2
1,pkg-037433,3.13.3
1,pkg-037434,4.14.4
1,pkg-037435,5.15.5
1,pkg-037436,6.16.6
1,pkg-037437,7.17.7
1,pkg-037438,8.18.8
1,pkg-037439,9.19.9
1,pkg-037440,1.0.0
1,pkg-037441,2.1.1
1,pkg-037442,3.2.2
1,pkg-037443,4.3.3
1,pkg-037444,5.4.4
1,pkg-037445,6.5.5
1,pkg-037446,7.6.6
1,pkg-037447,8.7.7
1,pkg-037448,9.8.8
1,pkg-037449,1.9.9
1,pkg-037450,2.10.0
1,pkg-037451,3.11.1
1,pkg-037452,4.12.2
1,pkg-037453,5.13.3
1,pkg-037454,6.14.4
1,pkg-037455,7.15.5
1,pkg-037456,8.16.6
1,pkg-037457,9.17.7
1,pkg-037458,1.18.8
1,pkg-037459,2.19.9
1,pkg-037460,3.0.0
1,pkg-037461,4.1.1
1,pkg-037462,5.2.2
1,pkg-037463,6.3.3
1,pkg-037464,7.4.4
1,pkg-037465,8.5.5
1,pkg-037466,9.6.6
1,pkg-037467,1.7.7
1,pkg-037468,2.8.8
1,pkg-037469,3.9.9
1,pkg-037470,4.10.0
1,pkg-037471,5.11.1
1,pkg-037472,6.12.2
1,pkg-037473,7.13.3
1,pkg-037474,8.14.4
1,pkg-037475,9.15.5
1,pkg-037476,1.16.6
1,pkg-037477,2.17.7
1,pkg-037478,3.18.8
1,pkg-037479,4.19.9
1,pkg-037480,5.0.0
1,pkg-037481,6.1.1
1,pkg-037482,7.2.2
1,pkg-037483,8.3.3
1,pkg-037484,9.4.4
1,pkg-037485,1.5.5
1,pkg-037486,2.6.6
1,pkg-037487,3.7.7
1,pkg-037488,4.8.8
1,pkg-037489,5.9.9
1,pkg-037490,6.10.0
1,pkg-037491,7.11.1
1,pkg-037492,8.12.2
1,pkg-037493,9.13.3
1,pkg-037494,1.14.4
1,pkg-037495,2.15.5
1,pkg-037496,3.16.6
1,pkg-037497,4.17.7
1,pkg-037498,5.18.8
1,pkg-037499,6.19.9
1,pkg-037500,7.0.0
1,pkg-037501,8.1.1
1,pkg-037502,9.2.2
1,pkg-037503,1.3.3
1,pkg-037504,2.4.4
1,pkg-037505,3.5.5
1,pkg-037506,4.6.6
1,pkg-037507,5.7.7
1,pkg-037508,6.8.8
1,pkg-037509,7.9.9
1,pkg-037510,8.10.0
1,pkg-037511,9.11.1
1,pkg-037512,1.12.2
1,pkg-037513,2.13.3
1,pkg-037514,3.14.4
1,pkg-037515,4.15.5
1,pkg-037516,5.16.6
1,pkg-037517,6.17.7
1,pkg-037518,7.18.8
1,pkg-037519,8.19.9
1,pkg-037520,9.0.0
1,pkg-037521,1.1.1
1,pkg-037522,2.2.2
1,pkg-037523,3.3.3
1,pkg-037524,4.4.4
1,pkg-037525,5.5.5
1,pkg-037526,6.6.6
1,pkg-037527,7.7.7
1,pkg-037528,8.8.8
1,pkg-037529,9.9.9
1,pkg-037530,1.10.0
1,pkg-037531,2.11.1
1,pkg-037532,3.12.2
1,pkg-037533,4.13.3
1,pkg-037534,5.14.4
1,pkg-037535,6.15.5
1,pkg-037536,7.16.6
1,pkg-037537,8.17.7
1,pkg-037538,9.18.8
1,pkg-037539,1.19.9
1,pkg-037540,2.0.0
1,pkg-037541,3.1.1
1,pkg-037542,4.2.2
1,pkg-037543,5.3.3
1,pkg-037544,6.4.4
1,pkg-037545,7.5.5
1,pkg-037546,8.6.6
1,pkg-037547,9.7.7
1,pkg-037548,1.8.8
1,pkg-037549,2.9.9
1,pkg-037550,3.10.0
1,pkg-037551,4.11.1
1,pkg-037552,5.12.2
1,pkg-037553,6.13.3
1,pkg-037554,7.14.4
1,pkg-037555,8.15.5
1,pkg-037556,9.16.6
1,pkg-037557,1.17.7
1,pkg-037558,2.18.8
1,pkg-037559,3.19.9
1,pkg-037560,4.0.0
1,pkg-037561,5.1.1
1,pkg-037562,6.2.2
1,pkg-037563,7.3.3
1,pkg-037564,8.4.4
1,pkg-037565,9.5.5
1,pkg-037566,1.6.6
1,pkg-037567,2.7.7
1,pkg-037568,3.8.8
1,pkg-037569,4.9.9
1,pkg-037570,5.10.0
1,pkg-037571,6.11.1
1,pkg-037572,7.12.2
1,pkg-037573,8.13.3
1,pkg-037574,9.14.4
1,pkg-037575,1.15.5
1,pkg-037576,2.16.6
1,pkg-037577,3.17.7
1,pkg-037578,4.18.8
1,pkg-037579,5.19.9
1,pkg-037580,6.0.0
1,pkg-037581,7.1.1
1,pkg-037582,8.2.2
1,pkg-037583,9.3.3
1,pkg-037584,1.4.4
1,pkg-037585,2.5.5
1,pkg-037586,3.6.6
1,pkg-037587,4.7.7
1,pkg-037588,5.8.8
1,pkg-037589,6.9.9
1,pkg-037590,7.10.0
1,pkg-037591,8.11.1
1,pkg-037592,9.12.2
1,pkg-037593,1.13.3
1,pkg-037594,2.14.4
1,pkg-037595,3.15.5
1,pkg-037596,4.16.6
1,pkg-037597,5.17.7
1,pkg-037598,6.18.8
1,pkg-037599,7.19.9
1,pkg-037600,8.0.0
1,pkg-037601,9.1.1
1,pkg-037602,1.2.2
1,pkg-037603,2.3.3
1,pkg-037604,3.4.4
1,pkg-037605,4.5.5
1,pkg-037606,5.6.6
1,pkg-037607,6.7.7
1,pkg-037608,7.8.8
1,pkg-037609,8.9.9
1,pkg-037610,9.10.0
1,pkg-037611,1.11.1
1,pkg-037612,2.12.2
1,pkg-037613,3.13.3
1,pkg-037614,4.14.4
1,pkg-037615,5.15.5
1,pkg-037616,6.16.6
1,pkg-037617,7.17.7
1,pkg-037618,8.18.8
1,pkg-037619,9.19.9
1,pkg-037620,1.0.0
1,pkg-037621,2.1.1
1,pkg-037622,3.2.2
1,pkg-037623,4.3.3
1,pkg-037624,5.4.4
1,pkg-037625,6.5.5
1,pkg-037626,7.6.6
1,pkg-037627,8.7.7
1,pkg-037628,9.8.8
1,pkg-037629,1.9.9
1,pkg-037630,2.10.0
1,pkg-037631,3.11.1
1,pkg-037632,4.12.2
1,pkg-037633,5.13.3
1,pkg-037634,6.14.4
1,pkg-037635,7.15.5
1,pkg-037636,8.16.6
1,pkg-037637,9.17.7
1,pkg-037638,1.18.8
1,pkg-037639,2.19.9
1,pkg-037640,3.0.0
1,pkg-037641,4.1.1
1,pkg-037642,5.2.2
1,pkg-037643,6.3.3
1,pkg-037644,7.4.4
1,pkg-037645,8.5.5
1,pkg-037646,9.6.6
1,pkg-037647,1.7.7
1,pkg-037648,2.8.8
1,pkg-037649,3.9.9
1,pkg-037650,4.10.0
1,pkg-037651,5.11.1
1,pkg-037652,6.12.2
1,pkg-037653,7.13.3
1,pkg-037654,8.14.4
1,pkg-037655,9.15.5
1,pkg-037656,1.16.6
1,pkg-037657,2.17.7
1,pkg-037658,3.18.8
1,pkg-037659,4.19.9
1,pkg-037660,5.0.0
1,pkg-037661,6.1.1
1,pkg-037662,7.2.2
1,pkg-037663,8.3.3
1,pkg-037664,9.4.4
1,pkg-037665,1.5.5
1,pkg-037666,2.6.6
1,pkg-037667,3.7.7
1,pkg-037668,4.8.8
1,pkg-037669,5.9.9
1,pkg-037670,6.10.0
1,pkg-037671,7.11.1
1,pkg-037672,8.12.2
1,pkg-037673,9.13.3
1,pkg-037674,1.14.4
1,pkg-037675,2.15.5
1,pkg-037676,3.16.6
1,pkg-037677,4.17.7
1,pkg-037678,5.18.8
1,pkg-037679,6.19.9
1,pkg-037680,7.0.0
1,pkg-037681,8.1.1
1,pkg-037682,9.2.2
1,pkg-037683,1.3.3
1,pkg-037684,2.4.4
1,pkg-037685,3.5.5
1,pkg-037686,4.6.6
1,pkg-037687,5.7.7
1,pkg-037688,6.8.8
1,pkg-037689,7.9.9
1,pkg-037690,8.10.0
1,pkg-037691,9.11.1
1,pkg-037692,1.12.2
1,pkg-037693,2.13.3
1,pkg-037694,3.14.4
1,pkg-037695,4.15.5
1,pkg-037696,5.16.6
1,pkg-037697,6.17.7
1,pkg-037698,7.18.8
1,pkg-037699,8.19.9
1,pkg-037700,9.0.0
1,pkg-037701,1.1.1
1,pkg-037702,2.2.2
1,pkg-037703,3.3.3
1,pkg-037704,4.4.4
1,pkg-037705,5.5.5
1,pkg-037706,6.6.6
1,pkg-037707,7.7.7
1,pkg-037708,8.8.8
1,pkg-037709,9.9.9
1,pkg-037710,1.10.0
1,pkg-037711,2.11.1
1,pkg-037712,3.12.2
1,pkg-037713,4.13.3
1,pkg-037714,5.14.4
1,pkg-037715,6.15.5
1,pkg-037716,7.16.6
1,pkg-037717,8.17.7
1,pkg-037718,9.18.8
1,pkg-037719,1.19.9
1,pkg-037720,2.0.0
1,pkg-037721,3.1.1
1,pkg-037722,4.2.2
1,pkg-037723,5.3.3
1,pkg-037724,6.4.4
1,pkg-037725,7.5.5
1,pkg-037726,8.6.6
1,pkg-037727,9.7.7
1,pkg-037728,1.8.8
1,pkg-037729,2.9.9
1,pkg-037730,3.10.0
1,pkg-037731,4.11.1
1,pkg-037732,5.12.2
1,pkg-037733,6.13.3
1,pkg-037734,7.14.4
1,pkg-037735,8.15.5
1,pkg-037736,9.16.6
1,pkg-037737,1.17.7
1,pkg-037738,2.18.8
1,pkg-037739,3.19.9
1,pkg-037740,4.0.0
1,pkg-037741,5.1.1
1,pkg-037742,6.2.2
1,pkg-037743,7.3.3
1,pkg-037744,8.4.4
1,pkg-037745,9.5.5
1,pkg-037746,1.6.6
1,pkg-037747,2.7.7
1,pkg-037748,3.8.8
1,pkg-037749,4.9.9
1,pkg-037750,5.10.0
1,pkg-037751,6.11.1
1,pkg-037752,7.12.2
1,pkg-037753,8.13.3
1,pkg-037754,9.14.4
1,pkg-037755,1.15.5
1,pkg-037756,2.16.6
1,pkg-037757,3.17.7
1,pkg-037758,4.18.8
1,pkg-037759,5.19.9
1,pkg-037760,6.0.0
1,pkg-037761,7.1.1
1,pkg-037762,8.2.2
1,pkg-037763,9.3.3
1,pkg-037764,1.4.4
1,pkg-037765,2.5.5
1,pkg-037766,3.6.6
1,pkg-037767,4.7.7
1,pkg-037768,5.8.8
1,pkg-037769,6.9.9
1,pkg-037770,7.10.0
1,pkg-037771,8.11.1
1,pkg-037772,9.12.2
1,pkg-037773,1.13.3
1,pkg-037774,2.14.4
1,pkg-037775,3.15.5
1,pkg-037776,4.16.6
1,pkg-037777,5.17.7
1,pkg-037778,6.18.8
1,pkg-037779,7.19.9
1,pkg-037780,8.0.0
1,pkg-037781,9.1.1
1,pkg-037782,1.2.2
1,pkg-037783,2.3.3
1,pkg-037784,3.4.4
1,pkg-037785,4.5.5
1,pkg-037786,5.6.6
1,pkg-037787,6.7.7
1,pkg-037788,7.8.8
1,pkg-037789,8.9.9
1,pkg-037790,9.10.0
1,pkg-037791,1.11.1
1,pkg-037792,2.12.2
1,pkg-037793,3.13.3
1,pkg-037794,4.14.4
1,pkg-037795,5.15.5
1,pkg-037796,6.16.6
1,pkg-037797,7.17.7
1,pkg-037798,8.18.8
1,pkg-037799,9.19.9
1,pkg-037800,1.0.0
1,pkg-037801,2.1.1
1,pkg-037802,3.2.2
1,pkg-037803,4.3.3
1,pkg-037804,5.4.4
1,pkg-037805,6.5.5
1,pkg-037806,7.6.6
1,pkg-037807,8.7.7
1,pkg-037808,9.8.8
1,pkg-037809,1.9.9
1,pkg-037810,2.10.0
1,pkg-037811,3.11.1
1,pkg-037812,4.12.2
1,pkg-037813,5.13.3
1,pkg-037814,6.14.4
1,pkg-037815,7.15.5
1,pkg-037816,8.16.6
1,pkg-037817,9.17.7
1,pkg-037818,1.18.8
1,pkg-037819,2.19.9
1,pkg-037820,3.0.0
1,pkg-037821,4.1.1
1,pkg-037822,5.2.2
1,pkg-037823,6.3.3
1,pkg-037824,7.4.4
1,pkg-037825,8.5.5
1,pkg-037826,9.6.6
1,pkg-037827,1.7.7
1,pkg-037828,2.8.8
1,pkg-037829,3.9.9
1,pkg-037830,4.10.0
1,pkg-037831,5.11.1
1,pkg-037832,6.12.2
1,pkg-037833,7.13.3
1,pkg-037834,8.14.4
1,pkg-037835,9.15.5
1,pkg-037836,1.16.6
1,pkg-037837,2.17.7
1,pkg-037838,3.18.8
1,pkg-037839,4.19.9
1,pkg-037840,5.0.0
1,pkg-037841,6.1.1
1,pkg-037842,7.2.2
1,pkg-037843,8.3.3
1,pkg-037844,9.4.4
1,pkg-037845,1.5.5
1,pkg-037846,2.6.6
1,pkg-037847,3.7.7
1,pkg-037848,4.8.8
1,pkg-037849,5.9.9
1,pkg-037850,6.10.0
1,pkg-037851,7.11.1
1,pkg-037852,8.12.2
1,pkg-037853,9.13.3
1,pkg-037854,1.14.4
1,pkg-037855,2.15.5
1,pkg-037856,3.16.6
1,pkg-037857,4.17.7
1,pkg-037858,5.18.8
1,pkg-037859,6.19.9
1,pkg-037860,7.0.0
1,pkg-037861,8.1.1
1,pkg-037862,9.2.2
1,pkg-037863,1.3.3
1,pkg-037864,2.4.4
1,pkg-037865,3.5.5
1,pkg-037866,4.6.6
1,pkg-037867,5.7.7
1,pkg-037868,6.8.8
1,pkg-037869,7.9.9
1,pkg-037870,8.10.0
1,pkg-037871,9.11.1
1,pkg-037872,1.12.2
1,pkg-037873,2.13.3
1,pkg-037874,3.14.4
1,pkg-037875,4.15.5
1,pkg-037876,5.16.6
1,pkg-037877,6.17.7
1,pkg-037878,7.18.8
1,pkg-037879,8.19.9
1,pkg-037880,9.0.0
1,pkg-037881,1.1.1
1,pkg-037882,2.2.2
1,pkg-037883,3.3.3
1,pkg-037884,4.4.4
1,pkg-037885,5.5.5
1,pkg-037886,6.6.6
1,pkg-037887,7.7.7
1,pkg-037888,8.8.8
1,pkg-037889,9.9.9
1,pkg-037890,1.10.0
1,pkg-037891,2.11.1
1,pkg-037892,3.12.2
1,pkg-037893,4.13.3
1,pkg-037894,5.14.4
1,pkg-037895,6.15.5
1,pkg-037896,7.16.6
1,pkg-037897,8.17.7
1,pkg-037898,9.18.8
1,pkg-037899,1.19.9
1,pkg-037900,2.0.0
1,pkg-037901,3.1.1
1,pkg-037902,4.2.2
1,pkg-037903,5.3.3
1,pkg-037904,6.4.4
1,pkg-037905,7.5.5
1,pkg-037906,8.6.6
1,pkg-037907,9.7.7
1,pkg-037908,1.8.8
1,pkg-037909,2.9.9
1,pkg-037910,3.10.0
1,pkg-037911,4.11.1
1,pkg-037912,5.12.2
1,pkg-037913,6.13.3
1,pkg-037914,7.14.4
1,pkg-037915,8.15.5
1,pkg-037916,9.16.6
1,pkg-037917,1.17.7
1,pkg-037918,2.18.8
1,pkg-037919,3.19.9
1,pkg-037920,4.0.0
1,pkg-037921,5.1.1
1,pkg-037922,6.2.2
1,pkg-037923,7.3.3
1,pkg-037924,8.4.4
1,pkg-037925,9.5.5
1,pkg-037926,1.6.6
1,pkg-037927,2.7.7
1,pkg-037928,3.8.8
1,pkg-037929,4.9.9
1,pkg-037930,5.10.0
1,pkg-037931,6.11.1
1,pkg-037932,7.12.2
1,pkg-037933,8.13.3
1,pkg-037934,9.14.4
1,pkg-037935,1.15.5
1,pkg-037936,2.16.6
1,pkg-037937,3.17.7
1,pkg-037938,4.18.8
1,pkg-037939,5.19.9
1,pkg-037940,6.0.0
1,pkg-037941,7.1.1
1,pkg-037942,8.2.2
1,pkg-037943,9.3.3
1,pkg-037944,1.4.4
1,pkg-037945,2.5.5
1,pkg-037946,3.6.6
1,pkg-037947,4.7.7
1,pkg-037948,5.8.8
1,pkg-037949,6.9.9
1,pkg-037950,7.10.0
1,pkg-037951,8.11.1
1,pkg-037952,9.12.2
1,pkg-037953,1.13.3
1,pkg-037954,2.14.4
1,pkg-037955,3.15.5
1,pkg-037956,4.16.6
1,pkg-037957,5.17.7
1,pkg-037958,6.18.8
1,pkg-037959,7.19.9
1,pkg-037960,8.0.0
1,pkg-037961,9.1.1
1,pkg-037962,1.2.2
1,pkg-037963,2.3.3
1,pkg-037964,3.4.4
1,pkg-037965,4.5.5
1,pkg-037966,5.6.6
1,pkg-037967,6.7.7
1,pkg-037968,7.8.8
1,pkg-037969,8.9.9
1,pkg-037970,9.10.0
1,pkg-037971,1.11.1
1,pkg-037972,2.12.2
1,pkg-037973,3.13.3
1,pkg-037974,4.14.4
1,pkg-037975,5.15.5
1,pkg-037976,6.16.6
1,pkg-037977,7.17.7
1,pkg-037978,8.18.8
1,pkg-037979,9.19.9
1,pkg-037980,1.0.0
1,pkg-037981,2.1.1
1,pkg-037982,3.2.2
1,pkg-037983,4.3.3
1,pkg-037984,5.4.4
1,pkg-037985,6.5.5
1,pkg-037986,7.6.6
1,pkg-037987,8.7.7
1,pkg-037988,9.8.8
1,pkg-037989,1.9.9
1,pkg-037990,2.10.0
1,pkg-037991,3.11.1
1,pkg-037992,4.12.2
1,pkg-037993,5.13.3
1,pkg-037994,6.14.4
1,pkg-037995,7.15.5
1,pkg-037996,8.16.6
1,pkg-037997,9.17.7
1,pkg-037998,1.18.8
1,pkg-037999,2.19.9
1,pkg-038000,3.0.0
1,pkg-038001,4.1.1
1,pkg-038002,5.2.2
1,pkg-038003,6.3.3
1,pkg-038004,7.4.4
1,pkg-038005,8.5.5
1,pkg-038006,9.6.6
1,pkg-038007,1.7.7
1,pkg-038008,2.8.8
1,pkg-038009,3.9.9
1,pkg-038010,4.10.0
1,pkg-038011,5.11.1
1,pkg-038012,6.12.2
1,pkg-038013,7.13.3
1,pkg-038014,8.14.4
1,pkg-038015,9.15.5
1,pkg-038016,1.16.6
1,pkg-038017,2.17.7
1,pkg-038018,3.18.8
1,pkg-038019,4.19.9
1,pkg-038020,5.0.0
1,pkg-038021,6.1.1
1,pkg-038022,7.2.2
1,pkg-038023,8.3.3
1,pkg-038024,9.4.4
1,pkg-038025,1.5.5
1,pkg-038026,2.6.6
1,pkg-038027,3.7.7
1,pkg-038028,4.8.8
1,pkg-038029,5.9.9
1,pkg-038030,6.10.0
1,pkg-038031,7.11.1
1,pkg-038032,8.12.2
1,pkg-038033,9.13.3
1,pkg-038034,1.14.4
1,pkg-038035,2.15.5
1,pkg-038036,3.16.6
1,pkg-038037,4.17.7
1,pkg-038038,5.18.8
1,pkg-038039,6.19.9
1,pkg-038040,7.0.0
1,pkg-038041,8.1.1
1,pkg-038042,9.2.2
1,pkg-038043,1.3.3
1,pkg-038044,2.4.4
1,pkg-038045,3.5.5
1,pkg-038046,4.6.6
1,pkg-038047,5.7.7
1,pkg-038048,6.8.8
1,pkg-038049,7.9.9
1,pkg-038050,8.10.0
1,pkg-038051,9.11.1
1,pkg-038052,1.12.2
1,pkg-038053,2.13.3
1,pkg-038054,3.14.4
1,pkg-038055,4.15.5
1,pkg-038056,5.16.6
1,pkg-038057,6.17.7
1,pkg-038058,7.18.8
1,pkg-038059,8.19.9
1,pkg-038060,9.0.0
1,pkg-038061,1.1.1
1,pkg-038062,2.2.2
1,pkg-038063,3.3.3
1,pkg-038064,4.4.4
1,pkg-038065,5.5.5
1,pkg-038066,6.6.6
1,pkg-038067,7.7.7
1,pkg-038068,8.8.8
1,pkg-038069,9.9.9
1,pkg-038070,1.10.0
1,pkg-038071,2.11.1
1,pkg-038072,3.12.2
1,pkg-038073,4.13.3
1,pkg-038074,5.14.4
1,pkg-038075,6.15.5
1,pkg-038076,7.16.6
1,pkg-038077,8.17.7
1,pkg-038078,9.18.8
1,pkg-038079,1.19.9
1,pkg-038080,2.0.0
1,pkg-038081,3.1.1
1,pkg-038082,4.2.2
1,pkg-038083,5.3.3
1,pkg-038084,6.4.4
1,pkg-038085,7.5.5
1,pkg-038086,8.6.6
1,pkg-038087,9.7.7
1,pkg-038088,1.8.8
1,pkg-038089,2.9.9
1,pkg-038090,3.10.0
1,pkg-038091,4.11.1
1,pkg-038092,5.12.2
1,pkg-038093,6.13.3
1,pkg-038094,7.14.4
1,pkg-038095,8.15.5
1,pkg-038096,9.16.6
1,pkg-038097,1.17.7
1,pkg-038098,2.18.8
1,pkg-038099,3.19.9
1,pkg-038100,4.0.0
1,pkg-038101,5.1.1
1,pkg-038102,6.2.2
1,pkg-038103,7.3.3
1,pkg-038104,8.4.4
1,pkg-038105,9.5.5
1,pkg-038106,1.6.6
1,pkg-038107,2.7.7
1,pkg-038108,3.8.8
1,pkg-038109,4.9.9
1,pkg-038110,5.10.0
1,pkg-038111,6.11.1
1,pkg-038112,7.12.2
1,pkg-038113,8.13.3
1,pkg-038114,9.14.4
1,pkg-038115,1.15.5
1,pkg-038116,2.16.6
1,pkg-038117,3.17.7
1,pkg-038118,4.18.8
1,pkg-038119,5.19.9
1,pkg-038120,6.0.0
1,pkg-038121,7.1.1
1,pkg-038122,8.2.2
1,pkg-038123,9.3.3
1,pkg-038124,1.4.4
1,pkg-038125,2.5.5
1,pkg-038126,3.6.6
1,pkg-038127,4.7.7
1,pkg-038128,5.8.8
1,pkg-038129,6.9.9
1,pkg-038130,7.10.0
1,pkg-038131,8.11.1
1,pkg-038132,9.12.2
1,pkg-038133,1.13.3
1,pkg-038134,2.14.4
1,pkg-038135,3.15.5
1,pkg-038136,4.16.6
1,pkg-038137,5.17.7
1,pkg-038138,6.18.8
1,pkg-038139,7.19.9
1,pkg-038140,8.0.0
1,pkg-038141,9.1.1
1,pkg-038142,1.2.2
1,pkg-038143,2.3.3
1,pkg-038144,3.4.4
1,pkg-038145,4.5.5
1,pkg-038146,5.6.6
1,pkg-038147,6.7.7
1,pkg-038148,7.8.8
1,pkg-038149,8.9.9
1,pkg-038150,9.10.0
1,pkg-038151,1.11.1
1,pkg-038152,2.12.2
1,pkg-038153,3.13.3
1,pkg-038154,4.14.4
1,pkg-038155,5.15.5
1,pkg-038156,6.16.6
1,pkg-038157,7.17.7
1,pkg-038158,8.18.8
1,pkg-038159,9.19.9
1,pkg-038160,1.0.0
1,pkg-038161,2.1.1
1,pkg-038162,3.2.2
1,pkg-038163,4.3.3
1,pkg-038164,5.4.4
1,pkg-038165,6.5.5
1,pkg-038166,7.6.6
1,pkg-038167,8.7.7
1,pkg-038168,9.8.8
1,pkg-038169,1.9.9
1,pkg-038170,2.10.0
1,pkg-038171,3.11.1
1,pkg-038172,4.12.2
1,pkg-038173,5.13.3
1,pkg-038174,6.14.4
1,pkg-038175,7.15.5
1,pkg-038176,8.16.6
1,pkg-038177,9.17.7
1,pkg-038178,1.18.8
1,pkg-038179,2.19.9
1,pkg-038180,3.0.0
1,pkg-038181,4.1.1
1,pkg-038182,5.2.2
1,pkg-038183,6.3.3
1,pkg-038184,7.4.4
1,pkg-038185,8.5.5
1,pkg-038186,9.6.6
1,pkg-038187,1.7.7
1,pkg-038188,2.8.8
1,pkg-038189,3.9.9
1,pkg-038190,4.10.0
1,pkg-038191,5.11.1
1,pkg-038192,6.12.2
1,pkg-038193,7.13.3
1,pkg-038194,8.14.4
1,pkg-038195,9.15.5
1,pkg-038196,1.16.6
1,pkg-038197,2.17.7
1,pkg-038198,3.18.8
1,pkg-038199,4.19.9
1,pkg-038200,5.0.0
1,pkg-038201,6.1.1
1,pkg-038202,7.2.2
1,pkg-038203,8.3.3
1,pkg-038204,9.4.4
1,pkg-038205,1.5.5
1,pkg-038206,2.6.6
1,pkg-038207,3.7.7
1,pkg-038208,4.8.8
1,pkg-038209,5.9.9
1,pkg-038210,6.10.0
1,pkg-038211,7.11.1
1,pkg-038212,8.12.2
1,pkg-038213,9.13.3
1,pkg-038214,1.14.4
1,pkg-038215,2.15.5
1,pkg-038216,3.16.6
1,pkg-038217,4.17.7
1,pkg-038218,5.18.8
1,pkg-038219,6.19.9
1,pkg-038220,7.0.0
1,pkg-038221,8.1.1
1,pkg-038222,9.2.2
1,pkg-038223,1.3.3
1,pkg-038224,2.4.4
1,pkg-038225,3.5.5
1,pkg-038226,4.6.6
1,pkg-038227,5.7.7
1,pkg-038228,6.8.8
1,pkg-038229,7.9.9
1,pkg-038230,8.10.0
1,pkg-038231,9.11.1
1,pkg-038232,1.12.2
1,pkg-038233,2.13.3
1,pkg-038234,3.14.4
1,pkg-038235,4.15.5
1,pkg-038236,5.16.6
1,pkg-038237,6.17.7
1,pkg-038238,7.18.8
1,pkg-038239,8.19.9
1,pkg-038240,9.0.0
1,pkg-038241,1.1.1
1,pkg-038242,2.2.2
1,pkg-038243,3.3.3
1,pkg-038244,4.4.4
1,pkg-038245,5.5.5
1,pkg-038246,6.6.6
1,pkg-038247,7.7.7
1,pkg-038248,8.8.8
1,pkg-038249,9.9.9
1,pkg-038250,1.10.0
1,pkg-038251,2.11.1
1,pkg-038252,3.12.2
1,pkg-038253,4.13.3
1,pkg-038254,5.14.4
1,pkg-038255,6.15.5
1,pkg-038256,7.16.6
1,pkg-038257,8.17.7
1,pkg-038258,9.18.8
1,pkg-038259,1.19.9
1,pkg-038260,2.0.0
1,pkg-038261,3.1.1
1,pkg-038262,4.2.2
1,pkg-038263,5.3.3
1,pkg-038264,6.4.4
1,pkg-038265,7.5.5
1,pkg-038266,8.6.6
1,pkg-038267,9.7.7
1,pkg-038268,1.8.8
1,pkg-038269,2.9.9
1,pkg-038270,3.10.0
1,pkg-038271,4.11.1
1,pkg-038272,5.12.2
1,pkg-038273,6.13.3
1,pkg-038274,7.14.4
1,pkg-038275,8.15.5
1,pkg-038276,9.16.6
1,pkg-038277,1.17.7
1,pkg-038278,2.18.8
1,pkg-038279,3.19.9
1,pkg-038280,4.0.0
1,pkg-038281,5.1.1
1,pkg-038282,6.2.2
1,pkg-038283,7.3.3
1,pkg-038284,8.4.4
1,pkg-038285,9.5.5
1,pkg-038286,1.6.6
1,pkg-038287,2.7.7
1,pkg-038288,3.8.8
1,pkg-038289,4.9.9
1,pkg-038290,5.10.0
1,pkg-038291,6.11.1
1,pkg-038292,7.12.2
1,pkg-038293,8.13.3
1,pkg-038294,9.14.4
1,pkg-038295,1.15.5
1,pkg-038296,2.16.6
1,pkg-038297,3.17.7
1,pkg-038298,4.18.8
1,pkg-038299,5.19.9
1,pkg-038300,6.0.0
1,pkg-038301,7.1.1
1,pkg-038302,8.2.2
1,pkg-038303,9.3.3
1,pkg-038304,1.4.4
1,pkg-038305,2.5.5
1,pkg-038306,3.6.6
1,pkg-038307,4.7.7
1,pkg-038308,5.8.8
1,pkg-038309,6.9.9
1,pkg-038310,7.10.0
1,pkg-038311,8.11.1
1,pkg-038312,9.12.2
1,pkg-038313,1.13.3
1,pkg-038314,2.14.4
1,pkg-038315,3.15.5
1,pkg-038316,4.16.6
1,pkg-038317,5.17.7
1,pkg-038318,6.18.8
1,pkg-038319,7.19.9
1,pkg-038320,8.0.0
1,pkg-038321,9.1.1
1,pkg-038322,1.2.2
1,pkg-038323,2.3.3
1,pkg-038324,3.4.4
1,pkg-038325,4.5.5
1,pkg-038326,5.6.6
1,pkg-038327,6.7.7
1,pkg-038328,7.8.8
1,pkg-038329,8.9.9
1,pkg-038330,9.10.0
1,pkg-038331,1.11.1
1,pkg-038332,2.12.2
1,pkg-038333,3.13.3
1,pkg-038334,4.14.4
1,pkg-038335,5.15.5
1,pkg-038336,6.16.6
1,pkg-038337,7.17.7
1,pkg-038338,8.18.8
1,pkg-038339,9.19.9
1,pkg-038340,1.0.0
1,pkg-038341,2.1.1
1,pkg-038342,3.2.2
1,pkg-038343,4.3.3
1,pkg-038344,5.4.4
1,pkg-038345,6.5.5
1,pkg-038346,7.6.6
1,pkg-038347,8.7.7
1,pkg-038348,9.8.8
1,pkg-038349,1.9.9
1,pkg-038350,2.10.0
1,pkg-038351,3.11.1
1,pkg-038352,4.12.2
1,pkg-038353,5.13.3
1,pkg-038354,6.14.4
1,pkg-038355,7.15.5
1,pkg-038356,8.16.6
1,pkg-038357,9.17.7
1,pkg-038358,1.18.8
1,pkg-038359,2.19.9
1,pkg-038360,3.0.0
1,pkg-038361,4.1.1
1,pkg-038362,5.2.2
1,pkg-038363,6.3.3
1,pkg-038364,7.4.4
1,pkg-038365,8.5.5
1,pkg-038366,9.6.6
1,pkg-038367,1.7.7
1,pkg-038368,2.8.8
1,pkg-038369,3.9.9
1,pkg-038370,4.10.0
1,pkg-038371,5.11.1
1,pkg-038372,6.12.2
1,pkg-038373,7.13.3
1,pkg-038374,8.14.4
1,pkg-038375,9.15.5
1,pkg-038376,1.16.6
1,pkg-038377,2.17.7
1,pkg-038378,3.18.8
1,pkg-038379,4.19.9
1,pkg-038380,5.0.0
1,pkg-038381,6.1.1
1,pkg-038382,7.2.2
1,pkg-038383,8.3.3
1,pkg-038384,9.4.4
1,pkg-038385,1.5.5
1,pkg-038386,2.6.6
1,pkg-038387,3.7.7
1,pkg-038388,4.8.8
1,pkg-038389,5.9.9
1,pkg-038390,6.10.0
1,pkg-038391,7.11.1
1,pkg-038392,8.12.2
1,pkg-038393,9.13.3
1,pkg-038394,1.14.4
1,pkg-038395,2.15.5
1,pkg-038396,3.16.6
1,pkg-038397,4.17.7
1,pkg-038398,5.18.8
1,pkg-038399,6.19.9
1,pkg-038400,7.0.0
1,pkg-038401,8.1.1
1,pkg-038402,9.2.2
1,pkg-038403,1.3.3
1,pkg-038404,2.4.4
1,pkg-038405,3.5.5
1,pkg-038406,4.6.6
1,pkg-038407,5.7.7
1,pkg-038408,6.8.8
1,pkg-038409,7.9.9
1,pkg-038410,8.10.0
1,pkg-038411,9.11.1
1,pkg-038412,1.12.2
1,pkg-038413,2.13.3
1,pkg-038414,3.14.4
1,pkg-038415,4.15.5
1,pkg-038416,5.16.6
1,pkg-038417,6.17.7
1,pkg-038418,7.18.8
1,pkg-038419,8.19.9
1,pkg-038420,9.0.0
1,pkg-038421,1.1.1
1,pkg-038422,2.2.2
1,pkg-038423,3.3.3
1,pkg-038424,4.4.4
1,pkg-038425,5.5.5
1,pkg-038426,6.6.6
1,pkg-038427,7.7.7
1,pkg-038428,8.8.8
1,pkg-038429,9.9.9
1,pkg-038430,1.10.0
1,pkg-038431,2.11.1
1,pkg-038432,3.12.2
1,pkg-038433,4.13.3
1,pkg-038434,5.14.4
1,pkg-038435,6.15.5
1,pkg-038436,7.16.6
1,pkg-038437,8.17.7
1,pkg-038438,9.18.8
1,pkg-038439,1.19.9
1,pkg-038440,2.0.0
1,pkg-038441,3.1.1
1,pkg-038442,4.2.2
1,pkg-038443,5.3.3
1,pkg-038444,6.4.4
1,pkg-038445,7.5.5
1,pkg-038446,8.6.6
1,pkg-038447,9.7.7
1,pkg-038448,1.8.8
1,pkg-038449,2.9.9
1,pkg-038450,3.10.0
1,pkg-038451,4.11.1
1,pkg-038452,5.12.2
1,pkg-038453,6.13.3
1,pkg-038454,7.14.4
1,pkg-038455,8.15.5
1,pkg-038456,9.16.6
1,pkg-038457,1.17.7
1,pkg-038458,2.18.8
1,pkg-038459,3.19.9
1,pkg-038460,4.0.0
1,pkg-038461,5.1.1
1,pkg-038462,6.2.2
1,pkg-038463,7.3.3
1,pkg-038464,8.4.4
1,pkg-038465,9.5.5
1,pkg-038466,1.6.6
1,pkg-038467,2.7.7
1,pkg-038468,3.8.8
1,pkg-038469,4.9.9
1,pkg-038470,5.10.0
1,pkg-038471,6.11.1
1,pkg-038472,7.12.2
1,pkg-038473,8.13.3
1,pkg-038474,9.14.4
1,pkg-038475,1.15.5
1,pkg-038476,2.16.6
1,pkg-038477,3.17.7
1,pkg-038478,4.18.8
1,pkg-038479,5.19.9
1,pkg-038480,6.0.0
1,pkg-038481,7.1.1
1,pkg-038482,8.2.2
1,pkg-038483,9.3.3
1,pkg-038484,1.4.4
1,pkg-038485,2.5.5
1,pkg-038486,3.6.6
1,pkg-038487,4.7.7
1,pkg-038488,5.8.8
1,pkg-038489,6.9.9
1,pkg-038490,7.10.0
1,pkg-038491,8.11.1
1,pkg-038492,9.12.2
1,pkg-038493,1.13.3
1,pkg-038494,2.14.4
1,pkg-038495,3.15.5
1,pkg-038496,4.16.6
1,pkg-038497,5.17.7
1,pkg-038498,6.18.8
1,pkg-038499,7.19.9
1,pkg-038500,8.0.0
1,pkg-038501,9.1.1
1,pkg-038502,1.2.2
1,pkg-038503,2.3.3
1,pkg-038504,3.4.4
1,pkg-038505,4.5.5
1,pkg-038506,5.6.6
1,pkg-038507,6.7.7
1,pkg-038508,7.8.8
1,pkg-038509,8.9.9
1,pkg-038510,9.10.0
1,pkg-038511,1.11.1
1,pkg-038512,2.12.2
1,pkg-038513,3.13.3
1,pkg-038514,4.14.4
1,pkg-038515,5.15.5
1,pkg-038516,6.16.6
1,pkg-038517,7.17.7
1,pkg-038518,8.18.8
1,pkg-038519,9.19.9
1,pkg-038520,1.0.0
1,pkg-038521,2.1.1
1,pkg-038522,3.2.2
1,pkg-038523,4.3.3
1,pkg-038524,5.4.4
1,pkg-038525,6.5.5
1,pkg-038526,7.6.6
1,pkg-038527,8.7.7
1,pkg-038528,9.8.8
1,pkg-038529,1.9.9
1,pkg-038530,2.10.0
1,pkg-038531,3.11.1
1,pkg-038532,4.12.2
1,pkg-038533,5.13.3
1,pkg-038534,6.14.4
1,pkg-038535,7.15.5
1,pkg-038536,8.16.6
1,pkg-038537,9.17.7
1,pkg-038538,1.18.8
1,pkg-038539,2.19.9
1,pkg-038540,3.0.0
1,pkg-038541,4.1.1
1,pkg-038542,5.2.2
1,pkg-038543,6.3.3
1,pkg-038544,7.4.4
1,pkg-038545,8.5.5
1,pkg-038546,9.6.6
1,pkg-038547,1.7.7
1,pkg-038548,2.8.8
1,pkg-038549,3.9.9
1,pkg-038550,4.10.0
1,pkg-038551,5.11.1
1,pkg-038552,6.12.2
1,pkg-038553,7.13.3
1,pkg-038554,8.14.4
1,pkg-038555,9.15.5
1,pkg-038556,1.16.6
1,pkg-038557,2.17.7
1,pkg-038558,3.18.8
1,pkg-038559,4.19.9
1,pkg-038560,5.0.0
1,pkg-038561,6.1.1
1,pkg-038562,7.2.2
1,pkg-038563,8.3.3
1,pkg-038564,9.4.4
1,pkg-038565,1.5.5
1,pkg-038566,2.6.6
1,pkg-038567,3.7.7
1,pkg-038568,4.8.8
1,pkg-038569,5.9.9
1,pkg-038570,6.10.0
1,pkg-038571,7.11.1
1,pkg-038572,8.12.2
1,pkg-038573,9.13.3
1,pkg-038574,1.14.4
1,pkg-038575,2.15.5
1,pkg-038576,3.16.6
1,pkg-038577,4.17.7
1,pkg-038578,5.18.8
1,pkg-038579,6.19.9
1,pkg-038580,7.0.0
1,pkg-038581,8.1.1
1,pkg-038582,9.2.2
1,pkg-038583,1.3.3
1,pkg-038584,2.4.4
1,pkg-038585,3.5.5
1,pkg-038586,4.6.6
1,pkg-038587,5.7.7
1,pkg-038588,6.8.8
1,pkg-038589,7.9.9
1,pkg-038590,8.10.0
1,pkg-038591,9.11.1
1,pkg-038592,1.12.2
1,pkg-038593,2.13.3
1,pkg-038594,3.14.4
1,pkg-038595,4.15.5
1,pkg-038596,5.16.6
1,pkg-038597,6.17.7
1,pkg-038598,7.18.8
1,pkg-038599,8.19.9
1,pkg-038600,9.0.0
1,pkg-038601,1.1.1
1,pkg-038602,2.2.2
1,pkg-038603,3.3.3
1,pkg-038604,4.4.4
1,pkg-038605,5.5.5
1,pkg-038606,6.6.6
1,pkg-038607,7.7.7
1,pkg-038608,8.8.8
1,pkg-038609,9.9.9
1,pkg-038610,1.10.0
1,pkg-038611,2.11.1
1,pkg-038612,3.12.2
1,pkg-038613,4.13.3
1,pkg-038614,5.14.4
1,pkg-038615,6.15.5
1,pkg-038616,7.16.6
1,pkg-038617,8.17.7
1,pkg-038618,9.18.8
1,pkg-038619,1.19.9
1,pkg-038620,2.0.0
1,pkg-038621,3.1.1
1,pkg-038622,4.2.2
1,pkg-038623,5.3.3
1,pkg-038624,6.4.4
1,pkg-038625,7.5.5
1,pkg-038626,8.6.6
1,pkg-038627,9.7.7
1,pkg-038628,1.8.8
1,pkg-038629,2.9.9
1,pkg-038630,3.10.0
1,pkg-038631,4.11.1
1,pkg-038632,5.12.2
1,pkg-038633,6.13.3
1,pkg-038634,7.14.4
1,pkg-038635,8.15.5
1,pkg-038636,9.16.6
1,pkg-038637,1.17.7
1,pkg-038638,2.18.8
1,pkg-038639,3.19.9
1,pkg-038640,4.0.0
1,pkg-038641,5.1.1
1,pkg-038642,6.2.2
1,pkg-038643,7.3.3
1,pkg-038644,8.4.4
1,pkg-038645,9.5.5
1,pkg-038646,1.6.6
1,pkg-038647,2.7.7
1,pkg-038648,3.8.8
1,pkg-038649,4.9.9
1,pkg-038650,5.10.0
1,pkg-038651,6.11.1
1,pkg-038652,7.12.2
1,pkg-038653,8.13.3
1,pkg-038654,9.14.4
1,pkg-038655,1.15.5
1,pkg-038656,2.16.6
1,pkg-038657,3.17.7
1,pkg-038658,4.18.8
1,pkg-038659,5.19.9
1,pkg-038660,6.0.0
1,pkg-038661,7.1.1
1,pkg-038662,8.2.2
1,pkg-038663,9.3.3
1,pkg-038664,1.4.4
1,pkg-038665,2.5.5
1,pkg-038666,3.6.6
1,pkg-038667,4.7.7
1,pkg-038668,5.8.8
1,pkg-038669,6.9.9
1,pkg-038670,7.10.0
1,pkg-038671,8.11.1
1,pkg-038672,9.12.2
1,pkg-038673,1.13.3
1,pkg-038674,2.14.4
1,pkg-038675,3.15.5
1,pkg-038676,4.16.6
1,pkg-038677,5.17.7
1,pkg-038678,6.18.8
1,pkg-038679,7.19.9
1,pkg-038680,8.0.0
1,pkg-038681,9.1.1
1,pkg-038682,1.2.2
1,pkg-038683,2.3.3
1,pkg-038684,3.4.4
1,pkg-038685,4.5.5
1,pkg-038686,5.6.6
1,pkg-038687,6.7.7
1,pkg-038688,7.8.8
1,pkg-038689,8.9.9
1,pkg-038690,9.10.0
1,pkg-038691,1.11.1
1,pkg-038692,2.12.2
1,pkg-038693,3.13.3
1,pkg-038694,4.14.4
1,pkg-038695,5.15.5
1,pkg-038696,6.16.6
1,pkg-038697,7.17.7
1,pkg-038698,8.18.8
1,pkg-038699,9.19.9
1,pkg-038700,1.0.0
1,pkg-038701,2.1.1
1,pkg-038702,3.2.2
1,pkg-038703,4.3.3
1,pkg-038704,5.4.4
1,pkg-038705,6.5.5
1,pkg-038706,7.6.6
1,pkg-038707,8.7.7
1,pkg-038708,9.8.8
1,pkg-038709,1.9.9
1,pkg-038710,2.10.0
1,pkg-038711,3.11.1
1,pkg-038712,4.12.2
1,pkg-038713,5.13.3
1,pkg-038714,6.14.4
1,pkg-038715,7.15.5
1,pkg-038716,8.16.6
1,pkg-038717,9.17.7
1,pkg-038718,1.18.8
1,pkg-038719,2.19.9
1,pkg-038720,3.0.0
1,pkg-038721,4.1.1
1,pkg-038722,5.2.2
1,pkg-038723,6.3.3
1,pkg-038724,7.4.4
1,pkg-038725,8.5.5
1,pkg-038726,9.6.6
1,pkg-038727,1.7.7
1,pkg-038728,2.8.8
1,pkg-038729,3.9.9
1,pkg-038730,4.10.0
1,pkg-038731,5.11.1
1,pkg-038732,6.12.2
1,pkg-038733,7.13.3
1,pkg-038734,8.14.4
1,pkg-038735,9.15.5
1,pkg-038736,1.16.6
1,pkg-038737,2.17.7
1,pkg-038738,3.18.8
1,pkg-038739,4.19.9
1,pkg-038740,5.0.0
1,pkg-038741,6.1.1
1,pkg-038742,7.2.2
1,pkg-038743,8.3.3
1,pkg-038744,9.4.4
1,pkg-038745,1.5.5
1,pkg-038746,2.6.6
1,pkg-038747,3.7.7
1,pkg-038748,4.8.8
1,pkg-038749,5.9.9
1,pkg-038750,6.10.0
1,pkg-038751,7.11.1
1,pkg-038752,8.12.2
1,pkg-038753,9.13.3
1,pkg-038754,1.14.4
1,pkg-038755,2.15.5
1,pkg-038756,3.16.6
1,pkg-038757,4.17.7
1,pkg-038758,5.18.8
1,pkg-038759,6.19.9
1,pkg-038760,7.0.0
1,pkg-038761,8.1.1
1,pkg-038762,9.2.2
1,pkg-038763,1.3.3
1,pkg-038764,2.4.4
1,pkg-038765,3.5.5
1,pkg-038766,4.6.6
1,pkg-038767,5.7.7
1,pkg-038768,6.8.8
1,pkg-038769,7.9.9
1,pkg-038770,8.10.0
1,pkg-038771,9.11.1
1,pkg-038772,1.12.2
1,pkg-038773,2.13.3
1,pkg-038774,3.14.4
1,pkg-038775,4.15.5
1,pkg-038776,5.16.6
1,pkg-038777,6.17.7
1,pkg-038778,7.18.8
1,pkg-038779,8.19.9
1,pkg-038780,9.0.0
1,pkg-038781,1.1.1
1,pkg-038782,2.2.2
1,pkg-038783,3.3.3
1,pkg-038784,4.4.4
1,pkg-038785,5.5.5
1,pkg-038786,6.6.6
1,pkg-038787,7.7.7
1,pkg-038788,8.8.8
1,pkg-038789,9.9.9
1,pkg-038790,1.10.0
1,pkg-038791,2.11.1
1,pkg-038792,3.12.2
1,pkg-038793,4.13.3
1,pkg-038794,5.14.4
1,pkg-038795,6.15.5
1,pkg-038796,7.16.6
1,pkg-038797,8.17.7
1,pkg-038798,9.18.8
1,pkg-038799,1.19.9
1,pkg-038800,2.0.0
1,pkg-038801,3.1.1
1,pkg-038802,4.2.2
1,pkg-038803,5.3.3
1,pkg-038804,6.4.4
1,pkg-038805,7.5.5
1,pkg-038806,8.6.6
1,pkg-038807,9.7.7
1,pkg-038808,1.8.8
1,pkg-038809,2.9.9
1,pkg-038810,3.10.0
1,pkg-038811,4.11.1
1,pkg-038812,5.12.2
1,pkg-038813,6.13.3
1,pkg-038814,7.14.4
1,pkg-038815,8.15.5
1,pkg-038816,9.16.6
1,pkg-038817,1.17.7
1,pkg-038818,2.18.8
1,pkg-038819,3.19.9
1,pkg-038820,4.0.0
1,pkg-038821,5.1.1
1,pkg-038822,6.2.2
1,pkg-038823,7.3.3
1,pkg-038824,8.4.4
1,pkg-038825,9.5.5
1,pkg-038826,1.6.6
1,pkg-038827,2.7.7
1,pkg-038828,3.8.8
1,pkg-038829,4.9.9
1,pkg-038830,5.10.0
1,pkg-038831,6.11.1
1,pkg-038832,7.12.2
1,pkg-038833,8.13.3
1,pkg-038834,9.14.4
1,pkg-038835,1.15.5
1,pkg-038836,2.16.6
1,pkg-038837,3.17.7
1,pkg-038838,4.18.8
1,pkg-038839,5.19.9
1,pkg-038840,6.0.0
1,pkg-038841,7.1.1
1,pkg-038842,8.2.2
1,pkg-038843,9.3.3
1,pkg-038844,1.4.4
1,pkg-038845,2.5.5
1,pkg-038846,3.6.6
1,pkg-038847,4.7.7
1,pkg-038848,5.8.8
1,pkg-038849,6.9.9
1,pkg-038850,7.10.0
1,pkg-038851,8.11.1
1,pkg-038852,9.12.2
1,pkg-038853,1.13.3
1,pkg-038854,2.14.4
1,pkg-038855,3.15.5
1,pkg-038856,4.16.6
1,pkg-038857,5.17.7
1,pkg-038858,6.18.8
1,pkg-038859,7.19.9
1,pkg-038860,8.0.0
1,pkg-038861,9.1.1
1,pkg-038862,1.2.2
1,pkg-038863,2.3.3
1,pkg-038864,3.4.4
1,pkg-038865,4.5.5
1,pkg-038866,5.6.6
1,pkg-038867,6.7.7
1,pkg-038868,7.8.8
1,pkg-038869,8.9.9
1,pkg-038870,9.10.0
1,pkg-038871,1.11.1
1,pkg-038872,2.12.2
1,pkg-038873,3.13.3
1,pkg-038874,4.14.4
1,pkg-038875,5.15.5
1,pkg-038876,6.16.6
1,pkg-038877,7.17.7
1,pkg-038878,8.18.8
1,pkg-038879,9.19.9
1,pkg-038880,1.0.0
1,pkg-038881,2.1.1
1,pkg-038882,3.2.2
1,pkg-038883,4.3.3
1,pkg-038884,5.4.4
1,pkg-038885,6.5.5
1,pkg-038886,7.6.6
1,pkg-038887,8.7.7
1,pkg-038888,9.8.8
1,pkg-038889,1.9.9
1,pkg-038890,2.10.0
1,pkg-038891,3.11.1
1,pkg-038892,4.12.2
1,pkg-038893,5.13.3
1,pkg-038894,6.14.4
1,pkg-038895,7.15.5
1,pkg-038896,8.16.6
1,pkg-038897,9.17.7
1,pkg-038898,1.18.8
1,pkg-038899,2.19.9
1,pkg-038900,3.0.0
1,pkg-038901,4.1.1
1,pkg-038902,5.2.2
1,pkg-038903,6.3.3
1,pkg-038904,7.4.4
1,pkg-038905,8.5.5
1,pkg-038906,9.6.6
1,pkg-038907,1.7.7
1,pkg-038908,2.8.8
1,pkg-038909,3.9.9
1,pkg-038910,4.10.0
1,pkg-038911,5.11.1
1,pkg-038912,6.12.2
1,pkg-038913,7.13.3
1,pkg-038914,8.14.4
1,pkg-038915,9.15.5
1,pkg-038916,1.16.6
1,pkg-038917,2.17.7
1,pkg-038918,3.18.8
1,pkg-038919,4.19.9
1,pkg-038920,5.0.0
1,pkg-038921,6.1.1
1,pkg-038922,7.2.2
1,pkg-038923,8.3.3
1,pkg-038924,9.4.4
1,pkg-038925,1.5.5
1,pkg-038926,2.6.6
1,pkg-038927,3.7.7
1,pkg-038928,4.8.8
1,pkg-038929,5.9.9
1,pkg-038930,6.10.0
1,pkg-038931,7.11.1
1,pkg-038932,8.12.2
1,pkg-038933,9.13.3
1,pkg-038934,1.14.4
1,pkg-038935,2.15.5
1,pkg-038936,3.16.6
1,pkg-038937,4.17.7
1,pkg-038938,5.18.8
1,pkg-038939,6.19.9
1,pkg-038940,7.0.0
1,pkg-038941,8.1.1
1,pkg-038942,9.2.2
1,pkg-038943,1.3.3
1,pkg-038944,2.4.4
1,pkg-038945,3.5.5
1,pkg-038946,4.6.6
1,pkg-038947,5.7.7
1,pkg-038948,6.8.8
1,pkg-038949,7.9.9
1,pkg-038950,8.10.0
1,pkg-038951,9.11.1
1,pkg-038952,1.12.2
1,pkg-038953,2.13.3
1,pkg-038954,3.14.4
1,pkg-038955,4.15.5
1,pkg-038956,5.16.6
1,pkg-038957,6.17.7
1,pkg-038958,7.18.8
1,pkg-038959,8.19.9
1,pkg-038960,9.0.0
1,pkg-038961,1.1.1
1,pkg-038962,2.2.2
1,pkg-038963,3.3.3
1,pkg-038964,4.4.4
1,pkg-038965,5.5.5
1,pkg-038966,6.6.6
1,pkg-038967,7.7.7
1,pkg-038968,8.8.8
1,pkg-038969,9.9.9
1,pkg-038970,1.10.0
1,pkg-038971,2.11.1
1,pkg-038972,3.12.2
1,pkg-038973,4.13.3
1,pkg-038974,5.14.4
1,pkg-038975,6.15.5
1,pkg-038976,7.16.6
1,pkg-038977,8.17.7
1,pkg-038978,9.18.8
1,pkg-038979,1.19.9
1,pkg-038980,2.0.0
1,pkg-038981,3.1.1
1,pkg-038982,4.2.2
1,pkg-038983,5.3.3
1,pkg-038984,6.4.4
1,pkg-038985,7.5.5
1,pkg-038986,8.6.6
1,pkg-038987,9.7.7
1,pkg-038988,1.8.8
1,pkg-038989,2.9.9
1,pkg-038990,3.10.0
1,pkg-038991,4.11.1
1,pkg-038992,5.12.2
1,pkg-038993,6.13.3
1,pkg-038994,7.14.4
1,pkg-038995,8.15.5
1,pkg-038996,9.16.6
1,pkg-038997,1.17.7
1,pkg-038998,2.18.8
1,pkg-038999,3.19.9
1,pkg-039000,4.0.0
1,pkg-039001,5.1.1
1,pkg-039002,6.2.2
1,pkg-039003,7.3.3
1,pkg-039004,8.4.4
1,pkg-039005,9.5.5
1,pkg-039006,1.6.6
1,pkg-039007,2.7.7
1,pkg-039008,3.8.8
1,pkg-039009,4.9.9
1,pkg-039010,5.10.0
1,pkg-039011,6.11.1
1,pkg-039012,7.12.2
1,pkg-039013,8.13.3
1,pkg-039014,9.14.4
1,pkg-039015,1.15.5
1,pkg-039016,2.16.6
1,pkg-039017,3.17.7
1,pkg-039018,4.18.8
1,pkg-039019,5.19.9
1,pkg-039020,6.0.0
1,pkg-039021,7.1.1
1,pkg-039022,8.2.2
1,pkg-039023,9.3.3
1,pkg-039024,1.4.4
1,pkg-039025,2.5.5
1,pkg-039026,3.6.6
1,pkg-039027,4.7.7
1,pkg-039028,5.8.8
1,pkg-039029,6.9.9
1,pkg-039030,7.10.0
1,pkg-039031,8.11.1
1,pkg-039032,9.12.2
1,pkg-039033,1.13.3
1,pkg-039034,2.14.4
1,pkg-039035,3.15.5
1,pkg-039036,4.16.6
1,pkg-039037,5.17.7
1,pkg-039038,6.18.8
1,pkg-039039,7.19.9
1,pkg-039040,8.0.0
1,pkg-039041,9.1.1
1,pkg-039042,1.2.2
1,pkg-039043,2.3.3
1,pkg-039044,3.4.4
1,pkg-039045,4.5.5
1,pkg-039046,5.6.6
1,pkg-039047,6.7.7
1,pkg-039048,7.8.8
1,pkg-039049,8.9.9
1,pkg-039050,9.10.0
1,pkg-039051,1.11.1
1,pkg-039052,2.12.2
1,pkg-039053,3.13.3
1,pkg-039054,4.14.4
1,pkg-039055,5.15.5
1,pkg-039056,6.16.6
1,pkg-039057,7.17.7
1,pkg-039058,8.18.8
1,pkg-039059,9.19.9
1,pkg-039060,1.0.0
1,pkg-039061,2.1.1
1,pkg-039062,3.2.2
1,pkg-039063,4.3.3
1,pkg-039064,5.4.4
1,pkg-039065,6.5.5
1,pkg-039066,7.6.6
1,pkg-039067,8.7.7
1,pkg-039068,9.8.8
1,pkg-039069,1.9.9
1,pkg-039070,2.10.0
1,pkg-039071,3.11.1
1,pkg-039072,4.12.2
1,pkg-039073,5.13.3
1,pkg-039074,6.14.4
1,pkg-039075,7.15.5
1,pkg-039076,8.16.6
1,pkg-039077,9.17.7
1,pkg-039078,1.18.8
1,pkg-039079,2.19.9
1,pkg-039080,3.0.0
1,pkg-039081,4.1.1
1,pkg-039082,5.2.2
1,pkg-039083,6.3.3
1,pkg-039084,7.4.4
1,pkg-039085,8.5.5
1,pkg-039086,9.6.6
1,pkg-039087,1.7.7
1,pkg-039088,2.8.8
1,pkg-039089,3.9.9
1,pkg-039090,4.10.0
1,pkg-039091,5.11.1
1,pkg-039092,6.12.2
1,pkg-039093,7.13.3
1,pkg-039094,8.14.4
1,pkg-039095,9.15.5
1,pkg-039096,1.16.6
1,pkg-039097,2.17.7
1,pkg-039098,3.18.8
1,pkg-039099,4.19.9
1,pkg-039100,5.0.0
1,pkg-039101,6.1.1
1,pkg-039102,7.2.2
1,pkg-039103,8.3.3
1,pkg-039104,9.4.4
1,pkg-039105,1.5.5
1,pkg-039106,2.6.6
1,pkg-039107,3.7.7
1,pkg-039108,4.8.8
1,pkg-039109,5.9.9
1,pkg-039110,6.10.0
1,pkg-039111,7.11.1
1,pkg-039112,8.12.2
1,pkg-039113,9.13.3
1,pkg-039114,1.14.4
1,pkg-039115,2.15.5
1,pkg-039116,3.16.6
1,pkg-039117,4.17.7
1,pkg-039118,5.18.8
1,pkg-039119,6.19.9
1,pkg-039120,7.0.0
1,pkg-039121,8.1.1
1,pkg-039122,9.2.2
1,pkg-039123,1.3.3
1,pkg-039124,2.4.4
1,pkg-039125,3.5.5
1,pkg-039126,4.6.6
1,pkg-039127,5.7.7
1,pkg-039128,6.8.8
1,pkg-039129,7.9.9
1,pkg-039130,8.10.0
1,pkg-039131,9.11.1
1,pkg-039132,1.12.2
1,pkg-039133,2.13.3
1,pkg-039134,3.14.4
1,pkg-039135,4.15.5
1,pkg-039136,5.16.6
1,pkg-039137,6.17.7
1,pkg-039138,7.18.8
1,pkg-039139,8.19.9
1,pkg-039140,9.0.0
1,pkg-039141,1.1.1
1,pkg-039142,2.2.2
1,pkg-039143,3.3.3
1,pkg-039144,4.4.4
1,pkg-039145,5.5.5
1,pkg-039146,6.6.6
1,pkg-039147,7.7.7
1,pkg-039148,8.8.8
1,pkg-039149,9.9.9
1,pkg-039150,1.10.0
1,pkg-039151,2.11.1
1,pkg-039152,3.12.2
1,pkg-039153,4.13.3
1,pkg-039154,5.14.4
1,pkg-039155,6.15.5
1,pkg-039156,7.16.6
1,pkg-039157,8.17.7
1,pkg-039158,9.18.8
1,pkg-039159,1.19.9
1,pkg-039160,2.0.0
1,pkg-039161,3.1.1
1,pkg-039162,4.2.2
1,pkg-039163,5.3.3
1,pkg-039164,6.4.4
1,pkg-039165,7.5.5
1,pkg-039166,8.6.6
1,pkg-039167,9.7.7
1,pkg-039168,1.8.8
1,pkg-039169,2.9.9
1,pkg-039170,3.10.0
1,pkg-039171,4.11.1
1,pkg-039172,5.12.2
1,pkg-039173,6.13.3
1,pkg-039174,7.14.4
1,pkg-039175,8.15.5
1,pkg-039176,9.16.6
1,pkg-039177,1.17.7
1,pkg-039178,2.18.8
1,pkg-039179,3.19.9
1,pkg-039180,4.0.0
1,pkg-039181,5.1.1
1,pkg-039182,6.2.2
1,pkg-039183,7.3.3
1,pkg-039184,8.4.4
1,pkg-039185,9.5.5
1,pkg-039186,1.6.6
1,pkg-039187,2.7.7
1,pkg-039188,3.8.8
1,pkg-039189,4.9.9
1,pkg-039190,5.10.0
1,pkg-039191,6.11.1
1,pkg-039192,7.12.2
1,pkg-039193,8.13.3
1,pkg-039194,9.14.4
1,pkg-039195,1.15.5
1,pkg-039196,2.16.6
1,pkg-039197,3.17.7
1,pkg-039198,4.18.8
1,pkg-039199,5.19.9
1,pkg-039200,6.0.0
1,pkg-039201,7.1.1
1,pkg-039202,8.2.2
1,pkg-039203,9.3.3
1,pkg-039204,1.4.4
1,pkg-039205,2.5.5
1,pkg-039206,3.6.6
1,pkg-039207,4.7.7
1,pkg-039208,5.8.8
1,pkg-039209,6.9.9
1,pkg-039210,7.10.0
1,pkg-039211,8.11.1
1,pkg-039212,9.12.2
1,pkg-039213,1.13.3
1,pkg-039214,2.14.4
1,pkg-039215,3.15.5
1,pkg-039216,4.16.6
1,pkg-039217,5.17.7
1,pkg-039218,6.18.8
1,pkg-039219,7.19.9
1,pkg-039220,8.0.0
1,pkg-039221,9.1.1
1,pkg-039222,1.2.2
1,pkg-039223,2.3.3
1,pkg-039224,3.4.4
1,pkg-039225,4.5.5
1,pkg-039226,5.6.6
1,pkg-039227,6.7.7
1,pkg-039228,7.8.8
1,pkg-039229,8.9.9
1,pkg-039230,9.10.0
1,pkg-039231,1.11.1
1,pkg-039232,2.12.2
1,pkg-039233,3.13.3
1,pkg-039234,4.14.4
1,pkg-039235,5.15.5
1,pkg-039236,6.16.6
1,pkg-039237,7.17.7
1,pkg-039238,8.18.8
1,pkg-039239,9.19.9
1,pkg-039240,1.0.0
1,pkg-039241,2.1.1
1,pkg-039242,3.2.2
1,pkg-039243,4.3.3
1,pkg-039244,5.4.4
1,pkg-039245,6.5.5
1,pkg-039246,7.6.6
1,pkg-039247,8.7.7
1,pkg-039248,9.8.8
1,pkg-039249,1.9.9
1,pkg-039250,2.10.0
1,pkg-039251,3.11.1
1,pkg-039252,4.12.2
1,pkg-039253,5.13.3
1,pkg-039254,6.14.4
1,pkg-039255,7.15.5
1,pkg-039256,8.16.6
1,pkg-039257,9.17.7
1,pkg-039258,1.18.8
1,pkg-039259,2.19.9
1,pkg-039260,3.0.0
1,pkg-039261,4.1.1
1,pkg-039262,5.2.2
1,pkg-039263,6.3.3
1,pkg-039264,7.4.4
1,pkg-039265,8.5.5
1,pkg-039266,9.6.6
1,pkg-039267,1.7.7
1,pkg-039268,2.8.8
1,pkg-039269,3.9.9
1,pkg-039270,4.10.0
1,pkg-039271,5.11.1
1,pkg-039272,6.12.2
1,pkg-039273,7.13.3
1,pkg-039274,8.14.4
1,pkg-039275,9.15.5
1,pkg-039276,1.16.6
1,pkg-039277,2.17.7
1,pkg-039278,3.18.8
1,pkg-039279,4.19.9
1,pkg-039280,5.0.0
1,pkg-039281,6.1.1
1,pkg-039282,7.2.2
1,pkg-039283,8.3.3
1,pkg-039284,9.4.4
1,pkg-039285,1.5.5
1,pkg-039286,2.6.6
1,pkg-039287,3.7.7
1,pkg-039288,4.8.8
1,pkg-039289,5.9.9
1,pkg-039290,6.10.0
1,pkg-039291,7.11.1
1,pkg-039292,8.12.2
1,pkg-039293,9.13.3
1,pkg-039294,1.14.4
1,pkg-039295,2.15.5
1,pkg-039296,3.16.6
1,pkg-039297,4.17.7
1,pkg-039298,5.18.8
1,pkg-039299,6.19.9
1,pkg-039300,7.0.0
1,pkg-039301,8.1.1
1,pkg-039302,9.2.2
1,pkg-039303,1.3.3
1,pkg-039304,2.4.4
1,pkg-039305,3.5.5
1,pkg-039306,4.6.6
1,pkg-039307,5.7.7
1,pkg-039308,6.8.8
1,pkg-039309,7.9.9
1,pkg-039310,8.10.0
1,pkg-039311,9.11.1
1,pkg-039312,1.12.2
1,pkg-039313,2.13.3
1,pkg-039314,3.14.4
1,pkg-039315,4.15.5
1,pkg-039316,5.16.6
1,pkg-039317,6.17.7
1,pkg-039318,7.18.8
1,pkg-039319,8.19.9
1,pkg-039320,9.0.0
1,pkg-039321,1.1.1
1,pkg-039322,2.2.2
1,pkg-039323,3.3.3
1,pkg-039324,4.4.4
1,pkg-039325,5.5.5
1,pkg-039326,6.6.6
1,pkg-039327,7.7.7
1,pkg-039328,8.8.8
1,pkg-039329,9.9.9
1,pkg-039330,1.10.0
1,pkg-039331,2.11.1
1,pkg-039332,3.12.2
1,pkg-039333,4.13.3
1,pkg-039334,5.14.4
1,pkg-039335,6.15.5
1,pkg-039336,7.16.6
1,pkg-039337,8.17.7
1,pkg-039338,9.18.8
1,pkg-039339,1.19.9
1,pkg-039340,2.0.0
1,pkg-039341,3.1.1
1,pkg-039342,4.2.2
1,pkg-039343,5.3.3
1,pkg-039344,6.4.4
1,pkg-039345,7.5.5
1,pkg-039346,8.6.6
1,pkg-039347,9.7.7
1,pkg-039348,1.8.8
1,pkg-039349,2.9.9
1,pkg-039350,3.10.0
1,pkg-039351,4.11.1
1,pkg-039352,5.12.2
1,pkg-039353,6.13.3
1,pkg-039354,7.14.4
1,pkg-039355,8.15.5
1,pkg-039356,9.16.6
1,pkg-039357,1.17.7
1,pkg-039358,2.18.8
1,pkg-039359,3.19.9
1,pkg-039360,4.0.0
1,pkg-039361,5.1.1
1,pkg-039362,6.2.2
1,pkg-039363,7.3.3
1,pkg-039364,8.4.4
1,pkg-039365,9.5.5
1,pkg-039366,1.6.6
1,pkg-039367,2.7.7
1,pkg-039368,3.8.8
1,pkg-039369,4.9.9
1,pkg-039370,5.10.0
1,pkg-039371,6.11.1
1,pkg-039372,7.12.2
1,pkg-039373,8.13.3
1,pkg-039374,9.14.4
1,pkg-039375,1.15.5
1,pkg-039376,2.16.6
1,pkg-039377,3.17.7
1,pkg-039378,4.18.8
1,pkg-039379,5.19.9
1,pkg-039380,6.0.0
1,pkg-039381,7.1.1
1,pkg-039382,8.2.2
1,pkg-039383,9.3.3
1,pkg-039384,1.4.4
1,pkg-039385,2.5.5
1,pkg-039386,3.6.6
1,pkg-039387,4.7.7
1,pkg-039388,5.8.8
1,pkg-039389,6.9.9
1,pkg-039390,7.10.0
1,pkg-039391,8.11.1
1,pkg-039392,9.12.2
1,pkg-039393,1.13.3
1,pkg-039394,2.14.4
1,pkg-039395,3.15.5
1,pkg-039396,4.16.6
1,pkg-039397,5.17.7
1,pkg-039398,6.18.8
1,pkg-039399,7.19.9
1,pkg-039400,8.0.0
1,pkg-039401,9.1.1
1,pkg-039402,1.2.2
1,pkg-039403,2.3.3
1,pkg-039404,3.4.4
1,pkg-039405,4.5.5
1,pkg-039406,5.6.6
1,pkg-039407,6.7.7
1,pkg-039408,7.8.8
1,pkg-039409,8.9.9
1,pkg-039410,9.10.0
1,pkg-039411,1.11.1
1,pkg-039412,2.12.2
1,pkg-039413,3.13.3
1,pkg-039414,4.14.4
1,pkg-039415,5.15.5
1,pkg-039416,6.16.6
1,pkg-039417,7.17.7
1,pkg-039418,8.18.8
1,pkg-039419,9.19.9
1,pkg-039420,1.0.0
1,pkg-039421,2.1.1
1,pkg-039422,3.2.2
1,pkg-039423,4.3.3
1,pkg-039424,5.4.4
1,pkg-039425,6.5.5
1,pkg-039426,7.6.6
1,pkg-039427,8.7.7
1,pkg-039428,9.8.8
1,pkg-039429,1.9.9
1,pkg-039430,2.10.0
1,pkg-039431,3.11.1
1,pkg-039432,4.12.2
1,pkg-039433,5.13.3
1,pkg-039434,6.14.4
1,pkg-039435,7.15.5
1,pkg-039436,8.16.6
1,pkg-039437,9.17.7
1,pkg-039438,1.18.8
1,pkg-039439,2.19.9
1,pkg-039440,3.0.0
1,pkg-039441,4.1.1
1,pkg-039442,5.2.2
1,pkg-039443,6.3.3
1,pkg-039444,7.4.4
1,pkg-039445,8.5.5
1,pkg-039446,9.6.6
1,pkg-039447,1.7.7
1,pkg-039448,2.8.8
1,pkg-039449,3.9.9
1,pkg-039450,4.10.0
1,pkg-039451,5.11.1
1,pkg-039452,6.12.2
1,pkg-039453,7.13.3
1,pkg-039454,8.14.4
1,pkg-039455,9.15.5
1,pkg-039456,1.16.6
1,pkg-039457,2.17.7
1,pkg-039458,3.18.8
1,pkg-039459,4.19.9
1,pkg-039460,5.0.0
1,pkg-039461,6.1.1
1,pkg-039462,7.2.2
1,pkg-039463,8.3.3
1,pkg-039464,9.4.4
1,pkg-039465,1.5.5
1,pkg-039466,2.6.6
1,pkg-039467,3.7.7
1,pkg-039468,4.8.8
1,pkg-039469,5.9.9
1,pkg-039470,6.10.0
1,pkg-039471,7.11.1
1,pkg-039472,8.12.2
1,pkg-039473,9.13.3
1,pkg-039474,1.14.4
1,pkg-039475,2.15.5
1,pkg-039476,3.16.6
1,pkg-039477,4.17.7
1,pkg-039478,5.18.8
1,pkg-039479,6.19.9
1,pkg-039480,7.0.0
1,pkg-039481,8.1.1
1,pkg-039482,9.2.2
1,pkg-039483,1.3.3
1,pkg-039484,2.4.4
1,pkg-039485,3.5.5
1,pkg-039486,4.6.6
1,pkg-039487,5.7.7
1,pkg-039488,6.8.8
1,pkg-039489,7.9.9
1,pkg-039490,8.10.0
1,pkg-039491,9.11.1
1,pkg-039492,1.12.2
1,pkg-039493,2.13.3
1,pkg-039494,3.14.4
1,pkg-039495,4.15.5
1,pkg-039496,5.16.6
1,pkg-039497,6.17.7
1,pkg-039498,7.18.8
1,pkg-039499,8.19.9
1,pkg-039500,9.0.0
1,pkg-039501,1.1.1
1,pkg-039502,2.2.2
1,pkg-039503,3.3.3
1,pkg-039504,4.4.4
1,pkg-039505,5.5.5
1,pkg-039506,6.6.6
1,pkg-039507,7.7.7
1,pkg-039508,8.8.8
1,pkg-039509,9.9.9
1,pkg-039510,1.10.0
1,pkg-039511,2.11.1
1,pkg-039512,3.12.2
1,pkg-039513,4.13.3
1,pkg-039514,5.14.4
1,pkg-039515,6.15.5
1,pkg-039516,7.16.6
1,pkg-039517,8.17.7
1,pkg-039518,9.18.8
1,pkg-039519,1.19.9
1,pkg-039520,2.0.0
1,pkg-039521,3.1.1
1,pkg-039522,4.2.2
1,pkg-039523,5.3.3
1,pkg-039524,6.4.4
1,pkg-039525,7.5.5
1,pkg-039526,8.6.6
1,pkg-039527,9.7.7
1,pkg-039528,1.8.8
1,pkg-039529,2.9.9
1,pkg-039530,3.10.0
1,pkg-039531,4.11.1
1,pkg-039532,5.12.2
1,pkg-039533,6.13.3
1,pkg-039534,7.14.4
1,pkg-039535,8.15.5
1,pkg-039536,9.16.6
1,pkg-039537,1.17.7
1,pkg-039538,2.18.8
1,pkg-039539,3.19.9
1,pkg-039540,4.0.0
1,pkg-039541,5.1.1
1,pkg-039542,6.2.2
1,pkg-039543,7.3.3
1,pkg-039544,8.4.4
1,pkg-039545,9.5.5
1,pkg-039546,1.6.6
1,pkg-039547,2.7.7
1,pkg-039548,3.8.8
1,pkg-039549,4.9.9
1,pkg-039550,5.10.0
1,pkg-039551,6.11.1
1,pkg-039552,7.12.2
1,pkg-039553,8.13.3
1,pkg-039554,9.14.4
1,pkg-039555,1.15.5
1,pkg-039556,2.16.6
1,pkg-039557,3.17.7
1,pkg-039558,4.18.8
1,pkg-039559,5.19.9
1,pkg-039560,6.0.0
1,pkg-039561,7.1.1
1,pkg-039562,8.2.2
1,pkg-039563,9.3.3
1,pkg-039564,1.4.4
1,pkg-039565,2.5.5
1,pkg-039566,3.6.6
1,pkg-039567,4.7.7
1,pkg-039568,5.8.8
1,pkg-039569,6.9.9
1,pkg-039570,7.10.0
1,pkg-039571,8.11.1
1,pkg-039572,9.12.2
1,pkg-039573,1.13.3
1,pkg-039574,2.14.4
1,pkg-039575,3.15.5
1,pkg-039576,4.16.6
1,pkg-039577,5.17.7
1,pkg-039578,6.18.8
1,pkg-039579,7.19.9
1,pkg-039580,8.0.0
1,pkg-039581,9.1.1
1,pkg-039582,1.2.2
1,pkg-039583,2.3.3
1,pkg-039584,3.4.4
1,pkg-039585,4.5.5
1,pkg-039586,5.6.6
1,pkg-039587,6.7.7
1,pkg-039588,7.8.8
1,pkg-039589,8.9.9
1,pkg-039590,9.10.0
1,pkg-039591,1.11.1
1,pkg-039592,2.12.2
1,pkg-039593,3.13.3
1,pkg-039594,4.14.4
1,pkg-039595,5.15.5
1,pkg-039596,6.16.6
1,pkg-039597,7.17.7
1,pkg-039598,8.18.8
1,pkg-039599,9.19.9
1,pkg-039600,1.0.0
1,pkg-039601,2.1.1
1,pkg-039602,3.2.2
1,pkg-039603,4.3.3
1,pkg-039604,5.4.4
1,pkg-039605,6.5.5
1,pkg-039606,7.6.6
1,pkg-039607,8.7.7
1,pkg-039608,9.8.8
1,pkg-039609,1.9.9
1,pkg-039610,2.10.0
1,pkg-039611,3.11.1
1,pkg-039612,4.12.2
1,pkg-039613,5.13.3
1,pkg-039614,6.14.4
1,pkg-039615,7.15.5
1,pkg-039616,8.16.6
1,pkg-039617,9.17.7
1,pkg-039618,1.18.8
1,pkg-039619,2.19.9
1,pkg-039620,3.0.0
1,pkg-039621,4.1.1
1,pkg-039622,5.2.2
1,pkg-039623,6.3.3
1,pkg-039624,7.4.4
1,pkg-039625,8.5.5
1,pkg-039626,9.6.6
1,pkg-039627,1.7.7
1,pkg-039628,2.8.8
1,pkg-039629,3.9.9
1,pkg-039630,4.10.0
1,pkg-039631,5.11.1
1,pkg-039632,6.12.2
1,pkg-039633,7.13.3
1,pkg-039634,8.14.4
1,pkg-039635,9.15.5
1,pkg-039636,1.16.6
1,pkg-039637,2.17.7
1,pkg-039638,3.18.8
1,pkg-039639,4.19.9
1,pkg-039640,5.0.0
1,pkg-039641,6.1.1
1,pkg-039642,7.2.2
1,pkg-039643,8.3.3
1,pkg-039644,9.4.4
1,pkg-039645,1.5.5
1,pkg-039646,2.6.6
1,pkg-039647,3.7.7
1,pkg-039648,4.8.8
1,pkg-039649,5.9.9
1,pkg-039650,6.10.0
1,pkg-039651,7.11.1
1,pkg-039652,8.12.2
1,pkg-039653,9.13.3
1,pkg-039654,1.14.4
1,pkg-039655,2.15.5
1,pkg-039656,3.16.6
1,pkg-039657,4.17.7
1,pkg-039658,5.18.8
1,pkg-039659,6.19.9
1,pkg-039660,7.0.0
1,pkg-039661,8.1.1
1,pkg-039662,9.2.2
1,pkg-039663,1.3.3
1,pkg-039664,2.4.4
1,pkg-039665,3.5.5
1,pkg-039666,4.6.6
1,pkg-039667,5.7.7
1,pkg-039668,6.8.8
1,pkg-039669,7.9.9
1,pkg-039670,8.10.0
1,pkg-039671,9.11.1
1,pkg-039672,1.12.2
1,pkg-039673,2.13.3
1,pkg-039674,3.14.4
1,pkg-039675,4.15.5
1,pkg-039676,5.16.6
1,pkg-039677,6.17.7
1,pkg-039678,7.18.8
1,pkg-039679,8.19.9
1,pkg-039680,9.0.0
1,pkg-039681,1.1.1
1,pkg-039682,2.2.2
1,pkg-039683,3.3.3
1,pkg-039684,4.4.4
1,pkg-039685,5.5.5
1,pkg-039686,6.6.6
1,pkg-039687,7.7.7
1,pkg-039688,8.8.8
1,pkg-039689,9.9.9
1,pkg-039690,1.10.0
1,pkg-039691,2.11.1
1,pkg-039692,3.12.2
1,pkg-039693,4.13.3
1,pkg-039694,5.14.4
1,pkg-039695,6.15.5
1,pkg-039696,7.16.6
1,pkg-039697,8.17.7
1,pkg-039698,9.18.8
1,pkg-039699,1.19.9
1,pkg-039700,2.0.0
1,pkg-039701,3.1.1
1,pkg-039702,4.2.2
1,pkg-039703,5.3.3
1,pkg-039704,6.4.4
1,pkg-039705,7.5.5
1,pkg-039706,8.6.6
1,pkg-039707,9.7.7
1,pkg-039708,1.8.8
1,pkg-039709,2.9.9
1,pkg-039710,3.10.0
1,pkg-039711,4.11.1
1,pkg-039712,5.12.2
1,pkg-039713,6.13.3
1,pkg-039714,7.14.4
1,pkg-039715,8.15.5
1,pkg-039716,9.16.6
1,pkg-039717,1.17.7
1,pkg-039718,2.18.8
1,pkg-039719,3.19.9
1,pkg-039720,4.0.0
1,pkg-039721,5.1.1
1,pkg-039722,6.2.2
1,pkg-039723,7.3.3
1,pkg-039724,8.4.4
1,pkg-039725,9.5.5
1,pkg-039726,1.6.6
1,pkg-039727,2.7.7
1,pkg-039728,3.8.8
1,pkg-039729,4.9.9
1,pkg-039730,5.10.0
1,pkg-039731,6.11.1
1,pkg-039732,7.12.2
1,pkg-039733,8.13.3
1,pkg-039734,9.14.4
1,pkg-039735,1.15.5
1,pkg-039736,2.16.6
1,pkg-039737,3.17.7
1,pkg-039738,4.18.8
1,pkg-039739,5.19.9
1,pkg-039740,6.0.0
1,pkg-039741,7.1.1
1,pkg-039742,8.2.2
1,pkg-039743,9.3.3
1,pkg-039744,1.4.4
1,pkg-039745,2.5.5
1,pkg-039746,3.6.6
1,pkg-039747,4.7.7
1,pkg-039748,5.8.8
1,pkg-039749,6.9.9
1,pkg-039750,7.10.0
1,pkg-039751,8.11.1
1,pkg-039752,9.12.2
1,pkg-039753,1.13.3
1,pkg-039754,2.14.4
1,pkg-039755,3.15.5
1,pkg-039756,4.16.6
1,pkg-039757,5.17.7
1,pkg-039758,6.18.8
1,pkg-039759,7.19.9
1,pkg-039760,8.0.0
1,pkg-039761,9.1.1
1,pkg-039762,1.2.2
1,pkg-039763,2.3.3
1,pkg-039764,3.4.4
1,pkg-039765,4.5.5
1,pkg-039766,5.6.6
1,pkg-039767,6.7.7
1,pkg-039768,7.8.8
1,pkg-039769,8.9.9
1,pkg-039770,9.10.0
1,pkg-039771,1.11.1
1,pkg-039772,2.12.2
1,pkg-039773,3.13.3
1,pkg-039774,4.14.4
1,pkg-039775,5.15.5
1,pkg-039776,6.16.6
1,pkg-039777,7.17.7
1,pkg-039778,8.18.8
1,pkg-039779,9.19.9
1,pkg-039780,1.0.0
1,pkg-039781,2.1.1
1,pkg-039782,3.2.2
1,pkg-039783,4.3.3
1,pkg-039784,5.4.4
1,pkg-039785,6.5.5
1,pkg-039786,7.6.6
1,pkg-039787,8.7.7
1,pkg-039788,9.8.8
1,pkg-039789,1.9.9
1,pkg-039790,2.10.0
1,pkg-039791,3.11.1
1,pkg-039792,4.12.2
1,pkg-039793,5.13.3
1,pkg-039794,6.14.4
1,pkg-039795,7.15.5
1,pkg-039796,8.16.6
1,pkg-039797,9.17.7
1,pkg-039798,1.18.8
1,pkg-039799,2.19.9
1,pkg-039800,3.0.0
1,pkg-039801,4.1.1
1,pkg-039802,5.2.2
1,pkg-039803,6.3.3
1,pkg-039804,7.4.4
1,pkg-039805,8.5.5
1,pkg-039806,9.6.6
1,pkg-039807,1.7.7
1,pkg-039808,2.8.8
1,pkg-039809,3.9.9
1,pkg-039810,4.10.0
1,pkg-039811,5.11.1
1,pkg-039812,6.12.2
1,pkg-039813,7.13.3
1,pkg-039814,8.14.4
1,pkg-039815,9.15.5
1,pkg-039816,1.16.6
1,pkg-039817,2.17.7
1,pkg-039818,3.18.8
1,pkg-039819,4.19.9
1,pkg-039820,5.0.0
1,pkg-039821,6.1.1
1,pkg-039822,7.2.2
1,pkg-039823,8.3.3
1,pkg-039824,9.4.4
1,pkg-039825,1.5.5
1,pkg-039826,2.6.6
1,pkg-039827,3.7.7
1,pkg-039828,4.8.8
1,pkg-039829,5.9.9
1,pkg-039830,6.10.0
1,pkg-039831,7.11.1
1,pkg-039832,8.12.2
1,pkg-039833,9.13.3
1,pkg-039834,1.14.4
1,pkg-039835,2.15.5
1,pkg-039836,3.16.6
1,pkg-039837,4.17.7
1,pkg-039838,5.18.8
1,pkg-039839,6.19.9
1,pkg-039840,7.0.0
1,pkg-039841,8.1.1
1,pkg-039842,9.2.2
1,pkg-039843,1.3.3
1,pkg-039844,2.4.4
1,pkg-039845,3.5.5
1,pkg-039846,4.6.6
1,pkg-039847,5.7.7
1,pkg-039848,6.8.8
1,pkg-039849,7.9.9
1,pkg-039850,8.10.0
1,pkg-039851,9.11.1
1,pkg-039852,1.12.2
1,pkg-039853,2.13.3
1,pkg-039854,3.14.4
1,pkg-039855,4.15.5
1,pkg-039856,5.16.6
1,pkg-039857,6.17.7
1,pkg-039858,7.18.8
1,pkg-039859,8.19.9
1,pkg-039860,9.0.0
1,pkg-039861,1.1.1
1,pkg-039862,2.2.2
1,pkg-039863,3.3.3
1,pkg-039864,4.4.4
1,pkg-039865,5.5.5
1,pkg-039866,6.6.6
1,pkg-039867,7.7.7
1,pkg-039868,8.8.8
1,pkg-039869,9.9.9
1,pkg-039870,1.10.0
1,pkg-039871,2.11.1
1,pkg-039872,3.12.2
1,pkg-039873,4.13.3
1,pkg-039874,5.14.4
1,pkg-039875,6.15.5
1,pkg-039876,7.16.6
1,pkg-039877,8.17.7
1,pkg-039878,9.18.8
1,pkg-039879,1.19.9
1,pkg-039880,2.0.0
1,pkg-039881,3.1.1
1,pkg-039882,4.2.2
1,pkg-039883,5.3.3
1,pkg-039884,6.4.4
1,pkg-039885,7.5.5
1,pkg-039886,8.6.6
1,pkg-039887,9.7.7
1,pkg-039888,1.8.8
1,pkg-039889,2.9.9
1,pkg-039890,3.10.0
1,pkg-039891,4.11.1
1,pkg-039892,5.12.2
1,pkg-039893,6.13.3
1,pkg-039894,7.14.4
1,pkg-039895,8.15.5
1,pkg-039896,9.16.6
1,pkg-039897,1.17.7
1,pkg-039898,2.18.8
1,pkg-039899,3.19.9
1,pkg-039900,4.0.0
1,pkg-039901,5.1.1
1,pkg-039902,6.2.2
1,pkg-039903,7.3.3
1,pkg-039904,8.4.4
1,pkg-039905,9.5.5
1,pkg-039906,1.6.6
1,pkg-039907,2.7.7
1,pkg-039908,3.8.8
1,pkg-039909,4.9.9
1,pkg-039910,5.10.0
1,pkg-039911,6.11.1
1,pkg-039912,7.12.2
1,pkg-039913,8.13.3
1,pkg-039914,9.14.4
1,pkg-039915,1.15.5
1,pkg-039916,2.16.6
1,pkg-039917,3.17.7
1,pkg-039918,4.18.8
1,pkg-039919,5.19.9
1,pkg-039920,6.0.0
1,pkg-039921,7.1.1
1,pkg-039922,8.2.2
1,pkg-039923,9.3.3
1,pkg-039924,1.4.4
1,pkg-039925,2.5.5
1,pkg-039926,3.6.6
1,pkg-039927,4.7.7
1,pkg-039928,5.8.8
1,pkg-039929,6.9.9
1,pkg-039930,7.10.0
1,pkg-039931,8.11.1
1,pkg-039932,9.12.2
1,pkg-039933,1.13.3
1,pkg-039934,2.14.4
1,pkg-039935,3.15.5
1,pkg-039936,4.16.6
1,pkg-039937,5.17.7
1,pkg-039938,6.18.8
1,pkg-039939,7.19.9
1,pkg-039940,8.0.0
1,pkg-039941,9.1.1
1,pkg-039942,1.2.2
1,pkg-039943,2.3.3
1,pkg-039944,3.4.4
1,pkg-039945,4.5.5
1,pkg-039946,5.6.6
1,pkg-039947,6.7.7
1,pkg-039948,7.8.8
1,pkg-039949,8.9.9
1,pkg-039950,9.10.0
1,pkg-039951,1.11.1
1,pkg-039952,2.12.2
1,pkg-039953,3.13.3
1,pkg-039954,4.14.4
1,pkg-039955,5.15.5
1,pkg-039956,6.16.6
1,pkg-039957,7.17.7
1,pkg-039958,8.18.8
1,pkg-039959,9.19.9
1,pkg-039960,1.0.0
1,pkg-039961,2.1.1
1,pkg-039962,3.2.2
1,pkg-039963,4.3.3
1,pkg-039964,5.4.4
1,pkg-039965,6.5.5
1,pkg-039966,7.6.6
1,pkg-039967,8.7.7
1,pkg-039968,9.8.8
1,pkg-039969,1.9.9
1,pkg-039970,2.10.0
1,pkg-039971,3.11.1
1,pkg-039972,4.12.2
1,pkg-039973,5.13.3
1,pkg-039974,6.14.4
1,pkg-039975,7.15.5
1,pkg-039976,8.16.6
1,pkg-039977,9.17.7
1,pkg-039978,1.18.8
1,pkg-039979,2.19.9
1,pkg-039980,3.0.0
1,pkg-039981,4.1.1
1,pkg-039982,5.2.2
1,pkg-039983,6.3.3
1,pkg-039984,7.4.4
1,pkg-039985,8.5.5
1,pkg-039986,9.6.6
1,pkg-039987,1.7.7
1,pkg-039988,2.8.8
1,pkg-039989,3.9.9
1,pkg-039990,4.10.0
1,pkg-039991,5.11.1
1,pkg-039992,6.12.2
1,pkg-039993,7.13.3
1,pkg-039994,8.14.4
1,pkg-039995,9.15.5
1,pkg-039996,1.16.6
1,pkg-039997,2.17.7
1,pkg-039998,3.18.8
1,pkg-039999,4.19.9
1,pkg-040000,5.0.0
1,pkg-040001,6.1.1
1,pkg-040002,7.2.2
1,pkg-040003,8.3.3
1,pkg-040004,9.4.4
1,pkg-040005,1.5.5
1,pkg-040006,2.6.6
1,pkg-040007,3.7.7
1,pkg-040008,4.8.8
1,pkg-040009,5.9.9
1,pkg-040010,6.10.0
1,pkg-040011,7.11.1
1,pkg-040012,8.12.2
1,pkg-040013,9.13.3
1,pkg-040014,1.14.4
1,pkg-040015,2.15.5
1,pkg-040016,3.16.6
1,pkg-040017,4.17.7
1,pkg-040018,5.18.8
1,pkg-040019,6.19.9
1,pkg-040020,7.0.0
1,pkg-040021,8.1.1
1,pkg-040022,9.2.2
1,pkg-040023,1.3.3
1,pkg-040024,2.4.4
1,pkg-040025,3.5.5
1,pkg-040026,4.6.6
1,pkg-040027,5.7.7
1,pkg-040028,6.8.8
1,pkg-040029,7.9.9
1,pkg-040030,8.10.0
1,pkg-040031,9.11.1
1,pkg-040032,1.12.2
1,pkg-040033,2.13.3
1,pkg-040034,3.14.4
1,pkg-040035,4.15.5
1,pkg-040036,5.16.6
1,pkg-040037,6.17.7
1,pkg-040038,7.18.8
1,pkg-040039,8.19.9
1,pkg-040040,9.0.0
1,pkg-040041,1.1.1
1,pkg-040042,2.2.2
1,pkg-040043,3.3.3
1,pkg-040044,4.4.4
1,pkg-040045,5.5.5
1,pkg-040046,6.6.6
1,pkg-040047,7.7.7
1,pkg-040048,8.8.8
1,pkg-040049,9.9.9
1,pkg-040050,1.10.0
1,pkg-040051,2.11.1
1,pkg-040052,3.12.2
1,pkg-040053,4.13.3
1,pkg-040054,5.14.4
1,pkg-040055,6.15.5
1,pkg-040056,7.16.6
1,pkg-040057,8.17.7
1,pkg-040058,9.18.8
1,pkg-040059,1.19.9
1,pkg-040060,2.0.0
1,pkg-040061,3.1.1
1,pkg-040062,4.2.2
1,pkg-040063,5.3.3
1,pkg-040064,6.4.4
1,pkg-040065,7.5.5
1,pkg-040066,8.6.6
1,pkg-040067,9.7.7
1,pkg-040068,1.8.8
1,pkg-040069,2.9.9
1,pkg-040070,3.10.0
1,pkg-040071,4.11.1
1,pkg-040072,5.12.2
1,pkg-040073,6.13.3
1,pkg-040074,7.14.4
1,pkg-040075,8.15.5
1,pkg-040076,9.16.6
1,pkg-040077,1.17.7
1,pkg-040078,2.18.8
1,pkg-040079,3.19.9
1,pkg-040080,4.0.0
1,pkg-040081,5.1.1
1,pkg-040082,6.2.2
1,pkg-040083,7.3.3
1,pkg-040084,8.4.4
1,pkg-040085,9.5.5
1,pkg-040086,1.6.6
1,pkg-040087,2.7.7
1,pkg-040088,3.8.8
1,pkg-040089,4.9.9
1,pkg-040090,5.10.0
1,pkg-040091,6.11.1
1,pkg-040092,7.12.2
1,pkg-040093,8.13.3
1,pkg-040094,9.14.4
1,pkg-040095,1.15.5
1,pkg-040096,2.16.6
1,pkg-040097,3.17.7
1,pkg-040098,4.18.8
1,pkg-040099,5.19.9
1,pkg-040100,6.0.0
1,pkg-040101,7.1.1
1,pkg-040102,8.2.2
1,pkg-040103,9.3.3
1,pkg-040104,1.4.4
1,pkg-040105,2.5.5
1,pkg-040106,3.6.6
1,pkg-040107,4.7.7
1,pkg-040108,5.8.8
1,pkg-040109,6.9.9
1,pkg-040110,7.10.0
1,pkg-040111,8.11.1
1,pkg-040112,9.12.2
1,pkg-040113,1.13.3
1,pkg-040114,2.14.4
1,pkg-040115,3.15.5
1,pkg-040116,4.16.6
1,pkg-040117,5.17.7
1,pkg-040118,6.18.8
1,pkg-040119,7.19.9
1,pkg-040120,8.0.0
1,pkg-040121,9.1.1
1,pkg-040122,1.2.2
1,pkg-040123,2.3.3
1,pkg-040124,3.4.4
1,pkg-040125,4.5.5
1,pkg-040126,5.6.6
1,pkg-040127,6.7.7
1,pkg-040128,7.8.8
1,pkg-040129,8.9.9
1,pkg-040130,9.10.0
1,pkg-040131,1.11.1
1,pkg-040132,2.12.2
1,pkg-040133,3.13.3
1,pkg-040134,4.14.4
1,pkg-040135,5.15.5
1,pkg-040136,6.16.6
1,pkg-040137,7.17.7
1,pkg-040138,8.18.8
1,pkg-040139,9.19.9
1,pkg-040140,1.0.0
1,pkg-040141,2.1.1
1,pkg-040142,3.2.2
1,pkg-040143,4.3.3
1,pkg-040144,5.4.4
1,pkg-040145,6.5.5
1,pkg-040146,7.6.6
1,pkg-040147,8.7.7
1,pkg-040148,9.8.8
1,pkg-040149,1.9.9
1,pkg-040150,2.10.0
1,pkg-040151,3.11.1
1,pkg-040152,4.12.2
1,pkg-040153,5.13.3
1,pkg-040154,6.14.4
1,pkg-040155,7.15.5
1,pkg-040156,8.16.6
1,pkg-040157,9.17.7
1,pkg-040158,1.18.8
1,pkg-040159,2.19.9
1,pkg-040160,3.0.0
1,pkg-040161,4.1.1
1,pkg-040162,5.2.2
1,pkg-040163,6.3.3
1,pkg-040164,7.4.4
1,pkg-040165,8.5.5
1,pkg-040166,9.6.6
1,pkg-040167,1.7.7
1,pkg-040168,2.8.8
1,pkg-040169,3.9.9
1,pkg-040170,4.10.0
1,pkg-040171,5.11.1
1,pkg-040172,6.12.2
1,pkg-040173,7.13.3
1,pkg-040174,8.14.4
1,pkg-040175,9.15.5
1,pkg-040176,1.16.6
1,pkg-040177,2.17.7
1,pkg-040178,3.18.8
1,pkg-040179,4.19.9
1,pkg-040180,5.0.0
1,pkg-040181,6.1.1
1,pkg-040182,7.2.2
1,pkg-040183,8.3.3
1,pkg-040184,9.4.4
1,pkg-040185,1.5.5
1,pkg-040186,2.6.6
1,pkg-040187,3.7.7
1,pkg-040188,4.8.8
1,pkg-040189,5.9.9
1,pkg-040190,6.10.0
1,pkg-040191,7.11.1
1,pkg-040192,8.12.2
1,pkg-040193,9.13.3
1,pkg-040194,1.14.4
1,pkg-040195,2.15.5
1,pkg-040196,3.16.6
1,pkg-040197,4.17.7
1,pkg-040198,5.18.8
1,pkg-040199,6.19.9
1,pkg-040200,7.0.0
1,pkg-040201,8.1.1
1,pkg-040202,9.2.2
1,pkg-040203,1.3.3
1,pkg-040204,2.4.4
1,pkg-040205,3.5.5
1,pkg-040206,4.6.6
1,pkg-040207,5.7.7
1,pkg-040208,6.8.8
1,pkg-040209,7.9.9
1,pkg-040210,8.10.0
1,pkg-040211,9.11.1
1,pkg-040212,1.12.2
1,pkg-040213,2.13.3
1,pkg-040214,3.14.4
1,pkg-040215,4.15.5
1,pkg-040216,5.16.6
1,pkg-040217,6.17.7
1,pkg-040218,7.18.8
1,pkg-040219,8.19.9
1,pkg-040220,9.0.0
1,pkg-040221,1.1.1
1,pkg-040222,2.2.2
1,pkg-040223,3.3.3
1,pkg-040224,4.4.4
1,pkg-040225,5.5.5
1,pkg-040226,6.6.6
1,pkg-040227,7.7.7
1,pkg-040228,8.8.8
1,pkg-040229,9.9.9
1,pkg-040230,1.10.0
1,pkg-040231,2.11.1
1,pkg-040232,3.12.2
1,pkg-040233,4.13.3
1,pkg-040234,5.14.4
1,pkg-040235,6.15.5
1,pkg-040236,7.16.6
1,pkg-040237,8.17.7
1,pkg-040238,9.18.8
1,pkg-040239,1.19.9
1,pkg-040240,2.0.0
1,pkg-040241,3.1.1
1,pkg-040242,4.2.2
1,pkg-040243,5.3.3
1,pkg-040244,6.4.4
1,pkg-040245,7.5.5
1,pkg-040246,8.6.6
1,pkg-040247,9.7.7
1,pkg-040248,1.8.8
1,pkg-040249,2.9.9
1,pkg-040250,3.10.0
1,pkg-040251,4.11.1
1,pkg-040252,5.12.2
1,pkg-040253,6.13.3
1,pkg-040254,7.14.4
1,pkg-040255,8.15.5
1,pkg-040256,9.16.6
1,pkg-040257,1.17.7
1,pkg-040258,2.18.8
1,pkg-040259,3.19.9
1,pkg-040260,4.0.0
1,pkg-040261,5.1.1
1,pkg-040262,6.2.2
1,pkg-040263,7.3.3
1,pkg-040264,8.4.4
1,pkg-040265,9.5.5
1,pkg-040266,1.6.6
1,pkg-040267,2.7.7
1,pkg-040268,3.8.8
1,pkg-040269,4.9.9
1,pkg-040270,5.10.0
1,pkg-040271,6.11.1
1,pkg-040272,7.12.2
1,pkg-040273,8.13.3
1,pkg-040274,9.14.4
1,pkg-040275,1.15.5
1,pkg-040276,2.16.6
1,pkg-040277,3.17.7
1,pkg-040278,4.18.8
1,pkg-040279,5.19.9
1,pkg-040280,6.0.0
1,pkg-040281,7.1.1
1,pkg-040282,8.2.2
1,pkg-040283,9.3.3
1,pkg-040284,1.4.4
1,pkg-040285,2.5.5
1,pkg-040286,3.6.6
1,pkg-040287,4.7.7
1,pkg-040288,5.8.8
1,pkg-040289,6.9.9
1,pkg-040290,7.10.0
1,pkg-040291,8.11.1
1,pkg-040292,9.12.2
1,pkg-040293,1.13.3
1,pkg-040294,2.14.4
1,pkg-040295,3.15.5
1,pkg-040296,4.16.6
1,pkg-040297,5.17.7
1,pkg-040298,6.18.8
1,pkg-040299,7.19.9
1,pkg-040300,8.0.0
1,pkg-040301,9.1.1
1,pkg-040302,1.2.2
1,pkg-040303,2.3.3
1,pkg-040304,3.4.4
1,pkg-040305,4.5.5
1,pkg-040306,5.6.6
1,pkg-040307,6.7.7
1,pkg-040308,7.8.8
1,pkg-040309,8.9.9
1,pkg-040310,9.10.0
1,pkg-040311,1.11.1
1,pkg-040312,2.12.2
1,pkg-040313,3.13.3
1,pkg-040314,4.14.4
1,pkg-040315,5.15.5
1,pkg-040316,6.16.6
1,pkg-040317,7.17.7
1,pkg-040318,8.18.8
1,pkg-040319,9.19.9
1,pkg-040320,1.0.0
1,pkg-040321,2.1.1
1,pkg-040322,3.2.2
1,pkg-040323,4.3.3
1,pkg-040324,5.4.4
1,pkg-040325,6.5.5
1,pkg-040326,7.6.6
1,pkg-040327,8.7.7
1,pkg-040328,9.8.8
1,pkg-040329,1.9.9
1,pkg-040330,2.10.0
1,pkg-040331,3.11.1
1,pkg-040332,4.12.2
1,pkg-040333,5.13.3
1,pkg-040334,6.14.4
1,pkg-040335,7.15.5
1,pkg-040336,8.16.6
1,pkg-040337,9.17.7
1,pkg-040338,1.18.8
1,pkg-040339,2.19.9
1,pkg-040340,3.0.0
1,pkg-040341,4.1.1
1,pkg-040342,5.2.2
1,pkg-040343,6.3.3
1,pkg-040344,7.4.4
1,pkg-040345,8.5.5
1,pkg-040346,9.6.6
1,pkg-040347,1.7.7
1,pkg-040348,2.8.8
1,pkg-040349,3.9.9
1,pkg-040350,4.10.0
1,pkg-040351,5.11.1
1,pkg-040352,6.12.2
1,pkg-040353,7.13.3
1,pkg-040354,8.14.4
1,pkg-040355,9.15.5
1,pkg-040356,1.16.6
1,pkg-040357,2.17.7
1,pkg-040358,3.18.8
1,pkg-040359,4.19.9
1,pkg-040360,5.0.0
1,pkg-040361,6.1.1
1,pkg-040362,7.2.2
1,pkg-040363,8.3.3
1,pkg-040364,9.4.4
1,pkg-040365,1.5.5
1,pkg-040366,2.6.6
1,pkg-040367,3.7.7
1,pkg-040368,4.8.8
1,pkg-040369,5.9.9
1,pkg-040370,6.10.0
1,pkg-040371,7.11.1
1,pkg-040372,8.12.2
1,pkg-040373,9.13.3
1,pkg-040374,1.14.4
1,pkg-040375,2.15.5
1,pkg-040376,3.16.6
1,pkg-040377,4.17.7
1,pkg-040378,5.18.8
1,pkg-040379,6.19.9
1,pkg-040380,7.0.0
1,pkg-040381,8.1.1
1,pkg-040382,9.2.2
1,pkg-040383,1.3.3
1,pkg-040384,2.4.4
1,pkg-040385,3.5.5
1,pkg-040386,4.6.6
1,pkg-040387,5.7.7
1,pkg-040388,6.8.8
1,pkg-040389,7.9.9
1,pkg-040390,8.10.0
1,pkg-040391,9.11.1
1,pkg-040392,1.12.2
1,pkg-040393,2.13.3
1,pkg-040394,3.14.4
1,pkg-040395,4.15.5
1,pkg-040396,5.16.6
1,pkg-040397,6.17.7
1,pkg-040398,7.18.8
1,pkg-040399,8.19.9
1,pkg-040400,9.0.0
1,pkg-040401,1.1.1
1,pkg-040402,2.2.2
1,pkg-040403,3.3.3
1,pkg-040404,4.4.4
1,pkg-040405,5.5.5
1,pkg-040406,6.6.6
1,pkg-040407,7.7.7
1,pkg-040408,8.8.8
1,pkg-040409,9.9.9
1,pkg-040410,1.10.0
1,pkg-040411,2.11.1
1,pkg-040412,3.12.2
1,pkg-040413,4.13.3
1,pkg-040414,5.14.4
1,pkg-040415,6.15.5
1,pkg-040416,7.16.6
1,pkg-040417,8.17.7
1,pkg-040418,9.18.8
1,pkg-040419,1.19.9
1,pkg-040420,2.0.0
1,pkg-040421,3.1.1
1,pkg-040422,4.2.2
1,pkg-040423,5.3.3
1,pkg-040424,6.4.4
1,pkg-040425,7.5.5
1,pkg-040426,8.6.6
1,pkg-040427,9.7.7
1,pkg-040428,1.8.8
1,pkg-040429,2.9.9
1,pkg-040430,3.10.0
1,pkg-040431,4.11.1
1,pkg-040432,5.12.2
1,pkg-040433,6.13.3
1,pkg-040434,7.14.4
1,pkg-040435,8.15.5
1,pkg-040436,9.16.6
1,pkg-040437,1.17.7
1,pkg-040438,2.18.8
1,pkg-040439,3.19.9
1,pkg-040440,4.0.0
1,pkg-040441,5.1.1
1,pkg-040442,6.2.2
1,pkg-040443,7.3.3
1,pkg-040444,8.4.4
1,pkg-040445,9.5.5
1,pkg-040446,1.6.6
1,pkg-040447,2.7.7
1,pkg-040448,3.8.8
1,pkg-040449,4.9.9
1,pkg-040450,5.10.0
1,pkg-040451,6.11.1
1,pkg-040452,7.12.2
1,pkg-040453,8.13.3
1,pkg-040454,9.14.4
1,pkg-040455,1.15.5
1,pkg-040456,2.16.6
1,pkg-040457,3.17.7
1,pkg-040458,4.18.8
1,pkg-040459,5.19.9
1,pkg-040460,6.0.0
1,pkg-040461,7.1.1
1,pkg-040462,8.2.2
1,pkg-040463,9.3.3
1,pkg-040464,1.4.4
1,pkg-040465,2.5.5
1,pkg-040466,3.6.6
1,pkg-040467,4.7.7
1,pkg-040468,5.8.8
1,pkg-040469,6.9.9
1,pkg-040470,7.10.0
1,pkg-040471,8.11.1
1,pkg-040472,9.12.2
1,pkg-040473,1.13.3
1,pkg-040474,2.14.4
1,pkg-040475,3.15.5
1,pkg-040476,4.16.6
1,pkg-040477,5.17.7
1,pkg-040478,6.18.8
1,pkg-040479,7.19.9
1,pkg-040480,8.0.0
1,pkg-040481,9.1.1
1,pkg-040482,1.2.2
1,pkg-040483,2.3.3
1,pkg-040484,3.4.4
1,pkg-040485,4.5.5
1,pkg-040486,5.6.6
1,pkg-040487,6.7.7
1,pkg-040488,7.8.8
1,pkg-040489,8.9.9
1,pkg-040490,9.10.0
1,pkg-040491,1.11.1
1,pkg-040492,2.12.2
1,pkg-040493,3.13.3
1,pkg-040494,4.14.4
1,pkg-040495,5.15.5
1,pkg-040496,6.16.6
1,pkg-040497,7.17.7
1,pkg-040498,8.18.8
1,pkg-040499,9.19.9
1,pkg-040500,1.0.0
1,pkg-040501,2.1.1
1,pkg-040502,3.2.2
1,pkg-040503,4.3.3
1,pkg-040504,5.4.4
1,pkg-040505,6.5.5
1,pkg-040506,7.6.6
1,pkg-040507,8.7.7
1,pkg-040508,9.8.8
1,pkg-040509,1.9.9
1,pkg-040510,2.10.0
1,pkg-040511,3.11.1
1,pkg-040512,4.12.2
1,pkg-040513,5.13.3
1,pkg-040514,6.14.4
1,pkg-040515,7.15.5
1,pkg-040516,8.16.6
1,pkg-040517,9.17.7
1,pkg-040518,1.18.8
1,pkg-040519,2.19.9
1,pkg-040520,3.0.0
1,pkg-040521,4.1.1
1,pkg-040522,5.2.2
1,pkg-040523,6.3.3
1,pkg-040524,7.4.4
1,pkg-040525,8.5.5
1,pkg-040526,9.6.6
1,pkg-040527,1.7.7
1,pkg-040528,2.8.8
1,pkg-040529,3.9.9
1,pkg-040530,4.10.0
1,pkg-040531,5.11.1
1,pkg-040532,6.12.2
1,pkg-040533,7.13.3
1,pkg-040534,8.14.4
1,pkg-040535,9.15.5
1,pkg-040536,1.16.6
1,pkg-040537,2.17.7
1,pkg-040538,3.18.8
1,pkg-040539,4.19.9
1,pkg-040540,5.0.0
1,pkg-040541,6.1.1
1,pkg-040542,7.2.2
1,pkg-040543,8.3.3
1,pkg-040544,9.4.4
1,pkg-040545,1.5.5
1,pkg-040546,2.6.6
1,pkg-040547,3.7.7
1,pkg-040548,4.8.8
1,pkg-040549,5.9.9
1,pkg-040550,6.10.0
1,pkg-040551,7.11.1
1,pkg-040552,8.12.2
1,pkg-040553,9.13.3
1,pkg-040554,1.14.4
1,pkg-040555,2.15.5
1,pkg-040556,3.16.6
1,pkg-040557,4.17.7
1,pkg-040558,5.18.8
1,pkg-040559,6.19.9
1,pkg-040560,7.0.0
1,pkg-040561,8.1.1
1,pkg-040562,9.2.2
1,pkg-040563,1.3.3
1,pkg-040564,2.4.4
1,pkg-040565,3.5.5
1,pkg-040566,4.6.6
1,pkg-040567,5.7.7
1,pkg-040568,6.8.8
1,pkg-040569,7.9.9
1,pkg-040570,8.10.0
1,pkg-040571,9.11.1
1,pkg-040572,1.12.2
1,pkg-040573,2.13.3
1,pkg-040574,3.14.4
1,pkg-040575,4.15.5
1,pkg-040576,5.16.6
1,pkg-040577,6.17.7
1,pkg-040578,7.18.8
1,pkg-040579,8.19.9
1,pkg-040580,9.0.0
1,pkg-040581,1.1.1
1,pkg-040582,2.2.2
1,pkg-040583,3.3.3
1,pkg-040584,4.4.4
1,pkg-040585,5.5.5
1,pkg-040586,6.6.6
1,pkg-040587,7.7.7
1,pkg-040588,8.8.8
1,pkg-040589,9.9.9
1,pkg-040590,1.10.0
1,pkg-040591,2.11.1
1,pkg-040592,3.12.2
1,pkg-040593,4.13.3
1,pkg-040594,5.14.4
1,pkg-040595,6.15.5
1,pkg-040596,7.16.6
1,pkg-040597,8.17.7
1,pkg-040598,9.18.8
1,pkg-040599,1.19.9
1,pkg-040600,2.0.0
1,pkg-040601,3.1.1
1,pkg-040602,4.2.2
1,pkg-040603,5.3.3
1,pkg-040604,6.4.4
1,pkg-040605,7.5.5
1,pkg-040606,8.6.6
1,pkg-040607,9.7.7
1,pkg-040608,1.8.8
1,pkg-040609,2.9.9
1,pkg-040610,3.10.0
1,pkg-040611,4.11.1
1,pkg-040612,5.12.2
1,pkg-040613,6.13.3
1,pkg-040614,7.14.4
1,pkg-040615,8.15.5
1,pkg-040616,9.16.6
1,pkg-040617,1.17.7
1,pkg-040618,2.18.8
1,pkg-040619,3.19.9
1,pkg-040620,4.0.0
1,pkg-040621,5.1.1
1,pkg-040622,6.2.2
1,pkg-040623,7.3.3
1,pkg-040624,8.4.4
1,pkg-040625,9.5.5
1,pkg-040626,1.6.6
1,pkg-040627,2.7.7
1,pkg-040628,3.8.8
1,pkg-040629,4.9.9
1,pkg-040630,5.10.0
1,pkg-040631,6.11.1
1,pkg-040632,7.12.2
1,pkg-040633,8.13.3
1,pkg-040634,9.14.4
1,pkg-040635,1.15.5
1,pkg-040636,2.16.6
1,pkg-040637,3.17.7
1,pkg-040638,4.18.8
1,pkg-040639,5.19.9
1,pkg-040640,6.0.0
1,pkg-040641,7.1.1
1,pkg-040642,8.2.2
1,pkg-040643,9.3.3
1,pkg-040644,1.4.4
1,pkg-040645,2.5.5
1,pkg-040646,3.6.6
1,pkg-040647,4.7.7
1,pkg-040648,5.8.8
1,pkg-040649,6.9.9
1,pkg-040650,7.10.0
1,pkg-040651,8.11.1
1,pkg-040652,9.12.2
1,pkg-040653,1.13.3
1,pkg-040654,2.14.4
1,pkg-040655,3.15.5
1,pkg-040656,4.16.6
1,pkg-040657,5.17.7
1,pkg-040658,6.18.8
1,pkg-040659,7.19.9
1,pkg-040660,8.0.0
1,pkg-040661,9.1.1
1,pkg-040662,1.2.2
1,pkg-040663,2.3.3
1,pkg-040664,3.4.4
1,pkg-040665,4.5.5
1,pkg-040666,5.6.6
1,pkg-040667,6.7.7
1,pkg-040668,7.8.8
1,pkg-040669,8.9.9
1,pkg-040670,9.10.0
1,pkg-040671,1.11.1
1,pkg-040672,2.12.2
1,pkg-040673,3.13.3
1,pkg-040674,4.14.4
1,pkg-040675,5.15.5
1,pkg-040676,6.16.6
1,pkg-040677,7.17.7
1,pkg-040678,8.18.8
1,pkg-040679,9.19.9
1,pkg-040680,1.0.0
1,pkg-040681,2.1.1
1,pkg-040682,3.2.2
1,pkg-040683,4.3.3
1,pkg-040684,5.4.4
1,pkg-040685,6.5.5
1,pkg-040686,7.6.6
1,pkg-040687,8.7.7
1,pkg-040688,9.8.8
1,pkg-040689,1.9.9
1,pkg-040690,2.10.0
1,pkg-040691,3.11.1
1,pkg-040692,4.12.2
1,pkg-040693,5.13.3
1,pkg-040694,6.14.4
1,pkg-040695,7.15.5
1,pkg-040696,8.16.6
1,pkg-040697,9.17.7
1,pkg-040698,1.18.8
1,pkg-040699,2.19.9
1,pkg-040700,3.0.0
1,pkg-040701,4.1.1
1,pkg-040702,5.2.2
1,pkg-040703,6.3.3
1,pkg-040704,7.4.4
1,pkg-040705,8.5.5
1,pkg-040706,9.6.6
1,pkg-040707,1.7.7
1,pkg-040708,2.8.8
1,pkg-040709,3.9.9
1,pkg-040710,4.10.0
1,pkg-040711,5.11.1
1,pkg-040712,6.12.2
1,pkg-040713,7.13.3
1,pkg-040714,8.14.4
1,pkg-040715,9.15.5
1,pkg-040716,1.16.6
1,pkg-040717,2.17.7
1,pkg-040718,3.18.8
1,pkg-040719,4.19.9
1,pkg-040720,5.0.0
1,pkg-040721,6.1.1
1,pkg-040722,7.2.2
1,pkg-040723,8.3.3
1,pkg-040724,9.4.4
1,pkg-040725,1.5.5
1,pkg-040726,2.6.6
1,pkg-040727,3.7.7
1,pkg-040728,4.8.8
1,pkg-040729,5.9.9
1,pkg-040730,6.10.0
1,pkg-040731,7.11.1
1,pkg-040732,8.12.2
1,pkg-040733,9.13.3
1,pkg-040734,1.14.4
1,pkg-040735,2.15.5
1,pkg-040736,3.16.6
1,pkg-040737,4.17.7
1,pkg-040738,5.18.8
1,pkg-040739,6.19.9
1,pkg-040740,7.0.0
1,pkg-040741,8.1.1
1,pkg-040742,9.2.2
1,pkg-040743,1.3.3
1,pkg-040744,2.4.4
1,pkg-040745,3.5.5
1,pkg-040746,4.6.6
1,pkg-040747,5.7.7
1,pkg-040748,6.8.8
1,pkg-040749,7.9.9
1,pkg-040750,8.10.0
1,pkg-040751,9.11.1
1,pkg-040752,1.12.2
1,pkg-040753,2.13.3
1,pkg-040754,3.14.4
1,pkg-040755,4.15.5
1,pkg-040756,5.16.6
1,pkg-040757,6.17.7
1,pkg-040758,7.18.8
1,pkg-040759,8.19.9
1,pkg-040760,9.0.0
1,pkg-040761,1.1.1
1,pkg-040762,2.2.2
1,pkg-040763,3.3.3
1,pkg-040764,4.4.4
1,pkg-040765,5.5.5
1,pkg-040766,6.6.6
1,pkg-040767,7.7.7
1,pkg-040768,8.8.8
1,pkg-040769,9.9.9
1,pkg-040770,1.10.0
1,pkg-040771,2.11.1
1,pkg-040772,3.12.2
1,pkg-040773,4.13.3
1,pkg-040774,5.14.4
1,pkg-040775,6.15.5
1,pkg-040776,7.16.6
1,pkg-040777,8.17.7
1,pkg-040778,9.18.8
1,pkg-040779,1.19.9
1,pkg-040780,2.0.0
1,pkg-040781,3.1.1
1,pkg-040782,4.2.2
1,pkg-040783,5.3.3
1,pkg-040784,6.4.4
1,pkg-040785,7.5.5
1,pkg-040786,8.6.6
1,pkg-040787,9.7.7
1,pkg-040788,1.8.8
1,pkg-040789,2.9.9
1,pkg-040790,3.10.0
1,pkg-040791,4.11.1
1,pkg-040792,5.12.2
1,pkg-040793,6.13.3
1,pkg-040794,7.14.4
1,pkg-040795,8.15.5
1,pkg-040796,9.16.6
1,pkg-040797,1.17.7
1,pkg-040798,2.18.8
1,pkg-040799,3.19.9
1,pkg-040800,4.0.0
1,pkg-040801,5.1.1
1,pkg-040802,6.2.2
1,pkg-040803,7.3.3
1,pkg-040804,8.4.4
1,pkg-040805,9.5.5
1,pkg-040806,1.6.6
1,pkg-040807,2.7.7
1,pkg-040808,3.8.8
1,pkg-040809,4.9.9
1,pkg-040810,5.10.0
1,pkg-040811,6.11.1
1,pkg-040812,7.12.2
1,pkg-040813,8.13.3
1,pkg-040814,9.14.4
1,pkg-040815,1.15.5
1,pkg-040816,2.16.6
1,pkg-040817,3.17.7
1,pkg-040818,4.18.8
1,pkg-040819,5.19.9
1,pkg-040820,6.0.0
1,pkg-040821,7.1.1
1,pkg-040822,8.2.2
1,pkg-040823,9.3.3
1,pkg-040824,1.4.4
1,pkg-040825,2.5.5
1,pkg-040826,3.6.6
1,pkg-040827,4.7.7
1,pkg-040828,5.8.8
1,pkg-040829,6.9.9
1,pkg-040830,7.10.0
1,pkg-040831,8.11.1
1,pkg-040832,9.12.2
1,pkg-040833,1.13.3
1,pkg-040834,2.14.4
1,pkg-040835,3.15.5
1,pkg-040836,4.16.6
1,pkg-040837,5.17.7
1,pkg-040838,6.18.8
1,pkg-040839,7.19.9
1,pkg-040840,8.0.0
1,pkg-040841,9.1.1
1,pkg-040842,1.2.2
1,pkg-040843,2.3.3
1,pkg-040844,3.4.4
1,pkg-040845,4.5.5
1,pkg-040846,5.6.6
1,pkg-040847,6.7.7
1,pkg-040848,7.8.8
1,pkg-040849,8.9.9
1,pkg-040850,9.10.0
1,pkg-040851,1.11.1
1,pkg-040852,2.12.2
1,pkg-040853,3.13.3
1,pkg-040854,4.14.4
1,pkg-040855,5.15.5
1,pkg-040856,6.16.6
1,pkg-040857,7.17.7
1,pkg-040858,8.18.8
1,pkg-040859,9.19.9
1,pkg-040860,1.0.0
1,pkg-040861,2.1.1
1,pkg-040862,3.2.2
1,pkg-040863,4.3.3
1,pkg-040864,5.4.4
1,pkg-040865,6.5.5
1,pkg-040866,7.6.6
1,pkg-040867,8.7.7
1,pkg-040868,9.8.8
1,pkg-040869,1.9.9
1,pkg-040870,2.10.0
1,pkg-040871,3.11.1
1,pkg-040872,4.12.2
1,pkg-040873,5.13.3
1,pkg-040874,6.14.4
1,pkg-040875,7.15.5
1,pkg-040876,8.16.6
1,pkg-040877,9.17.7
1,pkg-040878,1.18.8
1,pkg-040879,2.19.9
1,pkg-040880,3.0.0
1,pkg-040881,4.1.1
1,pkg-040882,5.2.2
1,pkg-040883,6.3.3
1,pkg-040884,7.4.4
1,pkg-040885,8.5.5
1,pkg-040886,9.6.6
1,pkg-040887,1.7.7
1,pkg-040888,2.8.8
1,pkg-040889,3.9.9
1,pkg-040890,4.10.0
1,pkg-040891,5.11.1
1,pkg-040892,6.12.2
1,pkg-040893,7.13.3
1,pkg-040894,8.14.4
1,pkg-040895,9.15.5
1,pkg-040896,1.16.6
1,pkg-040897,2.17.7
1,pkg-040898,3.18.8
1,pkg-040899,4.19.9
1,pkg-040900,5.0.0
1,pkg-040901,6.1.1
1,pkg-040902,7.2.2
1,pkg-040903,8.3.3
1,pkg-040904,9.4.4
1,pkg-040905,1.5.5
1,pkg-040906,2.6.6
1,pkg-040907,3.7.7
1,pkg-040908,4.8.8
1,pkg-040909,5.9.9
1,pkg-040910,6.10.0
1,pkg-040911,7.11.1
1,pkg-040912,8.12.2
1,pkg-040913,9.13.3
1,pkg-040914,1.14.4
1,pkg-040915,2.15.5
1,pkg-040916,3.16.6
1,pkg-040917,4.17.7
1,pkg-040918,5.18.8
1,pkg-040919,6.19.9
1,pkg-040920,7.0.0
1,pkg-040921,8.1.1
1,pkg-040922,9.2.2
1,pkg-040923,1.3.3
1,pkg-040924,2.4.4
1,pkg-040925,3.5.5
1,pkg-040926,4.6.6
1,pkg-040927,5.7.7
1,pkg-040928,6.8.8
1,pkg-040929,7.9.9
1,pkg-040930,8.10.0
1,pkg-040931,9.11.1
1,pkg-040932,1.12.2
1,pkg-040933,2.13.3
1,pkg-040934,3.14.4
1,pkg-040935,4.15.5
1,pkg-040936,5.16.6
1,pkg-040937,6.17.7
1,pkg-040938,7.18.8
1,pkg-040939,8.19.9
1,pkg-040940,9.0.0
1,pkg-040941,1.1.1
1,pkg-040942,2.2.2
1,pkg-040943,3.3.3
1,pkg-040944,4.4.4
1,pkg-040945,5.5.5
1,pkg-040946,6.6.6
1,pkg-040947,7.7.7
1,pkg-040948,8.8.8
1,pkg-040949,9.9.9
1,pkg-040950,1.10.0
1,pkg-040951,2.11.1
1,pkg-040952,3.12.2
1,pkg-040953,4.13.3
1,pkg-040954,5.14.4
1,pkg-040955,6.15.5
1,pkg-040956,7.16.6
1,pkg-040957,8.17.7
1,pkg-040958,9.18.8
1,pkg-040959,1.19.9
1,pkg-040960,2.0.0
1,pkg-040961,3.1.1
1,pkg-040962,4.2.2
1,pkg-040963,5.3.3
1,pkg-040964,6.4.4
1,pkg-040965,7.5.5
1,pkg-040966,8.6.6
1,pkg-040967,9.7.7
1,pkg-040968,1.8.8
1,pkg-040969,2.9.9
1,pkg-040970,3.10.0
1,pkg-040971,4.11.1
1,pkg-040972,5.12.2
1,pkg-040973,6.13.3
1,pkg-040974,7.14.4
1,pkg-040975,8.15.5
1,pkg-040976,9.16.6
1,pkg-040977,1.17.7
1,pkg-040978,2.18.8
1,pkg-040979,3.19.9
1,pkg-040980,4.0.0
1,pkg-040981,5.1.1
1,pkg-040982,6.2.2
1,pkg-040983,7.3.3
1,pkg-040984,8.4.4
1,pkg-040985,9.5.5
1,pkg-040986,1.6.6
1,pkg-040987,2.7.7
1,pkg-040988,3.8.8
1,pkg-040989,4.9.9
1,pkg-040990,5.10.0
1,pkg-040991,6.11.1
1,pkg-040992,7.12.2
1,pkg-040993,8.13.3
1,pkg-040994,9.14.4
1,pkg-040995,1.15.5
1,pkg-040996,2.16.6
1,pkg-040997,3.17.7
1,pkg-040998,4.18.8
1,pkg-040999,5.19.9
1,pkg-041000,6.0.0
1,pkg-041001,7.1.1
1,pkg-041002,8.2.2
1,pkg-041003,9.3.3
1,pkg-041004,1.4.4
1,pkg-041005,2.5.5
1,pkg-041006,3.6.6
1,pkg-041007,4.7.7
1,pkg-041008,5.8.8
1,pkg-041009,6.9.9
1,pkg-041010,7.10.0
1,pkg-041011,8.11.1
1,pkg-041012,9.12.2
1,pkg-041013,1.13.3
1,pkg-041014,2.14.4
1,pkg-041015,3.15.5
1,pkg-041016,4.16.6
1,pkg-041017,5.17.7
1,pkg-041018,6.18.8
1,pkg-041019,7.19.9
1,pkg-041020,8.0.0
1,pkg-041021,9.1.1
1,pkg-041022,1.2.2
1,pkg-041023,2.3.3
1,pkg-041024,3.4.4
1,pkg-041025,4.5.5
1,pkg-041026,5.6.6
1,pkg-041027,6.7.7
1,pkg-041028,7.8.8
1,pkg-041029,8.9.9
1,pkg-041030,9.10.0
1,pkg-041031,1.11.1
1,pkg-041032,2.12.2
1,pkg-041033,3.13.3
1,pkg-041034,4.14.4
1,pkg-041035,5.15.5
1,pkg-041036,6.16.6
1,pkg-041037,7.17.7
1,pkg-041038,8.18.8
1,pkg-041039,9.19.9
1,pkg-041040,1.0.0
1,pkg-041041,2.1.1
1,pkg-041042,3.2.2
1,pkg-041043,4.3.3
1,pkg-041044,5.4.4
1,pkg-041045,6.5.5
1,pkg-041046,7.6.6
1,pkg-041047,8.7.7
1,pkg-041048,9.8.8
1,pkg-041049,1.9.9
1,pkg-041050,2.10.0
1,pkg-041051,3.11.1
1,pkg-041052,4.12.2
1,pkg-041053,5.13.3
1,pkg-041054,6.14.4
1,pkg-041055,7.15.5
1,pkg-041056,8.16.6
1,pkg-041057,9.17.7
1,pkg-041058,1.18.8
1,pkg-041059,2.19.9
1,pkg-041060,3.0.0
1,pkg-041061,4.1.1
1,pkg-041062,5.2.2
1,pkg-041063,6.3.3
1,pkg-041064,7.4.4
1,pkg-041065,8.5.5
1,pkg-041066,9.6.6
1,pkg-041067,1.7.7
1,pkg-041068,2.8.8
1,pkg-041069,3.9.9
1,pkg-041070,4.10.0
1,pkg-041071,5.11.1
1,pkg-041072,6.12.2
1,pkg-041073,7.13.3
1,pkg-041074,8.14.4
1,pkg-041075,9.15.5
1,pkg-041076,1.16.6
1,pkg-041077,2.17.7
1,pkg-041078,3.18.8
1,pkg-041079,4.19.9
1,pkg-041080,5.0.0
1,pkg-041081,6.1.1
1,pkg-041082,7.2.2
1,pkg-041083,8.3.3
1,pkg-041084,9.4.4
1,pkg-041085,1.5.5
1,pkg-041086,2.6.6
1,pkg-041087,3.7.7
1,pkg-041088,4.8.8
1,pkg-041089,5.9.9
1,pkg-041090,6.10.0
1,pkg-041091,7.11.1
1,pkg-041092,8.12.2
1,pkg-041093,9.13.3
1,pkg-041094,1.14.4
1,pkg-041095,2.15.5
1,pkg-041096,3.16.6
1,pkg-041097,4.17.7
1,pkg-041098,5.18.8
1,pkg-041099,6.19.9
1,pkg-041100,7.0.0
1,pkg-041101,8.1.1
1,pkg-041102,9.2.2
1,pkg-041103,1.3.3
1,pkg-041104,2.4.4
1,pkg-041105,3.5.5
1,pkg-041106,4.6.6
1,pkg-041107,5.7.7
1,pkg-041108,6.8.8
1,pkg-041109,7.9.9
1,pkg-041110,8.10.0
1,pkg-041111,9.11.1
1,pkg-041112,1.12.2
1,pkg-041113,2.13.3
1,pkg-041114,3.14.4
1,pkg-041115,4.15.5
1,pkg-041116,5.16.6
1,pkg-041117,6.17.7
1,pkg-041118,7.18.8
1,pkg-041119,8.19.9
1,pkg-041120,9.0.0
1,pkg-041121,1.1.1
1,pkg-041122,2.2.2
1,pkg-041123,3.3.3
1,pkg-041124,4.4.4
1,pkg-041125,5.5.5
1,pkg-041126,6.6.6
1,pkg-041127,7.7.7
1,pkg-041128,8.8.8
1,pkg-041129,9.9.9
1,pkg-041130,1.10.0
1,pkg-041131,2.11.1
1,pkg-041132,3.12.2
1,pkg-041133,4.13.3
1,pkg-041134,5.14.4
1,pkg-041135,6.15.5
1,pkg-041136,7.16.6
1,pkg-041137,8.17.7
1,pkg-041138,9.18.8
1,pkg-041139,1.19.9
1,pkg-041140,2.0.0
1,pkg-041141,3.1.1
1,pkg-041142,4.2.2
1,pkg-041143,5.3.3
1,pkg-041144,6.4.4
1,pkg-041145,7.5.5
1,pkg-041146,8.6.6
1,pkg-041147,9.7.7
1,pkg-041148,1.8.8
1,pkg-041149,2.9.9
1,pkg-041150,3.10.0
1,pkg-041151,4.11.1
1,pkg-041152,5.12.2
1,pkg-041153,6.13.3
1,pkg-041154,7.14.4
1,pkg-041155,8.15.5
1,pkg-041156,9.16.6
1,pkg-041157,1.17.7
1,pkg-041158,2.18.8
1,pkg-041159,3.19.9
1,pkg-041160,4.0.0
1,pkg-041161,5.1.1
1,pkg-041162,6.2.2
1,pkg-041163,7.3.3
1,pkg-041164,8.4.4
1,pkg-041165,9.5.5
1,pkg-041166,1.6.6
1,pkg-041167,2.7.7
1,pkg-041168,3.8.8
1,pkg-041169,4.9.9
1,pkg-041170,5.10.0
1,pkg-041171,6.11.1
1,pkg-041172,7.12.2
1,pkg-041173,8.13.3
1,pkg-041174,9.14.4
1,pkg-041175,1.15.5
1,pkg-041176,2.16.6
1,pkg-041177,3.17.7
1,pkg-041178,4.18.8
1,pkg-041179,5.19.9
1,pkg-041180,6.0.0
1,pkg-041181,7.1.1
1,pkg-041182,8.2.2
1,pkg-041183,9.3.3
1,pkg-041184,1.4.4
1,pkg-041185,2.5.5
1,pkg-041186,3.6.6
1,pkg-041187,4.7.7
1,pkg-041188,5.8.8
1,pkg-041189,6.9.9
1,pkg-041190,7.10.0
1,pkg-041191,8.11.1
1,pkg-041192,9.12.2
1,pkg-041193,1.13.3
1,pkg-041194,2.14.4
1,pkg-041195,3.15.5
1,pkg-041196,4.16.6
1,pkg-041197,5.17.7
1,pkg-041198,6.18.8
1,pkg-041199,7.19.9
1,pkg-041200,8.0.0
1,pkg-041201,9.1.1
1,pkg-041202,1.2.2
1,pkg-041203,2.3.3
1,pkg-041204,3.4.4
1,pkg-041205,4.5.5
1,pkg-041206,5.6.6
1,pkg-041207,6.7.7
1,pkg-041208,7.8.8
1,pkg-041209,8.9.9
1,pkg-041210,9.10.0
1,pkg-041211,1.11.1
1,pkg-041212,2.12.2
1,pkg-041213,3.13.3
1,pkg-041214,4.14.4
1,pkg-041215,5.15.5
1,pkg-041216,6.16.6
1,pkg-041217,7.17.7
1,pkg-041218,8.18.8
1,pkg-041219,9.19.9
1,pkg-041220,1.0.0
1,pkg-041221,2.1.1
1,pkg-041222,3.2.2
1,pkg-041223,4.3.3
1,pkg-041224,5.4.4
1,pkg-041225,6.5.5
1,pkg-041226,7.6.6
1,pkg-041227,8.7.7
1,pkg-041228,9.8.8
1,pkg-041229,1.9.9
1,pkg-041230,2.10.0
1,pkg-041231,3.11.1
1,pkg-041232,4.12.2
1,pkg-041233,5.13.3
1,pkg-041234,6.14.4
1,pkg-041235,7.15.5
1,pkg-041236,8.16.6
1,pkg-041237,9.17.7
1,pkg-041238,1.18.8
1,pkg-041239,2.19.9
1,pkg-041240,3.0.0
1,pkg-041241,4.1.1
1,pkg-041242,5.2.2
1,pkg-041243,6.3.3
1,pkg-041244,7.4.4
1,pkg-041245,8.5.5
1,pkg-041246,9.6.6
1,pkg-041247,1.7.7
1,pkg-041248,2.8.8
1,pkg-041249,3.9.9
1,pkg-041250,4.10.0
1,pkg-041251,5.11.1
1,pkg-041252,6.12.2
1,pkg-041253,7.13.3
1,pkg-041254,8.14.4
1,pkg-041255,9.15.5
1,pkg-041256,1.16.6
1,pkg-041257,2.17.7
1,pkg-041258,3.18.8
1,pkg-041259,4.19.9
1,pkg-041260,5.0.0
1,pkg-041261,6.1.1
1,pkg-041262,7.2.2
1,pkg-041263,8.3.3
1,pkg-041264,9.4.4
1,pkg-041265,1.5.5
1,pkg-041266,2.6.6
1,pkg-041267,3.7.7
1,pkg-041268,4.8.8
1,pkg-041269,5.9.9
1,pkg-041270,6.10.0
1,pkg-041271,7.11.1
1,pkg-041272,8.12.2
1,pkg-041273,9.13.3
1,pkg-041274,1.14.4
1,pkg-041275,2.15.5
1,pkg-041276,3.16.6
1,pkg-041277,4.17.7
1,pkg-041278,5.18.8
1,pkg-041279,6.19.9
1,pkg-041280,7.0.0
1,pkg-041281,8.1.1
1,pkg-041282,9.2.2
1,pkg-041283,1.3.3
1,pkg-041284,2.4.4
1,pkg-041285,3.5.5
1,pkg-041286,4.6.6
1,pkg-041287,5.7.7
1,pkg-041288,6.8.8
1,pkg-041289,7.9.9
1,pkg-041290,8.10.0
1,pkg-041291,9.11.1
1,pkg-041292,1.12.2
1,pkg-041293,2.13.3
1,pkg-041294,3.14.4
1,pkg-041295,4.15.5
1,pkg-041296,5.16.6
1,pkg-041297,6.17.7
1,pkg-041298,7.18.8
1,pkg-041299,8.19.9
1,pkg-041300,9.0.0
1,pkg-041301,1.1.1
1,pkg-041302,2.2.2
1,pkg-041303,3.3.3
1,pkg-041304,4.4.4
1,pkg-041305,5.5.5
1,pkg-041306,6.6.6
1,pkg-041307,7.7.7
1,pkg-041308,8.8.8
1,pkg-041309,9.9.9
1,pkg-041310,1.10.0
1,pkg-041311,2.11.1
1,pkg-041312,3.12.2
1,pkg-041313,4.13.3
1,pkg-041314,5.14.4
1,pkg-041315,6.15.5
1,pkg-041316,7.16.6
1,pkg-041317,8.17.7
1,pkg-041318,9.18.8
1,pkg-041319,1.19.9
1,pkg-041320,2.0.0
1,pkg-041321,3.1.1
1,pkg-041322,4.2.2
1,pkg-041323,5.3.3
1,pkg-041324,6.4.4
1,pkg-041325,7.5.5
1,pkg-041326,8.6.6
1,pkg-041327,9.7.7
1,pkg-041328,1.8.8
1,pkg-041329,2.9.9
1,pkg-041330,3.10.0
1,pkg-041331,4.11.1
1,pkg-041332,5.12.2
1,pkg-041333,6.13.3
1,pkg-041334,7.14.4
1,pkg-041335,8.15.5
1,pkg-041336,9.16.6
1,pkg-041337,1.17.7
1,pkg-041338,2.18.8
1,pkg-041339,3.19.9
1,pkg-041340,4.0.0
1,pkg-041341,5.1.1
1,pkg-041342,6.2.2
1,pkg-041343,7.3.3
1,pkg-041344,8.4.4
1,pkg-041345,9.5.5
1,pkg-041346,1.6.6
1,pkg-041347,2.7.7
1,pkg-041348,3.8.8
1,pkg-041349,4.9.9
1,pkg-041350,5.10.0
1,pkg-041351,6.11.1
1,pkg-041352,7.12.2
1,pkg-041353,8.13.3
1,pkg-041354,9.14.4
1,pkg-041355,1.15.5
1,pkg-041356,2.16.6
1,pkg-041357,3.17.7
1,pkg-041358,4.18.8
1,pkg-041359,5.19.9
1,pkg-041360,6.0.0
1,pkg-041361,7.1.1
1,pkg-041362,8.2.2
1,pkg-041363,9.3.3
1,pkg-041364,1.4.4
1,pkg-041365,2.5.5
1,pkg-041366,3.6.6
1,pkg-041367,4.7.7
1,pkg-041368,5.8.8
1,pkg-041369,6.9.9
1,pkg-041370,7.10.0
1,pkg-041371,8.11.1
1,pkg-041372,9.12.2
1,pkg-041373,1.13.3
1,pkg-041374,2.14.4
1,pkg-041375,3.15.5
1,pkg-041376,4.16.6
1,pkg-041377,5.17.7
1,pkg-041378,6.18.8
1,pkg-041379,7.19.9
1,pkg-041380,8.0.0
1,pkg-041381,9.1.1
1,pkg-041382,1.2.2
1,pkg-041383,2.3.3
1,pkg-041384,3.4.4
1,pkg-041385,4.5.5
1,pkg-041386,5.6.6
1,pkg-041387,6.7.7
1,pkg-041388,7.8.8
1,pkg-041389,8.9.9
1,pkg-041390,9.10.0
1,pkg-041391,1.11.1
1,pkg-041392,2.12.2
1,pkg-041393,3.13.3
1,pkg-041394,4.14.4
1,pkg-041395,5.15.5
1,pkg-041396,6.16.6
1,pkg-041397,7.17.7
1,pkg-041398,8.18.8
1,pkg-041399,9.19.9
1,pkg-041400,1.0.0
1,pkg-041401,2.1.1
1,pkg-041402,3.2.2
1,pkg-041403,4.3.3
1,pkg-041404,5.4.4
1,pkg-041405,6.5.5
1,pkg-041406,7.6.6
1,pkg-041407,8.7.7
1,pkg-041408,9.8.8
1,pkg-041409,1.9.9
1,pkg-041410,2.10.0
1,pkg-041411,3.11.1
1,pkg-041412,4.12.2
1,pkg-041413,5.13.3
1,pkg-041414,6.14.4
1,pkg-041415,7.15.5
1,pkg-041416,8.16.6
1,pkg-041417,9.17.7
1,pkg-041418,1.18.8
1,pkg-041419,2.19.9
1,pkg-041420,3.0.0
1,pkg-041421,4.1.1
1,pkg-041422,5.2.2
1,pkg-041423,6.3.3
1,pkg-041424,7.4.4
1,pkg-041425,8.5.5
1,pkg-041426,9.6.6
1,pkg-041427,1.7.7
1,pkg-041428,2.8.8
1,pkg-041429,3.9.9
1,pkg-041430,4.10.0
1,pkg-041431,5.11.1
1,pkg-041432,6.12.2
1,pkg-041433,7.13.3
1,pkg-041434,8.14.4
1,pkg-041435,9.15.5
1,pkg-041436,1.16.6
1,pkg-041437,2.17.7
1,pkg-041438,3.18.8
1,pkg-041439,4.19.9
1,pkg-041440,5.0.0
1,pkg-041441,6.1.1
1,pkg-041442,7.2.2
1,pkg-041443,8.3.3
1,pkg-041444,9.4.4
1,pkg-041445,1.5.5
1,pkg-041446,2.6.6
1,pkg-041447,3.7.7
1,pkg-041448,4.8.8
1,pkg-041449,5.9.9
1,pkg-041450,6.10.0
1,pkg-041451,7.11.1
1,pkg-041452,8.12.2
1,pkg-041453,9.13.3
1,pkg-041454,1.14.4
1,pkg-041455,2.15.5
1,pkg-041456,3.16.6
1,pkg-041457,4.17.7
1,pkg-041458,5.18.8
1,pkg-041459,6.19.9
1,pkg-041460,7.0.0
1,pkg-041461,8.1.1
1,pkg-041462,9.2.2
1,pkg-041463,1.3.3
1,pkg-041464,2.4.4
1,pkg-041465,3.5.5
1,pkg-041466,4.6.6
1,pkg-041467,5.7.7
1,pkg-041468,6.8.8
1,pkg-041469,7.9.9
1,pkg-041470,8.10.0
1,pkg-041471,9.11.1
1,pkg-041472,1.12.2
1,pkg-041473,2.13.3
1,pkg-041474,3.14.4
1,pkg-041475,4.15.5
1,pkg-041476,5.16.6
1,pkg-041477,6.17.7
1,pkg-041478,7.18.8
1,pkg-041479,8.19.9
1,pkg-041480,9.0.0
1,pkg-041481,1.1.1
1,pkg-041482,2.2.2
1,pkg-041483,3.3.3
1,pkg-041484,4.4.4
1,pkg-041485,5.5.5
1,pkg-041486,6.6.6
1,pkg-041487,7.7.7
1,pkg-041488,8.8.8
1,pkg-041489,9.9.9
1,pkg-041490,1.10.0
1,pkg-041491,2.11.1
1,pkg-041492,3.12.2
1,pkg-041493,4.13.3
1,pkg-041494,5.14.4
1,pkg-041495,6.15.5
1,pkg-041496,7.16.6
1,pkg-041497,8.17.7
1,pkg-041498,9.18.8
1,pkg-041499,1.19.9
1,pkg-041500,2.0.0
1,pkg-041501,3.1.1
1,pkg-041502,4.2.2
1,pkg-041503,5.3.3
1,pkg-041504,6.4.4
1,pkg-041505,7.5.5
1,pkg-041506,8.6.6
1,pkg-041507,9.7.7
1,pkg-041508,1.8.8
1,pkg-041509,2.9.9
1,pkg-041510,3.10.0
1,pkg-041511,4.11.1
1,pkg-041512,5.12.2
1,pkg-041513,6.13.3
1,pkg-041514,7.14.4
1,pkg-041515,8.15.5
1,pkg-041516,9.16.6
1,pkg-041517,1.17.7
1,pkg-041518,2.18.8
1,pkg-041519,3.19.9
1,pkg-041520,4.0.0
1,pkg-041521,5.1.1
1,pkg-041522,6.2.2
1,pkg-041523,7.3.3
1,pkg-041524,8.4.4
1,pkg-041525,9.5.5
1,pkg-041526,1.6.6
1,pkg-041527,2.7.7
1,pkg-041528,3.8.8
1,pkg-041529,4.9.9
1,pkg-041530,5.10.0
1,pkg-041531,6.11.1
1,pkg-041532,7.12.2
1,pkg-041533,8.13.3
1,pkg-041534,9.14.4
1,pkg-041535,1.15.5
1,pkg-041536,2.16.6
1,pkg-041537,3.17.7
1,pkg-041538,4.18.8
1,pkg-041539,5.19.9
1,pkg-041540,6.0.0
1,pkg-041541,7.1.1
1,pkg-041542,8.2.2
1,pkg-041543,9.3.3
1,pkg-041544,1.4.4
1,pkg-041545,2.5.5
1,pkg-041546,3.6.6
1,pkg-041547,4.7.7
1,pkg-041548,5.8.8
1,pkg-041549,6.9.9
1,pkg-041550,7.10.0
1,pkg-041551,8.11.1
1,pkg-041552,9.12.2
1,pkg-041553,1.13.3
1,pkg-041554,2.14.4
1,pkg-041555,3.15.5
1,pkg-041556,4.16.6
1,pkg-041557,5.17.7
1,pkg-041558,6.18.8
1,pkg-041559,7.19.9
1,pkg-041560,8.0.0
1,pkg-041561,9.1.1
1,pkg-041562,1.2.2
1,pkg-041563,2.3.3
1,pkg-041564,3.4.4
1,pkg-041565,4.5.5
1,pkg-041566,5.6.6
1,pkg-041567,6.7.7
1,pkg-041568,7.8.8
1,pkg-041569,8.9.9
1,pkg-041570,9.10.0
1,pkg-041571,1.11.1
1,pkg-041572,2.12.2
1,pkg-041573,3.13.3
1,pkg-041574,4.14.4
1,pkg-041575,5.15.5
1,pkg-041576,6.16.6
1,pkg-041577,7.17.7
1,pkg-041578,8.18.8
1,pkg-041579,9.19.9
1,pkg-041580,1.0.0
1,pkg-041581,2.1.1
1,pkg-041582,3.2.2
1,pkg-041583,4.3.3
1,pkg-041584,5.4.4
1,pkg-041585,6.5.5
1,pkg-041586,7.6.6
1,pkg-041587,8.7.7
1,pkg-041588,9.8.8
1,pkg-041589,1.9.9
1,pkg-041590,2.10.0
1,pkg-041591,3.11.1
1,pkg-041592,4.12.2
1,pkg-041593,5.13.3
1,pkg-041594,6.14.4
1,pkg-041595,7.15.5
1,pkg-041596,8.16.6
1,pkg-041597,9.17.7
1,pkg-041598,1.18.8
1,pkg-041599,2.19.9
1,pkg-041600,3.0.0
1,pkg-041601,4.1.1
1,pkg-041602,5.2.2
1,pkg-041603,6.3.3
1,pkg-041604,7.4.4
1,pkg-041605,8.5.5
1,pkg-041606,9.6.6
1,pkg-041607,1.7.7
1,pkg-041608,2.8.8
1,pkg-041609,3.9.9
1,pkg-041610,4.10.0
1,pkg-041611,5.11.1
1,pkg-041612,6.12.2
1,pkg-041613,7.13.3
1,pkg-041614,8.14.4
1,pkg-041615,9.15.5
1,pkg-041616,1.16.6
1,pkg-041617,2.17.7
1,pkg-041618,3.18.8
1,pkg-041619,4.19.9
1,pkg-041620,5.0.0
1,pkg-041621,6.1.1
1,pkg-041622,7.2.2
1,pkg-041623,8.3.3
1,pkg-041624,9.4.4
1,pkg-041625,1.5.5
1,pkg-041626,2.6.6
1,pkg-041627,3.7.7
1,pkg-041628,4.8.8
1,pkg-041629,5.9.9
1,pkg-041630,6.10.0
1,pkg-041631,7.11.1
1,pkg-041632,8.12.2
1,pkg-041633,9.13.3
1,pkg-041634,1.14.4
1,pkg-041635,2.15.5
1,pkg-041636,3.16.6
1,pkg-041637,4.17.7
1,pkg-041638,5.18.8
1,pkg-041639,6.19.9
1,pkg-041640,7.0.0
1,pkg-041641,8.1.1
1,pkg-041642,9.2.2
1,pkg-041643,1.3.3
1,pkg-041644,2.4.4
1,pkg-041645,3.5.5
1,pkg-041646,4.6.6
1,pkg-041647,5.7.7
1,pkg-041648,6.8.8
1,pkg-041649,7.9.9
1,pkg-041650,8.10.0
1,pkg-041651,9.11.1
1,pkg-041652,1.12.2
1,pkg-041653,2.13.3
1,pkg-041654,3.14.4
1,pkg-041655,4.15.5
1,pkg-041656,5.16.6
1,pkg-041657,6.17.7
1,pkg-041658,7.18.8
1,pkg-041659,8.19.9
1,pkg-041660,9.0.0
1,pkg-041661,1.1.1
1,pkg-041662,2.2.2
1,pkg-041663,3.3.3
1,pkg-041664,4.4.4
1,pkg-041665,5.5.5
1,pkg-041666,6.6.6
1,pkg-041667,7.7.7
1,pkg-041668,8.8.8
1,pkg-041669,9.9.9
1,pkg-041670,1.10.0
1,pkg-041671,2.11.1
1,pkg-041672,3.12.2
1,pkg-041673,4.13.3
1,pkg-041674,5.14.4
1,pkg-041675,6.15.5
1,pkg-041676,7.16.6
1,pkg-041677,8.17.7
1,pkg-041678,9.18.8
1,pkg-041679,1.19.9
1,pkg-041680,2.0.0
1,pkg-041681,3.1.1
1,pkg-041682,4.2.2
1,pkg-041683,5.3.3
1,pkg-041684,6.4.4
1,pkg-041685,7.5.5
1,pkg-041686,8.6.6
1,pkg-041687,9.7.7
1,pkg-041688,1.8.8
1,pkg-041689,2.9.9
1,pkg-041690,3.10.0
1,pkg-041691,4.11.1
1,pkg-041692,5.12.2
1,pkg-041693,6.13.3
1,pkg-041694,7.14.4
1,pkg-041695,8.15.5
1,pkg-041696,9.16.6
1,pkg-041697,1.17.7
1,pkg-041698,2.18.8
1,pkg-041699,3.19.9
1,pkg-041700,4.0.0
1,pkg-041701,5.1.1
1,pkg-041702,6.2.2
1,pkg-041703,7.3.3
1,pkg-041704,8.4.4
1,pkg-041705,9.5.5
1,pkg-041706,1.6.6
1,pkg-041707,2.7.7
1,pkg-041708,3.8.8
1,pkg-041709,4.9.9
1,pkg-041710,5.10.0
1,pkg-041711,6.11.1
1,pkg-041712,7.12.2
1,pkg-041713,8.13.3
1,pkg-041714,9.14.4
1,pkg-041715,1.15.5
1,pkg-041716,2.16.6
1,pkg-041717,3.17.7
1,pkg-041718,4.18.8
1,pkg-041719,5.19.9
1,pkg-041720,6.0.0
1,pkg-041721,7.1.1
1,pkg-041722,8.2.2
1,pkg-041723,9.3.3
1,pkg-041724,1.4.4
1,pkg-041725,2.5.5
1,pkg-041726,3.6.6
1,pkg-041727,4.7.7
1,pkg-041728,5.8.8
1,pkg-041729,6.9.9
1,pkg-041730,7.10.0
1,pkg-041731,8.11.1
1,pkg-041732,9.12.2
1,pkg-041733,1.13.3
1,pkg-041734,2.14.4
1,pkg-041735,3.15.5
1,pkg-041736,4.16.6
1,pkg-041737,5.17.7
1,pkg-041738,6.18.8
1,pkg-041739,7.19.9
1,pkg-041740,8.0.0
1,pkg-041741,9.1.1
1,pkg-041742,1.2.2
1,pkg-041743,2.3.3
1,pkg-041744,3.4.4
1,pkg-041745,4.5.5
1,pkg-041746,5.6.6
1,pkg-041747,6.7.7
1,pkg-041748,7.8.8
1,pkg-041749,8.9.9
1,pkg-041750,9.10.0
1,pkg-041751,1.11.1
1,pkg-041752,2.12.2
1,pkg-041753,3.13.3
1,pkg-041754,4.14.4
1,pkg-041755,5.15.5
1,pkg-041756,6.16.6
1,pkg-041757,7.17.7
1,pkg-041758,8.18.8
1,pkg-041759,9.19.9
1,pkg-041760,1.0.0
1,pkg-041761,2.1.1
1,pkg-041762,3.2.2
1,pkg-041763,4.3.3
1,pkg-041764,5.4.4
1,pkg-041765,6.5.5
1,pkg-041766,7.6.6
1,pkg-041767,8.7.7
1,pkg-041768,9.8.8
1,pkg-041769,1.9.9
1,pkg-041770,2.10.0
1,pkg-041771,3.11.1
1,pkg-041772,4.12.2
1,pkg-041773,5.13.3
1,pkg-041774,6.14.4
1,pkg-041775,7.15.5
1,pkg-041776,8.16.6
1,pkg-041777,9.17.7
1,pkg-041778,1.18.8
1,pkg-041779,2.19.9
1,pkg-041780,3.0.0
1,pkg-041781,4.1.1
1,pkg-041782,5.2.2
1,pkg-041783,6.3.3
1,pkg-041784,7.4.4
1,pkg-041785,8.5.5
1,pkg-041786,9.6.6
1,pkg-041787,1.7.7
1,pkg-041788,2.8.8
1,pkg-041789,3.9.9
1,pkg-041790,4.10.0
1,pkg-041791,5.11.1
1,pkg-041792,6.12.2
1,pkg-041793,7.13.3
1,pkg-041794,8.14.4
1,pkg-041795,9.15.5
1,pkg-041796,1.16.6
1,pkg-041797,2.17.7
1,pkg-041798,3.18.8
1,pkg-041799,4.19.9
1,pkg-041800,5.0.0
1,pkg-041801,6.1.1
1,pkg-041802,7.2.2
1,pkg-041803,8.3.3
1,pkg-041804,9.4.4
1,pkg-041805,1.5.5
1,pkg-041806,2.6.6
1,pkg-041807,3.7.7
1,pkg-041808,4.8.8
1,pkg-041809,5.9.9
1,pkg-041810,6.10.0
1,pkg-041811,7.11.1
1,pkg-041812,8.12.2
1,pkg-041813,9.13.3
1,pkg-041814,1.14.4
1,pkg-041815,2.15.5
1,pkg-041816,3.16.6
1,pkg-041817,4.17.7
1,pkg-041818,5.18.8
1,pkg-041819,6.19.9
1,pkg-041820,7.0.0
1,pkg-041821,8.1.1
1,pkg-041822,9.2.2
1,pkg-041823,1.3.3
1,pkg-041824,2.4.4
1,pkg-041825,3.5.5
1,pkg-041826,4.6.6
1,pkg-041827,5.7.7
1,pkg-041828,6.8.8
1,pkg-041829,7.9.9
1,pkg-041830,8.10.0
1,pkg-041831,9.11.1
1,pkg-041832,1.12.2
1,pkg-041833,2.13.3
1,pkg-041834,3.14.4
1,pkg-041835,4.15.5
1,pkg-041836,5.16.6
1,pkg-041837,6.17.7
1,pkg-041838,7.18.8
1,pkg-041839,8.19.9
1,pkg-041840,9.0.0
1,pkg-041841,1.1.1
1,pkg-041842,2.2.2
1,pkg-041843,3.3.3
1,pkg-041844,4.4.4
1,pkg-041845,5.5.5
1,pkg-041846,6.6.6
1,pkg-041847,7.7.7
1,pkg-041848,8.8.8
1,pkg-041849,9.9.9
1,pkg-041850,1.10.0
1,pkg-041851,2.11.1
1,pkg-041852,3.12.2
1,pkg-041853,4.13.3
1,pkg-041854,5.14.4
1,pkg-041855,6.15.5
1,pkg-041856,7.16.6
1,pkg-041857,8.17.7
1,pkg-041858,9.18.8
1,pkg-041859,1.19.9
1,pkg-041860,2.0.0
1,pkg-041861,3.1.1
1,pkg-041862,4.2.2
1,pkg-041863,5.3.3
1,pkg-041864,6.4.4
1,pkg-041865,7.5.5
1,pkg-041866,8.6.6
1,pkg-041867,9.7.7
1,pkg-041868,1.8.8
1,pkg-041869,2.9.9
1,pkg-041870,3.10.0
1,pkg-041871,4.11.1
1,pkg-041872,5.12.2
1,pkg-041873,6.13.3
1,pkg-041874,7.14.4
1,pkg-041875,8.15.5
1,pkg-041876,9.16.6
1,pkg-041877,1.17.7
1,pkg-041878,2.18.8
1,pkg-041879,3.19.9
1,pkg-041880,4.0.0
1,pkg-041881,5.1.1
1,pkg-041882,6.2.2
1,pkg-041883,7.3.3
1,pkg-041884,8.4.4
1,pkg-041885,9.5.5
1,pkg-041886,1.6.6
1,pkg-041887,2.7.7
1,pkg-041888,3.8.8
1,pkg-041889,4.9.9
1,pkg-041890,5.10.0
1,pkg-041891,6.11.1
1,pkg-041892,7.12.2
1,pkg-041893,8.13.3
1,pkg-041894,9.14.4
1,pkg-041895,1.15.5
1,pkg-041896,2.16.6
1,pkg-041897,3.17.7
1,pkg-041898,4.18.8
1,pkg-041899,5.19.9
1,pkg-041900,6.0.0
1,pkg-041901,7.1.1
1,pkg-041902,8.2.2
1,pkg-041903,9.3.3
1,pkg-041904,1.4.4
1,pkg-041905,2.5.5
1,pkg-041906,3.6.6
1,pkg-041907,4.7.7
1,pkg-041908,5.8.8
1,pkg-041909,6.9.9
1,pkg-041910,7.10.0
1,pkg-041911,8.11.1
1,pkg-041912,9.12.2
1,pkg-041913,1.13.3
1,pkg-041914,2.14.4
1,pkg-041915,3.15.5
1,pkg-041916,4.16.6
1,pkg-041917,5.17.7
1,pkg-041918,6.18.8
1,pkg-041919,7.19.9
1,pkg-041920,8.0.0
1,pkg-041921,9.1.1
1,pkg-041922,1.2.2
1,pkg-041923,2.3.3
1,pkg-041924,3.4.4
1,pkg-041925,4.5.5
1,pkg-041926,5.6.6
1,pkg-041927,6.7.7
1,pkg-041928,7.8.8
1,pkg-041929,8.9.9
1,pkg-041930,9.10.0
1,pkg-041931,1.11.1
1,pkg-041932,2.12.2
1,pkg-041933,3.13.3
1,pkg-041934,4.14.4
1,pkg-041935,5.15.5
1,pkg-041936,6.16.6
1,pkg-041937,7.17.7
1,pkg-041938,8.18.8
1,pkg-041939,9.19.9
1,pkg-041940,1.0.0
1,pkg-041941,2.1.1
1,pkg-041942,3.2.2
1,pkg-041943,4.3.3
1,pkg-041944,5.4.4
1,pkg-041945,6.5.5
1,pkg-041946,7.6.6
1,pkg-041947,8.7.7
1,pkg-041948,9.8.8
1,pkg-041949,1.9.9
1,pkg-041950,2.10.0
1,pkg-041951,3.11.1
1,pkg-041952,4.12.2
1,pkg-041953,5.13.3
1,pkg-041954,6.14.4
1,pkg-041955,7.15.5
1,pkg-041956,8.16.6
1,pkg-041957,9.17.7
1,pkg-041958,1.18.8
1,pkg-041959,2.19.9
1,pkg-041960,3.0.0
1,pkg-041961,4.1.1
1,pkg-041962,5.2.2
1,pkg-041963,6.3.3
1,pkg-041964,7.4.4
1,pkg-041965,8.5.5
1,pkg-041966,9.6.6
1,pkg-041967,1.7.7
1,pkg-041968,2.8.8
1,pkg-041969,3.9.9
1,pkg-041970,4.10.0
1,pkg-041971,5.11.1
1,pkg-041972,6.12.2
1,pkg-041973,7.13.3
1,pkg-041974,8.14.4
1,pkg-041975,9.15.5
1,pkg-041976,1.16.6
1,pkg-041977,2.17.7
1,pkg-041978,3.18.8
1,pkg-041979,4.19.9
1,pkg-041980,5.0.0
1,pkg-041981,6.1.1
1,pkg-041982,7.2.2
1,pkg-041983,8.3.3
1,pkg-041984,9.4.4
1,pkg-041985,1.5.5
1,pkg-041986,2.6.6
1,pkg-041987,3.7.7
1,pkg-041988,4.8.8
1,pkg-041989,5.9.9
1,pkg-041990,6.10.0
1,pkg-041991,7.11.1
1,pkg-041992,8.12.2
1,pkg-041993,9.13.3
1,pkg-041994,1.14.4
1,pkg-041995,2.15.5
1,pkg-041996,3.16.6
1,pkg-041997,4.17.7
1,pkg-041998,5.18.8
1,pkg-041999,6.19.9
1,pkg-042000,7.0.0
1,pkg-042001,8.1.1
1,pkg-042002,9.2.2
1,pkg-042003,1.3.3
1,pkg-042004,2.4.4
1,pkg-042005,3.5.5
1,pkg-042006,4.6.6
1,pkg-042007,5.7.7
1,pkg-042008,6.8.8
1,pkg-042009,7.9.9
1,pkg-042010,8.10.0
1,pkg-042011,9.11.1
1,pkg-042012,1.12.2
1,pkg-042013,2.13.3
1,pkg-042014,3.14.4
1,pkg-042015,4.15.5
1,pkg-042016,5.16.6
1,pkg-042017,6.17.7
1,pkg-042018,7.18.8
1,pkg-042019,8.19.9
1,pkg-042020,9.0.0
1,pkg-042021,1.1.1
1,pkg-042022,2.2.2
1,pkg-042023,3.3.3
1,pkg-042024,4.4.4
1,pkg-042025,5.5.5
1,pkg-042026,6.6.6
1,pkg-042027,7.7.7
1,pkg-042028,8.8.8
1,pkg-042029,9.9.9
1,pkg-042030,1.10.0
1,pkg-042031,2.11.1
1,pkg-042032,3.12.2
1,pkg-042033,4.13.3
1,pkg-042034,5.14.4
1,pkg-042035,6.15.5
1,pkg-042036,7.16.6
1,pkg-042037,8.17.7
1,pkg-042038,9.18.8
1,pkg-042039,1.19.9
1,pkg-042040,2.0.0
1,pkg-042041,3.1.1
1,pkg-042042,4.2.2
1,pkg-042043,5.3.3
1,pkg-042044,6.4.4
1,pkg-042045,7.5.5
1,pkg-042046,8.6.6
1,pkg-042047,9.7.7
1,pkg-042048,1.8.8
1,pkg-042049,2.9.9
1,pkg-042050,3.10.0
1,pkg-042051,4.11.1
1,pkg-042052,5.12.2
1,pkg-042053,6.13.3
1,pkg-042054,7.14.4
1,pkg-042055,8.15.5
1,pkg-042056,9.16.6
1,pkg-042057,1.17.7
1,pkg-042058,2.18.8
1,pkg-042059,3.19.9
1,pkg-042060,4.0.0
1,pkg-042061,5.1.1
1,pkg-042062,6.2.2
1,pkg-042063,7.3.3
1,pkg-042064,8.4.4
1,pkg-042065,9.5.5
1,pkg-042066,1.6.6
1,pkg-042067,2.7.7
1,pkg-042068,3.8.8
1,pkg-042069,4.9.9
1,pkg-042070,5.10.0
1,pkg-042071,6.11.1
1,pkg-042072,7.12.2
1,pkg-042073,8.13.3
1,pkg-042074,9.14.4
1,pkg-042075,1.15.5
1,pkg-042076,2.16.6
1,pkg-042077,3.17.7
1,pkg-042078,4.18.8
1,pkg-042079,5.19.9
1,pkg-042080,6.0.0
1,pkg-042081,7.1.1
1,pkg-042082,8.2.2
1,pkg-042083,9.3.3
1,pkg-042084,1.4.4
1,pkg-042085,2.5.5
1,pkg-042086,3.6.6
1,pkg-042087,4.7.7
1,pkg-042088,5.8.8
1,pkg-042089,6.9.9
1,pkg-042090,7.10.0
1,pkg-042091,8.11.1
1,pkg-042092,9.12.2
1,pkg-042093,1.13.3
1,pkg-042094,2.14.4
1,pkg-042095,3.15.5
1,pkg-042096,4.16.6
1,pkg-042097,5.17.7
1,pkg-042098,6.18.8
1,pkg-042099,7.19.9
1,pkg-042100,8.0.0
1,pkg-042101,9.1.1
1,pkg-042102,1.2.2
1,pkg-042103,2.3.3
1,pkg-042104,3.4.4
1,pkg-042105,4.5.5
1,pkg-042106,5.6.6
1,pkg-042107,6.7.7
1,pkg-042108,7.8.8
1,pkg-042109,8.9.9
1,pkg-042110,9.10.0
1,pkg-042111,1.11.1
1,pkg-042112,2.12.2
1,pkg-042113,3.13.3
1,pkg-042114,4.14.4
1,pkg-042115,5.15.5
1,pkg-042116,6.16.6
1,pkg-042117,7.17.7
1,pkg-042118,8.18.8
1,pkg-042119,9.19.9
1,pkg-042120,1.0.0
1,pkg-042121,2.1.1
1,pkg-042122,3.2.2
1,pkg-042123,4.3.3
1,pkg-042124,5.4.4
1,pkg-042125,6.5.5
1,pkg-042126,7.6.6
1,pkg-042127,8.7.7
1,pkg-042128,9.8.8
1,pkg-042129,1.9.9
1,pkg-042130,2.10.0
1,pkg-042131,3.11.1
1,pkg-042132,4.12.2
1,pkg-042133,5.13.3
1,pkg-042134,6.14.4
1,pkg-042135,7.15.5
1,pkg-042136,8.16.6
1,pkg-042137,9.17.7
1,pkg-042138,1.18.8
1,pkg-042139,2.19.9
1,pkg-042140,3.0.0
1,pkg-042141,4.1.1
1,pkg-042142,5.2.2
1,pkg-042143,6.3.3
1,pkg-042144,7.4.4
1,pkg-042145,8.5.5
1,pkg-042146,9.6.6
1,pkg-042147,1.7.7
1,pkg-042148,2.8.8
1,pkg-042149,3.9.9
1,pkg-042150,4.10.0
1,pkg-042151,5.11.1
1,pkg-042152,6.12.2
1,pkg-042153,7.13.3
1,pkg-042154,8.14.4
1,pkg-042155,9.15.5
1,pkg-042156,1.16.6
1,pkg-042157,2.17.7
1,pkg-042158,3.18.8
1,pkg-042159,4.19.9
1,pkg-042160,5.0.0
1,pkg-042161,6.1.1
1,pkg-042162,7.2.2
1,pkg-042163,8.3.3
1,pkg-042164,9.4.4
1,pkg-042165,1.5.5
1,pkg-042166,2.6.6
1,pkg-042167,3.7.7
1,pkg-042168,4.8.8
1,pkg-042169,5.9.9
1,pkg-042170,6.10.0
1,pkg-042171,7.11.1
1,pkg-042172,8.12.2
1,pkg-042173,9.13.3
1,pkg-042174,1.14.4
1,pkg-042175,2.15.5
1,pkg-042176,3.16.6
1,pkg-042177,4.17.7
1,pkg-042178,5.18.8
1,pkg-042179,6.19.9
1,pkg-042180,7.0.0
1,pkg-042181,8.1.1
1,pkg-042182,9.2.2
1,pkg-042183,1.3.3
1,pkg-042184,2.4.4
1,pkg-042185,3.5.5
1,pkg-042186,4.6.6
1,pkg-042187,5.7.7
1,pkg-042188,6.8.8
1,pkg-042189,7.9.9
1,pkg-042190,8.10.0
1,pkg-042191,9.11.1
1,pkg-042192,1.12.2
1,pkg-042193,2.13.3
1,pkg-042194,3.14.4
1,pkg-042195,4.15.5
1,pkg-042196,5.16.6
1,pkg-042197,6.17.7
1,pkg-042198,7.18.8
1,pkg-042199,8.19.9
1,pkg-042200,9.0.0
1,pkg-042201,1.1.1
1,pkg-042202,2.2.2
1,pkg-042203,3.3.3
1,pkg-042204,4.4.4
1,pkg-042205,5.5.5
1,pkg-042206,6.6.6
1,pkg-042207,7.7.7
1,pkg-042208,8.8.8
1,pkg-042209,9.9.9
1,pkg-042210,1.10.0
1,pkg-042211,2.11.1
1,pkg-042212,3.12.2
1,pkg-042213,4.13.3
1,pkg-042214,5.14.4
1,pkg-042215,6.15.5
1,pkg-042216,7.16.6
1,pkg-042217,8.17.7
1,pkg-042218,9.18.8
1,pkg-042219,1.19.9
1,pkg-042220,2.0.0
1,pkg-042221,3.1.1
1,pkg-042222,4.2.2
1,pkg-042223,5.3.3
1,pkg-042224,6.4.4
1,pkg-042225,7.5.5
1,pkg-042226,8.6.6
1,pkg-042227,9.7.7
1,pkg-042228,1.8.8
1,pkg-042229,2.9.9
1,pkg-042230,3.10.0
1,pkg-042231,4.11.1
1,pkg-042232,5.12.2
1,pkg-042233,6.13.3
1,pkg-042234,7.14.4
1,pkg-042235,8.15.5
1,pkg-042236,9.16.6
1,pkg-042237,1.17.7
1,pkg-042238,2.18.8
1,pkg-042239,3.19.9
1,pkg-042240,4.0.0
1,pkg-042241,5.1.1
1,pkg-042242,6.2.2
1,pkg-042243,7.3.3
1,pkg-042244,8.4.4
1,pkg-042245,9.5.5
1,pkg-042246,1.6.6
1,pkg-042247,2.7.7
1,pkg-042248,3.8.8
1,pkg-042249,4.9.9
1,pkg-042250,5.10.0
1,pkg-042251,6.11.1
1,pkg-042252,7.12.2
1,pkg-042253,8.13.3
1,pkg-042254,9.14.4
1,pkg-042255,1.15.5
1,pkg-042256,2.16.6
1,pkg-042257,3.17.7
1,pkg-042258,4.18.8
1,pkg-042259,5.19.9
1,pkg-042260,6.0.0
1,pkg-042261,7.1.1
1,pkg-042262,8.2.2
1,pkg-042263,9.3.3
1,pkg-042264,1.4.4
1,pkg-042265,2.5.5
1,pkg-042266,3.6.6
1,pkg-042267,4.7.7
1,pkg-042268,5.8.8
1,pkg-042269,6.9.9
1,pkg-042270,7.10.0
1,pkg-042271,8.11.1
1,pkg-042272,9.12.2
1,pkg-042273,1.13.3
1,pkg-042274,2.14.4
1,pkg-042275,3.15.5
1,pkg-042276,4.16.6
1,pkg-042277,5.17.7
1,pkg-042278,6.18.8
1,pkg-042279,7.19.9
1,pkg-042280,8.0.0
1,pkg-042281,9.1.1
1,pkg-042282,1.2.2
1,pkg-042283,2.3.3
1,pkg-042284,3.4.4
1,pkg-042285,4.5.5
1,pkg-042286,5.6.6
1,pkg-042287,6.7.7
1,pkg-042288,7.8.8
1,pkg-042289,8.9.9
1,pkg-042290,9.10.0
1,pkg-042291,1.11.1
1,pkg-042292,2.12.2
1,pkg-042293,3.13.3
1,pkg-042294,4.14.4
1,pkg-042295,5.15.5
1,pkg-042296,6.16.6
1,pkg-042297,7.17.7
1,pkg-042298,8.18.8
1,pkg-042299,9.19.9
1,pkg-042300,1.0.0
1,pkg-042301,2.1.1
1,pkg-042302,3.2.2
1,pkg-042303,4.3.3
1,pkg-042304,5.4.4
1,pkg-042305,6.5.5
1,pkg-042306,7.6.6
1,pkg-042307,8.7.7
1,pkg-042308,9.8.8
1,pkg-042309,1.9.9
1,pkg-042310,2.10.0
1,pkg-042311,3.11.1
1,pkg-042312,4.12.2
1,pkg-042313,5.13.3
1,pkg-042314,6.14.4
1,pkg-042315,7.15.5
1,pkg-042316,8.16.6
1,pkg-042317,9.17.7
1,pkg-042318,1.18.8
1,pkg-042319,2.19.9
1,pkg-042320,3.0.0
1,pkg-042321,4.1.1
1,pkg-042322,5.2.2
1,pkg-042323,6.3.3
1,pkg-042324,7.4.4
1,pkg-042325,8.5.5
1,pkg-042326,9.6.6
1,pkg-042327,1.7.7
1,pkg-042328,2.8.8
1,pkg-042329,3.9.9
1,pkg-042330,4.10.0
1,pkg-042331,5.11.1
1,pkg-042332,6.12.2
1,pkg-042333,7.13.3
1,pkg-042334,8.14.4
1,pkg-042335,9.15.5
1,pkg-042336,1.16.6
1,pkg-042337,2.17.7
1,pkg-042338,3.18.8
1,pkg-042339,4.19.9
1,pkg-042340,5.0.0
1,pkg-042341,6.1.1
1,pkg-042342,7.2.2
1,pkg-042343,8.3.3
1,pkg-042344,9.4.4
1,pkg-042345,1.5.5
1,pkg-042346,2.6.6
1,pkg-042347,3.7.7
1,pkg-042348,4.8.8
1,pkg-042349,5.9.9
1,pkg-042350,6.10.0
1,pkg-042351,7.11.1
1,pkg-042352,8.12.2
1,pkg-042353,9.13.3
1,pkg-042354,1.14.4
1,pkg-042355,2.15.5
1,pkg-042356,3.16.6
1,pkg-042357,4.17.7
1,pkg-042358,5.18.8
1,pkg-042359,6.19.9
1,pkg-042360,7.0.0
1,pkg-042361,8.1.1
1,pkg-042362,9.2.2
1,pkg-042363,1.3.3
1,pkg-042364,2.4.4
1,pkg-042365,3.5.5
1,pkg-042366,4.6.6
1,pkg-042367,5.7.7
1,pkg-042368,6.8.8
1,pkg-042369,7.9.9
1,pkg-042370,8.10.0
1,pkg-042371,9.11.1
1,pkg-042372,1.12.2
1,pkg-042373,2.13.3
1,pkg-042374,3.14.4
1,pkg-042375,4.15.5
1,pkg-042376,5.16.6
1,pkg-042377,6.17.7
1,pkg-042378,7.18.8
1,pkg-042379,8.19.9
1,pkg-042380,9.0.0
1,pkg-042381,1.1.1
1,pkg-042382,2.2.2
1,pkg-042383,3.3.3
1,pkg-042384,4.4.4
1,pkg-042385,5.5.5
1,pkg-042386,6.6.6
1,pkg-042387,7.7.7
1,pkg-042388,8.8.8
1,pkg-042389,9.9.9
1,pkg-042390,1.10.0
1,pkg-042391,2.11.1
1,pkg-042392,3.12.2
1,pkg-042393,4.13.3
1,pkg-042394,5.14.4
1,pkg-042395,6.15.5
1,pkg-042396,7.16.6
1,pkg-042397,8.17.7
1,pkg-042398,9.18.8
1,pkg-042399,1.19.9
1,pkg-042400,2.0.0
1,pkg-042401,3.1.1
1,pkg-042402,4.2.2
1,pkg-042403,5.3.3
1,pkg-042404,6.4.4
1,pkg-042405,7.5.5
1,pkg-042406,8.6.6
1,pkg-042407,9.7.7
1,pkg-042408,1.8.8
1,pkg-042409,2.9.9
1,pkg-042410,3.10.0
1,pkg-042411,4.11.1
1,pkg-042412,5.12.2
1,pkg-042413,6.13.3
1,pkg-042414,7.14.4
1,pkg-042415,8.15.5
1,pkg-042416,9.16.6
1,pkg-042417,1.17.7
1,pkg-042418,2.18.8
1,pkg-042419,3.19.9
1,pkg-042420,4.0.0
1,pkg-042421,5.1.1
1,pkg-042422,6.2.2
1,pkg-042423,7.3.3
1,pkg-042424,8.4.4
1,pkg-042425,9.5.5
1,pkg-042426,1.6.6
1,pkg-042427,2.7.7
1,pkg-042428,3.8.8
1,pkg-042429,4.9.9
1,pkg-042430,5.10.0
1,pkg-042431,6.11.1
1,pkg-042432,7.12.2
1,pkg-042433,8.13.3
1,pkg-042434,9.14.4
1,pkg-042435,1.15.5
1,pkg-042436,2.16.6
1,pkg-042437,3.17.7
1,pkg-042438,4.18.8
1,pkg-042439,5.19.9
1,pkg-042440,6.0.0
1,pkg-042441,7.1.1
1,pkg-042442,8.2.2
1,pkg-042443,9.3.3
1,pkg-042444,1.4.4
1,pkg-042445,2.5.5
1,pkg-042446,3.6.6
1,pkg-042447,4.7.7
1,pkg-042448,5.8.8
1,pkg-042449,6.9.9
1,pkg-042450,7.10.0
1,pkg-042451,8.11.1
1,pkg-042452,9.12.2
1,pkg-042453,1.13.3
1,pkg-042454,2.14.4
1,pkg-042455,3.15.5
1,pkg-042456,4.16.6
1,pkg-042457,5.17.7
1,pkg-042458,6.18.8
1,pkg-042459,7.19.9
1,pkg-042460,8.0.0
1,pkg-042461,9.1.1
1,pkg-042462,1.2.2
1,pkg-042463,2.3.3
1,pkg-042464,3.4.4
1,pkg-042465,4.5.5
1,pkg-042466,5.6.6
1,pkg-042467,6.7.7
1,pkg-042468,7.8.8
1,pkg-042469,8.9.9
1,pkg-042470,9.10.0
1,pkg-042471,1.11.1
1,pkg-042472,2.12.2
1,pkg-042473,3.13.3
1,pkg-042474,4.14.4
1,pkg-042475,5.15.5
1,pkg-042476,6.16.6
1,pkg-042477,7.17.7
1,pkg-042478,8.18.8
1,pkg-042479,9.19.9
1,pkg-042480,1.0.0
1,pkg-042481,2.1.1
1,pkg-042482,3.2.2
1,pkg-042483,4.3.3
1,pkg-042484,5.4.4
1,pkg-042485,6.5.5
1,pkg-042486,7.6.6
1,pkg-042487,8.7.7
1,pkg-042488,9.8.8
1,pkg-042489,1.9.9
1,pkg-042490,2.10.0
1,pkg-042491,3.11.1
1,pkg-042492,4.12.2
1,pkg-042493,5.13.3
1,pkg-042494,6.14.4
1,pkg-042495,7.15.5
1,pkg-042496,8.16.6
1,pkg-042497,9.17.7
1,pkg-042498,1.18.8
1,pkg-042499,2.19.9
1,pkg-042500,3.0.0
1,pkg-042501,4.1.1
1,pkg-042502,5.2.2
1,pkg-042503,6.3.3
1,pkg-042504,7.4.4
1,pkg-042505,8.5.5
1,pkg-042506,9.6.6
1,pkg-042507,1.7.7
1,pkg-042508,2.8.8
1,pkg-042509,3.9.9
1,pkg-042510,4.10.0
1,pkg-042511,5.11.1
1,pkg-042512,6.12.2
1,pkg-042513,7.13.3
1,pkg-042514,8.14.4
1,pkg-042515,9.15.5
1,pkg-042516,1.16.6
1,pkg-042517,2.17.7
1,pkg-042518,3.18.8
1,pkg-042519,4.19.9
1,pkg-042520,5.0.0
1,pkg-042521,6.1.1
1,pkg-042522,7.2.2
1,pkg-042523,8.3.3
1,pkg-042524,9.4.4
1,pkg-042525,1.5.5
1,pkg-042526,2.6.6
1,pkg-042527,3.7.7
1,pkg-042528,4.8.8
1,pkg-042529,5.9.9
1,pkg-042530,6.10.0
1,pkg-042531,7.11.1
1,pkg-042532,8.12.2
1,pkg-042533,9.13.3
1,pkg-042534,1.14.4
1,pkg-042535,2.15.5
1,pkg-042536,3.16.6
1,pkg-042537,4.17.7
1,pkg-042538,5.18.8
1,pkg-042539,6.19.9
1,pkg-042540,7.0.0
1,pkg-042541,8.1.1
1,pkg-042542,9.2.2
1,pkg-042543,1.3.3
1,pkg-042544,2.4.4
1,pkg-042545,3.5.5
1,pkg-042546,4.6.6
1,pkg-042547,5.7.7
1,pkg-042548,6.8.8
1,pkg-042549,7.9.9
1,pkg-042550,8.10.0
1,pkg-042551,9.11.1
1,pkg-042552,1.12.2
1,pkg-042553,2.13.3
1,pkg-042554,3.14.4
1,pkg-042555,4.15.5
1,pkg-042556,5.16.6
1,pkg-042557,6.17.7
1,pkg-042558,7.18.8
1,pkg-042559,8.19.9
1,pkg-042560,9.0.0
1,pkg-042561,1.1.1
1,pkg-042562,2.2.2
1,pkg-042563,3.3.3
1,pkg-042564,4.4.4
1,pkg-042565,5.5.5
1,pkg-042566,6.6.6
1,pkg-042567,7.7.7
1,pkg-042568,8.8.8
1,pkg-042569,9.9.9
1,pkg-042570,1.10.0
1,pkg-042571,2.11.1
1,pkg-042572,3.12.2
1,pkg-042573,4.13.3
1,pkg-042574,5.14.4
1,pkg-042575,6.15.5
1,pkg-042576,7.16.6
1,pkg-042577,8.17.7
1,pkg-042578,9.18.8
1,pkg-042579,1.19.9
1,pkg-042580,2.0.0
1,pkg-042581,3.1.1
1,pkg-042582,4.2.2
1,pkg-042583,5.3.3
1,pkg-042584,6.4.4
1,pkg-042585,7.5.5
1,pkg-042586,8.6.6
1,pkg-042587,9.7.7
1,pkg-042588,1.8.8
1,pkg-042589,2.9.9
1,pkg-042590,3.10.0
1,pkg-042591,4.11.1
1,pkg-042592,5.12.2
1,pkg-042593,6.13.3
1,pkg-042594,7.14.4
1,pkg-042595,8.15.5
1,pkg-042596,9.16.6
1,pkg-042597,1.17.7
1,pkg-042598,2.18.8
1,pkg-042599,3.19.9
1,pkg-042600,4.0.0
1,pkg-042601,5.1.1
1,pkg-042602,6.2.2
1,pkg-042603,7.3.3
1,pkg-042604,8.4.4
1,pkg-042605,9.5.5
1,pkg-042606,1.6.6
1,pkg-042607,2.7.7
1,pkg-042608,3.8.8
1,pkg-042609,4.9.9
1,pkg-042610,5.10.0
1,pkg-042611,6.11.1
1,pkg-042612,7.12.2
1,pkg-042613,8.13.3
1,pkg-042614,9.14.4
1,pkg-042615,1.15.5
1,pkg-042616,2.16.6
1,pkg-042617,3.17.7
1,pkg-042618,4.18.8
1,pkg-042619,5.19.9
1,pkg-042620,6.0.0
1,pkg-042621,7.1.1
1,pkg-042622,8.2.2
1,pkg-042623,9.3.3
1,pkg-042624,1.4.4
1,pkg-042625,2.5.5
1,pkg-042626,3.6.6
1,pkg-042627,4.7.7
1,pkg-042628,5.8.8
1,pkg-042629,6.9.9
1,pkg-042630,7.10.0
1,pkg-042631,8.11.1
1,pkg-042632,9.12.2
1,pkg-042633,1.13.3
1,pkg-042634,2.14.4
1,pkg-042635,3.15.5
1,pkg-042636,4.16.6
1,pkg-042637,5.17.7
1,pkg-042638,6.18.8
1,pkg-042639,7.19.9
1,pkg-042640,8.0.0
1,pkg-042641,9.1.1
1,pkg-042642,1.2.2
1,pkg-042643,2.3.3
1,pkg-042644,3.4.4
1,pkg-042645,4.5.5
1,pkg-042646,5.6.6
1,pkg-042647,6.7.7
1,pkg-042648,7.8.8
1,pkg-042649,8.9.9
1,pkg-042650,9.10.0
1,pkg-042651,1.11.1
1,pkg-042652,2.12.2
1,pkg-042653,3.13.3
1,pkg-042654,4.14.4
1,pkg-042655,5.15.5
1,pkg-042656,6.16.6
1,pkg-042657,7.17.7
1,pkg-042658,8.18.8
1,pkg-042659,9.19.9
1,pkg-042660,1.0.0
1,pkg-042661,2.1.1
1,pkg-042662,3.2.2
1,pkg-042663,4.3.3
1,pkg-042664,5.4.4
1,pkg-042665,6.5.5
1,pkg-042666,7.6.6
1,pkg-042667,8.7.7
1,pkg-042668,9.8.8
1,pkg-042669,1.9.9
1,pkg-042670,2.10.0
1,pkg-042671,3.11.1
1,pkg-042672,4.12.2
1,pkg-042673,5.13.3
1,pkg-042674,6.14.4
1,pkg-042675,7.15.5
1,pkg-042676,8.16.6
1,pkg-042677,9.17.7
1,pkg-042678,1.18.8
1,pkg-042679,2.19.9
1,pkg-042680,3.0.0
1,pkg-042681,4.1.1
1,pkg-042682,5.2.2
1,pkg-042683,6.3.3
1,pkg-042684,7.4.4
1,pkg-042685,8.5.5
1,pkg-042686,9.6.6
1,pkg-042687,1.7.7
1,pkg-042688,2.8.8
1,pkg-042689,3.9.9
1,pkg-042690,4.10.0
1,pkg-042691,5.11.1
1,pkg-042692,6.12.2
1,pkg-042693,7.13.3
1,pkg-042694,8.14.4
1,pkg-042695,9.15.5
1,pkg-042696,1.16.6
1,pkg-042697,2.17.7
1,pkg-042698,3.18.8
1,pkg-042699,4.19.9
1,pkg-042700,5.0.0
1,pkg-042701,6.1.1
1,pkg-042702,7.2.2
1,pkg-042703,8.3.3
1,pkg-042704,9.4.4
1,pkg-042705,1.5.5
1,pkg-042706,2.6.6
1,pkg-042707,3.7.7
1,pkg-042708,4.8.8
1,pkg-042709,5.9.9
1,pkg-042710,6.10.0
1,pkg-042711,7.11.1
1,pkg-042712,8.12.2
1,pkg-042713,9.13.3
1,pkg-042714,1.14.4
1,pkg-042715,2.15.5
1,pkg-042716,3.16.6
1,pkg-042717,4.17.7
1,pkg-042718,5.18.8
1,pkg-042719,6.19.9
1,pkg-042720,7.0.0
1,pkg-042721,8.1.1
1,pkg-042722,9.2.2
1,pkg-042723,1.3.3
1,pkg-042724,2.4.4
1,pkg-042725,3.5.5
1,pkg-042726,4.6.6
1,pkg-042727,5.7.7
1,pkg-042728,6.8.8
1,pkg-042729,7.9.9
1,pkg-042730,8.10.0
1,pkg-042731,9.11.1
1,pkg-042732,1.12.2
1,pkg-042733,2.13.3
1,pkg-042734,3.14.4
1,pkg-042735,4.15.5
1,pkg-042736,5.16.6
1,pkg-042737,6.17.7
1,pkg-042738,7.18.8
1,pkg-042739,8.19.9
1,pkg-042740,9.0.0
1,pkg-042741,1.1.1
1,pkg-042742,2.2.2
1,pkg-042743,3.3.3
1,pkg-042744,4.4.4
1,pkg-042745,5.5.5
1,pkg-042746,6.6.6
1,pkg-042747,7.7.7
1,pkg-042748,8.8.8
1,pkg-042749,9.9.9
1,pkg-042750,1.10.0
1,pkg-042751,2.11.1
1,pkg-042752,3.12.2
1,pkg-042753,4.13.3
1,pkg-042754,5.14.4
1,pkg-042755,6.15.5
1,pkg-042756,7.16.6
1,pkg-042757,8.17.7
1,pkg-042758,9.18.8
1,pkg-042759,1.19.9
1,pkg-042760,2.0.0
1,pkg-042761,3.1.1
1,pkg-042762,4.2.2
1,pkg-042763,5.3.3
1,pkg-042764,6.4.4
1,pkg-042765,7.5.5
1,pkg-042766,8.6.6
1,pkg-042767,9.7.7
1,pkg-042768,1.8.8
1,pkg-042769,2.9.9
1,pkg-042770,3.10.0
1,pkg-042771,4.11.1
1,pkg-042772,5.12.2
1,pkg-042773,6.13.3
1,pkg-042774,7.14.4
1,pkg-042775,8.15.5
1,pkg-042776,9.16.6
1,pkg-042777,1.17.7
1,pkg-042778,2.18.8
1,pkg-042779,3.19.9
1,pkg-042780,4.0.0
1,pkg-042781,5.1.1
1,pkg-042782,6.2.2
1,pkg-042783,7.3.3
1,pkg-042784,8.4.4
1,pkg-042785,9.5.5
1,pkg-042786,1.6.6
1,pkg-042787,2.7.7
1,pkg-042788,3.8.8
1,pkg-042789,4.9.9
1,pkg-042790,5.10.0
1,pkg-042791,6.11.1
1,pkg-042792,7.12.2
1,pkg-042793,8.13.3
1,pkg-042794,9.14.4
1,pkg-042795,1.15.5
1,pkg-042796,2.16.6
1,pkg-042797,3.17.7
1,pkg-042798,4.18.8
1,pkg-042799,5.19.9
1,pkg-042800,6.0.0
1,pkg-042801,7.1.1
1,pkg-042802,8.2.2
1,pkg-042803,9.3.3
1,pkg-042804,1.4.4
1,pkg-042805,2.5.5
1,pkg-042806,3.6.6
1,pkg-042807,4.7.7
1,pkg-042808,5.8.8
1,pkg-042809,6.9.9
1,pkg-042810,7.10.0
1,pkg-042811,8.11.1
1,pkg-042812,9.12.2
1,pkg-042813,1.13.3
1,pkg-042814,2.14.4
1,pkg-042815,3.15.5
1,pkg-042816,4.16.6
1,pkg-042817,5.17.7
1,pkg-042818,6.18.8
1,pkg-042819,7.19.9
1,pkg-042820,8.0.0
1,pkg-042821,9.1.1
1,pkg-042822,1.2.2
1,pkg-042823,2.3.3
1,pkg-042824,3.4.4
1,pkg-042825,4.5.5
1,pkg-042826,5.6.6
1,pkg-042827,6.7.7
1,pkg-042828,7.8.8
1,pkg-042829,8.9.9
1,pkg-042830,9.10.0
1,pkg-042831,1.11.1
1,pkg-042832,2.12.2
1,pkg-042833,3.13.3
1,pkg-042834,4.14.4
1,pkg-042835,5.15.5
1,pkg-042836,6.16.6
1,pkg-042837,7.17.7
1,pkg-042838,8.18.8
1,pkg-042839,9.19.9
1,pkg-042840,1.0.0
1,pkg-042841,2.1.1
1,pkg-042842,3.2.2
1,pkg-042843,4.3.3
1,pkg-042844,5.4.4
1,pkg-042845,6.5.5
1,pkg-042846,7.6.6
1,pkg-042847,8.7.7
1,pkg-042848,9.8.8
1,pkg-042849,1.9.9
1,pkg-042850,2.10.0
1,pkg-042851,3.11.1
1,pkg-042852,4.12.2
1,pkg-042853,5.13.3
1,pkg-042854,6.14.4
1,pkg-042855,7.15.5
1,pkg-042856,8.16.6
1,pkg-042857,9.17.7
1,pkg-042858,1.18.8
1,pkg-042859,2.19.9
1,pkg-042860,3.0.0
1,pkg-042861,4.1.1
1,pkg-042862,5.2.2
1,pkg-042863,6.3.3
1,pkg-042864,7.4.4
1,pkg-042865,8.5.5
1,pkg-042866,9.6.6
1,pkg-042867,1.7.7
1,pkg-042868,2.8.8
1,pkg-042869,3.9.9
1,pkg-042870,4.10.0
1,pkg-042871,5.11.1
1,pkg-042872,6.12.2
1,pkg-042873,7.13.3
1,pkg-042874,8.14.4
1,pkg-042875,9.15.5
1,pkg-042876,1.16.6
1,pkg-042877,2.17.7
1,pkg-042878,3.18.8
1,pkg-042879,4.19.9
1,pkg-042880,5.0.0
1,pkg-042881,6.1.1
1,pkg-042882,7.2.2
1,pkg-042883,8.3.3
1,pkg-042884,9.4.4
1,pkg-042885,1.5.5
1,pkg-042886,2.6.6
1,pkg-042887,3.7.7
1,pkg-042888,4.8.8
1,pkg-042889,5.9.9
1,pkg-042890,6.10.0
1,pkg-042891,7.11.1
1,pkg-042892,8.12.2
1,pkg-042893,9.13.3
1,pkg-042894,1.14.4
1,pkg-042895,2.15.5
1,pkg-042896,3.16.6
1,pkg-042897,4.17.7
1,pkg-042898,5.18.8
1,pkg-042899,6.19.9
1,pkg-042900,7.0.0
1,pkg-042901,8.1.1
1,pkg-042902,9.2.2
1,pkg-042903,1.3.3
1,pkg-042904,2.4.4
1,pkg-042905,3.5.5
1,pkg-042906,4.6.6
1,pkg-042907,5.7.7
1,pkg-042908,6.8.8
1,pkg-042909,7.9.9
1,pkg-042910,8.10.0
1,pkg-042911,9.11.1
1,pkg-042912,1.12.2
1,pkg-042913,2.13.3
1,pkg-042914,3.14.4
1,pkg-042915,4.15.5
1,pkg-042916,5.16.6
1,pkg-042917,6.17.7
1,pkg-042918,7.18.8
1,pkg-042919,8.19.9
1,pkg-042920,9.0.0
1,pkg-042921,1.1.1
1,pkg-042922,2.2.2
1,pkg-042923,3.3.3
1,pkg-042924,4.4.4
1,pkg-042925,5.5.5
1,pkg-042926,6.6.6
1,pkg-042927,7.7.7
1,pkg-042928,8.8.8
1,pkg-042929,9.9.9
1,pkg-042930,1.10.0
1,pkg-042931,2.11.1
1,pkg-042932,3.12.2
1,pkg-042933,4.13.3
1,pkg-042934,5.14.4
1,pkg-042935,6.15.5
1,pkg-042936,7.16.6
1,pkg-042937,8.17.7
1,pkg-042938,9.18.8
1,pkg-042939,1.19.9
1,pkg-042940,2.0.0
1,pkg-042941,3.1.1
1,pkg-042942,4.2.2
1,pkg-042943,5.3.3
1,pkg-042944,6.4.4
1,pkg-042945,7.5.5
1,pkg-042946,8.6.6
1,pkg-042947,9.7.7
1,pkg-042948,1.8.8
1,pkg-042949,2.9.9
1,pkg-042950,3.10.0
1,pkg-042951,4.11.1
1,pkg-042952,5.12.2
1,pkg-042953,6.13.3
1,pkg-042954,7.14.4
1,pkg-042955,8.15.5
1,pkg-042956,9.16.6
1,pkg-042957,1.17.7
1,pkg-042958,2.18.8
1,pkg-042959,3.19.9
1,pkg-042960,4.0.0
1,pkg-042961,5.1.1
1,pkg-042962,6.2.2
1,pkg-042963,7.3.3
1,pkg-042964,8.4.4
1,pkg-042965,9.5.5
1,pkg-042966,1.6.6
1,pkg-042967,2.7.7
1,pkg-042968,3.8.8
1,pkg-042969,4.9.9
1,pkg-042970,5.10.0
1,pkg-042971,6.11.1
1,pkg-042972,7.12.2
1,pkg-042973,8.13.3
1,pkg-042974,9.14.4
1,pkg-042975,1.15.5
1,pkg-042976,2.16.6
1,pkg-042977,3.17.7
1,pkg-042978,4.18.8
1,pkg-042979,5.19.9
1,pkg-042980,6.0.0
1,pkg-042981,7.1.1
1,pkg-042982,8.2.2
1,pkg-042983,9.3.3
1,pkg-042984,1.4.4
1,pkg-042985,2.5.5
1,pkg-042986,3.6.6
1,pkg-042987,4.7.7
1,pkg-042988,5.8.8
1,pkg-042989,6.9.9
1,pkg-042990,7.10.0
1,pkg-042991,8.11.1
1,pkg-042992,9.12.2
1,pkg-042993,1.13.3
1,pkg-042994,2.14.4
1,pkg-042995,3.15.5
1,pkg-042996,4.16.6
1,pkg-042997,5.17.7
1,pkg-042998,6.18.8
1,pkg-042999,7.19.9
1,pkg-043000,8.0.0
1,pkg-043001,9.1.1
1,pkg-043002,1.2.2
1,pkg-043003,2.3.3
1,pkg-043004,3.4.4
1,pkg-043005,4.5.5
1,pkg-043006,5.6.6
1,pkg-043007,6.7.7
1,pkg-043008,7.8.8
1,pkg-043009,8.9.9
1,pkg-043010,9.10.0
1,pkg-043011,1.11.1
1,pkg-043012,2.12.2
1,pkg-043013,3.13.3
1,pkg-043014,4.14.4
1,pkg-043015,5.15.5
1,pkg-043016,6.16.6
1,pkg-043017,7.17.7
1,pkg-043018,8.18.8
1,pkg-043019,9.19.9
1,pkg-043020,1.0.0
1,pkg-043021,2.1.1
1,pkg-043022,3.2.2
1,pkg-043023,4.3.3
1,pkg-043024,5.4.4
1,pkg-043025,6.5.5
1,pkg-043026,7.6.6
1,pkg-043027,8.7.7
1,pkg-043028,9.8.8
1,pkg-043029,1.9.9
1,pkg-043030,2.10.0
1,pkg-043031,3.11.1
1,pkg-043032,4.12.2
1,pkg-043033,5.13.3
1,pkg-043034,6.14.4
1,pkg-043035,7.15.5
1,pkg-043036,8.16.6
1,pkg-043037,9.17.7
1,pkg-043038,1.18.8
1,pkg-043039,2.19.9
1,pkg-043040,3.0.0
1,pkg-043041,4.1.1
1,pkg-043042,5.2.2
1,pkg-043043,6.3.3
1,pkg-043044,7.4.4
1,pkg-043045,8.5.5
1,pkg-043046,9.6.6
1,pkg-043047,1.7.7
1,pkg-043048,2.8.8
1,pkg-043049,3.9.9
1,pkg-043050,4.10.0
1,pkg-043051,5.11.1
1,pkg-043052,6.12.2
1,pkg-043053,7.13.3
1,pkg-043054,8.14.4
1,pkg-043055,9.15.5
1,pkg-043056,1.16.6
1,pkg-043057,2.17.7
1,pkg-043058,3.18.8
1,pkg-043059,4.19.9
1,pkg-043060,5.0.0
1,pkg-043061,6.1.1
1,pkg-043062,7.2.2
1,pkg-043063,8.3.3
1,pkg-043064,9.4.4
1,pkg-043065,1.5.5
1,pkg-043066,2.6.6
1,pkg-043067,3.7.7
1,pkg-043068,4.8.8
1,pkg-043069,5.9.9
1,pkg-043070,6.10.0
1,pkg-043071,7.11.1
1,pkg-043072,8.12.2
1,pkg-043073,9.13.3
1,pkg-043074,1.14.4
1,pkg-043075,2.15.5
1,pkg-043076,3.16.6
1,pkg-043077,4.17.7
1,pkg-043078,5.18.8
1,pkg-043079,6.19.9
1,pkg-043080,7.0.0
1,pkg-043081,8.1.1
1,pkg-043082,9.2.2
1,pkg-043083,1.3.3
1,pkg-043084,2.4.4
1,pkg-043085,3.5.5
1,pkg-043086,4.6.6
1,pkg-043087,5.7.7
1,pkg-043088,6.8.8
1,pkg-043089,7.9.9
1,pkg-043090,8.10.0
1,pkg-043091,9.11.1
1,pkg-043092,1.12.2
1,pkg-043093,2.13.3
1,pkg-043094,3.14.4
1,pkg-043095,4.15.5
1,pkg-043096,5.16.6
1,pkg-043097,6.17.7
1,pkg-043098,7.18.8
1,pkg-043099,8.19.9
1,pkg-043100,9.0.0
1,pkg-043101,1.1.1
1,pkg-043102,2.2.2
1,pkg-043103,3.3.3
1,pkg-043104,4.4.4
1,pkg-043105,5.5.5
1,pkg-043106,6.6.6
1,pkg-043107,7.7.7
1,pkg-043108,8.8.8
1,pkg-043109,9.9.9
1,pkg-043110,1.10.0
1,pkg-043111,2.11.1
1,pkg-043112,3.12.2
1,pkg-043113,4.13.3
1,pkg-043114,5.14.4
1,pkg-043115,6.15.5
1,pkg-043116,7.16.6
1,pkg-043117,8.17.7
1,pkg-043118,9.18.8
1,pkg-043119,1.19.9
1,pkg-043120,2.0.0
1,pkg-043121,3.1.1
1,pkg-043122,4.2.2
1,pkg-043123,5.3.3
1,pkg-043124,6.4.4
1,pkg-043125,7.5.5
1,pkg-043126,8.6.6
1,pkg-043127,9.7.7
1,pkg-043128,1.8.8
1,pkg-043129,2.9.9
1,pkg-043130,3.10.0
1,pkg-043131,4.11.1
1,pkg-043132,5.12.2
1,pkg-043133,6.13.3
1,pkg-043134,7.14.4
1,pkg-043135,8.15.5
1,pkg-043136,9.16.6
1,pkg-043137,1.17.7
1,pkg-043138,2.18.8
1,pkg-043139,3.19.9
1,pkg-043140,4.0.0
1,pkg-043141,5.1.1
1,pkg-043142,6.2.2
1,pkg-043143,7.3.3
1,pkg-043144,8.4.4
1,pkg-043145,9.5.5
1,pkg-043146,1.6.6
1,pkg-043147,2.7.7
1,pkg-043148,3.8.8
1,pkg-043149,4.9.9
1,pkg-043150,5.10.0
1,pkg-043151,6.11.1
1,pkg-043152,7.12.2
1,pkg-043153,8.13.3
1,pkg-043154,9.14.4
1,pkg-043155,1.15.5
1,pkg-043156,2.16.6
1,pkg-043157,3.17.7
1,pkg-043158,4.18.8
1,pkg-043159,5.19.9
1,pkg-043160,6.0.0
1,pkg-043161,7.1.1
1,pkg-043162,8.2.2
1,pkg-043163,9.3.3
1,pkg-043164,1.4.4
1,pkg-043165,2.5.5
1,pkg-043166,3.6.6
1,pkg-043167,4.7.7
1,pkg-043168,5.8.8
1,pkg-043169,6.9.9
1,pkg-043170,7.10.0
1,pkg-043171,8.11.1
1,pkg-043172,9.12.2
1,pkg-043173,1.13.3
1,pkg-043174,2.14.4
1,pkg-043175,3.15.5
1,pkg-043176,4.16.6
1,pkg-043177,5.17.7
1,pkg-043178,6.18.8
1,pkg-043179,7.19.9
1,pkg-043180,8.0.0
1,pkg-043181,9.1.1
1,pkg-043182,1.2.2
1,pkg-043183,2.3.3
1,pkg-043184,3.4.4
1,pkg-043185,4.5.5
1,pkg-043186,5.6.6
1,pkg-043187,6.7.7
1,pkg-043188,7.8.8
1,pkg-043189,8.9.9
1,pkg-043190,9.10.0
1,pkg-043191,1.11.1
1,pkg-043192,2.12.2
1,pkg-043193,3.13.3
1,pkg-043194,4.14.4
1,pkg-043195,5.15.5
1,pkg-043196,6.16.6
1,pkg-043197,7.17.7
1,pkg-043198,8.18.8
1,pkg-043199,9.19.9
1,pkg-043200,1.0.0
1,pkg-043201,2.1.1
1,pkg-043202,3.2.2
1,pkg-043203,4.3.3
1,pkg-043204,5.4.4
1,pkg-043205,6.5.5
1,pkg-043206,7.6.6
1,pkg-043207,8.7.7
1,pkg-043208,9.8.8
1,pkg-043209,1.9.9
1,pkg-043210,2.10.0
1,pkg-043211,3.11.1
1,pkg-043212,4.12.2
1,pkg-043213,5.13.3
1,pkg-043214,6.14.4
1,pkg-043215,7.15.5
1,pkg-043216,8.16.6
1,pkg-043217,9.17.7
1,pkg-043218,1.18.8
1,pkg-043219,2.19.9
1,pkg-043220,3.0.0
1,pkg-043221,4.1.1
1,pkg-043222,5.2.2
1,pkg-043223,6.3.3
1,pkg-043224,7.4.4
1,pkg-043225,8.5.5
1,pkg-043226,9.6.6
1,pkg-043227,1.7.7
1,pkg-043228,2.8.8
1,pkg-043229,3.9.9
1,pkg-043230,4.10.0
1,pkg-043231,5.11.1
1,pkg-043232,6.12.2
1,pkg-043233,7.13.3
1,pkg-043234,8.14.4
1,pkg-043235,9.15.5
1,pkg-043236,1.16.6
1,pkg-043237,2.17.7
1,pkg-043238,3.18.8
1,pkg-043239,4.19.9
1,pkg-043240,5.0.0
1,pkg-043241,6.1.1
1,pkg-043242,7.2.2
1,pkg-043243,8.3.3
1,pkg-043244,9.4.4
1,pkg-043245,1.5.5
1,pkg-043246,2.6.6
1,pkg-043247,3.7.7
1,pkg-043248,4.8.8
1,pkg-043249,5.9.9
1,pkg-043250,6.10.0
1,pkg-043251,7.11.1
1,pkg-043252,8.12.2
1,pkg-043253,9.13.3
1,pkg-043254,1.14.4
1,pkg-043255,2.15.5
1,pkg-043256,3.16.6
1,pkg-043257,4.17.7
1,pkg-043258,5.18.8
1,pkg-043259,6.19.9
1,pkg-043260,7.0.0
1,pkg-043261,8.1.1
1,pkg-043262,9.2.2
1,pkg-043263,1.3.3
1,pkg-043264,2.4.4
1,pkg-043265,3.5.5
1,pkg-043266,4.6.6
1,pkg-043267,5.7.7
1,pkg-043268,6.8.8
1,pkg-043269,7.9.9
1,pkg-043270,8.10.0
1,pkg-043271,9.11.1
1,pkg-043272,1.12.2
1,pkg-043273,2.13.3
1,pkg-043274,3.14.4
1,pkg-043275,4.15.5
1,pkg-043276,5.16.6
1,pkg-043277,6.17.7
1,pkg-043278,7.18.8
1,pkg-043279,8.19.9
1,pkg-043280,9.0.0
1,pkg-043281,1.1.1
1,pkg-043282,2.2.2
1,pkg-043283,3.3.3
1,pkg-043284,4.4.4
1,pkg-043285,5.5.5
1,pkg-043286,6.6.6
1,pkg-043287,7.7.7
1,pkg-043288,8.8.8
1,pkg-043289,9.9.9
1,pkg-043290,1.10.0
1,pkg-043291,2.11.1
1,pkg-043292,3.12.2
1,pkg-043293,4.13.3
1,pkg-043294,5.14.4
1,pkg-043295,6.15.5
1,pkg-043296,7.16.6
1,pkg-043297,8.17.7
1,pkg-043298,9.18.8
1,pkg-043299,1.19.9
1,pkg-043300,2.0.0
1,pkg-043301,3.1.1
1,pkg-043302,4.2.2
1,pkg-043303,5.3.3
1,pkg-043304,6.4.4
1,pkg-043305,7.5.5
1,pkg-043306,8.6.6
1,pkg-043307,9.7.7
1,pkg-043308,1.8.8
1,pkg-043309,2.9.9
1,pkg-043310,3.10.0
1,pkg-043311,4.11.1
1,pkg-043312,5.12.2
1,pkg-043313,6.13.3
1,pkg-043314,7.14.4
1,pkg-043315,8.15.5
1,pkg-043316,9.16.6
1,pkg-043317,1.17.7
1,pkg-043318,2.18.8
1,pkg-043319,3.19.9
1,pkg-043320,4.0.0
1,pkg-043321,5.1.1
1,pkg-043322,6.2.2
1,pkg-043323,7.3.3
1,pkg-043324,8.4.4
1,pkg-043325,9.5.5
1,pkg-043326,1.6.6
1,pkg-043327,2.7.7
1,pkg-043328,3.8.8
1,pkg-043329,4.9.9
1,pkg-043330,5.10.0
1,pkg-043331,6.11.1
1,pkg-043332,7.12.2
1,pkg-043333,8.13.3
1,pkg-043334,9.14.4
1,pkg-043335,1.15.5
1,pkg-043336,2.16.6
1,pkg-043337,3.17.7
1,pkg-043338,4.18.8
1,pkg-043339,5.19.9
1,pkg-043340,6.0.0
1,pkg-043341,7.1.1
1,pkg-043342,8.2.2
1,pkg-043343,9.3.3
1,pkg-043344,1.4.4
1,pkg-043345,2.5.5
1,pkg-043346,3.6.6
1,pkg-043347,4.7.7
1,pkg-043348,5.8.8
1,pkg-043349,6.9.9
1,pkg-043350,7.10.0
1,pkg-043351,8.11.1
1,pkg-043352,9.12.2
1,pkg-043353,1.13.3
1,pkg-043354,2.14.4
1,pkg-043355,3.15.5
1,pkg-043356,4.16.6
1,pkg-043357,5.17.7
1,pkg-043358,6.18.8
1,pkg-043359,7.19.9
1,pkg-043360,8.0.0
1,pkg-043361,9.1.1
1,pkg-043362,1.2.2
1,pkg-043363,2.3.3
1,pkg-043364,3.4.4
1,pkg-043365,4.5.5
1,pkg-043366,5.6.6
1,pkg-043367,6.7.7
1,pkg-043368,7.8.8
1,pkg-043369,8.9.9
1,pkg-043370,9.10.0
1,pkg-043371,1.11.1
1,pkg-043372,2.12.2
1,pkg-043373,3.13.3
1,pkg-043374,4.14.4
1,pkg-043375,5.15.5
1,pkg-043376,6.16.6
1,pkg-043377,7.17.7
1,pkg-043378,8.18.8
1,pkg-043379,9.19.9
1,pkg-043380,1.0.0
1,pkg-043381,2.1.1
1,pkg-043382,3.2.2
1,pkg-043383,4.3.3
1,pkg-043384,5.4.4
1,pkg-043385,6.5.5
1,pkg-043386,7.6.6
1,pkg-043387,8.7.7
1,pkg-043388,9.8.8
1,pkg-043389,1.9.9
1,pkg-043390,2.10.0
1,pkg-043391,3.11.1
1,pkg-043392,4.12.2
1,pkg-043393,5.13.3
1,pkg-043394,6.14.4
1,pkg-043395,7.15.5
1,pkg-043396,8.16.6
1,pkg-043397,9.17.7
1,pkg-043398,1.18.8
1,pkg-043399,2.19.9
1,pkg-043400,3.0.0
1,pkg-043401,4.1.1
1,pkg-043402,5.2.2
1,pkg-043403,6.3.3
1,pkg-043404,7.4.4
1,pkg-043405,8.5.5
1,pkg-043406,9.6.6
1,pkg-043407,1.7.7
1,pkg-043408,2.8.8
1,pkg-043409,3.9.9
1,pkg-043410,4.10.0
1,pkg-043411,5.11.1
1,pkg-043412,6.12.2
1,pkg-043413,7.13.3
1,pkg-043414,8.14.4
1,pkg-043415,9.15.5
1,pkg-043416,1.16.6
1,pkg-043417,2.17.7
1,pkg-043418,3.18.8
1,pkg-043419,4.19.9
1,pkg-043420,5.0.0
1,pkg-043421,6.1.1
1,pkg-043422,7.2.2
1,pkg-043423,8.3.3
1,pkg-043424,9.4.4
1,pkg-043425,1.5.5
1,pkg-043426,2.6.6
1,pkg-043427,3.7.7
1,pkg-043428,4.8.8
1,pkg-043429,5.9.9
1,pkg-043430,6.10.0
1,pkg-043431,7.11.1
1,pkg-043432,8.12.2
1,pkg-043433,9.13.3
1,pkg-043434,1.14.4
1,pkg-043435,2.15.5
1,pkg-043436,3.16.6
1,pkg-043437,4.17.7
1,pkg-043438,5.18.8
1,pkg-043439,6.19.9
1,pkg-043440,7.0.0
1,pkg-043441,8.1.1
1,pkg-043442,9.2.2
1,pkg-043443,1.3.3
1,pkg-043444,2.4.4
1,pkg-043445,3.5.5
1,pkg-043446,4.6.6
1,pkg-043447,5.7.7
1,pkg-043448,6.8.8
1,pkg-043449,7.9.9
1,pkg-043450,8.10.0
1,pkg-043451,9.11.1
1,pkg-043452,1.12.2
1,pkg-043453,2.13.3
1,pkg-043454,3.14.4
1,pkg-043455,4.15.5
1,pkg-043456,5.16.6
1,pkg-043457,6.17.7
1,pkg-043458,7.18.8
1,pkg-043459,8.19.9
1,pkg-043460,9.0.0
1,pkg-043461,1.1.1
1,pkg-043462,2.2.2
1,pkg-043463,3.3.3
1,pkg-043464,4.4.4
1,pkg-043465,5.5.5
1,pkg-043466,6.6.6
1,pkg-043467,7.7.7
1,pkg-043468,8.8.8
1,pkg-043469,9.9.9
1,pkg-043470,1.10.0
1,pkg-043471,2.11.1
1,pkg-043472,3.12.2
1,pkg-043473,4.13.3
1,pkg-043474,5.14.4
1,pkg-043475,6.15.5
1,pkg-043476,7.16.6
1,pkg-043477,8.17.7
1,pkg-043478,9.18.8
1,pkg-043479,1.19.9
1,pkg-043480,2.0.0
1,pkg-043481,3.1.1
1,pkg-043482,4.2.2
1,pkg-043483,5.3.3
1,pkg-043484,6.4.4
1,pkg-043485,7.5.5
1,pkg-043486,8.6.6
1,pkg-043487,9.7.7
1,pkg-043488,1.8.8
1,pkg-043489,2.9.9
1,pkg-043490,3.10.0
1,pkg-043491,4.11.1
1,pkg-043492,5.12.2
1,pkg-043493,6.13.3
1,pkg-043494,7.14.4
1,pkg-043495,8.15.5
1,pkg-043496,9.16.6
1,pkg-043497,1.17.7
1,pkg-043498,2.18.8
1,pkg-043499,3.19.9
1,pkg-043500,4.0.0
1,pkg-043501,5.1.1
1,pkg-043502,6.2.2
1,pkg-043503,7.3.3
1,pkg-043504,8.4.4
1,pkg-043505,9.5.5
1,pkg-043506,1.6.6
1,pkg-043507,2.7.7
1,pkg-043508,3.8.8
1,pkg-043509,4.9.9
1,pkg-043510,5.10.0
1,pkg-043511,6.11.1
1,pkg-043512,7.12.2
1,pkg-043513,8.13.3
1,pkg-043514,9.14.4
1,pkg-043515,1.15.5
1,pkg-043516,2.16.6
1,pkg-043517,3.17.7
1,pkg-043518,4.18.8
1,pkg-043519,5.19.9
1,pkg-043520,6.0.0
1,pkg-043521,7.1.1
1,pkg-043522,8.2.2
1,pkg-043523,9.3.3
1,pkg-043524,1.4.4
1,pkg-043525,2.5.5
1,pkg-043526,3.6.6
1,pkg-043527,4.7.7
1,pkg-043528,5.8.8
1,pkg-043529,6.9.9
1,pkg-043530,7.10.0
1,pkg-043531,8.11.1
1,pkg-043532,9.12.2
1,pkg-043533,1.13.3
1,pkg-043534,2.14.4
1,pkg-043535,3.15.5
1,pkg-043536,4.16.6
1,pkg-043537,5.17.7
1,pkg-043538,6.18.8
1,pkg-043539,7.19.9
1,pkg-043540,8.0.0
1,pkg-043541,9.1.1
1,pkg-043542,1.2.2
1,pkg-043543,2.3.3
1,pkg-043544,3.4.4
1,pkg-043545,4.5.5
1,pkg-043546,5.6.6
1,pkg-043547,6.7.7
1,pkg-043548,7.8.8
1,pkg-043549,8.9.9
1,pkg-043550,9.10.0
1,pkg-043551,1.11.1
1,pkg-043552,2.12.2
1,pkg-043553,3.13.3
1,pkg-043554,4.14.4
1,pkg-043555,5.15.5
1,pkg-043556,6.16.6
1,pkg-043557,7.17.7
1,pkg-043558,8.18.8
1,pkg-043559,9.19.9
1,pkg-043560,1.0.0
1,pkg-043561,2.1.1
1,pkg-043562,3.2.2
1,pkg-043563,4.3.3
1,pkg-043564,5.4.4
1,pkg-043565,6.5.5
1,pkg-043566,7.6.6
1,pkg-043567,8.7.7
1,pkg-043568,9.8.8
1,pkg-043569,1.9.9
1,pkg-043570,2.10.0
1,pkg-043571,3.11.1
1,pkg-043572,4.12.2
1,pkg-043573,5.13.3
1,pkg-043574,6.14.4
1,pkg-043575,7.15.5
1,pkg-043576,8.16.6
1,pkg-043577,9.17.7
1,pkg-043578,1.18.8
1,pkg-043579,2.19.9
1,pkg-043580,3.0.0
1,pkg-043581,4.1.1
1,pkg-043582,5.2.2
1,pkg-043583,6.3.3
1,pkg-043584,7.4.4
1,pkg-043585,8.5.5
1,pkg-043586,9.6.6
1,pkg-043587,1.7.7
1,pkg-043588,2.8.8
1,pkg-043589,3.9.9
1,pkg-043590,4.10.0
1,pkg-043591,5.11.1
1,pkg-043592,6.12.2
1,pkg-043593,7.13.3
1,pkg-043594,8.14.4
1,pkg-043595,9.15.5
1,pkg-043596,1.16.6
1,pkg-043597,2.17.7
1,pkg-043598,3.18.8
1,pkg-043599,4.19.9
1,pkg-043600,5.0.0
1,pkg-043601,6.1.1
1,pkg-043602,7.2.2
1,pkg-043603,8.3.3
1,pkg-043604,9.4.4
1,pkg-043605,1.5.5
1,pkg-043606,2.6.6
1,pkg-043607,3.7.7
1,pkg-043608,4.8.8
1,pkg-043609,5.9.9
1,pkg-043610,6.10.0
1,pkg-043611,7.11.1
1,pkg-043612,8.12.2
1,pkg-043613,9.13.3
1,pkg-043614,1.14.4
1,pkg-043615,2.15.5
1,pkg-043616,3.16.6
1,pkg-043617,4.17.7
1,pkg-043618,5.18.8
1,pkg-043619,6.19.9
1,pkg-043620,7.0.0
1,pkg-043621,8.1.1
1,pkg-043622,9.2.2
1,pkg-043623,1.3.3
1,pkg-043624,2.4.4
1,pkg-043625,3.5.5
1,pkg-043626,4.6.6
1,pkg-043627,5.7.7
1,pkg-043628,6.8.8
1,pkg-043629,7.9.9
1,pkg-043630,8.10.0
1,pkg-043631,9.11.1
1,pkg-043632,1.12.2
1,pkg-043633,2.13.3
1,pkg-043634,3.14.4
1,pkg-043635,4.15.5
1,pkg-043636,5.16.6
1,pkg-043637,6.17.7
1,pkg-043638,7.18.8
1,pkg-043639,8.19.9
1,pkg-043640,9.0.0
1,pkg-043641,1.1.1
1,pkg-043642,2.2.2
1,pkg-043643,3.3.3
1,pkg-043644,4.4.4
1,pkg-043645,5.5.5
1,pkg-043646,6.6.6
1,pkg-043647,7.7.7
1,pkg-043648,8.8.8
1,pkg-043649,9.9.9
1,pkg-043650,1.10.0
1,pkg-043651,2.11.1
1,pkg-043652,3.12.2
1,pkg-043653,4.13.3
1,pkg-043654,5.14.4
1,pkg-043655,6.15.5
1,pkg-043656,7.16.6
1,pkg-043657,8.17.7
1,pkg-043658,9.18.8
1,pkg-043659,1.19.9
1,pkg-043660,2.0.0
1,pkg-043661,3.1.1
1,pkg-043662,4.2.2
1,pkg-043663,5.3.3
1,pkg-043664,6.4.4
1,pkg-043665,7.5.5
1,pkg-043666,8.6.6
1,pkg-043667,9.7.7
1,pkg-043668,1.8.8
1,pkg-043669,2.9.9
1,pkg-043670,3.10.0
1,pkg-043671,4.11.1
1,pkg-043672,5.12.2
1,pkg-043673,6.13.3
1,pkg-043674,7.14.4
1,pkg-043675,8.15.5
1,pkg-043676,9.16.6
1,pkg-043677,1.17.7
1,pkg-043678,2.18.8
1,pkg-043679,3.19.9
1,pkg-043680,4.0.0
1,pkg-043681,5.1.1
1,pkg-043682,6.2.2
1,pkg-043683,7.3.3
1,pkg-043684,8.4.4
1,pkg-043685,9.5.5
1,pkg-043686,1.6.6
1,pkg-043687,2.7.7
1,pkg-043688,3.8.8
1,pkg-043689,4.9.9
1,pkg-043690,5.10.0
1,pkg-043691,6.11.1
1,pkg-043692,7.12.2
1,pkg-043693,8.13.3
1,pkg-043694,9.14.4
1,pkg-043695,1.15.5
1,pkg-043696,2.16.6
1,pkg-043697,3.17.7
1,pkg-043698,4.18.8
1,pkg-043699,5.19.9
1,pkg-043700,6.0.0
1,pkg-043701,7.1.1
1,pkg-043702,8.2.2
1,pkg-043703,9.3.3
1,pkg-043704,1.4.4
1,pkg-043705,2.5.5
1,pkg-043706,3.6.6
1,pkg-043707,4.7.7
1,pkg-043708,5.8.8
1,pkg-043709,6.9.9
1,pkg-043710,7.10.0
1,pkg-043711,8.11.1
1,pkg-043712,9.12.2
1,pkg-043713,1.13.3
1,pkg-043714,2.14.4
1,pkg-043715,3.15.5
1,pkg-043716,4.16.6
1,pkg-043717,5.17.7
1,pkg-043718,6.18.8
1,pkg-043719,7.19.9
1,pkg-043720,8.0.0
1,pkg-043721,9.1.1
1,pkg-043722,1.2.2
1,pkg-043723,2.3.3
1,pkg-043724,3.4.4
1,pkg-043725,4.5.5
1,pkg-043726,5.6.6
1,pkg-043727,6.7.7
1,pkg-043728,7.8.8
1,pkg-043729,8.9.9
1,pkg-043730,9.10.0
1,pkg-043731,1.11.1
1,pkg-043732,2.12.2
1,pkg-043733,3.13.3
1,pkg-043734,4.14.4
1,pkg-043735,5.15.5
1,pkg-043736,6.16.6
1,pkg-043737,7.17.7
1,pkg-043738,8.18.8
1,pkg-043739,9.19.9
1,pkg-043740,1.0.0
1,pkg-043741,2.1.1
1,pkg-043742,3.2.2
1,pkg-043743,4.3.3
1,pkg-043744,5.4.4
1,pkg-043745,6.5.5
1,pkg-043746,7.6.6
1,pkg-043747,8.7.7
1,pkg-043748,9.8.8
1,pkg-043749,1.9.9
1,pkg-043750,2.10.0
1,pkg-043751,3.11.1
1,pkg-043752,4.12.2
1,pkg-043753,5.13.3
1,pkg-043754,6.14.4
1,pkg-043755,7.15.5
1,pkg-043756,8.16.6
1,pkg-043757,9.17.7
1,pkg-043758,1.18.8
1,pkg-043759,2.19.9
1,pkg-043760,3.0.0
1,pkg-043761,4.1.1
1,pkg-043762,5.2.2
1,pkg-043763,6.3.3
1,pkg-043764,7.4.4
1,pkg-043765,8.5.5
1,pkg-043766,9.6.6
1,pkg-043767,1.7.7
1,pkg-043768,2.8.8
1,pkg-043769,3.9.9
1,pkg-043770,4.10.0
1,pkg-043771,5.11.1
1,pkg-043772,6.12.2
1,pkg-043773,7.13.3
1,pkg-043774,8.14.4
1,pkg-043775,9.15.5
1,pkg-043776,1.16.6
1,pkg-043777,2.17.7
1,pkg-043778,3.18.8
1,pkg-043779,4.19.9
1,pkg-043780,5.0.0
1,pkg-043781,6.1.1
1,pkg-043782,7.2.2
1,pkg-043783,8.3.3
1,pkg-043784,9.4.4
1,pkg-043785,1.5.5
1,pkg-043786,2.6.6
1,pkg-043787,3.7.7
1,pkg-043788,4.8.8
1,pkg-043789,5.9.9
1,pkg-043790,6.10.0
1,pkg-043791,7.11.1
1,pkg-043792,8.12.2
1,pkg-043793,9.13.3
1,pkg-043794,1.14.4
1,pkg-043795,2.15.5
1,pkg-043796,3.16.6
1,pkg-043797,4.17.7
1,pkg-043798,5.18.8
1,pkg-043799,6.19.9
1,pkg-043800,7.0.0
1,pkg-043801,8.1.1
1,pkg-043802,9.2.2
1,pkg-043803,1.3.3
1,pkg-043804,2.4.4
1,pkg-043805,3.5.5
1,pkg-043806,4.6.6
1,pkg-043807,5.7.7
1,pkg-043808,6.8.8
1,pkg-043809,7.9.9
1,pkg-043810,8.10.0
1,pkg-043811,9.11.1
1,pkg-043812,1.12.2
1,pkg-043813,2.13.3
1,pkg-043814,3.14.4
1,pkg-043815,4.15.5
1,pkg-043816,5.16.6
1,pkg-043817,6.17.7
1,pkg-043818,7.18.8
1,pkg-043819,8.19.9
1,pkg-043820,9.0.0
1,pkg-043821,1.1.1
1,pkg-043822,2.2.2
1,pkg-043823,3.3.3
1,pkg-043824,4.4.4
1,pkg-043825,5.5.5
1,pkg-043826,6.6.6
1,pkg-043827,7.7.7
1,pkg-043828,8.8.8
1,pkg-043829,9.9.9
1,pkg-043830,1.10.0
1,pkg-043831,2.11.1
1,pkg-043832,3.12.2
1,pkg-043833,4.13.3
1,pkg-043834,5.14.4
1,pkg-043835,6.15.5
1,pkg-043836,7.16.6
1,pkg-043837,8.17.7
1,pkg-043838,9.18.8
1,pkg-043839,1.19.9
1,pkg-043840,2.0.0
1,pkg-043841,3.1.1
1,pkg-043842,4.2.2
1,pkg-043843,5.3.3
1,pkg-043844,6.4.4
1,pkg-043845,7.5.5
1,pkg-043846,8.6.6
1,pkg-043847,9.7.7
1,pkg-043848,1.8.8
1,pkg-043849,2.9.9
1,pkg-043850,3.10.0
1,pkg-043851,4.11.1
1,pkg-043852,5.12.2
1,pkg-043853,6.13.3
1,pkg-043854,7.14.4
1,pkg-043855,8.15.5
1,pkg-043856,9.16.6
1,pkg-043857,1.17.7
1,pkg-043858,2.18.8
1,pkg-043859,3.19.9
1,pkg-043860,4.0.0
1,pkg-043861,5.1.1
1,pkg-043862,6.2.2
1,pkg-043863,7.3.3
1,pkg-043864,8.4.4
1,pkg-043865,9.5.5
1,pkg-043866,1.6.6
1,pkg-043867,2.7.7
1,pkg-043868,3.8.8
1,pkg-043869,4.9.9
1,pkg-043870,5.10.0
1,pkg-043871,6.11.1
1,pkg-043872,7.12.2
1,pkg-043873,8.13.3
1,pkg-043874,9.14.4
1,pkg-043875,1.15.5
1,pkg-043876,2.16.6
1,pkg-043877,3.17.7
1,pkg-043878,4.18.8
1,pkg-043879,5.19.9
1,pkg-043880,6.0.0
1,pkg-043881,7.1.1
1,pkg-043882,8.2.2
1,pkg-043883,9.3.3
1,pkg-043884,1.4.4
1,pkg-043885,2.5.5
1,pkg-043886,3.6.6
1,pkg-043887,4.7.7
1,pkg-043888,5.8.8
1,pkg-043889,6.9.9
1,pkg-043890,7.10.0
1,pkg-043891,8.11.1
1,pkg-043892,9.12.2
1,pkg-043893,1.13.3
1,pkg-043894,2.14.4
1,pkg-043895,3.15.5
1,pkg-043896,4.16.6
1,pkg-043897,5.17.7
1,pkg-043898,6.18.8
1,pkg-043899,7.19.9
1,pkg-043900,8.0.0
1,pkg-043901,9.1.1
1,pkg-043902,1.2.2
1,pkg-043903,2.3.3
1,pkg-043904,3.4.4
1,pkg-043905,4.5.5
1,pkg-043906,5.6.6
1,pkg-043907,6.7.7
1,pkg-043908,7.8.8
1,pkg-043909,8.9.9
1,pkg-043910,9.10.0
1,pkg-043911,1.11.1
1,pkg-043912,2.12.2
1,pkg-043913,3.13.3
1,pkg-043914,4.14.4
1,pkg-043915,5.15.5
1,pkg-043916,6.16.6
1,pkg-043917,7.17.7
1,pkg-043918,8.18.8
1,pkg-043919,9.19.9
1,pkg-043920,1.0.0
1,pkg-043921,2.1.1
1,pkg-043922,3.2.2
1,pkg-043923,4.3.3
1,pkg-043924,5.4.4
1,pkg-043925,6.5.5
1,pkg-043926,7.6.6
1,pkg-043927,8.7.7
1,pkg-043928,9.8.8
1,pkg-043929,1.9.9
1,pkg-043930,2.10.0
1,pkg-043931,3.11.1
1,pkg-043932,4.12.2
1,pkg-043933,5.13.3
1,pkg-043934,6.14.4
1,pkg-043935,7.15.5
1,pkg-043936,8.16.6
1,pkg-043937,9.17.7
1,pkg-043938,1.18.8
1,pkg-043939,2.19.9
1,pkg-043940,3.0.0
1,pkg-043941,4.1.1
1,pkg-043942,5.2.2
1,pkg-043943,6.3.3
1,pkg-043944,7.4.4
1,pkg-043945,8.5.5
1,pkg-043946,9.6.6
1,pkg-043947,1.7.7
1,pkg-043948,2.8.8
1,pkg-043949,3.9.9
1,pkg-043950,4.10.0
1,pkg-043951,5.11.1
1,pkg-043952,6.12.2
1,pkg-043953,7.13.3
1,pkg-043954,8.14.4
1,pkg-043955,9.15.5
1,pkg-043956,1.16.6
1,pkg-043957,2.17.7
1,pkg-043958,3.18.8
1,pkg-043959,4.19.9
1,pkg-043960,5.0.0
1,pkg-043961,6.1.1
1,pkg-043962,7.2.2
1,pkg-043963,8.3.3
1,pkg-043964,9.4.4
1,pkg-043965,1.5.5
1,pkg-043966,2.6.6
1,pkg-043967,3.7.7
1,pkg-043968,4.8.8
1,pkg-043969,5.9.9
1,pkg-043970,6.10.0
1,pkg-043971,7.11.1
1,pkg-043972,8.12.2
1,pkg-043973,9.13.3
1,pkg-043974,1.14.4
1,pkg-043975,2.15.5
1,pkg-043976,3.16.6
1,pkg-043977,4.17.7
1,pkg-043978,5.18.8
1,pkg-043979,6.19.9
1,pkg-043980,7.0.0
1,pkg-043981,8.1.1
1,pkg-043982,9.2.2
1,pkg-043983,1.3.3
1,pkg-043984,2.4.4
1,pkg-043985,3.5.5
1,pkg-043986,4.6.6
1,pkg-043987,5.7.7
1,pkg-043988,6.8.8
1,pkg-043989,7.9.9
1,pkg-043990,8.10.0
1,pkg-043991,9.11.1
1,pkg-043992,1.12.2
1,pkg-043993,2.13.3
1,pkg-043994,3.14.4
1,pkg-043995,4.15.5
1,pkg-043996,5.16.6
1,pkg-043997,6.17.7
1,pkg-043998,7.18.8
1,pkg-043999,8.19.9
1,pkg-044000,9.0.0
1,pkg-044001,1.1.1
1,pkg-044002,2.2.2
1,pkg-044003,3.3.3
1,pkg-044004,4.4.4
1,pkg-044005,5.5.5
1,pkg-044006,6.6.6
1,pkg-044007,7.7.7
1,pkg-044008,8.8.8
1,pkg-044009,9.9.9
1,pkg-044010,1.10.0
1,pkg-044011,2.11.1
1,pkg-044012,3.12.2
1,pkg-044013,4.13.3
1,pkg-044014,5.14.4
1,pkg-044015,6.15.5
1,pkg-044016,7.16.6
1,pkg-044017,8.17.7
1,pkg-044018,9.18.8
1,pkg-044019,1.19.9
1,pkg-044020,2.0.0
1,pkg-044021,3.1.1
1,pkg-044022,4.2.2
1,pkg-044023,5.3.3
1,pkg-044024,6.4.4
1,pkg-044025,7.5.5
1,pkg-044026,8.6.6
1,pkg-044027,9.7.7
1,pkg-044028,1.8.8
1,pkg-044029,2.9.9
1,pkg-044030,3.10.0
1,pkg-044031,4.11.1
1,pkg-044032,5.12.2
1,pkg-044033,6.13.3
1,pkg-044034,7.14.4
1,pkg-044035,8.15.5
1,pkg-044036,9.16.6
1,pkg-044037,1.17.7
1,pkg-044038,2.18.8
1,pkg-044039,3.19.9
1,pkg-044040,4.0.0
1,pkg-044041,5.1.1
1,pkg-044042,6.2.2
1,pkg-044043,7.3.3
1,pkg-044044,8.4.4
1,pkg-044045,9.5.5
1,pkg-044046,1.6.6
1,pkg-044047,2.7.7
1,pkg-044048,3.8.8
1,pkg-044049,4.9.9
1,pkg-044050,5.10.0
1,pkg-044051,6.11.1
1,pkg-044052,7.12.2
1,pkg-044053,8.13.3
1,pkg-044054,9.14.4
1,pkg-044055,1.15.5
1,pkg-044056,2.16.6
1,pkg-044057,3.17.7
1,pkg-044058,4.18.8
1,pkg-044059,5.19.9
1,pkg-044060,6.0.0
1,pkg-044061,7.1.1
1,pkg-044062,8.2.2
1,pkg-044063,9.3.3
1,pkg-044064,1.4.4
1,pkg-044065,2.5.5
1,pkg-044066,3.6.6
1,pkg-044067,4.7.7
1,pkg-044068,5.8.8
1,pkg-044069,6.9.9
1,pkg-044070,7.10.0
1,pkg-044071,8.11.1
1,pkg-044072,9.12.2
1,pkg-044073,1.13.3
1,pkg-044074,2.14.4
1,pkg-044075,3.15.5
1,pkg-044076,4.16.6
1,pkg-044077,5.17.7
1,pkg-044078,6.18.8
1,pkg-044079,7.19.9
1,pkg-044080,8.0.0
1,pkg-044081,9.1.1
1,pkg-044082,1.2.2
1,pkg-044083,2.3.3
1,pkg-044084,3.4.4
1,pkg-044085,4.5.5
1,pkg-044086,5.6.6
1,pkg-044087,6.7.7
1,pkg-044088,7.8.8
1,pkg-044089,8.9.9
1,pkg-044090,9.10.0
1,pkg-044091,1.11.1
1,pkg-044092,2.12.2
1,pkg-044093,3.13.3
1,pkg-044094,4.14.4
1,pkg-044095,5.15.5
1,pkg-044096,6.16.6
1,pkg-044097,7.17.7
1,pkg-044098,8.18.8
1,pkg-044099,9.19.9
1,pkg-044100,1.0.0
1,pkg-044101,2.1.1
1,pkg-044102,3.2.2
1,pkg-044103,4.3.3
1,pkg-044104,5.4.4
1,pkg-044105,6.5.5
1,pkg-044106,7.6.6
1,pkg-044107,8.7.7
1,pkg-044108,9.8.8
1,pkg-044109,1.9.9
1,pkg-044110,2.10.0
1,pkg-044111,3.11.1
1,pkg-044112,4.12.2
1,pkg-044113,5.13.3
1,pkg-044114,6.14.4
1,pkg-044115,7.15.5
1,pkg-044116,8.16.6
1,pkg-044117,9.17.7
1,pkg-044118,1.18.8
1,pkg-044119,2.19.9
1,pkg-044120,3.0.0
1,pkg-044121,4.1.1
1,pkg-044122,5.2.2
1,pkg-044123,6.3.3
1,pkg-044124,7.4.4
1,pkg-044125,8.5.5
1,pkg-044126,9.6.6
1,pkg-044127,1.7.7
1,pkg-044128,2.8.8
1,pkg-044129,3.9.9
1,pkg-044130,4.10.0
1,pkg-044131,5.11.1
1,pkg-044132,6.12.2
1,pkg-044133,7.13.3
1,pkg-044134,8.14.4
1,pkg-044135,9.15.5
1,pkg-044136,1.16.6
1,pkg-044137,2.17.7
1,pkg-044138,3.18.8
1,pkg-044139,4.19.9
1,pkg-044140,5.0.0
1,pkg-044141,6.1.1
1,pkg-044142,7.2.2
1,pkg-044143,8.3.3
1,pkg-044144,9.4.4
1,pkg-044145,1.5.5
1,pkg-044146,2.6.6
1,pkg-044147,3.7.7
1,pkg-044148,4.8.8
1,pkg-044149,5.9.9
1,pkg-044150,6.10.0
1,pkg-044151,7.11.1
1,pkg-044152,8.12.2
1,pkg-044153,9.13.3
1,pkg-044154,1.14.4
1,pkg-044155,2.15.5
1,pkg-044156,3.16.6
1,pkg-044157,4.17.7
1,pkg-044158,5.18.8
1,pkg-044159,6.19.9
1,pkg-044160,7.0.0
1,pkg-044161,8.1.1
1,pkg-044162,9.2.2
1,pkg-044163,1.3.3
1,pkg-044164,2.4.4
1,pkg-044165,3.5.5
1,pkg-044166,4.6.6
1,pkg-044167,5.7.7
1,pkg-044168,6.8.8
1,pkg-044169,7.9.9
1,pkg-044170,8.10.0
1,pkg-044171,9.11.1
1,pkg-044172,1.12.2
1,pkg-044173,2.13.3
1,pkg-044174,3.14.4
1,pkg-044175,4.15.5
1,pkg-044176,5.16.6
1,pkg-044177,6.17.7
1,pkg-044178,7.18.8
1,pkg-044179,8.19.9
1,pkg-044180,9.0.0
1,pkg-044181,1.1.1
1,pkg-044182,2.2.2
1,pkg-044183,3.3.3
1,pkg-044184,4.4.4
1,pkg-044185,5.5.5
1,pkg-044186,6.6.6
1,pkg-044187,7.7.7
1,pkg-044188,8.8.8
1,pkg-044189,9.9.9
1,pkg-044190,1.10.0
1,pkg-044191,2.11.1
1,pkg-044192,3.12.2
1,pkg-044193,4.13.3
1,pkg-044194,5.14.4
1,pkg-044195,6.15.5
1,pkg-044196,7.16.6
1,pkg-044197,8.17.7
1,pkg-044198,9.18.8
1,pkg-044199,1.19.9
1,pkg-044200,2.0.0
1,pkg-044201,3.1.1
1,pkg-044202,4.2.2
1,pkg-044203,5.3.3
1,pkg-044204,6.4.4
1,pkg-044205,7.5.5
1,pkg-044206,8.6.6
1,pkg-044207,9.7.7
1,pkg-044208,1.8.8
1,pkg-044209,2.9.9
1,pkg-044210,3.10.0
1,pkg-044211,4.11.1
1,pkg-044212,5.12.2
1,pkg-044213,6.13.3
1,pkg-044214,7.14.4
1,pkg-044215,8.15.5
1,pkg-044216,9.16.6
1,pkg-044217,1.17.7
1,pkg-044218,2.18.8
1,pkg-044219,3.19.9
1,pkg-044220,4.0.0
1,pkg-044221,5.1.1
1,pkg-044222,6.2.2
1,pkg-044223,7.3.3
1,pkg-044224,8.4.4
1,pkg-044225,9.5.5
1,pkg-044226,1.6.6
1,pkg-044227,2.7.7
1,pkg-044228,3.8.8
1,pkg-044229,4.9.9
1,pkg-044230,5.10.0
1,pkg-044231,6.11.1
1,pkg-044232,7.12.2
1,pkg-044233,8.13.3
1,pkg-044234,9.14.4
1,pkg-044235,1.15.5
1,pkg-044236,2.16.6
1,pkg-044237,3.17.7
1,pkg-044238,4.18.8
1,pkg-044239,5.19.9
1,pkg-044240,6.0.0
1,pkg-044241,7.1.1
1,pkg-044242,8.2.2
1,pkg-044243,9.3.3
1,pkg-044244,1.4.4
1,pkg-044245,2.5.5
1,pkg-044246,3.6.6
1,pkg-044247,4.7.7
1,pkg-044248,5.8.8
1,pkg-044249,6.9.9
1,pkg-044250,7.10.0
1,pkg-044251,8.11.1
1,pkg-044252,9.12.2
1,pkg-044253,1.13.3
1,pkg-044254,2.14.4
1,pkg-044255,3.15.5
1,pkg-044256,4.16.6
1,pkg-044257,5.17.7
1,pkg-044258,6.18.8
1,pkg-044259,7.19.9
1,pkg-044260,8.0.0
1,pkg-044261,9.1.1
1,pkg-044262,1.2.2
1,pkg-044263,2.3.3
1,pkg-044264,3.4.4
1,pkg-044265,4.5.5
1,pkg-044266,5.6.6
1,pkg-044267,6.7.7
1,pkg-044268,7.8.8
1,pkg-044269,8.9.9
1,pkg-044270,9.10.0
1,pkg-044271,1.11.1
1,pkg-044272,2.12.2
1,pkg-044273,3.13.3
1,pkg-044274,4.14.4
1,pkg-044275,5.15.5
1,pkg-044276,6.16.6
1,pkg-044277,7.17.7
1,pkg-044278,8.18.8
1,pkg-044279,9.19.9
1,pkg-044280,1.0.0
1,pkg-044281,2.1.1
1,pkg-044282,3.2.2
1,pkg-044283,4.3.3
1,pkg-044284,5.4.4
1,pkg-044285,6.5.5
1,pkg-044286,7.6.6
1,pkg-044287,8.7.7
1,pkg-044288,9.8.8
1,pkg-044289,1.9.9
1,pkg-044290,2.10.0
1,pkg-044291,3.11.1
1,pkg-044292,4.12.2
1,pkg-044293,5.13.3
1,pkg-044294,6.14.4
1,pkg-044295,7.15.5
1,pkg-044296,8.16.6
1,pkg-044297,9.17.7
1,pkg-044298,1.18.8
1,pkg-044299,2.19.9
1,pkg-044300,3.0.0
1,pkg-044301,4.1.1
1,pkg-044302,5.2.2
1,pkg-044303,6.3.3
1,pkg-044304,7.4.4
1,pkg-044305,8.5.5
1,pkg-044306,9.6.6
1,pkg-044307,1.7.7
1,pkg-044308,2.8.8
1,pkg-044309,3.9.9
1,pkg-044310,4.10.0
1,pkg-044311,5.11.1
1,pkg-044312,6.12.2
1,pkg-044313,7.13.3
1,pkg-044314,8.14.4
1,pkg-044315,9.15.5
1,pkg-044316,1.16.6
1,pkg-044317,2.17.7
1,pkg-044318,3.18.8
1,pkg-044319,4.19.9
1,pkg-044320,5.0.0
1,pkg-044321,6.1.1
1,pkg-044322,7.2.2
1,pkg-044323,8.3.3
1,pkg-044324,9.4.4
1,pkg-044325,1.5.5
1,pkg-044326,2.6.6
1,pkg-044327,3.7.7
1,pkg-044328,4.8.8
1,pkg-044329,5.9.9
1,pkg-044330,6.10.0
1,pkg-044331,7.11.1
1,pkg-044332,8.12.2
1,pkg-044333,9.13.3
1,pkg-044334,1.14.4
1,pkg-044335,2.15.5
1,pkg-044336,3.16.6
1,pkg-044337,4.17.7
1,pkg-044338,5.18.8
1,pkg-044339,6.19.9
1,pkg-044340,7.0.0
1,pkg-044341,8.1.1
1,pkg-044342,9.2.2
1,pkg-044343,1.3.3
1,pkg-044344,2.4.4
1,pkg-044345,3.5.5
1,pkg-044346,4.6.6
1,pkg-044347,5.7.7
1,pkg-044348,6.8.8
1,pkg-044349,7.9.9
1,pkg-044350,8.10.0
1,pkg-044351,9.11.1
1,pkg-044352,1.12.2
1,pkg-044353,2.13.3
1,pkg-044354,3.14.4
1,pkg-044355,4.15.5
1,pkg-044356,5.16.6
1,pkg-044357,6.17.7
1,pkg-044358,7.18.8
1,pkg-044359,8.19.9
1,pkg-044360,9.0.0
1,pkg-044361,1.1.1
1,pkg-044362,2.2.2
1,pkg-044363,3.3.3
1,pkg-044364,4.4.4
1,pkg-044365,5.5.5
1,pkg-044366,6.6.6
1,pkg-044367,7.7.7
1,pkg-044368,8.8.8
1,pkg-044369,9.9.9
1,pkg-044370,1.10.0
1,pkg-044371,2.11.1
1,pkg-044372,3.12.2
1,pkg-044373,4.13.3
1,pkg-044374,5.14.4
1,pkg-044375,6.15.5
1,pkg-044376,7.16.6
1,pkg-044377,8.17.7
1,pkg-044378,9.18.8
1,pkg-044379,1.19.9
1,pkg-044380,2.0.0
1,pkg-044381,3.1.1
1,pkg-044382,4.2.2
1,pkg-044383,5.3.3
1,pkg-044384,6.4.4
1,pkg-044385,7.5.5
1,pkg-044386,8.6.6
1,pkg-044387,9.7.7
1,pkg-044388,1.8.8
1,pkg-044389,2.9.9
1,pkg-044390,3.10.0
1,pkg-044391,4.11.1
1,pkg-044392,5.12.2
1,pkg-044393,6.13.3
1,pkg-044394,7.14.4
1,pkg-044395,8.15.5
1,pkg-044396,9.16.6
1,pkg-044397,1.17.7
1,pkg-044398,2.18.8
1,pkg-044399,3.19.9
1,pkg-044400,4.0.0
1,pkg-044401,5.1.1
1,pkg-044402,6.2.2
1,pkg-044403,7.3.3
1,pkg-044404,8.4.4
1,pkg-044405,9.5.5
1,pkg-044406,1.6.6
1,pkg-044407,2.7.7
1,pkg-044408,3.8.8
1,pkg-044409,4.9.9
1,pkg-044410,5.10.0
1,pkg-044411,6.11.1
1,pkg-044412,7.12.2
1,pkg-044413,8.13.3
1,pkg-044414,9.14.4
1,pkg-044415,1.15.5
1,pkg-044416,2.16.6
1,pkg-044417,3.17.7
1,pkg-044418,4.18.8
1,pkg-044419,5.19.9
1,pkg-044420,6.0.0
1,pkg-044421,7.1.1
1,pkg-044422,8.2.2
1,pkg-044423,9.3.3
1,pkg-044424,1.4.4
1,pkg-044425,2.5.5
1,pkg-044426,3.6.6
1,pkg-044427,4.7.7
1,pkg-044428,5.8.8
1,pkg-044429,6.9.9
1,pkg-044430,7.10.0
1,pkg-044431,8.11.1
1,pkg-044432,9.12.2
1,pkg-044433,1.13.3
1,pkg-044434,2.14.4
1,pkg-044435,3.15.5
1,pkg-044436,4.16.6
1,pkg-044437,5.17.7
1,pkg-044438,6.18.8
1,pkg-044439,7.19.9
1,pkg-044440,8.0.0
1,pkg-044441,9.1.1
1,pkg-044442,1.2.2
1,pkg-044443,2.3.3
1,pkg-044444,3.4.4
1,pkg-044445,4.5.5
1,pkg-044446,5.6.6
1,pkg-044447,6.7.7
1,pkg-044448,7.8.8
1,pkg-044449,8.9.9
1,pkg-044450,9.10.0
1,pkg-044451,1.11.1
1,pkg-044452,2.12.2
1,pkg-044453,3.13.3
1,pkg-044454,4.14.4
1,pkg-044455,5.15.5
1,pkg-044456,6.16.6
1,pkg-044457,7.17.7
1,pkg-044458,8.18.8
1,pkg-044459,9.19.9
1,pkg-044460,1.0.0
1,pkg-044461,2.1.1
1,pkg-044462,3.2.2
1,pkg-044463,4.3.3
1,pkg-044464,5.4.4
1,pkg-044465,6.5.5
1,pkg-044466,7.6.6
1,pkg-044467,8.7.7
1,pkg-044468,9.8.8
1,pkg-044469,1.9.9
1,pkg-044470,2.10.0
1,pkg-044471,3.11.1
1,pkg-044472,4.12.2
1,pkg-044473,5.13.3
1,pkg-044474,6.14.4
1,pkg-044475,7.15.5
1,pkg-044476,8.16.6
1,pkg-044477,9.17.7
1,pkg-044478,1.18.8
1,pkg-044479,2.19.9
1,pkg-044480,3.0.0
1,pkg-044481,4.1.1
1,pkg-044482,5.2.2
1,pkg-044483,6.3.3
1,pkg-044484,7.4.4
1,pkg-044485,8.5.5
1,pkg-044486,9.6.6
1,pkg-044487,1.7.7
1,pkg-044488,2.8.8
1,pkg-044489,3.9.9
1,pkg-044490,4.10.0
1,pkg-044491,5.11.1
1,pkg-044492,6.12.2
1,pkg-044493,7.13.3
1,pkg-044494,8.14.4
1,pkg-044495,9.15.5
1,pkg-044496,1.16.6
1,pkg-044497,2.17.7
1,pkg-044498,3.18.8
1,pkg-044499,4.19.9
1,pkg-044500,5.0.0
1,pkg-044501,6.1.1
1,pkg-044502,7.2.2
1,pkg-044503,8.3.3
1,pkg-044504,9.4.4
1,pkg-044505,1.5.5
1,pkg-044506,2.6.6
1,pkg-044507,3.7.7
1,pkg-044508,4.8.8
1,pkg-044509,5.9.9
1,pkg-044510,6.10.0
1,pkg-044511,7.11.1
1,pkg-044512,8.12.2
1,pkg-044513,9.13.3
1,pkg-044514,1.14.4
1,pkg-044515,2.15.5
1,pkg-044516,3.16.6
1,pkg-044517,4.17.7
1,pkg-044518,5.18.8
1,pkg-044519,6.19.9
1,pkg-044520,7.0.0
1,pkg-044521,8.1.1
1,pkg-044522,9.2.2
1,pkg-044523,1.3.3
1,pkg-044524,2.4.4
1,pkg-044525,3.5.5
1,pkg-044526,4.6.6
1,pkg-044527,5.7.7
1,pkg-044528,6.8.8
1,pkg-044529,7.9.9
1,pkg-044530,8.10.0
1,pkg-044531,9.11.1
1,pkg-044532,1.12.2
1,pkg-044533,2.13.3
1,pkg-044534,3.14.4
1,pkg-044535,4.15.5
1,pkg-044536,5.16.6
1,pkg-044537,6.17.7
1,pkg-044538,7.18.8
1,pkg-044539,8.19.9
1,pkg-044540,9.0.0
1,pkg-044541,1.1.1
1,pkg-044542,2.2.2
1,pkg-044543,3.3.3
1,pkg-044544,4.4.4
1,pkg-044545,5.5.5
1,pkg-044546,6.6.6
1,pkg-044547,7.7.7
1,pkg-044548,8.8.8
1,pkg-044549,9.9.9
1,pkg-044550,1.10.0
1,pkg-044551,2.11.1
1,pkg-044552,3.12.2
1,pkg-044553,4.13.3
1,pkg-044554,5.14.4
1,pkg-044555,6.15.5
1,pkg-044556,7.16.6
1,pkg-044557,8.17.7
1,pkg-044558,9.18.8
1,pkg-044559,1.19.9
1,pkg-044560,2.0.0
1,pkg-044561,3.1.1
1,pkg-044562,4.2.2
1,pkg-044563,5.3.3
1,pkg-044564,6.4.4
1,pkg-044565,7.5.5
1,pkg-044566,8.6.6
1,pkg-044567,9.7.7
1,pkg-044568,1.8.8
1,pkg-044569,2.9.9
1,pkg-044570,3.10.0
1,pkg-044571,4.11.1
1,pkg-044572,5.12.2
1,pkg-044573,6.13.3
1,pkg-044574,7.14.4
1,pkg-044575,8.15.5
1,pkg-044576,9.16.6
1,pkg-044577,1.17.7
1,pkg-044578,2.18.8
1,pkg-044579,3.19.9
1,pkg-044580,4.0.0
1,pkg-044581,5.1.1
1,pkg-044582,6.2.2
1,pkg-044583,7.3.3
1,pkg-044584,8.4.4
1,pkg-044585,9.5.5
1,pkg-044586,1.6.6
1,pkg-044587,2.7.7
1,pkg-044588,3.8.8
1,pkg-044589,4.9.9
1,pkg-044590,5.10.0
1,pkg-044591,6.11.1
1,pkg-044592,7.12.2
1,pkg-044593,8.13.3
1,pkg-044594,9.14.4
1,pkg-044595,1.15.5
1,pkg-044596,2.16.6
1,pkg-044597,3.17.7
1,pkg-044598,4.18.8
1,pkg-044599,5.19.9
1,pkg-044600,6.0.0
1,pkg-044601,7.1.1
1,pkg-044602,8.2.2
1,pkg-044603,9.3.3
1,pkg-044604,1.4.4
1,pkg-044605,2.5.5
1,pkg-044606,3.6.6
1,pkg-044607,4.7.7
1,pkg-044608,5.8.8
1,pkg-044609,6.9.9
1,pkg-044610,7.10.0
1,pkg-044611,8.11.1
1,pkg-044612,9.12.2
1,pkg-044613,1.13.3
1,pkg-044614,2.14.4
1,pkg-044615,3.15.5
1,pkg-044616,4.16.6
1,pkg-044617,5.17.7
1,pkg-044618,6.18.8
1,pkg-044619,7.19.9
1,pkg-044620,8.0.0
1,pkg-044621,9.1.1
1,pkg-044622,1.2.2
1,pkg-044623,2.3.3
1,pkg-044624,3.4.4
1,pkg-044625,4.5.5
1,pkg-044626,5.6.6
1,pkg-044627,6.7.7
1,pkg-044628,7.8.8
1,pkg-044629,8.9.9
1,pkg-044630,9.10.0
1,pkg-044631,1.11.1
1,pkg-044632,2.12.2
1,pkg-044633,3.13.3
1,pkg-044634,4.14.4
1,pkg-044635,5.15.5
1,pkg-044636,6.16.6
1,pkg-044637,7.17.7
1,pkg-044638,8.18.8
1,pkg-044639,9.19.9
1,pkg-044640,1.0.0
1,pkg-044641,2.1.1
1,pkg-044642,3.2.2
1,pkg-044643,4.3.3
1,pkg-044644,5.4.4
1,pkg-044645,6.5.5
1,pkg-044646,7.6.6
1,pkg-044647,8.7.7
1,pkg-044648,9.8.8
1,pkg-044649,1.9.9
1,pkg-044650,2.10.0
1,pkg-044651,3.11.1
1,pkg-044652,4.12.2
1,pkg-044653,5.13.3
1,pkg-044654,6.14.4
1,pkg-044655,7.15.5
1,pkg-044656,8.16.6
1,pkg-044657,9.17.7
1,pkg-044658,1.18.8
1,pkg-044659,2.19.9
1,pkg-044660,3.0.0
1,pkg-044661,4.1.1
1,pkg-044662,5.2.2
1,pkg-044663,6.3.3
1,pkg-044664,7.4.4
1,pkg-044665,8.5.5
1,pkg-044666,9.6.6
1,pkg-044667,1.7.7
1,pkg-044668,2.8.8
1,pkg-044669,3.9.9
1,pkg-044670,4.10.0
1,pkg-044671,5.11.1
1,pkg-044672,6.12.2
1,pkg-044673,7.13.3
1,pkg-044674,8.14.4
1,pkg-044675,9.15.5
1,pkg-044676,1.16.6
1,pkg-044677,2.17.7
1,pkg-044678,3.18.8
1,pkg-044679,4.19.9
1,pkg-044680,5.0.0
1,pkg-044681,6.1.1
1,pkg-044682,7.2.2
1,pkg-044683,8.3.3
1,pkg-044684,9.4.4
1,pkg-044685,1.5.5
1,pkg-044686,2.6.6
1,pkg-044687,3.7.7
1,pkg-044688,4.8.8
1,pkg-044689,5.9.9
1,pkg-044690,6.10.0
1,pkg-044691,7.11.1
1,pkg-044692,8.12.2
1,pkg-044693,9.13.3
1,pkg-044694,1.14.4
1,pkg-044695,2.15.5
1,pkg-044696,3.16.6
1,pkg-044697,4.17.7
1,pkg-044698,5.18.8
1,pkg-044699,6.19.9
1,pkg-044700,7.0.0
1,pkg-044701,8.1.1
1,pkg-044702,9.2.2
1,pkg-044703,1.3.3
1,pkg-044704,2.4.4
1,pkg-044705,3.5.5
1,pkg-044706,4.6.6
1,pkg-044707,5.7.7
1,pkg-044708,6.8.8
1,pkg-044709,7.9.9
1,pkg-044710,8.10.0
1,pkg-044711,9.11.1
1,pkg-044712,1.12.2
1,pkg-044713,2.13.3
1,pkg-044714,3.14.4
1,pkg-044715,4.15.5
1,pkg-044716,5.16.6
1,pkg-044717,6.17.7
1,pkg-044718,7.18.8
1,pkg-044719,8.19.9
1,pkg-044720,9.0.0
1,pkg-044721,1.1.1
1,pkg-044722,2.2.2
1,pkg-044723,3.3.3
1,pkg-044724,4.4.4
1,pkg-044725,5.5.5
1,pkg-044726,6.6.6
1,pkg-044727,7.7.7
1,pkg-044728,8.8.8
1,pkg-044729,9.9.9
1,pkg-044730,1.10.0
1,pkg-044731,2.11.1
1,pkg-044732,3.12.2
1,pkg-044733,4.13.3
1,pkg-044734,5.14.4
1,pkg-044735,6.15.5
1,pkg-044736,7.16.6
1,pkg-044737,8.17.7
1,pkg-044738,9.18.8
1,pkg-044739,1.19.9
1,pkg-044740,2.0.0
1,pkg-044741,3.1.1
1,pkg-044742,4.2.2
1,pkg-044743,5.3.3
1,pkg-044744,6.4.4
1,pkg-044745,7.5.5
1,pkg-044746,8.6.6
1,pkg-044747,9.7.7
1,pkg-044748,1.8.8
1,pkg-044749,2.9.9
1,pkg-044750,3.10.0
1,pkg-044751,4.11.1
1,pkg-044752,5.12.2
1,pkg-044753,6.13.3
1,pkg-044754,7.14.4
1,pkg-044755,8.15.5
1,pkg-044756,9.16.6
1,pkg-044757,1.17.7
1,pkg-044758,2.18.8
1,pkg-044759,3.19.9
1,pkg-044760,4.0.0
1,pkg-044761,5.1.1
1,pkg-044762,6.2.2
1,pkg-044763,7.3.3
1,pkg-044764,8.4.4
1,pkg-044765,9.5.5
1,pkg-044766,1.6.6
1,pkg-044767,2.7.7
1,pkg-044768,3.8.8
1,pkg-044769,4.9.9
1,pkg-044770,5.10.0
1,pkg-044771,6.11.1
1,pkg-044772,7.12.2
1,pkg-044773,8.13.3
1,pkg-044774,9.14.4
1,pkg-044775,1.15.5
1,pkg-044776,2.16.6
1,pkg-044777,3.17.7
1,pkg-044778,4.18.8
1,pkg-044779,5.19.9
1,pkg-044780,6.0.0
1,pkg-044781,7.1.1
1,pkg-044782,8.2.2
1,pkg-044783,9.3.3
1,pkg-044784,1.4.4
1,pkg-044785,2.5.5
1,pkg-044786,3.6.6
1,pkg-044787,4.7.7
1,pkg-044788,5.8.8
1,pkg-044789,6.9.9
1,pkg-044790,7.10.0
1,pkg-044791,8.11.1
1,pkg-044792,9.12.2
1,pkg-044793,1.13.3
1,pkg-044794,2.14.4
1,pkg-044795,3.15.5
1,pkg-044796,4.16.6
1,pkg-044797,5.17.7
1,pkg-044798,6.18.8
1,pkg-044799,7.19.9
1,pkg-044800,8.0.0
1,pkg-044801,9.1.1
1,pkg-044802,1.2.2
1,pkg-044803,2.3.3
1,pkg-044804,3.4.4
1,pkg-044805,4.5.5
1,pkg-044806,5.6.6
1,pkg-044807,6.7.7
1,pkg-044808,7.8.8
1,pkg-044809,8.9.9
1,pkg-044810,9.10.0
1,pkg-044811,1.11.1
1,pkg-044812,2.12.2
1,pkg-044813,3.13.3
1,pkg-044814,4.14.4
1,pkg-044815,5.15.5
1,pkg-044816,6.16.6
1,pkg-044817,7.17.7
1,pkg-044818,8.18.8
1,pkg-044819,9.19.9
1,pkg-044820,1.0.0
1,pkg-044821,2.1.1
1,pkg-044822,3.2.2
1,pkg-044823,4.3.3
1,pkg-044824,5.4.4
1,pkg-044825,6.5.5
1,pkg-044826,7.6.6
1,pkg-044827,8.7.7
1,pkg-044828,9.8.8
1,pkg-044829,1.9.9
1,pkg-044830,2.10.0
1,pkg-044831,3.11.1
1,pkg-044832,4.12.2
1,pkg-044833,5.13.3
1,pkg-044834,6.14.4
1,pkg-044835,7.15.5
1,pkg-044836,8.16.6
1,pkg-044837,9.17.7
1,pkg-044838,1.18.8
1,pkg-044839,2.19.9
1,pkg-044840,3.0.0
1,pkg-044841,4.1.1
1,pkg-044842,5.2.2
1,pkg-044843,6.3.3
1,pkg-044844,7.4.4
1,pkg-044845,8.5.5
1,pkg-044846,9.6.6
1,pkg-044847,1.7.7
1,pkg-044848,2.8.8
1,pkg-044849,3.9.9
1,pkg-044850,4.10.0
1,pkg-044851,5.11.1
1,pkg-044852,6.12.2
1,pkg-044853,7.13.3
1,pkg-044854,8.14.4
1,pkg-044855,9.15.5
1,pkg-044856,1.16.6
1,pkg-044857,2.17.7
1,pkg-044858,3.18.8
1,pkg-044859,4.19.9
1,pkg-044860,5.0.0
1,pkg-044861,6.1.1
1,pkg-044862,7.2.2
1,pkg-044863,8.3.3
1,pkg-044864,9.4.4
1,pkg-044865,1.5.5
1,pkg-044866,2.6.6
1,pkg-044867,3.7.7
1,pkg-044868,4.8.8
1,pkg-044869,5.9.9
1,pkg-044870,6.10.0
1,pkg-044871,7.11.1
1,pkg-044872,8.12.2
1,pkg-044873,9.13.3
1,pkg-044874,1.14.4
1,pkg-044875,2.15.5
1,pkg-044876,3.16.6
1,pkg-044877,4.17.7
1,pkg-044878,5.18.8
1,pkg-044879,6.19.9
1,pkg-044880,7.0.0
1,pkg-044881,8.1.1
1,pkg-044882,9.2.2
1,pkg-044883,1.3.3
1,pkg-044884,2.4.4
1,pkg-044885,3.5.5
1,pkg-044886,4.6.6
1,pkg-044887,5.7.7
1,pkg-044888,6.8.8
1,pkg-044889,7.9.9
1,pkg-044890,8.10.0
1,pkg-044891,9.11.1
1,pkg-044892,1.12.2
1,pkg-044893,2.13.3
1,pkg-044894,3.14.4
1,pkg-044895,4.15.5
1,pkg-044896,5.16.6
1,pkg-044897,6.17.7
1,pkg-044898,7.18.8
1,pkg-044899,8.19.9
1,pkg-044900,9.0.0
1,pkg-044901,1.1.1
1,pkg-044902,2.2.2
1,pkg-044903,3.3.3
1,pkg-044904,4.4.4
1,pkg-044905,5.5.5
1,pkg-044906,6.6.6
1,pkg-044907,7.7.7
1,pkg-044908,8.8.8
1,pkg-044909,9.9.9
1,pkg-044910,1.10.0
1,pkg-044911,2.11.1
1,pkg-044912,3.12.2
1,pkg-044913,4.13.3
1,pkg-044914,5.14.4
1,pkg-044915,6.15.5
1,pkg-044916,7.16.6
1,pkg-044917,8.17.7
1,pkg-044918,9.18.8
1,pkg-044919,1.19.9
1,pkg-044920,2.0.0
1,pkg-044921,3.1.1
1,pkg-044922,4.2.2
1,pkg-044923,5.3.3
1,pkg-044924,6.4.4
1,pkg-044925,7.5.5
1,pkg-044926,8.6.6
1,pkg-044927,9.7.7
1,pkg-044928,1.8.8
1,pkg-044929,2.9.9
1,pkg-044930,3.10.0
1,pkg-044931,4.11.1
1,pkg-044932,5.12.2
1,pkg-044933,6.13.3
1,pkg-044934,7.14.4
1,pkg-044935,8.15.5
1,pkg-044936,9.16.6
1,pkg-044937,1.17.7
1,pkg-044938,2.18.8
1,pkg-044939,3.19.9
1,pkg-044940,4.0.0
1,pkg-044941,5.1.1
1,pkg-044942,6.2.2
1,pkg-044943,7.3.3
1,pkg-044944,8.4.4
1,pkg-044945,9.5.5
1,pkg-044946,1.6.6
1,pkg-044947,2.7.7
1,pkg-044948,3.8.8
1,pkg-044949,4.9.9
1,pkg-044950,5.10.0
1,pkg-044951,6.11.1
1,pkg-044952,7.12.2
1,pkg-044953,8.13.3
1,pkg-044954,9.14.4
1,pkg-044955,1.15.5
1,pkg-044956,2.16.6
1,pkg-044957,3.17.7
1,pkg-044958,4.18.8
1,pkg-044959,5.19.9
1,pkg-044960,6.0.0
1,pkg-044961,7.1.1
1,pkg-044962,8.2.2
1,pkg-044963,9.3.3
1,pkg-044964,1.4.4
1,pkg-044965,2.5.5
1,pkg-044966,3.6.6
1,pkg-044967,4.7.7
1,pkg-044968,5.8.8
1,pkg-044969,6.9.9
1,pkg-044970,7.10.0
1,pkg-044971,8.11.1
1,pkg-044972,9.12.2
1,pkg-044973,1.13.3
1,pkg-044974,2.14.4
1,pkg-044975,3.15.5
1,pkg-044976,4.16.6
1,pkg-044977,5.17.7
1,pkg-044978,6.18.8
1,pkg-044979,7.19.9
1,pkg-044980,8.0.0
1,pkg-044981,9.1.1
1,pkg-044982,1.2.2
1,pkg-044983,2.3.3
1,pkg-044984,3.4.4
1,pkg-044985,4.5.5
1,pkg-044986,5.6.6
1,pkg-044987,6.7.7
1,pkg-044988,7.8.8
1,pkg-044989,8.9.9
1,pkg-044990,9.10.0
1,pkg-044991,1.11.1
1,pkg-044992,2.12.2
1,pkg-044993,3.13.3
1,pkg-044994,4.14.4
1,pkg-044995,5.15.5
1,pkg-044996,6.16.6
1,pkg-044997,7.17.7
1,pkg-044998,8.18.8
1,pkg-044999,9.19.9
1,pkg-045000,1.0.0
1,pkg-045001,2.1.1
1,pkg-045002,3.2.2
1,pkg-045003,4.3.3
1,pkg-045004,5.4.4
1,pkg-045005,6.5.5
1,pkg-045006,7.6.6
1,pkg-045007,8.7.7
1,pkg-045008,9.8.8
1,pkg-045009,1.9.9
1,pkg-045010,2.10.0
1,pkg-045011,3.11.1
1,pkg-045012,4.12.2
1,pkg-045013,5.13.3
1,pkg-045014,6.14.4
1,pkg-045015,7.15.5
1,pkg-045016,8.16.6
1,pkg-045017,9.17.7
1,pkg-045018,1.18.8
1,pkg-045019,2.19.9
1,pkg-045020,3.0.0
1,pkg-045021,4.1.1
1,pkg-045022,5.2.2
1,pkg-045023,6.3.3
1,pkg-045024,7.4.4
1,pkg-045025,8.5.5
1,pkg-045026,9.6.6
1,pkg-045027,1.7.7
1,pkg-045028,2.8.8
1,pkg-045029,3.9.9
1,pkg-045030,4.10.0
1,pkg-045031,5.11.1
1,pkg-045032,6.12.2
1,pkg-045033,7.13.3
1,pkg-045034,8.14.4
1,pkg-045035,9.15.5
1,pkg-045036,1.16.6
1,pkg-045037,2.17.7
1,pkg-045038,3.18.8
1,pkg-045039,4.19.9
1,pkg-045040,5.0.0
1,pkg-045041,6.1.1
1,pkg-045042,7.2.2
1,pkg-045043,8.3.3
1,pkg-045044,9.4.4
1,pkg-045045,1.5.5
1,pkg-045046,2.6.6
1,pkg-045047,3.7.7
1,pkg-045048,4.8.8
1,pkg-045049,5.9.9
1,pkg-045050,6.10.0
1,pkg-045051,7.11.1
1,pkg-045052,8.12.2
1,pkg-045053,9.13.3
1,pkg-045054,1.14.4
1,pkg-045055,2.15.5
1,pkg-045056,3.16.6
1,pkg-045057,4.17.7
1,pkg-045058,5.18.8
1,pkg-045059,6.19.9
1,pkg-045060,7.0.0
1,pkg-045061,8.1.1
1,pkg-045062,9.2.2
1,pkg-045063,1.3.3
1,pkg-045064,2.4.4
1,pkg-045065,3.5.5
1,pkg-045066,4.6.6
1,pkg-045067,5.7.7
1,pkg-045068,6.8.8
1,pkg-045069,7.9.9
1,pkg-045070,8.10.0
1,pkg-045071,9.11.1
1,pkg-045072,1.12.2
1,pkg-045073,2.13.3
1,pkg-045074,3.14.4
1,pkg-045075,4.15.5
1,pkg-045076,5.16.6
1,pkg-045077,6.17.7
1,pkg-045078,7.18.8
1,pkg-045079,8.19.9
1,pkg-045080,9.0.0
1,pkg-045081,1.1.1
1,pkg-045082,2.2.2
1,pkg-045083,3.3.3
1,pkg-045084,4.4.4
1,pkg-045085,5.5.5
1,pkg-045086,6.6.6
1,pkg-045087,7.7.7
1,pkg-045088,8.8.8
1,pkg-045089,9.9.9
1,pkg-045090,1.10.0
1,pkg-045091,2.11.1
1,pkg-045092,3.12.2
1,pkg-045093,4.13.3
1,pkg-045094,5.14.4
1,pkg-045095,6.15.5
1,pkg-045096,7.16.6
1,pkg-045097,8.17.7
1,pkg-045098,9.18.8
1,pkg-045099,1.19.9
1,pkg-045100,2.0.0
1,pkg-045101,3.1.1
1,pkg-045102,4.2.2
1,pkg-045103,5.3.3
1,pkg-045104,6.4.4
1,pkg-045105,7.5.5
1,pkg-045106,8.6.6
1,pkg-045107,9.7.7
1,pkg-045108,1.8.8
1,pkg-045109,2.9.9
1,pkg-045110,3.10.0
1,pkg-045111,4.11.1
1,pkg-045112,5.12.2
1,pkg-045113,6.13.3
1,pkg-045114,7.14.4
1,pkg-045115,8.15.5
1,pkg-045116,9.16.6
1,pkg-045117,1.17.7
1,pkg-045118,2.18.8
1,pkg-045119,3.19.9
1,pkg-045120,4.0.0
1,pkg-045121,5.1.1
1,pkg-045122,6.2.2
1,pkg-045123,7.3.3
1,pkg-045124,8.4.4
1,pkg-045125,9.5.5
1,pkg-045126,1.6.6
1,pkg-045127,2.7.7
1,pkg-045128,3.8.8
1,pkg-045129,4.9.9
1,pkg-045130,5.10.0
1,pkg-045131,6.11.1
1,pkg-045132,7.12.2
1,pkg-045133,8.13.3
1,pkg-045134,9.14.4
1,pkg-045135,1.15.5
1,pkg-045136,2.16.6
1,pkg-045137,3.17.7
1,pkg-045138,4.18.8
1,pkg-045139,5.19.9
1,pkg-045140,6.0.0
1,pkg-045141,7.1.1
1,pkg-045142,8.2.2
1,pkg-045143,9.3.3
1,pkg-045144,1.4.4
1,pkg-045145,2.5.5
1,pkg-045146,3.6.6
1,pkg-045147,4.7.7
1,pkg-045148,5.8.8
1,pkg-045149,6.9.9
1,pkg-045150,7.10.0
1,pkg-045151,8.11.1
1,pkg-045152,9.12.2
1,pkg-045153,1.13.3
1,pkg-045154,2.14.4
1,pkg-045155,3.15.5
1,pkg-045156,4.16.6
1,pkg-045157,5.17.7
1,pkg-045158,6.18.8
1,pkg-045159,7.19.9
1,pkg-045160,8.0.0
1,pkg-045161,9.1.1
1,pkg-045162,1.2.2
1,pkg-045163,2.3.3
1,pkg-045164,3.4.4
1,pkg-045165,4.5.5
1,pkg-045166,5.6.6
1,pkg-045167,6.7.7
1,pkg-045168,7.8.8
1,pkg-045169,8.9.9
1,pkg-045170,9.10.0
1,pkg-045171,1.11.1
1,pkg-045172,2.12.2
1,pkg-045173,3.13.3
1,pkg-045174,4.14.4
1,pkg-045175,5.15.5
1,pkg-045176,6.16.6
1,pkg-045177,7.17.7
1,pkg-045178,8.18.8
1,pkg-045179,9.19.9
1,pkg-045180,1.0.0
1,pkg-045181,2.1.1
1,pkg-045182,3.2.2
1,pkg-045183,4.3.3
1,pkg-045184,5.4.4
1,pkg-045185,6.5.5
1,pkg-045186,7.6.6
1,pkg-045187,8.7.7
1,pkg-045188,9.8.8
1,pkg-045189,1.9.9
1,pkg-045190,2.10.0
1,pkg-045191,3.11.1
1,pkg-045192,4.12.2
1,pkg-045193,5.13.3
1,pkg-045194,6.14.4
1,pkg-045195,7.15.5
1,pkg-045196,8.16.6
1,pkg-045197,9.17.7
1,pkg-045198,1.18.8
1,pkg-045199,2.19.9
1,pkg-045200,3.0.0
1,pkg-045201,4.1.1
1,pkg-045202,5.2.2
1,pkg-045203,6.3.3
1,pkg-045204,7.4.4
1,pkg-045205,8.5.5
1,pkg-045206,9.6.6
1,pkg-045207,1.7.7
1,pkg-045208,2.8.8
1,pkg-045209,3.9.9
1,pkg-045210,4.10.0
1,pkg-045211,5.11.1
1,pkg-045212,6.12.2
1,pkg-045213,7.13.3
1,pkg-045214,8.14.4
1,pkg-045215,9.15.5
1,pkg-045216,1.16.6
1,pkg-045217,2.17.7
1,pkg-045218,3.18.8
1,pkg-045219,4.19.9
1,pkg-045220,5.0.0
1,pkg-045221,6.1.1
1,pkg-045222,7.2.2
1,pkg-045223,8.3.3
1,pkg-045224,9.4.4
1,pkg-045225,1.5.5
1,pkg-045226,2.6.6
1,pkg-045227,3.7.7
1,pkg-045228,4.8.8
1,pkg-045229,5.9.9
1,pkg-045230,6.10.0
1,pkg-045231,7.11.1
1,pkg-045232,8.12.2
1,pkg-045233,9.13.3
1,pkg-045234,1.14.4
1,pkg-045235,2.15.5
1,pkg-045236,3.16.6
1,pkg-045237,4.17.7
1,pkg-045238,5.18.8
1,pkg-045239,6.19.9
1,pkg-045240,7.0.0
1,pkg-045241,8.1.1
1,pkg-045242,9.2.2
1,pkg-045243,1.3.3
1,pkg-045244,2.4.4
1,pkg-045245,3.5.5
1,pkg-045246,4.6.6
1,pkg-045247,5.7.7
1,pkg-045248,6.8.8
1,pkg-045249,7.9.9
1,pkg-045250,8.10.0
1,pkg-045251,9.11.1
1,pkg-045252,1.12.2
1,pkg-045253,2.13.3
1,pkg-045254,3.14.4
1,pkg-045255,4.15.5
1,pkg-045256,5.16.6
1,pkg-045257,6.17.7
1,pkg-045258,7.18.8
1,pkg-045259,8.19.9
1,pkg-045260,9.0.0
1,pkg-045261,1.1.1
1,pkg-045262,2.2.2
1,pkg-045263,3.3.3
1,pkg-045264,4.4.4
1,pkg-045265,5.5.5
1,pkg-045266,6.6.6
1,pkg-045267,7.7.7
1,pkg-045268,8.8.8
1,pkg-045269,9.9.9
1,pkg-045270,1.10.0
1,pkg-045271,2.11.1
1,pkg-045272,3.12.2
1,pkg-045273,4.13.3
1,pkg-045274,5.14.4
1,pkg-045275,6.15.5
1,pkg-045276,7.16.6
1,pkg-045277,8.17.7
1,pkg-045278,9.18.8
1,pkg-045279,1.19.9
1,pkg-045280,2.0.0
1,pkg-045281,3.1.1
1,pkg-045282,4.2.2
1,pkg-045283,5.3.3
1,pkg-045284,6.4.4
1,pkg-045285,7.5.5
1,pkg-045286,8.6.6
1,pkg-045287,9.7.7
1,pkg-045288,1.8.8
1,pkg-045289,2.9.9
1,pkg-045290,3.10.0
1,pkg-045291,4.11.1
1,pkg-045292,5.12.2
1,pkg-045293,6.13.3
1,pkg-045294,7.14.4
1,pkg-045295,8.15.5
1,pkg-045296,9.16.6
1,pkg-045297,1.17.7
1,pkg-045298,2.18.8
1,pkg-045299,3.19.9
1,pkg-045300,4.0.0
1,pkg-045301,5.1.1
1,pkg-045302,6.2.2
1,pkg-045303,7.3.3
1,pkg-045304,8.4.4
1,pkg-045305,9.5.5
1,pkg-045306,1.6.6
1,pkg-045307,2.7.7
1,pkg-045308,3.8.8
1,pkg-045309,4.9.9
1,pkg-045310,5.10.0
1,pkg-045311,6.11.1
1,pkg-045312,7.12.2
1,pkg-045313,8.13.3
1,pkg-045314,9.14.4
1,pkg-045315,1.15.5
1,pkg-045316,2.16.6
1,pkg-045317,3.17.7
1,pkg-045318,4.18.8
1,pkg-045319,5.19.9
1,pkg-045320,6.0.0
1,pkg-045321,7.1.1
1,pkg-045322,8.2.2
1,pkg-045323,9.3.3
1,pkg-045324,1.4.4
1,pkg-045325,2.5.5
1,pkg-045326,3.6.6
1,pkg-045327,4.7.7
1,pkg-045328,5.8.8
1,pkg-045329,6.9.9
1,pkg-045330,7.10.0
1,pkg-045331,8.11.1
1,pkg-045332,9.12.2
1,pkg-045333,1.13.3
1,pkg-045334,2.14.4
1,pkg-045335,3.15.5
1,pkg-045336,4.16.6
1,pkg-045337,5.17.7
1,pkg-045338,6.18.8
1,pkg-045339,7.19.9
1,pkg-045340,8.0.0
1,pkg-045341,9.1.1
1,pkg-045342,1.2.2
1,pkg-045343,2.3.3
1,pkg-045344,3.4.4
1,pkg-045345,4.5.5
1,pkg-045346,5.6.6
1,pkg-045347,6.7.7
1,pkg-045348,7.8.8
1,pkg-045349,8.9.9
1,pkg-045350,9.10.0
1,pkg-045351,1.11.1
1,pkg-045352,2.12.2
1,pkg-045353,3.13.3
1,pkg-045354,4.14.4
1,pkg-045355,5.15.5
1,pkg-045356,6.16.6
1,pkg-045357,7.17.7
1,pkg-045358,8.18.8
1,pkg-045359,9.19.9
1,pkg-045360,1.0.0
1,pkg-045361,2.1.1
1,pkg-045362,3.2.2
1,pkg-045363,4.3.3
1,pkg-045364,5.4.4
1,pkg-045365,6.5.5
1,pkg-045366,7.6.6
1,pkg-045367,8.7.7
1,pkg-045368,9.8.8
1,pkg-045369,1.9.9
1,pkg-045370,2.10.0
1,pkg-045371,3.11.1
1,pkg-045372,4.12.2
1,pkg-045373,5.13.3
1,pkg-045374,6.14.4
1,pkg-045375,7.15.5
1,pkg-045376,8.16.6
1,pkg-045377,9.17.7
1,pkg-045378,1.18.8
1,pkg-045379,2.19.9
1,pkg-045380,3.0.0
1,pkg-045381,4.1.1
1,pkg-045382,5.2.2
1,pkg-045383,6.3.3
1,pkg-045384,7.4.4
1,pkg-045385,8.5.5
1,pkg-045386,9.6.6
1,pkg-045387,1.7.7
1,pkg-045388,2.8.8
1,pkg-045389,3.9.9
1,pkg-045390,4.10.0
1,pkg-045391,5.11.1
1,pkg-045392,6.12.2
1,pkg-045393,7.13.3
1,pkg-045394,8.14.4
1,pkg-045395,9.15.5
1,pkg-045396,1.16.6
1,pkg-045397,2.17.7
1,pkg-045398,3.18.8
1,pkg-045399,4.19.9
1,pkg-045400,5.0.0
1,pkg-045401,6.1.1
1,pkg-045402,7.2.2
1,pkg-045403,8.3.3
1,pkg-045404,9.4.4
1,pkg-045405,1.5.5
1,pkg-045406,2.6.6
1,pkg-045407,3.7.7
1,pkg-045408,4.8.8
1,pkg-045409,5.9.9
1,pkg-045410,6.10.0
1,pkg-045411,7.11.1
1,pkg-045412,8.12.2
1,pkg-045413,9.13.3
1,pkg-045414,1.14.4
1,pkg-045415,2.15.5
1,pkg-045416,3.16.6
1,pkg-045417,4.17.7
1,pkg-045418,5.18.8
1,pkg-045419,6.19.9
1,pkg-045420,7.0.0
1,pkg-045421,8.1.1
1,pkg-045422,9.2.2
1,pkg-045423,1.3.3
1,pkg-045424,2.4.4
1,pkg-045425,3.5.5
1,pkg-045426,4.6.6
1,pkg-045427,5.7.7
1,pkg-045428,6.8.8
1,pkg-045429,7.9.9
1,pkg-045430,8.10.0
1,pkg-045431,9.11.1
1,pkg-045432,1.12.2
1,pkg-045433,2.13.3
1,pkg-045434,3.14.4
1,pkg-045435,4.15.5
1,pkg-045436,5.16.6
1,pkg-045437,6.17.7
1,pkg-045438,7.18.8
1,pkg-045439,8.19.9
1,pkg-045440,9.0.0
1,pkg-045441,1.1.1
1,pkg-045442,2.2.2
1,pkg-045443,3.3.3
1,pkg-045444,4.4.4
1,pkg-045445,5.5.5
1,pkg-045446,6.6.6
1,pkg-045447,7.7.7
1,pkg-045448,8.8.8
1,pkg-045449,9.9.9
1,pkg-045450,1.10.0
1,pkg-045451,2.11.1
1,pkg-045452,3.12.2
1,pkg-045453,4.13.3
1,pkg-045454,5.14.4
1,pkg-045455,6.15.5
1,pkg-045456,7.16.6
1,pkg-045457,8.17.7
1,pkg-045458,9.18.8
1,pkg-045459,1.19.9
1,pkg-045460,2.0.0
1,pkg-045461,3.1.1
1,pkg-045462,4.2.2
1,pkg-045463,5.3.3
1,pkg-045464,6.4.4
1,pkg-045465,7.5.5
1,pkg-045466,8.6.6
1,pkg-045467,9.7.7
1,pkg-045468,1.8.8
1,pkg-045469,2.9.9
1,pkg-045470,3.10.0
1,pkg-045471,4.11.1
1,pkg-045472,5.12.2
1,pkg-045473,6.13.3
1,pkg-045474,7.14.4
1,pkg-045475,8.15.5
1,pkg-045476,9.16.6
1,pkg-045477,1.17.7
1,pkg-045478,2.18.8
1,pkg-045479,3.19.9
1,pkg-045480,4.0.0
1,pkg-045481,5.1.1
1,pkg-045482,6.2.2
1,pkg-045483,7.3.3
1,pkg-045484,8.4.4
1,pkg-045485,9.5.5
1,pkg-045486,1.6.6
1,pkg-045487,2.7.7
1,pkg-045488,3.8.8
1,pkg-045489,4.9.9
1,pkg-045490,5.10.0
1,pkg-045491,6.11.1
1,pkg-045492,7.12.2
1,pkg-045493,8.13.3
1,pkg-045494,9.14.4
1,pkg-045495,1.15.5
1,pkg-045496,2.16.6
1,pkg-045497,3.17.7
1,pkg-045498,4.18.8
1,pkg-045499,5.19.9
1,pkg-045500,6.0.0
1,pkg-045501,7.1.1
1,pkg-045502,8.2.2
1,pkg-045503,9.3.3
1,pkg-045504,1.4.4
1,pkg-045505,2.5.5
1,pkg-045506,3.6.6
1,pkg-045507,4.7.7
1,pkg-045508,5.8.8
1,pkg-045509,6.9.9
1,pkg-045510,7.10.0
1,pkg-045511,8.11.1
1,pkg-045512,9.12.2
1,pkg-045513,1.13.3
1,pkg-045514,2.14.4
1,pkg-045515,3.15.5
1,pkg-045516,4.16.6
1,pkg-045517,5.17.7
1,pkg-045518,6.18.8
1,pkg-045519,7.19.9
1,pkg-045520,8.0.0
1,pkg-045521,9.1.1
1,pkg-045522,1.2.2
1,pkg-045523,2.3.3
1,pkg-045524,3.4.4
1,pkg-045525,4.5.5
1,pkg-045526,5.6.6
1,pkg-045527,6.7.7
1,pkg-045528,7.8.8
1,pkg-045529,8.9.9
1,pkg-045530,9.10.0
1,pkg-045531,1.11.1
1,pkg-045532,2.12.2
1,pkg-045533,3.13.3
1,pkg-045534,4.14.4
1,pkg-045535,5.15.5
1,pkg-045536,6.16.6
1,pkg-045537,7.17.7
1,pkg-045538,8.18.8
1,pkg-045539,9.19.9
1,pkg-045540,1.0.0
1,pkg-045541,2.1.1
1,pkg-045542,3.2.2
1,pkg-045543,4.3.3
1,pkg-045544,5.4.4
1,pkg-045545,6.5.5
1,pkg-045546,7.6.6
1,pkg-045547,8.7.7
1,pkg-045548,9.8.8
1,pkg-045549,1.9.9
1,pkg-045550,2.10.0
1,pkg-045551,3.11.1
1,pkg-045552,4.12.2
1,pkg-045553,5.13.3
1,pkg-045554,6.14.4
1,pkg-045555,7.15.5
1,pkg-045556,8.16.6
1,pkg-045557,9.17.7
1,pkg-045558,1.18.8
1,pkg-045559,2.19.9
1,pkg-045560,3.0.0
1,pkg-045561,4.1.1
1,pkg-045562,5.2.2
1,pkg-045563,6.3.3
1,pkg-045564,7.4.4
1,pkg-045565,8.5.5
1,pkg-045566,9.6.6
1,pkg-045567,1.7.7
1,pkg-045568,2.8.8
1,pkg-045569,3.9.9
1,pkg-045570,4.10.0
1,pkg-045571,5.11.1
1,pkg-045572,6.12.2
1,pkg-045573,7.13.3
1,pkg-045574,8.14.4
1,pkg-045575,9.15.5
1,pkg-045576,1.16.6
1,pkg-045577,2.17.7
1,pkg-045578,3.18.8
1,pkg-045579,4.19.9
1,pkg-045580,5.0.0
1,pkg-045581,6.1.1
1,pkg-045582,7.2.2
1,pkg-045583,8.3.3
1,pkg-045584,9.4.4
1,pkg-045585,1.5.5
1,pkg-045586,2.6.6
1,pkg-045587,3.7.7
1,pkg-045588,4.8.8
1,pkg-045589,5.9.9
1,pkg-045590,6.10.0
1,pkg-045591,7.11.1
1,pkg-045592,8.12.2
1,pkg-045593,9.13.3
1,pkg-045594,1.14.4
1,pkg-045595,2.15.5
1,pkg-045596,3.16.6
1,pkg-045597,4.17.7
1,pkg-045598,5.18.8
1,pkg-045599,6.19.9
1,pkg-045600,7.0.0
1,pkg-045601,8.1.1
1,pkg-045602,9.2.2
1,pkg-045603,1.3.3
1,pkg-045604,2.4.4
1,pkg-045605,3.5.5
1,pkg-045606,4.6.6
1,pkg-045607,5.7.7
1,pkg-045608,6.8.8
1,pkg-045609,7.9.9
1,pkg-045610,8.10.0
1,pkg-045611,9.11.1
1,pkg-045612,1.12.2
1,pkg-045613,2.13.3
1,pkg-045614,3.14.4
1,pkg-045615,4.15.5
1,pkg-045616,5.16.6
1,pkg-045617,6.17.7
1,pkg-045618,7.18.8
1,pkg-045619,8.19.9
1,pkg-045620,9.0.0
1,pkg-045621,1.1.1
1,pkg-045622,2.2.2
1,pkg-045623,3.3.3
1,pkg-045624,4.4.4
1,pkg-045625,5.5.5
1,pkg-045626,6.6.6
1,pkg-045627,7.7.7
1,pkg-045628,8.8.8
1,pkg-045629,9.9.9
1,pkg-045630,1.10.0
1,pkg-045631,2.11.1
1,pkg-045632,3.12.2
1,pkg-045633,4.13.3
1,pkg-045634,5.14.4
1,pkg-045635,6.15.5
1,pkg-045636,7.16.6
1,pkg-045637,8.17.7
1,pkg-045638,9.18.8
1,pkg-045639,1.19.9
1,pkg-045640,2.0.0
1,pkg-045641,3.1.1
1,pkg-045642,4.2.2
1,pkg-045643,5.3.3
1,pkg-045644,6.4.4
1,pkg-045645,7.5.5
1,pkg-045646,8.6.6
1,pkg-045647,9.7.7
1,pkg-045648,1.8.8
1,pkg-045649,2.9.9
1,pkg-045650,3.10.0
1,pkg-045651,4.11.1
1,pkg-045652,5.12.2
1,pkg-045653,6.13.3
1,pkg-045654,7.14.4
1,pkg-045655,8.15.5
1,pkg-045656,9.16.6
1,pkg-045657,1.17.7
1,pkg-045658,2.18.8
1,pkg-045659,3.19.9
1,pkg-045660,4.0.0
1,pkg-045661,5.1.1
1,pkg-045662,6.2.2
1,pkg-045663,7.3.3
1,pkg-045664,8.4.4
1,pkg-045665,9.5.5
1,pkg-045666,1.6.6
1,pkg-045667,2.7.7
1,pkg-045668,3.8.8
1,pkg-045669,4.9.9
1,pkg-045670,5.10.0
1,pkg-045671,6.11.1
1,pkg-045672,7.12.2
1,pkg-045673,8.13.3
1,pkg-045674,9.14.4
1,pkg-045675,1.15.5
1,pkg-045676,2.16.6
1,pkg-045677,3.17.7
1,pkg-045678,4.18.8
1,pkg-045679,5.19.9
1,pkg-045680,6.0.0
1,pkg-045681,7.1.1
1,pkg-045682,8.2.2
1,pkg-045683,9.3.3
1,pkg-045684,1.4.4
1,pkg-045685,2.5.5
1,pkg-045686,3.6.6
1,pkg-045687,4.7.7
1,pkg-045688,5.8.8
1,pkg-045689,6.9.9
1,pkg-045690,7.10.0
1,pkg-045691,8.11.1
1,pkg-045692,9.12.2
1,pkg-045693,1.13.3
1,pkg-045694,2.14.4
1,pkg-045695,3.15.5
1,pkg-045696,4.16.6
1,pkg-045697,5.17.7
1,pkg-045698,6.18.8
1,pkg-045699,7.19.9
1,pkg-045700,8.0.0
1,pkg-045701,9.1.1
1,pkg-045702,1.2.2
1,pkg-045703,2.3.3
1,pkg-045704,3.4.4
1,pkg-045705,4.5.5
1,pkg-045706,5.6.6
1,pkg-045707,6.7.7
1,pkg-045708,7.8.8
1,pkg-045709,8.9.9
1,pkg-045710,9.10.0
1,pkg-045711,1.11.1
1,pkg-045712,2.12.2
1,pkg-045713,3.13.3
1,pkg-045714,4.14.4
1,pkg-045715,5.15.5
1,pkg-045716,6.16.6
1,pkg-045717,7.17.7
1,pkg-045718,8.18.8
1,pkg-045719,9.19.9
1,pkg-045720,1.0.0
1,pkg-045721,2.1.1
1,pkg-045722,3.2.2
1,pkg-045723,4.3.3
1,pkg-045724,5.4.4
1,pkg-045725,6.5.5
1,pkg-045726,7.6.6
1,pkg-045727,8.7.7
1,pkg-045728,9.8.8
1,pkg-045729,1.9.9
1,pkg-045730,2.10.0
1,pkg-045731,3.11.1
1,pkg-045732,4.12.2
1,pkg-045733,5.13.3
1,pkg-045734,6.14.4
1,pkg-045735,7.15.5
1,pkg-045736,8.16.6
1,pkg-045737,9.17.7
1,pkg-045738,1.18.8
1,pkg-045739,2.19.9
1,pkg-045740,3.0.0
1,pkg-045741,4.1.1
1,pkg-045742,5.2.2
1,pkg-045743,6.3.3
1,pkg-045744,7.4.4
1,pkg-045745,8.5.5
1,pkg-045746,9.6.6
1,pkg-045747,1.7.7
1,pkg-045748,2.8.8
1,pkg-045749,3.9.9
1,pkg-045750,4.10.0
1,pkg-045751,5.11.1
1,pkg-045752,6.12.2
1,pkg-045753,7.13.3
1,pkg-045754,8.14.4
1,pkg-045755,9.15.5
1,pkg-045756,1.16.6
1,pkg-045757,2.17.7
1,pkg-045758,3.18.8
1,pkg-045759,4.19.9
1,pkg-045760,5.0.0
1,pkg-045761,6.1.1
1,pkg-045762,7.2.2
1,pkg-045763,8.3.3
1,pkg-045764,9.4.4
1,pkg-045765,1.5.5
1,pkg-045766,2.6.6
1,pkg-045767,3.7.7
1,pkg-045768,4.8.8
1,pkg-045769,5.9.9
1,pkg-045770,6.10.0
1,pkg-045771,7.11.1
1,pkg-045772,8.12.2
1,pkg-045773,9.13.3
1,pkg-045774,1.14.4
1,pkg-045775,2.15.5
1,pkg-045776,3.16.6
1,pkg-045777,4.17.7
1,pkg-045778,5.18.8
1,pkg-045779,6.19.9
1,pkg-045780,7.0.0
1,pkg-045781,8.1.1
1,pkg-045782,9.2.2
1,pkg-045783,1.3.3
1,pkg-045784,2.4.4
1,pkg-045785,3.5.5
1,pkg-045786,4.6.6
1,pkg-045787,5.7.7
1,pkg-045788,6.8.8
1,pkg-045789,7.9.9
1,pkg-045790,8.10.0
1,pkg-045791,9.11.1
1,pkg-045792,1.12.2
1,pkg-045793,2.13.3
1,pkg-045794,3.14.4
1,pkg-045795,4.15.5
1,pkg-045796,5.16.6
1,pkg-045797,6.17.7
1,pkg-045798,7.18.8
1,pkg-045799,8.19.9
1,pkg-045800,9.0.0
1,pkg-045801,1.1.1
1,pkg-045802,2.2.2
1,pkg-045803,3.3.3
1,pkg-045804,4.4.4
1,pkg-045805,5.5.5
1,pkg-045806,6.6.6
1,pkg-045807,7.7.7
1,pkg-045808,8.8.8
1,pkg-045809,9.9.9
1,pkg-045810,1.10.0
1,pkg-045811,2.11.1
1,pkg-045812,3.12.2
1,pkg-045813,4.13.3
1,pkg-045814,5.14.4
1,pkg-045815,6.15.5
1,pkg-045816,7.16.6
1,pkg-045817,8.17.7
1,pkg-045818,9.18.8
1,pkg-045819,1.19.9
1,pkg-045820,2.0.0
1,pkg-045821,3.1.1
1,pkg-045822,4.2.2
1,pkg-045823,5.3.3
1,pkg-045824,6.4.4
1,pkg-045825,7.5.5
1,pkg-045826,8.6.6
1,pkg-045827,9.7.7
1,pkg-045828,1.8.8
1,pkg-045829,2.9.9
1,pkg-045830,3.10.0
1,pkg-045831,4.11.1
1,pkg-045832,5.12.2
1,pkg-045833,6.13.3
1,pkg-045834,7.14.4
1,pkg-045835,8.15.5
1,pkg-045836,9.16.6
1,pkg-045837,1.17.7
1,pkg-045838,2.18.8
1,pkg-045839,3.19.9
1,pkg-045840,4.0.0
1,pkg-045841,5.1.1
1,pkg-045842,6.2.2
1,pkg-045843,7.3.3
1,pkg-045844,8.4.4
1,pkg-045845,9.5.5
1,pkg-045846,1.6.6
1,pkg-045847,2.7.7
1,pkg-045848,3.8.8
1,pkg-045849,4.9.9
1,pkg-045850,5.10.0
1,pkg-045851,6.11.1
1,pkg-045852,7.12.2
1,pkg-045853,8.13.3
1,pkg-045854,9.14.4
1,pkg-045855,1.15.5
1,pkg-045856,2.16.6
1,pkg-045857,3.17.7
1,pkg-045858,4.18.8
1,pkg-045859,5.19.9
1,pkg-045860,6.0.0
1,pkg-045861,7.1.1
1,pkg-045862,8.2.2
1,pkg-045863,9.3.3
1,pkg-045864,1.4.4
1,pkg-045865,2.5.5
1,pkg-045866,3.6.6
1,pkg-045867,4.7.7
1,pkg-045868,5.8.8
1,pkg-045869,6.9.9
1,pkg-045870,7.10.0
1,pkg-045871,8.11.1
1,pkg-045872,9.12.2
1,pkg-045873,1.13.3
1,pkg-045874,2.14.4
1,pkg-045875,3.15.5
1,pkg-045876,4.16.6
1,pkg-045877,5.17.7
1,pkg-045878,6.18.8
1,pkg-045879,7.19.9
1,pkg-045880,8.0.0
1,pkg-045881,9.1.1
1,pkg-045882,1.2.2
1,pkg-045883,2.3.3
1,pkg-045884,3.4.4
1,pkg-045885,4.5.5
1,pkg-045886,5.6.6
1,pkg-045887,6.7.7
1,pkg-045888,7.8.8
1,pkg-045889,8.9.9
1,pkg-045890,9.10.0
1,pkg-045891,1.11.1
1,pkg-045892,2.12.2
1,pkg-045893,3.13.3
1,pkg-045894,4.14.4
1,pkg-045895,5.15.5
1,pkg-045896,6.16.6
1,pkg-045897,7.17.7
1,pkg-045898,8.18.8
1,pkg-045899,9.19.9
1,pkg-045900,1.0.0
1,pkg-045901,2.1.1
1,pkg-045902,3.2.2
1,pkg-045903,4.3.3
1,pkg-045904,5.4.4
1,pkg-045905,6.5.5
1,pkg-045906,7.6.6
1,pkg-045907,8.7.7
1,pkg-045908,9.8.8
1,pkg-045909,1.9.9
1,pkg-045910,2.10.0
1,pkg-045911,3.11.1
1,pkg-045912,4.12.2
1,pkg-045913,5.13.3
1,pkg-045914,6.14.4
1,pkg-045915,7.15.5
1,pkg-045916,8.16.6
1,pkg-045917,9.17.7
1,pkg-045918,1.18.8
1,pkg-045919,2.19.9
1,pkg-045920,3.0.0
1,pkg-045921,4.1.1
1,pkg-045922,5.2.2
1,pkg-045923,6.3.3
1,pkg-045924,7.4.4
1,pkg-045925,8.5.5
1,pkg-045926,9.6.6
1,pkg-045927,1.7.7
1,pkg-045928,2.8.8
1,pkg-045929,3.9.9
1,pkg-045930,4.10.0
1,pkg-045931,5.11.1
1,pkg-045932,6.12.2
1,pkg-045933,7.13.3
1,pkg-045934,8.14.4
1,pkg-045935,9.15.5
1,pkg-045936,1.16.6
1,pkg-045937,2.17.7
1,pkg-045938,3.18.8
1,pkg-045939,4.19.9
1,pkg-045940,5.0.0
1,pkg-045941,6.1.1
1,pkg-045942,7.2.2
1,pkg-045943,8.3.3
1,pkg-045944,9.4.4
1,pkg-045945,1.5.5
1,pkg-045946,2.6.6
1,pkg-045947,3.7.7
1,pkg-045948,4.8.8
1,pkg-045949,5.9.9
1,pkg-045950,6.10.0
1,pkg-045951,7.11.1
1,pkg-045952,8.12.2
1,pkg-045953,9.13.3
1,pkg-045954,1.14.4
1,pkg-045955,2.15.5
1,pkg-045956,3.16.6
1,pkg-045957,4.17.7
1,pkg-045958,5.18.8
1,pkg-045959,6.19.9
1,pkg-045960,7.0.0
1,pkg-045961,8.1.1
1,pkg-045962,9.2.2
1,pkg-045963,1.3.3
1,pkg-045964,2.4.4
1,pkg-045965,3.5.5
1,pkg-045966,4.6.6
1,pkg-045967,5.7.7
1,pkg-045968,6.8.8
1,pkg-045969,7.9.9
1,pkg-045970,8.10.0
1,pkg-045971,9.11.1
1,pkg-045972,1.12.2
1,pkg-045973,2.13.3
1,pkg-045974,3.14.4
1,pkg-045975,4.15.5
1,pkg-045976,5.16.6
1,pkg-045977,6.17.7
1,pkg-045978,7.18.8
1,pkg-045979,8.19.9
1,pkg-045980,9.0.0
1,pkg-045981,1.1.1
1,pkg-045982,2.2.2
1,pkg-045983,3.3.3
1,pkg-045984,4.4.4
1,pkg-045985,5.5.5
1,pkg-045986,6.6.6
1,pkg-045987,7.7.7
1,pkg-045988,8.8.8
1,pkg-045989,9.9.9
1,pkg-045990,1.10.0
1,pkg-045991,2.11.1
1,pkg-045992,3.12.2
1,pkg-045993,4.13.3
1,pkg-045994,5.14.4
1,pkg-045995,6.15.5
1,pkg-045996,7.16.6
1,pkg-045997,8.17.7
1,pkg-045998,9.18.8
1,pkg-045999,1.19.9
1,pkg-046000,2.0.0
1,pkg-046001,3.1.1
1,pkg-046002,4.2.2
1,pkg-046003,5.3.3
1,pkg-046004,6.4.4
1,pkg-046005,7.5.5
1,pkg-046006,8.6.6
1,pkg-046007,9.7.7
1,pkg-046008,1.8.8
1,pkg-046009,2.9.9
1,pkg-046010,3.10.0
1,pkg-046011,4.11.1
1,pkg-046012,5.12.2
1,pkg-046013,6.13.3
1,pkg-046014,7.14.4
1,pkg-046015,8.15.5
1,pkg-046016,9.16.6
1,pkg-046017,1.17.7
1,pkg-046018,2.18.8
1,pkg-046019,3.19.9
1,pkg-046020,4.0.0
1,pkg-046021,5.1.1
1,pkg-046022,6.2.2
1,pkg-046023,7.3.3
1,pkg-046024,8.4.4
1,pkg-046025,9.5.5
1,pkg-046026,1.6.6
1,pkg-046027,2.7.7
1,pkg-046028,3.8.8
1,pkg-046029,4.9.9
1,pkg-046030,5.10.0
1,pkg-046031,6.11.1
1,pkg-046032,7.12.2
1,pkg-046033,8.13.3
1,pkg-046034,9.14.4
1,pkg-046035,1.15.5
1,pkg-046036,2.16.6
1,pkg-046037,3.17.7
1,pkg-046038,4.18.8
1,pkg-046039,5.19.9
1,pkg-046040,6.0.0
1,pkg-046041,7.1.1
1,pkg-046042,8.2.2
1,pkg-046043,9.3.3
1,pkg-046044,1.4.4
1,pkg-046045,2.5.5
1,pkg-046046,3.6.6
1,pkg-046047,4.7.7
1,pkg-046048,5.8.8
1,pkg-046049,6.9.9
1,pkg-046050,7.10.0
1,pkg-046051,8.11.1
1,pkg-046052,9.12.2
1,pkg-046053,1.13.3
1,pkg-046054,2.14.4
1,pkg-046055,3.15.5
1,pkg-046056,4.16.6
1,pkg-046057,5.17.7
1,pkg-046058,6.18.8
1,pkg-046059,7.19.9
1,pkg-046060,8.0.0
1,pkg-046061,9.1.1
1,pkg-046062,1.2.2
1,pkg-046063,2.3.3
1,pkg-046064,3.4.4
1,pkg-046065,4.5.5
1,pkg-046066,5.6.6
1,pkg-046067,6.7.7
1,pkg-046068,7.8.8
1,pkg-046069,8.9.9
1,pkg-046070,9.10.0
1,pkg-046071,1.11.1
1,pkg-046072,2.12.2
1,pkg-046073,3.13.3
1,pkg-046074,4.14.4
1,pkg-046075,5.15.5
1,pkg-046076,6.16.6
1,pkg-046077,7.17.7
1,pkg-046078,8.18.8
1,pkg-046079,9.19.9
1,pkg-046080,1.0.0
1,pkg-046081,2.1.1
1,pkg-046082,3.2.2
1,pkg-046083,4.3.3
1,pkg-046084,5.4.4
1,pkg-046085,6.5.5
1,pkg-046086,7.6.6
1,pkg-046087,8.7.7
1,pkg-046088,9.8.8
1,pkg-046089,1.9.9
1,pkg-046090,2.10.0
1,pkg-046091,3.11.1
1,pkg-046092,4.12.2
1,pkg-046093,5.13.3
1,pkg-046094,6.14.4
1,pkg-046095,7.15.5
1,pkg-046096,8.16.6
1,pkg-046097,9.17.7
1,pkg-046098,1.18.8
1,pkg-046099,2.19.9
1,pkg-046100,3.0.0
1,pkg-046101,4.1.1
1,pkg-046102,5.2.2
1,pkg-046103,6.3.3
1,pkg-046104,7.4.4
1,pkg-046105,8.5.5
1,pkg-046106,9.6.6
1,pkg-046107,1.7.7
1,pkg-046108,2.8.8
1,pkg-046109,3.9.9
1,pkg-046110,4.10.0
1,pkg-046111,5.11.1
1,pkg-046112,6.12.2
1,pkg-046113,7.13.3
1,pkg-046114,8.14.4
1,pkg-046115,9.15.5
1,pkg-046116,1.16.6
1,pkg-046117,2.17.7
1,pkg-046118,3.18.8
1,pkg-046119,4.19.9
1,pkg-046120,5.0.0
1,pkg-046121,6.1.1
1,pkg-046122,7.2.2
1,pkg-046123,8.3.3
1,pkg-046124,9.4.4
1,pkg-046125,1.5.5
1,pkg-046126,2.6.6
1,pkg-046127,3.7.7
1,pkg-046128,4.8.8
1,pkg-046129,5.9.9
1,pkg-046130,6.10.0
1,pkg-046131,7.11.1
1,pkg-046132,8.12.2
1,pkg-046133,9.13.3
1,pkg-046134,1.14.4
1,pkg-046135,2.15.5
1,pkg-046136,3.16.6
1,pkg-046137,4.17.7
1,pkg-046138,5.18.8
1,pkg-046139,6.19.9
1,pkg-046140,7.0.0
1,pkg-046141,8.1.1
1,pkg-046142,9.2.2
1,pkg-046143,1.3.3
1,pkg-046144,2.4.4
1,pkg-046145,3.5.5
1,pkg-046146,4.6.6
1,pkg-046147,5.7.7
1,pkg-046148,6.8.8
1,pkg-046149,7.9.9
1,pkg-046150,8.10.0
1,pkg-046151,9.11.1
1,pkg-046152,1.12.2
1,pkg-046153,2.13.3
1,pkg-046154,3.14.4
1,pkg-046155,4.15.5
1,pkg-046156,5.16.6
1,pkg-046157,6.17.7
1,pkg-046158,7.18.8
1,pkg-046159,8.19.9
1,pkg-046160,9.0.0
1,pkg-046161,1.1.1
1,pkg-046162,2.2.2
1,pkg-046163,3.3.3
1,pkg-046164,4.4.4
1,pkg-046165,5.5.5
1,pkg-046166,6.6.6
1,pkg-046167,7.7.7
1,pkg-046168,8.8.8
1,pkg-046169,9.9.9
1,pkg-046170,1.10.0
1,pkg-046171,2.11.1
1,pkg-046172,3.12.2
1,pkg-046173,4.13.3
1,pkg-046174,5.14.4
1,pkg-046175,6.15.5
1,pkg-046176,7.16.6
1,pkg-046177,8.17.7
1,pkg-046178,9.18.8
1,pkg-046179,1.19.9
1,pkg-046180,2.0.0
1,pkg-046181,3.1.1
1,pkg-046182,4.2.2
1,pkg-046183,5.3.3
1,pkg-046184,6.4.4
1,pkg-046185,7.5.5
1,pkg-046186,8.6.6
1,pkg-046187,9.7.7
1,pkg-046188,1.8.8
1,pkg-046189,2.9.9
1,pkg-046190,3.10.0
1,pkg-046191,4.11.1
1,pkg-046192,5.12.2
1,pkg-046193,6.13.3
1,pkg-046194,7.14.4
1,pkg-046195,8.15.5
1,pkg-046196,9.16.6
1,pkg-046197,1.17.7
1,pkg-046198,2.18.8
1,pkg-046199,3.19.9
1,pkg-046200,4.0.0
1,pkg-046201,5.1.1
1,pkg-046202,6.2.2
1,pkg-046203,7.3.3
1,pkg-046204,8.4.4
1,pkg-046205,9.5.5
1,pkg-046206,1.6.6
1,pkg-046207,2.7.7
1,pkg-046208,3.8.8
1,pkg-046209,4.9.9
1,pkg-046210,5.10.0
1,pkg-046211,6.11.1
1,pkg-046212,7.12.2
1,pkg-046213,8.13.3
1,pkg-046214,9.14.4
1,pkg-046215,1.15.5
1,pkg-046216,2.16.6
1,pkg-046217,3.17.7
1,pkg-046218,4.18.8
1,pkg-046219,5.19.9
1,pkg-046220,6.0.0
1,pkg-046221,7.1.1
1,pkg-046222,8.2.2
1,pkg-046223,9.3.3
1,pkg-046224,1.4.4
1,pkg-046225,2.5.5
1,pkg-046226,3.6.6
1,pkg-046227,4.7.7
1,pkg-046228,5.8.8
1,pkg-046229,6.9.9
1,pkg-046230,7.10.0
1,pkg-046231,8.11.1
1,pkg-046232,9.12.2
1,pkg-046233,1.13.3
1,pkg-046234,2.14.4
1,pkg-046235,3.15.5
1,pkg-046236,4.16.6
1,pkg-046237,5.17.7
1,pkg-046238,6.18.8
1,pkg-046239,7.19.9
1,pkg-046240,8.0.0
1,pkg-046241,9.1.1
1,pkg-046242,1.2.2
1,pkg-046243,2.3.3
1,pkg-046244,3.4.4
1,pkg-046245,4.5.5
1,pkg-046246,5.6.6
1,pkg-046247,6.7.7
1,pkg-046248,7.8.8
1,pkg-046249,8.9.9
1,pkg-046250,9.10.0
1,pkg-046251,1.11.1
1,pkg-046252,2.12.2
1,pkg-046253,3.13.3
1,pkg-046254,4.14.4
1,pkg-046255,5.15.5
1,pkg-046256,6.16.6
1,pkg-046257,7.17.7
1,pkg-046258,8.18.8
1,pkg-046259,9.19.9
1,pkg-046260,1.0.0
1,pkg-046261,2.1.1
1,pkg-046262,3.2.2
1,pkg-046263,4.3.3
1,pkg-046264,5.4.4
1,pkg-046265,6.5.5
1,pkg-046266,7.6.6
1,pkg-046267,8.7.7
1,pkg-046268,9.8.8
1,pkg-046269,1.9.9
1,pkg-046270,2.10.0
1,pkg-046271,3.11.1
1,pkg-046272,4.12.2
1,pkg-046273,5.13.3
1,pkg-046274,6.14.4
1,pkg-046275,7.15.5
1,pkg-046276,8.16.6
1,pkg-046277,9.17.7
1,pkg-046278,1.18.8
1,pkg-046279,2.19.9
1,pkg-046280,3.0.0
1,pkg-046281,4.1.1
1,pkg-046282,5.2.2
1,pkg-046283,6.3.3
1,pkg-046284,7.4.4
1,pkg-046285,8.5.5
1,pkg-046286,9.6.6
1,pkg-046287,1.7.7
1,pkg-046288,2.8.8
1,pkg-046289,3.9.9
1,pkg-046290,4.10.0
1,pkg-046291,5.11.1
1,pkg-046292,6.12.2
1,pkg-046293,7.13.3
1,pkg-046294,8.14.4
1,pkg-046295,9.15.5
1,pkg-046296,1.16.6
1,pkg-046297,2.17.7
1,pkg-046298,3.18.8
1,pkg-046299,4.19.9
1,pkg-046300,5.0.0
1,pkg-046301,6.1.1
1,pkg-046302,7.2.2
1,pkg-046303,8.3.3
1,pkg-046304,9.4.4
1,pkg-046305,1.5.5
1,pkg-046306,2.6.6
1,pkg-046307,3.7.7
1,pkg-046308,4.8.8
1,pkg-046309,5.9.9
1,pkg-046310,6.10.0
1,pkg-046311,7.11.1
1,pkg-046312,8.12.2
1,pkg-046313,9.13.3
1,pkg-046314,1.14.4
1,pkg-046315,2.15.5
1,pkg-046316,3.16.6
1,pkg-046317,4.17.7
1,pkg-046318,5.18.8
1,pkg-046319,6.19.9
1,pkg-046320,7.0.0
1,pkg-046321,8.1.1
1,pkg-046322,9.2.2
1,pkg-046323,1.3.3
1,pkg-046324,2.4.4
1,pkg-046325,3.5.5
1,pkg-046326,4.6.6
1,pkg-046327,5.7.7
1,pkg-046328,6.8.8
1,pkg-046329,7.9.9
1,pkg-046330,8.10.0
1,pkg-046331,9.11.1
1,pkg-046332,1.12.2
1,pkg-046333,2.13.3
1,pkg-046334,3.14.4
1,pkg-046335,4.15.5
1,pkg-046336,5.16.6
1,pkg-046337,6.17.7
1,pkg-046338,7.18.8
1,pkg-046339,8.19.9
1,pkg-046340,9.0.0
1,pkg-046341,1.1.1
1,pkg-046342,2.2.2
1,pkg-046343,3.3.3
1,pkg-046344,4.4.4
1,pkg-046345,5.5.5
1,pkg-046346,6.6.6
1,pkg-046347,7.7.7
1,pkg-046348,8.8.8
1,pkg-046349,9.9.9
1,pkg-046350,1.10.0
1,pkg-046351,2.11.1
1,pkg-046352,3.12.2
1,pkg-046353,4.13.3
1,pkg-046354,5.14.4
1,pkg-046355,6.15.5
1,pkg-046356,7.16.6
1,pkg-046357,8.17.7
1,pkg-046358,9.18.8
1,pkg-046359,1.19.9
1,pkg-046360,2.0.0
1,pkg-046361,3.1.1
1,pkg-046362,4.2.2
1,pkg-046363,5.3.3
1,pkg-046364,6.4.4
1,pkg-046365,7.5.5
1,pkg-046366,8.6.6
1,pkg-046367,9.7.7
1,pkg-046368,1.8.8
1,pkg-046369,2.9.9
1,pkg-046370,3.10.0
1,pkg-046371,4.11.1
1,pkg-046372,5.12.2
1,pkg-046373,6.13.3
1,pkg-046374,7.14.4
1,pkg-046375,8.15.5
1,pkg-046376,9.16.6
1,pkg-046377,1.17.7
1,pkg-046378,2.18.8
1,pkg-046379,3.19.9
1,pkg-046380,4.0.0
1,pkg-046381,5.1.1
1,pkg-046382,6.2.2
1,pkg-046383,7.3.3
1,pkg-046384,8.4.4
1,pkg-046385,9.5.5
1,pkg-046386,1.6.6
1,pkg-046387,2.7.7
1,pkg-046388,3.8.8
1,pkg-046389,4.9.9
1,pkg-046390,5.10.0
1,pkg-046391,6.11.1
1,pkg-046392,7.12.2
1,pkg-046393,8.13.3
1,pkg-046394,9.14.4
1,pkg-046395,1.15.5
1,pkg-046396,2.16.6
1,pkg-046397,3.17.7
1,pkg-046398,4.18.8
1,pkg-046399,5.19.9
1,pkg-046400,6.0.0
1,pkg-046401,7.1.1
1,pkg-046402,8.2.2
1,pkg-046403,9.3.3
1,pkg-046404,1.4.4
1,pkg-046405,2.5.5
1,pkg-046406,3.6.6
1,pkg-046407,4.7.7
1,pkg-046408,5.8.8
1,pkg-046409,6.9.9
1,pkg-046410,7.10.0
1,pkg-046411,8.11.1
1,pkg-046412,9.12.2
1,pkg-046413,1.13.3
1,pkg-046414,2.14.4
1,pkg-046415,3.15.5
1,pkg-046416,4.16.6
1,pkg-046417,5.17.7
1,pkg-046418,6.18.8
1,pkg-046419,7.19.9
1,pkg-046420,8.0.0
1,pkg-046421,9.1.1
1,pkg-046422,1.2.2
1,pkg-046423,2.3.3
1,pkg-046424,3.4.4
1,pkg-046425,4.5.5
1,pkg-046426,5.6.6
1,pkg-046427,6.7.7
1,pkg-046428,7.8.8
1,pkg-046429,8.9.9
1,pkg-046430,9.10.0
1,pkg-046431,1.11.1
1,pkg-046432,2.12.2
1,pkg-046433,3.13.3
1,pkg-046434,4.14.4
1,pkg-046435,5.15.5
1,pkg-046436,6.16.6
1,pkg-046437,7.17.7
1,pkg-046438,8.18.8
1,pkg-046439,9.19.9
1,pkg-046440,1.0.0
1,pkg-046441,2.1.1
1,pkg-046442,3.2.2
1,pkg-046443,4.3.3
1,pkg-046444,5.4.4
1,pkg-046445,6.5.5
1,pkg-046446,7.6.6
1,pkg-046447,8.7.7
1,pkg-046448,9.8.8
1,pkg-046449,1.9.9
1,pkg-046450,2.10.0
1,pkg-046451,3.11.1
1,pkg-046452,4.12.2
1,pkg-046453,5.13.3
1,pkg-046454,6.14.4
1,pkg-046455,7.15.5
1,pkg-046456,8.16.6
1,pkg-046457,9.17.7
1,pkg-046458,1.18.8
1,pkg-046459,2.19.9
1,pkg-046460,3.0.0
1,pkg-046461,4.1.1
1,pkg-046462,5.2.2
1,pkg-046463,6.3.3
1,pkg-046464,7.4.4
1,pkg-046465,8.5.5
1,pkg-046466,9.6.6
1,pkg-046467,1.7.7
1,pkg-046468,2.8.8
1,pkg-046469,3.9.9
1,pkg-046470,4.10.0
1,pkg-046471,5.11.1
1,pkg-046472,6.12.2
1,pkg-046473,7.13.3
1,pkg-046474,8.14.4
1,pkg-046475,9.15.5
1,pkg-046476,1.16.6
1,pkg-046477,2.17.7
1,pkg-046478,3.18.8
1,pkg-046479,4.19.9
1,pkg-046480,5.0.0
1,pkg-046481,6.1.1
1,pkg-046482,7.2.2
1,pkg-046483,8.3.3
1,pkg-046484,9.4.4
1,pkg-046485,1.5.5
1,pkg-046486,2.6.6
1,pkg-046487,3.7.7
1,pkg-046488,4.8.8
1,pkg-046489,5.9.9
1,pkg-046490,6.10.0
1,pkg-046491,7.11.1
1,pkg-046492,8.12.2
1,pkg-046493,9.13.3
1,pkg-046494,1.14.4
1,pkg-046495,2.15.5
1,pkg-046496,3.16.6
1,pkg-046497,4.17.7
1,pkg-046498,5.18.8
1,pkg-046499,6.19.9
1,pkg-046500,7.0.0
1,pkg-046501,8.1.1
1,pkg-046502,9.2.2
1,pkg-046503,1.3.3
1,pkg-046504,2.4.4
1,pkg-046505,3.5.5
1,pkg-046506,4.6.6
1,pkg-046507,5.7.7
1,pkg-046508,6.8.8
1,pkg-046509,7.9.9
1,pkg-046510,8.10.0
1,pkg-046511,9.11.1
1,pkg-046512,1.12.2
1,pkg-046513,2.13.3
1,pkg-046514,3.14.4
1,pkg-046515,4.15.5
1,pkg-046516,5.16.6
1,pkg-046517,6.17.7
1,pkg-046518,7.18.8
1,pkg-046519,8.19.9
1,pkg-046520,9.0.0
1,pkg-046521,1.1.1
1,pkg-046522,2.2.2
1,pkg-046523,3.3.3
1,pkg-046524,4.4.4
1,pkg-046525,5.5.5
1,pkg-046526,6.6.6
1,pkg-046527,7.7.7
1,pkg-046528,8.8.8
1,pkg-046529,9.9.9
1,pkg-046530,1.10.0
1,pkg-046531,2.11.1
1,pkg-046532,3.12.2
1,pkg-046533,4.13.3
1,pkg-046534,5.14.4
1,pkg-046535,6.15.5
1,pkg-046536,7.16.6
1,pkg-046537,8.17.7
1,pkg-046538,9.18.8
1,pkg-046539,1.19.9
1,pkg-046540,2.0.0
1,pkg-046541,3.1.1
1,pkg-046542,4.2.2
1,pkg-046543,5.3.3
1,pkg-046544,6.4.4
1,pkg-046545,7.5.5
1,pkg-046546,8.6.6
1,pkg-046547,9.7.7
1,pkg-046548,1.8.8
1,pkg-046549,2.9.9
1,pkg-046550,3.10.0
1,pkg-046551,4.11.1
1,pkg-046552,5.12.2
1,pkg-046553,6.13.3
1,pkg-046554,7.14.4
1,pkg-046555,8.15.5
1,pkg-046556,9.16.6
1,pkg-046557,1.17.7
1,pkg-046558,2.18.8
1,pkg-046559,3.19.9
1,pkg-046560,4.0.0
1,pkg-046561,5.1.1
1,pkg-046562,6.2.2
1,pkg-046563,7.3.3
1,pkg-046564,8.4.4
1,pkg-046565,9.5.5
1,pkg-046566,1.6.6
1,pkg-046567,2.7.7
1,pkg-046568,3.8.8
1,pkg-046569,4.9.9
1,pkg-046570,5.10.0
1,pkg-046571,6.11.1
1,pkg-046572,7.12.2
1,pkg-046573,8.13.3
1,pkg-046574,9.14.4
1,pkg-046575,1.15.5
1,pkg-046576,2.16.6
1,pkg-046577,3.17.7
1,pkg-046578,4.18.8
1,pkg-046579,5.19.9
1,pkg-046580,6.0.0
1,pkg-046581,7.1.1
1,pkg-046582,8.2.2
1,pkg-046583,9.3.3
1,pkg-046584,1.4.4
1,pkg-046585,2.5.5
1,pkg-046586,3.6.6
1,pkg-046587,4.7.7
1,pkg-046588,5.8.8
1,pkg-046589,6.9.9
1,pkg-046590,7.10.0
1,pkg-046591,8.11.1
1,pkg-046592,9.12.2
1,pkg-046593,1.13.3
1,pkg-046594,2.14.4
1,pkg-046595,3.15.5
1,pkg-046596,4.16.6
1,pkg-046597,5.17.7
1,pkg-046598,6.18.8
1,pkg-046599,7.19.9
1,pkg-046600,8.0.0
1,pkg-046601,9.1.1
1,pkg-046602,1.2.2
1,pkg-046603,2.3.3
1,pkg-046604,3.4.4
1,pkg-046605,4.5.5
1,pkg-046606,5.6.6
1,pkg-046607,6.7.7
1,pkg-046608,7.8.8
1,pkg-046609,8.9.9
1,pkg-046610,9.10.0
1,pkg-046611,1.11.1
1,pkg-046612,2.12.2
1,pkg-046613,3.13.3
1,pkg-046614,4.14.4
1,pkg-046615,5.15.5
1,pkg-046616,6.16.6
1,pkg-046617,7.17.7
1,pkg-046618,8.18.8
1,pkg-046619,9.19.9
1,pkg-046620,1.0.0
1,pkg-046621,2.1.1
1,pkg-046622,3.2.2
1,pkg-046623,4.3.3
1,pkg-046624,5.4.4
1,pkg-046625,6.5.5
1,pkg-046626,7.6.6
1,pkg-046627,8.7.7
1,pkg-046628,9.8.8
1,pkg-046629,1.9.9
1,pkg-046630,2.10.0
1,pkg-046631,3.11.1
1,pkg-046632,4.12.2
1,pkg-046633,5.13.3
1,pkg-046634,6.14.4
1,pkg-046635,7.15.5
1,pkg-046636,8.16.6
1,pkg-046637,9.17.7
1,pkg-046638,1.18.8
1,pkg-046639,2.19.9
1,pkg-046640,3.0.0
1,pkg-046641,4.1.1
1,pkg-046642,5.2.2
1,pkg-046643,6.3.3
1,pkg-046644,7.4.4
1,pkg-046645,8.5.5
1,pkg-046646,9.6.6
1,pkg-046647,1.7.7
1,pkg-046648,2.8.8
1,pkg-046649,3.9.9
1,pkg-046650,4.10.0
1,pkg-046651,5.11.1
1,pkg-046652,6.12.2
1,pkg-046653,7.13.3
1,pkg-046654,8.14.4
1,pkg-046655,9.15.5
1,pkg-046656,1.16.6
1,pkg-046657,2.17.7
1,pkg-046658,3.18.8
1,pkg-046659,4.19.9
1,pkg-046660,5.0.0
1,pkg-046661,6.1.1
1,pkg-046662,7.2.2
1,pkg-046663,8.3.3
1,pkg-046664,9.4.4
1,pkg-046665,1.5.5
1,pkg-046666,2.6.6
1,pkg-046667,3.7.7
1,pkg-046668,4.8.8
1,pkg-046669,5.9.9
1,pkg-046670,6.10.0
1,pkg-046671,7.11.1
1,pkg-046672,8.12.2
1,pkg-046673,9.13.3
1,pkg-046674,1.14.4
1,pkg-046675,2.15.5
1,pkg-046676,3.16.6
1,pkg-046677,4.17.7
1,pkg-046678,5.18.8
1,pkg-046679,6.19.9
1,pkg-046680,7.0.0
1,pkg-046681,8.1.1
1,pkg-046682,9.2.2
1,pkg-046683,1.3.3
1,pkg-046684,2.4.4
1,pkg-046685,3.5.5
1,pkg-046686,4.6.6
1,pkg-046687,5.7.7
1,pkg-046688,6.8.8
1,pkg-046689,7.9.9
1,pkg-046690,8.10.0
1,pkg-046691,9.11.1
1,pkg-046692,1.12.2
1,pkg-046693,2.13.3
1,pkg-046694,3.14.4
1,pkg-046695,4.15.5
1,pkg-046696,5.16.6
1,pkg-046697,6.17.7
1,pkg-046698,7.18.8
1,pkg-046699,8.19.9
1,pkg-046700,9.0.0
1,pkg-046701,1.1.1
1,pkg-046702,2.2.2
1,pkg-046703,3.3.3
1,pkg-046704,4.4.4
1,pkg-046705,5.5.5
1,pkg-046706,6.6.6
1,pkg-046707,7.7.7
1,pkg-046708,8.8.8
1,pkg-046709,9.9.9
1,pkg-046710,1.10.0
1,pkg-046711,2.11.1
1,pkg-046712,3.12.2
1,pkg-046713,4.13.3
1,pkg-046714,5.14.4
1,pkg-046715,6.15.5
1,pkg-046716,7.16.6
1,pkg-046717,8.17.7
1,pkg-046718,9.18.8
1,pkg-046719,1.19.9
1,pkg-046720,2.0.0
1,pkg-046721,3.1.1
1,pkg-046722,4.2.2
1,pkg-046723,5.3.3
1,pkg-046724,6.4.4
1,pkg-046725,7.5.5
1,pkg-046726,8.6.6
1,pkg-046727,9.7.7
1,pkg-046728,1.8.8
1,pkg-046729,2.9.9
1,pkg-046730,3.10.0
1,pkg-046731,4.11.1
1,pkg-046732,5.12.2
1,pkg-046733,6.13.3
1,pkg-046734,7.14.4
1,pkg-046735,8.15.5
1,pkg-046736,9.16.6
1,pkg-046737,1.17.7
1,pkg-046738,2.18.8
1,pkg-046739,3.19.9
1,pkg-046740,4.0.0
1,pkg-046741,5.1.1
1,pkg-046742,6.2.2
1,pkg-046743,7.3.3
1,pkg-046744,8.4.4
1,pkg-046745,9.5.5
1,pkg-046746,1.6.6
1,pkg-046747,2.7.7
1,pkg-046748,3.8.8
1,pkg-046749,4.9.9
1,pkg-046750,5.10.0
1,pkg-046751,6.11.1
1,pkg-046752,7.12.2
1,pkg-046753,8.13.3
1,pkg-046754,9.14.4
1,pkg-046755,1.15.5
1,pkg-046756,2.16.6
1,pkg-046757,3.17.7
1,pkg-046758,4.18.8
1,pkg-046759,5.19.9
1,pkg-046760,6.0.0
1,pkg-046761,7.1.1
1,pkg-046762,8.2.2
1,pkg-046763,9.3.3
1,pkg-046764,1.4.4
1,pkg-046765,2.5.5
1,pkg-046766,3.6.6
1,pkg-046767,4.7.7
1,pkg-046768,5.8.8
1,pkg-046769,6.9.9
1,pkg-046770,7.10.0
1,pkg-046771,8.11.1
1,pkg-046772,9.12.2
1,pkg-046773,1.13.3
1,pkg-046774,2.14.4
1,pkg-046775,3.15.5
1,pkg-046776,4.16.6
1,pkg-046777,5.17.7
1,pkg-046778,6.18.8
1,pkg-046779,7.19.9
1,pkg-046780,8.0.0
1,pkg-046781,9.1.1
1,pkg-046782,1.2.2
1,pkg-046783,2.3.3
1,pkg-046784,3.4.4
1,pkg-046785,4.5.5
1,pkg-046786,5.6.6
1,pkg-046787,6.7.7
1,pkg-046788,7.8.8
1,pkg-046789,8.9.9
1,pkg-046790,9.10.0
1,pkg-046791,1.11.1
1,pkg-046792,2.12.2
1,pkg-046793,3.13.3
1,pkg-046794,4.14.4
1,pkg-046795,5.15.5
1,pkg-046796,6.16.6
1,pkg-046797,7.17.7
1,pkg-046798,8.18.8
1,pkg-046799,9.19.9
1,pkg-046800,1.0.0
1,pkg-046801,2.1.1
1,pkg-046802,3.2.2
1,pkg-046803,4.3.3
1,pkg-046804,5.4.4
1,pkg-046805,6.5.5
1,pkg-046806,7.6.6
1,pkg-046807,8.7.7
1,pkg-046808,9.8.8
1,pkg-046809,1.9.9
1,pkg-046810,2.10.0
1,pkg-046811,3.11.1
1,pkg-046812,4.12.2
1,pkg-046813,5.13.3
1,pkg-046814,6.14.4
1,pkg-046815,7.15.5
1,pkg-046816,8.16.6
1,pkg-046817,9.17.7
1,pkg-046818,1.18.8
1,pkg-046819,2.19.9
1,pkg-046820,3.0.0
1,pkg-046821,4.1.1
1,pkg-046822,5.2.2
1,pkg-046823,6.3.3
1,pkg-046824,7.4.4
1,pkg-046825,8.5.5
1,pkg-046826,9.6.6
1,pkg-046827,1.7.7
1,pkg-046828,2.8.8
1,pkg-046829,3.9.9
1,pkg-046830,4.10.0
1,pkg-046831,5.11.1
1,pkg-046832,6.12.2
1,pkg-046833,7.13.3
1,pkg-046834,8.14.4
1,pkg-046835,9.15.5
1,pkg-046836,1.16.6
1,pkg-046837,2.17.7
1,pkg-046838,3.18.8
1,pkg-046839,4.19.9
1,pkg-046840,5.0.0
1,pkg-046841,6.1.1
1,pkg-046842,7.2.2
1,pkg-046843,8.3.3
1,pkg-046844,9.4.4
1,pkg-046845,1.5.5
1,pkg-046846,2.6.6
1,pkg-046847,3.7.7
1,pkg-046848,4.8.8
1,pkg-046849,5.9.9
1,pkg-046850,6.10.0
1,pkg-046851,7.11.1
1,pkg-046852,8.12.2
1,pkg-046853,9.13.3
1,pkg-046854,1.14.4
1,pkg-046855,2.15.5
1,pkg-046856,3.16.6
1,pkg-046857,4.17.7
1,pkg-046858,5.18.8
1,pkg-046859,6.19.9
1,pkg-046860,7.0.0
1,pkg-046861,8.1.1
1,pkg-046862,9.2.2
1,pkg-046863,1.3.3
1,pkg-046864,2.4.4
1,pkg-046865,3.5.5
1,pkg-046866,4.6.6
1,pkg-046867,5.7.7
1,pkg-046868,6.8.8
1,pkg-046869,7.9.9
1,pkg-046870,8.10.0
1,pkg-046871,9.11.1
1,pkg-046872,1.12.2
1,pkg-046873,2.13.3
1,pkg-046874,3.14.4
1,pkg-046875,4.15.5
1,pkg-046876,5.16.6
1,pkg-046877,6.17.7
1,pkg-046878,7.18.8
1,pkg-046879,8.19.9
1,pkg-046880,9.0.0
1,pkg-046881,1.1.1
1,pkg-046882,2.2.2
1,pkg-046883,3.3.3
1,pkg-046884,4.4.4
1,pkg-046885,5.5.5
1,pkg-046886,6.6.6
1,pkg-046887,7.7.7
1,pkg-046888,8.8.8
1,pkg-046889,9.9.9
1,pkg-046890,1.10.0
1,pkg-046891,2.11.1
1,pkg-046892,3.12.2
1,pkg-046893,4.13.3
1,pkg-046894,5.14.4
1,pkg-046895,6.15.5
1,pkg-046896,7.16.6
1,pkg-046897,8.17.7
1,pkg-046898,9.18.8
1,pkg-046899,1.19.9
1,pkg-046900,2.0.0
1,pkg-046901,3.1.1
1,pkg-046902,4.2.2
1,pkg-046903,5.3.3
1,pkg-046904,6.4.4
1,pkg-046905,7.5.5
1,pkg-046906,8.6.6
1,pkg-046907,9.7.7
1,pkg-046908,1.8.8
1,pkg-046909,2.9.9
1,pkg-046910,3.10.0
1,pkg-046911,4.11.1
1,pkg-046912,5.12.2
1,pkg-046913,6.13.3
1,pkg-046914,7.14.4
1,pkg-046915,8.15.5
1,pkg-046916,9.16.6
1,pkg-046917,1.17.7
1,pkg-046918,2.18.8
1,pkg-046919,3.19.9
1,pkg-046920,4.0.0
1,pkg-046921,5.1.1
1,pkg-046922,6.2.2
1,pkg-046923,7.3.3
1,pkg-046924,8.4.4
1,pkg-046925,9.5.5
1,pkg-046926,1.6.6
1,pkg-046927,2.7.7
1,pkg-046928,3.8.8
1,pkg-046929,4.9.9
1,pkg-046930,5.10.0
1,pkg-046931,6.11.1
1,pkg-046932,7.12.2
1,pkg-046933,8.13.3
1,pkg-046934,9.14.4
1,pkg-046935,1.15.5
1,pkg-046936,2.16.6
1,pkg-046937,3.17.7
1,pkg-046938,4.18.8
1,pkg-046939,5.19.9
1,pkg-046940,6.0.0
1,pkg-046941,7.1.1
1,pkg-046942,8.2.2
1,pkg-046943,9.3.3
1,pkg-046944,1.4.4
1,pkg-046945,2.5.5
1,pkg-046946,3.6.6
1,pkg-046947,4.7.7
1,pkg-046948,5.8.8
1,pkg-046949,6.9.9
1,pkg-046950,7.10.0
1,pkg-046951,8.11.1
1,pkg-046952,9.12.2
1,pkg-046953,1.13.3
1,pkg-046954,2.14.4
1,pkg-046955,3.15.5
1,pkg-046956,4.16.6
1,pkg-046957,5.17.7
1,pkg-046958,6.18.8
1,pkg-046959,7.19.9
1,pkg-046960,8.0.0
1,pkg-046961,9.1.1
1,pkg-046962,1.2.2
1,pkg-046963,2.3.3
1,pkg-046964,3.4.4
1,pkg-046965,4.5.5
1,pkg-046966,5.6.6
1,pkg-046967,6.7.7
1,pkg-046968,7.8.8
1,pkg-046969,8.9.9
1,pkg-046970,9.10.0
1,pkg-046971,1.11.1
1,pkg-046972,2.12.2
1,pkg-046973,3.13.3
1,pkg-046974,4.14.4
1,pkg-046975,5.15.5
1,pkg-046976,6.16.6
1,pkg-046977,7.17.7
1,pkg-046978,8.18.8
1,pkg-046979,9.19.9
1,pkg-046980,1.0.0
1,pkg-046981,2.1.1
1,pkg-046982,3.2.2
1,pkg-046983,4.3.3
1,pkg-046984,5.4.4
1,pkg-046985,6.5.5
1,pkg-046986,7.6.6
1,pkg-046987,8.7.7
1,pkg-046988,9.8.8
1,pkg-046989,1.9.9
1,pkg-046990,2.10.0
1,pkg-046991,3.11.1
1,pkg-046992,4.12.2
1,pkg-046993,5.13.3
1,pkg-046994,6.14.4
1,pkg-046995,7.15.5
1,pkg-046996,8.16.6
1,pkg-046997,9.17.7
1,pkg-046998,1.18.8
1,pkg-046999,2.19.9
1,pkg-047000,3.0.0
1,pkg-047001,4.1.1
1,pkg-047002,5.2.2
1,pkg-047003,6.3.3
1,pkg-047004,7.4.4
1,pkg-047005,8.5.5
1,pkg-047006,9.6.6
1,pkg-047007,1.7.7
1,pkg-047008,2.8.8
1,pkg-047009,3.9.9
1,pkg-047010,4.10.0
1,pkg-047011,5.11.1
1,pkg-047012,6.12.2
1,pkg-047013,7.13.3
1,pkg-047014,8.14.4
1,pkg-047015,9.15.5
1,pkg-047016,1.16.6
1,pkg-047017,2.17.7
1,pkg-047018,3.18.8
1,pkg-047019,4.19.9
1,pkg-047020,5.0.0
1,pkg-047021,6.1.1
1,pkg-047022,7.2.2
1,pkg-047023,8.3.3
1,pkg-047024,9.4.4
1,pkg-047025,1.5.5
1,pkg-047026,2.6.6
1,pkg-047027,3.7.7
1,pkg-047028,4.8.8
1,pkg-047029,5.9.9
1,pkg-047030,6.10.0
1,pkg-047031,7.11.1
1,pkg-047032,8.12.2
1,pkg-047033,9.13.3
1,pkg-047034,1.14.4
1,pkg-047035,2.15.5
1,pkg-047036,3.16.6
1,pkg-047037,4.17.7
1,pkg-047038,5.18.8
1,pkg-047039,6.19.9
1,pkg-047040,7.0.0
1,pkg-047041,8.1.1
1,pkg-047042,9.2.2
1,pkg-047043,1.3.3
1,pkg-047044,2.4.4
1,pkg-047045,3.5.5
1,pkg-047046,4.6.6
1,pkg-047047,5.7.7
1,pkg-047048,6.8.8
1,pkg-047049,7.9.9
1,pkg-047050,8.10.0
1,pkg-047051,9.11.1
1,pkg-047052,1.12.2
1,pkg-047053,2.13.3
1,pkg-047054,3.14.4
1,pkg-047055,4.15.5
1,pkg-047056,5.16.6
1,pkg-047057,6.17.7
1,pkg-047058,7.18.8
1,pkg-047059,8.19.9
1,pkg-047060,9.0.0
1,pkg-047061,1.1.1
1,pkg-047062,2.2.2
1,pkg-047063,3.3.3
1,pkg-047064,4.4.4
1,pkg-047065,5.5.5
1,pkg-047066,6.6.6
1,pkg-047067,7.7.7
1,pkg-047068,8.8.8
1,pkg-047069,9.9.9
1,pkg-047070,1.10.0
1,pkg-047071,2.11.1
1,pkg-047072,3.12.2
1,pkg-047073,4.13.3
1,pkg-047074,5.14.4
1,pkg-047075,6.15.5
1,pkg-047076,7.16.6
1,pkg-047077,8.17.7
1,pkg-047078,9.18.8
1,pkg-047079,1.19.9
1,pkg-047080,2.0.0
1,pkg-047081,3.1.1
1,pkg-047082,4.2.2
1,pkg-047083,5.3.3
1,pkg-047084,6.4.4
1,pkg-047085,7.5.5
1,pkg-047086,8.6.6
1,pkg-047087,9.7.7
1,pkg-047088,1.8.8
1,pkg-047089,2.9.9
1,pkg-047090,3.10.0
1,pkg-047091,4.11.1
1,pkg-047092,5.12.2
1,pkg-047093,6.13.3
1,pkg-047094,7.14.4
1,pkg-047095,8.15.5
1,pkg-047096,9.16.6
1,pkg-047097,1.17.7
1,pkg-047098,2.18.8
1,pkg-047099,3.19.9
1,pkg-047100,4.0.0
1,pkg-047101,5.1.1
1,pkg-047102,6.2.2
1,pkg-047103,7.3.3
1,pkg-047104,8.4.4
1,pkg-047105,9.5.5
1,pkg-047106,1.6.6
1,pkg-047107,2.7.7
1,pkg-047108,3.8.8
1,pkg-047109,4.9.9
1,pkg-047110,5.10.0
1,pkg-047111,6.11.1
1,pkg-047112,7.12.2
1,pkg-047113,8.13.3
1,pkg-047114,9.14.4
1,pkg-047115,1.15.5
1,pkg-047116,2.16.6
1,pkg-047117,3.17.7
1,pkg-047118,4.18.8
1,pkg-047119,5.19.9
1,pkg-047120,6.0.0
1,pkg-047121,7.1.1
1,pkg-047122,8.2.2
1,pkg-047123,9.3.3
1,pkg-047124,1.4.4
1,pkg-047125,2.5.5
1,pkg-047126,3.6.6
1,pkg-047127,4.7.7
1,pkg-047128,5.8.8
1,pkg-047129,6.9.9
1,pkg-047130,7.10.0
1,pkg-047131,8.11.1
1,pkg-047132,9.12.2
1,pkg-047133,1.13.3
1,pkg-047134,2.14.4
1,pkg-047135,3.15.5
1,pkg-047136,4.16.6
1,pkg-047137,5.17.7
1,pkg-047138,6.18.8
1,pkg-047139,7.19.9
1,pkg-047140,8.0.0
1,pkg-047141,9.1.1
1,pkg-047142,1.2.2
1,pkg-047143,2.3.3
1,pkg-047144,3.4.4
1,pkg-047145,4.5.5
1,pkg-047146,5.6.6
1,pkg-047147,6.7.7
1,pkg-047148,7.8.8
1,pkg-047149,8.9.9
1,pkg-047150,9.10.0
1,pkg-047151,1.11.1
1,pkg-047152,2.12.2
1,pkg-047153,3.13.3
1,pkg-047154,4.14.4
1,pkg-047155,5.15.5
1,pkg-047156,6.16.6
1,pkg-047157,7.17.7
1,pkg-047158,8.18.8
1,pkg-047159,9.19.9
1,pkg-047160,1.0.0
1,pkg-047161,2.1.1
1,pkg-047162,3.2.2
1,pkg-047163,4.3.3
1,pkg-047164,5.4.4
1,pkg-047165,6.5.5
1,pkg-047166,7.6.6
1,pkg-047167,8.7.7
1,pkg-047168,9.8.8
1,pkg-047169,1.9.9
1,pkg-047170,2.10.0
1,pkg-047171,3.11.1
1,pkg-047172,4.12.2
1,pkg-047173,5.13.3
1,pkg-047174,6.14.4
1,pkg-047175,7.15.5
1,pkg-047176,8.16.6
1,pkg-047177,9.17.7
1,pkg-047178,1.18.8
1,pkg-047179,2.19.9
1,pkg-047180,3.0.0
1,pkg-047181,4.1.1
1,pkg-047182,5.2.2
1,pkg-047183,6.3.3
1,pkg-047184,7.4.4
1,pkg-047185,8.5.5
1,pkg-047186,9.6.6
1,pkg-047187,1.7.7
1,pkg-047188,2.8.8
1,pkg-047189,3.9.9
1,pkg-047190,4.10.0
1,pkg-047191,5.11.1
1,pkg-047192,6.12.2
1,pkg-047193,7.13.3
1,pkg-047194,8.14.4
1,pkg-047195,9.15.5
1,pkg-047196,1.16.6
1,pkg-047197,2.17.7
1,pkg-047198,3.18.8
1,pkg-047199,4.19.9
1,pkg-047200,5.0.0
1,pkg-047201,6.1.1
1,pkg-047202,7.2.2
1,pkg-047203,8.3.3
1,pkg-047204,9.4.4
1,pkg-047205,1.5.5
1,pkg-047206,2.6.6
1,pkg-047207,3.7.7
1,pkg-047208,4.8.8
1,pkg-047209,5.9.9
1,pkg-047210,6.10.0
1,pkg-047211,7.11.1
1,pkg-047212,8.12.2
1,pkg-047213,9.13.3
1,pkg-047214,1.14.4
1,pkg-047215,2.15.5
1,pkg-047216,3.16.6
1,pkg-047217,4.17.7
1,pkg-047218,5.18.8
1,pkg-047219,6.19.9
1,pkg-047220,7.0.0
1,pkg-047221,8.1.1
1,pkg-047222,9.2.2
1,pkg-047223,1.3.3
1,pkg-047224,2.4.4
1,pkg-047225,3.5.5
1,pkg-047226,4.6.6
1,pkg-047227,5.7.7
1,pkg-047228,6.8.8
1,pkg-047229,7.9.9
1,pkg-047230,8.10.0
1,pkg-047231,9.11.1
1,pkg-047232,1.12.2
1,pkg-047233,2.13.3
1,pkg-047234,3.14.4
1,pkg-047235,4.15.5
1,pkg-047236,5.16.6
1,pkg-047237,6.17.7
1,pkg-047238,7.18.8
1,pkg-047239,8.19.9
1,pkg-047240,9.0.0
1,pkg-047241,1.1.1
1,pkg-047242,2.2.2
1,pkg-047243,3.3.3
1,pkg-047244,4.4.4
1,pkg-047245,5.5.5
1,pkg-047246,6.6.6
1,pkg-047247,7.7.7
1,pkg-047248,8.8.8
1,pkg-047249,9.9.9
1,pkg-047250,1.10.0
1,pkg-047251,2.11.1
1,pkg-047252,3.12.2
1,pkg-047253,4.13.3
1,pkg-047254,5.14.4
1,pkg-047255,6.15.5
1,pkg-047256,7.16.6
1,pkg-047257,8.17.7
1,pkg-047258,9.18.8
1,pkg-047259,1.19.9
1,pkg-047260,2.0.0
1,pkg-047261,3.1.1
1,pkg-047262,4.2.2
1,pkg-047263,5.3.3
1,pkg-047264,6.4.4
1,pkg-047265,7.5.5
1,pkg-047266,8.6.6
1,pkg-047267,9.7.7
1,pkg-047268,1.8.8
1,pkg-047269,2.9.9
1,pkg-047270,3.10.0
1,pkg-047271,4.11.1
1,pkg-047272,5.12.2
1,pkg-047273,6.13.3
1,pkg-047274,7.14.4
1,pkg-047275,8.15.5
1,pkg-047276,9.16.6
1,pkg-047277,1.17.7
1,pkg-047278,2.18.8
1,pkg-047279,3.19.9
1,pkg-047280,4.0.0
1,pkg-047281,5.1.1
1,pkg-047282,6.2.2
1,pkg-047283,7.3.3
1,pkg-047284,8.4.4
1,pkg-047285,9.5.5
1,pkg-047286,1.6.6
1,pkg-047287,2.7.7
1,pkg-047288,3.8.8
1,pkg-047289,4.9.9
1,pkg-047290,5.10.0
1,pkg-047291,6.11.1
1,pkg-047292,7.12.2
1,pkg-047293,8.13.3
1,pkg-047294,9.14.4
1,pkg-047295,1.15.5
1,pkg-047296,2.16.6
1,pkg-047297,3.17.7
1,pkg-047298,4.18.8
1,pkg-047299,5.19.9
1,pkg-047300,6.0.0
1,pkg-047301,7.1.1
1,pkg-047302,8.2.2
1,pkg-047303,9.3.3
1,pkg-047304,1.4.4
1,pkg-047305,2.5.5
1,pkg-047306,3.6.6
1,pkg-047307,4.7.7
1,pkg-047308,5.8.8
1,pkg-047309,6.9.9
1,pkg-047310,7.10.0
1,pkg-047311,8.11.1
1,pkg-047312,9.12.2
1,pkg-047313,1.13.3
1,pkg-047314,2.14.4
1,pkg-047315,3.15.5
1,pkg-047316,4.16.6
1,pkg-047317,5.17.7
1,pkg-047318,6.18.8
1,pkg-047319,7.19.9
1,pkg-047320,8.0.0
1,pkg-047321,9.1.1
1,pkg-047322,1.2.2
1,pkg-047323,2.3.3
1,pkg-047324,3.4.4
1,pkg-047325,4.5.5
1,pkg-047326,5.6.6
1,pkg-047327,6.7.7
1,pkg-047328,7.8.8
1,pkg-047329,8.9.9
1,pkg-047330,9.10.0
1,pkg-047331,1.11.1
1,pkg-047332,2.12.2
1,pkg-047333,3.13.3
1,pkg-047334,4.14.4
1,pkg-047335,5.15.5
1,pkg-047336,6.16.6
1,pkg-047337,7.17.7
1,pkg-047338,8.18.8
1,pkg-047339,9.19.9
1,pkg-047340,1.0.0
1,pkg-047341,2.1.1
1,pkg-047342,3.2.2
1,pkg-047343,4.3.3
1,pkg-047344,5.4.4
1,pkg-047345,6.5.5
1,pkg-047346,7.6.6
1,pkg-047347,8.7.7
1,pkg-047348,9.8.8
1,pkg-047349,1.9.9
1,pkg-047350,2.10.0
1,pkg-047351,3.11.1
1,pkg-047352,4.12.2
1,pkg-047353,5.13.3
1,pkg-047354,6.14.4
1,pkg-047355,7.15.5
1,pkg-047356,8.16.6
1,pkg-047357,9.17.7
1,pkg-047358,1.18.8
1,pkg-047359,2.19.9
1,pkg-047360,3.0.0
1,pkg-047361,4.1.1
1,pkg-047362,5.2.2
1,pkg-047363,6.3.3
1,pkg-047364,7.4.4
1,pkg-047365,8.5.5
1,pkg-047366,9.6.6
1,pkg-047367,1.7.7
1,pkg-047368,2.8.8
1,pkg-047369,3.9.9
1,pkg-047370,4.10.0
1,pkg-047371,5.11.1
1,pkg-047372,6.12.2
1,pkg-047373,7.13.3
1,pkg-047374,8.14.4
1,pkg-047375,9.15.5
1,pkg-047376,1.16.6
1,pkg-047377,2.17.7
1,pkg-047378,3.18.8
1,pkg-047379,4.19.9
1,pkg-047380,5.0.0
1,pkg-047381,6.1.1
1,pkg-047382,7.2.2
1,pkg-047383,8.3.3
1,pkg-047384,9.4.4
1,pkg-047385,1.5.5
1,pkg-047386,2.6.6
1,pkg-047387,3.7.7
1,pkg-047388,4.8.8
1,pkg-047389,5.9.9
1,pkg-047390,6.10.0
1,pkg-047391,7.11.1
1,pkg-047392,8.12.2
1,pkg-047393,9.13.3
1,pkg-047394,1.14.4
1,pkg-047395,2.15.5
1,pkg-047396,3.16.6
1,pkg-047397,4.17.7
1,pkg-047398,5.18.8
1,pkg-047399,6.19.9
1,pkg-047400,7.0.0
1,pkg-047401,8.1.1
1,pkg-047402,9.2.2
1,pkg-047403,1.3.3
1,pkg-047404,2.4.4
1,pkg-047405,3.5.5
1,pkg-047406,4.6.6
1,pkg-047407,5.7.7
1,pkg-047408,6.8.8
1,pkg-047409,7.9.9
1,pkg-047410,8.10.0
1,pkg-047411,9.11.1
1,pkg-047412,1.12.2
1,pkg-047413,2.13.3
1,pkg-047414,3.14.4
1,pkg-047415,4.15.5
1,pkg-047416,5.16.6
1,pkg-047417,6.17.7
1,pkg-047418,7.18.8
1,pkg-047419,8.19.9
1,pkg-047420,9.0.0
1,pkg-047421,1.1.1
1,pkg-047422,2.2.2
1,pkg-047423,3.3.3
1,pkg-047424,4.4.4
1,pkg-047425,5.5.5
1,pkg-047426,6.6.6
1,pkg-047427,7.7.7
1,pkg-047428,8.8.8
1,pkg-047429,9.9.9
1,pkg-047430,1.10.0
1,pkg-047431,2.11.1
1,pkg-047432,3.12.2
1,pkg-047433,4.13.3
1,pkg-047434,5.14.4
1,pkg-047435,6.15.5
1,pkg-047436,7.16.6
1,pkg-047437,8.17.7
1,pkg-047438,9.18.8
1,pkg-047439,1.19.9
1,pkg-047440,2.0.0
1,pkg-047441,3.1.1
1,pkg-047442,4.2.2
1,pkg-047443,5.3.3
1,pkg-047444,6.4.4
1,pkg-047445,7.5.5
1,pkg-047446,8.6.6
1,pkg-047447,9.7.7
1,pkg-047448,1.8.8
1,pkg-047449,2.9.9
1,pkg-047450,3.10.0
1,pkg-047451,4.11.1
1,pkg-047452,5.12.2
1,pkg-047453,6.13.3
1,pkg-047454,7.14.4
1,pkg-047455,8.15.5
1,pkg-047456,9.16.6
1,pkg-047457,1.17.7
1,pkg-047458,2.18.8
1,pkg-047459,3.19.9
1,pkg-047460,4.0.0
1,pkg-047461,5.1.1
1,pkg-047462,6.2.2
1,pkg-047463,7.3.3
1,pkg-047464,8.4.4
1,pkg-047465,9.5.5
1,pkg-047466,1.6.6
1,pkg-047467,2.7.7
1,pkg-047468,3.8.8
1,pkg-047469,4.9.9
1,pkg-047470,5.10.0
1,pkg-047471,6.11.1
1,pkg-047472,7.12.2
1,pkg-047473,8.13.3
1,pkg-047474,9.14.4
1,pkg-047475,1.15.5
1,pkg-047476,2.16.6
1,pkg-047477,3.17.7
1,pkg-047478,4.18.8
1,pkg-047479,5.19.9
1,pkg-047480,6.0.0
1,pkg-047481,7.1.1
1,pkg-047482,8.2.2
1,pkg-047483,9.3.3
1,pkg-047484,1.4.4
1,pkg-047485,2.5.5
1,pkg-047486,3.6.6
1,pkg-047487,4.7.7
1,pkg-047488,5.8.8
1,pkg-047489,6.9.9
1,pkg-047490,7.10.0
1,pkg-047491,8.11.1
1,pkg-047492,9.12.2
1,pkg-047493,1.13.3
1,pkg-047494,2.14.4
1,pkg-047495,3.15.5
1,pkg-047496,4.16.6
1,pkg-047497,5.17.7
1,pkg-047498,6.18.8
1,pkg-047499,7.19.9
1,pkg-047500,8.0.0
1,pkg-047501,9.1.1
1,pkg-047502,1.2.2
1,pkg-047503,2.3.3
1,pkg-047504,3.4.4
1,pkg-047505,4.5.5
1,pkg-047506,5.6.6
1,pkg-047507,6.7.7
1,pkg-047508,7.8.8
1,pkg-047509,8.9.9
1,pkg-047510,9.10.0
1,pkg-047511,1.11.1
1,pkg-047512,2.12.2
1,pkg-047513,3.13.3
1,pkg-047514,4.14.4
1,pkg-047515,5.15.5
1,pkg-047516,6.16.6
1,pkg-047517,7.17.7
1,pkg-047518,8.18.8
1,pkg-047519,9.19.9
1,pkg-047520,1.0.0
1,pkg-047521,2.1.1
1,pkg-047522,3.2.2
1,pkg-047523,4.3.3
1,pkg-047524,5.4.4
1,pkg-047525,6.5.5
1,pkg-047526,7.6.6
1,pkg-047527,8.7.7
1,pkg-047528,9.8.8
1,pkg-047529,1.9.9
1,pkg-047530,2.10.0
1,pkg-047531,3.11.1
1,pkg-047532,4.12.2
1,pkg-047533,5.13.3
1,pkg-047534,6.14.4
1,pkg-047535,7.15.5
1,pkg-047536,8.16.6
1,pkg-047537,9.17.7
1,pkg-047538,1.18.8
1,pkg-047539,2.19.9
1,pkg-047540,3.0.0
1,pkg-047541,4.1.1
1,pkg-047542,5.2.2
1,pkg-047543,6.3.3
1,pkg-047544,7.4.4
1,pkg-047545,8.5.5
1,pkg-047546,9.6.6
1,pkg-047547,1.7.7
1,pkg-047548,2.8.8
1,pkg-047549,3.9.9
1,pkg-047550,4.10.0
1,pkg-047551,5.11.1
1,pkg-047552,6.12.2
1,pkg-047553,7.13.3
1,pkg-047554,8.14.4
1,pkg-047555,9.15.5
1,pkg-047556,1.16.6
1,pkg-047557,2.17.7
1,pkg-047558,3.18.8
1,pkg-047559,4.19.9
1,pkg-047560,5.0.0
1,pkg-047561,6.1.1
1,pkg-047562,7.2.2
1,pkg-047563,8.3.3
1,pkg-047564,9.4.4
1,pkg-047565,1.5.5
1,pkg-047566,2.6.6
1,pkg-047567,3.7.7
1,pkg-047568,4.8.8
1,pkg-047569,5.9.9
1,pkg-047570,6.10.0
1,pkg-047571,7.11.1
1,pkg-047572,8.12.2
1,pkg-047573,9.13.3
1,pkg-047574,1.14.4
1,pkg-047575,2.15.5
1,pkg-047576,3.16.6
1,pkg-047577,4.17.7
1,pkg-047578,5.18.8
1,pkg-047579,6.19.9
1,pkg-047580,7.0.0
1,pkg-047581,8.1.1
1,pkg-047582,9.2.2
1,pkg-047583,1.3.3
1,pkg-047584,2.4.4
1,pkg-047585,3.5.5
1,pkg-047586,4.6.6
1,pkg-047587,5.7.7
1,pkg-047588,6.8.8
1,pkg-047589,7.9.9
1,pkg-047590,8.10.0
1,pkg-047591,9.11.1
1,pkg-047592,1.12.2
1,pkg-047593,2.13.3
1,pkg-047594,3.14.4
1,pkg-047595,4.15.5
1,pkg-047596,5.16.6
1,pkg-047597,6.17.7
1,pkg-047598,7.18.8
1,pkg-047599,8.19.9
1,pkg-047600,9.0.0
1,pkg-047601,1.1.1
1,pkg-047602,2.2.2
1,pkg-047603,3.3.3
1,pkg-047604,4.4.4
1,pkg-047605,5.5.5
1,pkg-047606,6.6.6
1,pkg-047607,7.7.7
1,pkg-047608,8.8.8
1,pkg-047609,9.9.9
1,pkg-047610,1.10.0
1,pkg-047611,2.11.1
1,pkg-047612,3.12.2
1,pkg-047613,4.13.3
1,pkg-047614,5.14.4
1,pkg-047615,6.15.5
1,pkg-047616,7.16.6
1,pkg-047617,8.17.7
1,pkg-047618,9.18.8
1,pkg-047619,1.19.9
1,pkg-047620,2.0.0
1,pkg-047621,3.1.1
1,pkg-047622,4.2.2
1,pkg-047623,5.3.3
1,pkg-047624,6.4.4
1,pkg-047625,7.5.5
1,pkg-047626,8.6.6
1,pkg-047627,9.7.7
1,pkg-047628,1.8.8
1,pkg-047629,2.9.9
1,pkg-047630,3.10.0
1,pkg-047631,4.11.1
1,pkg-047632,5.12.2
1,pkg-047633,6.13.3
1,pkg-047634,7.14.4
1,pkg-047635,8.15.5
1,pkg-047636,9.16.6
1,pkg-047637,1.17.7
1,pkg-047638,2.18.8
1,pkg-047639,3.19.9
1,pkg-047640,4.0.0
1,pkg-047641,5.1.1
1,pkg-047642,6.2.2
1,pkg-047643,7.3.3
1,pkg-047644,8.4.4
1,pkg-047645,9.5.5
1,pkg-047646,1.6.6
1,pkg-047647,2.7.7
1,pkg-047648,3.8.8
1,pkg-047649,4.9.9
1,pkg-047650,5.10.0
1,pkg-047651,6.11.1
1,pkg-047652,7.12.2
1,pkg-047653,8.13.3
1,pkg-047654,9.14.4
1,pkg-047655,1.15.5
1,pkg-047656,2.16.6
1,pkg-047657,3.17.7
1,pkg-047658,4.18.8
1,pkg-047659,5.19.9
1,pkg-047660,6.0.0
1,pkg-047661,7.1.1
1,pkg-047662,8.2.2
1,pkg-047663,9.3.3
1,pkg-047664,1.4.4
1,pkg-047665,2.5.5
1,pkg-047666,3.6.6
1,pkg-047667,4.7.7
1,pkg-047668,5.8.8
1,pkg-047669,6.9.9
1,pkg-047670,7.10.0
1,pkg-047671,8.11.1
1,pkg-047672,9.12.2
1,pkg-047673,1.13.3
1,pkg-047674,2.14.4
1,pkg-047675,3.15.5
1,pkg-047676,4.16.6
1,pkg-047677,5.17.7
1,pkg-047678,6.18.8
1,pkg-047679,7.19.9
1,pkg-047680,8.0.0
1,pkg-047681,9.1.1
1,pkg-047682,1.2.2
1,pkg-047683,2.3.3
1,pkg-047684,3.4.4
1,pkg-047685,4.5.5
1,pkg-047686,5.6.6
1,pkg-047687,6.7.7
1,pkg-047688,7.8.8
1,pkg-047689,8.9.9
1,pkg-047690,9.10.0
1,pkg-047691,1.11.1
1,pkg-047692,2.12.2
1,pkg-047693,3.13.3
1,pkg-047694,4.14.4
1,pkg-047695,5.15.5
1,pkg-047696,6.16.6
1,pkg-047697,7.17.7
1,pkg-047698,8.18.8
1,pkg-047699,9.19.9
1,pkg-047700,1.0.0
1,pkg-047701,2.1.1
1,pkg-047702,3.2.2
1,pkg-047703,4.3.3
1,pkg-047704,5.4.4
1,pkg-047705,6.5.5
1,pkg-047706,7.6.6
1,pkg-047707,8.7.7
1,pkg-047708,9.8.8
1,pkg-047709,1.9.9
1,pkg-047710,2.10.0
1,pkg-047711,3.11.1
1,pkg-047712,4.12.2
1,pkg-047713,5.13.3
1,pkg-047714,6.14.4
1,pkg-047715,7.15.5
1,pkg-047716,8.16.6
1,pkg-047717,9.17.7
1,pkg-047718,1.18.8
1,pkg-047719,2.19.9
1,pkg-047720,3.0.0
1,pkg-047721,4.1.1
1,pkg-047722,5.2.2
1,pkg-047723,6.3.3
1,pkg-047724,7.4.4
1,pkg-047725,8.5.5
1,pkg-047726,9.6.6
1,pkg-047727,1.7.7
1,pkg-047728,2.8.8
1,pkg-047729,3.9.9
1,pkg-047730,4.10.0
1,pkg-047731,5.11.1
1,pkg-047732,6.12.2
1,pkg-047733,7.13.3
1,pkg-047734,8.14.4
1,pkg-047735,9.15.5
1,pkg-047736,1.16.6
1,pkg-047737,2.17.7
1,pkg-047738,3.18.8
1,pkg-047739,4.19.9
1,pkg-047740,5.0.0
1,pkg-047741,6.1.1
1,pkg-047742,7.2.2
1,pkg-047743,8.3.3
1,pkg-047744,9.4.4
1,pkg-047745,1.5.5
1,pkg-047746,2.6.6
1,pkg-047747,3.7.7
1,pkg-047748,4.8.8
1,pkg-047749,5.9.9
1,pkg-047750,6.10.0
1,pkg-047751,7.11.1
1,pkg-047752,8.12.2
1,pkg-047753,9.13.3
1,pkg-047754,1.14.4
1,pkg-047755,2.15.5
1,pkg-047756,3.16.6
1,pkg-047757,4.17.7
1,pkg-047758,5.18.8
1,pkg-047759,6.19.9
1,pkg-047760,7.0.0
1,pkg-047761,8.1.1
1,pkg-047762,9.2.2
1,pkg-047763,1.3.3
1,pkg-047764,2.4.4
1,pkg-047765,3.5.5
1,pkg-047766,4.6.6
1,pkg-047767,5.7.7
1,pkg-047768,6.8.8
1,pkg-047769,7.9.9
1,pkg-047770,8.10.0
1,pkg-047771,9.11.1
1,pkg-047772,1.12.2
1,pkg-047773,2.13.3
1,pkg-047774,3.14.4
1,pkg-047775,4.15.5
1,pkg-047776,5.16.6
1,pkg-047777,6.17.7
1,pkg-047778,7.18.8
1,pkg-047779,8.19.9
1,pkg-047780,9.0.0
1,pkg-047781,1.1.1
1,pkg-047782,2.2.2
1,pkg-047783,3.3.3
1,pkg-047784,4.4.4
1,pkg-047785,5.5.5
1,pkg-047786,6.6.6
1,pkg-047787,7.7.7
1,pkg-047788,8.8.8
1,pkg-047789,9.9.9
1,pkg-047790,1.10.0
1,pkg-047791,2.11.1
1,pkg-047792,3.12.2
1,pkg-047793,4.13.3
1,pkg-047794,5.14.4
1,pkg-047795,6.15.5
1,pkg-047796,7.16.6
1,pkg-047797,8.17.7
1,pkg-047798,9.18.8
1,pkg-047799,1.19.9
1,pkg-047800,2.0.0
1,pkg-047801,3.1.1
1,pkg-047802,4.2.2
1,pkg-047803,5.3.3
1,pkg-047804,6.4.4
1,pkg-047805,7.5.5
1,pkg-047806,8.6.6
1,pkg-047807,9.7.7
1,pkg-047808,1.8.8
1,pkg-047809,2.9.9
1,pkg-047810,3.10.0
1,pkg-047811,4.11.1
1,pkg-047812,5.12.2
1,pkg-047813,6.13.3
1,pkg-047814,7.14.4
1,pkg-047815,8.15.5
1,pkg-047816,9.16.6
1,pkg-047817,1.17.7
1,pkg-047818,2.18.8
1,pkg-047819,3.19.9
1,pkg-047820,4.0.0
1,pkg-047821,5.1.1
1,pkg-047822,6.2.2
1,pkg-047823,7.3.3
1,pkg-047824,8.4.4
1,pkg-047825,9.5.5
1,pkg-047826,1.6.6
1,pkg-047827,2.7.7
1,pkg-047828,3.8.8
1,pkg-047829,4.9.9
1,pkg-047830,5.10.0
1,pkg-047831,6.11.1
1,pkg-047832,7.12.2
1,pkg-047833,8.13.3
1,pkg-047834,9.14.4
1,pkg-047835,1.15.5
1,pkg-047836,2.16.6
1,pkg-047837,3.17.7
1,pkg-047838,4.18.8
1,pkg-047839,5.19.9
1,pkg-047840,6.0.0
1,pkg-047841,7.1.1
1,pkg-047842,8.2.2
1,pkg-047843,9.3.3
1,pkg-047844,1.4.4
1,pkg-047845,2.5.5
1,pkg-047846,3.6.6
1,pkg-047847,4.7.7
1,pkg-047848,5.8.8
1,pkg-047849,6.9.9
1,pkg-047850,7.10.0
1,pkg-047851,8.11.1
1,pkg-047852,9.12.2
1,pkg-047853,1.13.3
1,pkg-047854,2.14.4
1,pkg-047855,3.15.5
1,pkg-047856,4.16.6
1,pkg-047857,5.17.7
1,pkg-047858,6.18.8
1,pkg-047859,7.19.9
1,pkg-047860,8.0.0
1,pkg-047861,9.1.1
1,pkg-047862,1.2.2
1,pkg-047863,2.3.3
1,pkg-047864,3.4.4
1,pkg-047865,4.5.5
1,pkg-047866,5.6.6
1,pkg-047867,6.7.7
1,pkg-047868,7.8.8
1,pkg-047869,8.9.9
1,pkg-047870,9.10.0
1,pkg-047871,1.11.1
1,pkg-047872,2.12.2
1,pkg-047873,3.13.3
1,pkg-047874,4.14.4
1,pkg-047875,5.15.5
1,pkg-047876,6.16.6
1,pkg-047877,7.17.7
1,pkg-047878,8.18.8
1,pkg-047879,9.19.9
1,pkg-047880,1.0.0
1,pkg-047881,2.1.1
1,pkg-047882,3.2.2
1,pkg-047883,4.3.3
1,pkg-047884,5.4.4
1,pkg-047885,6.5.5
1,pkg-047886,7.6.6
1,pkg-047887,8.7.7
1,pkg-047888,9.8.8
1,pkg-047889,1.9.9
1,pkg-047890,2.10.0
1,pkg-047891,3.11.1
1,pkg-047892,4.12.2
1,pkg-047893,5.13.3
1,pkg-047894,6.14.4
1,pkg-047895,7.15.5
1,pkg-047896,8.16.6
1,pkg-047897,9.17.7
1,pkg-047898,1.18.8
1,pkg-047899,2.19.9
1,pkg-047900,3.0.0
1,pkg-047901,4.1.1
1,pkg-047902,5.2.2
1,pkg-047903,6.3.3
1,pkg-047904,7.4.4
1,pkg-047905,8.5.5
1,pkg-047906,9.6.6
1,pkg-047907,1.7.7
1,pkg-047908,2.8.8
1,pkg-047909,3.9.9
1,pkg-047910,4.10.0
1,pkg-047911,5.11.1
1,pkg-047912,6.12.2
1,pkg-047913,7.13.3
1,pkg-047914,8.14.4
1,pkg-047915,9.15.5
1,pkg-047916,1.16.6
1,pkg-047917,2.17.7
1,pkg-047918,3.18.8
1,pkg-047919,4.19.9
1,pkg-047920,5.0.0
1,pkg-047921,6.1.1
1,pkg-047922,7.2.2
1,pkg-047923,8.3.3
1,pkg-047924,9.4.4
1,pkg-047925,1.5.5
1,pkg-047926,2.6.6
1,pkg-047927,3.7.7
1,pkg-047928,4.8.8
1,pkg-047929,5.9.9
1,pkg-047930,6.10.0
1,pkg-047931,7.11.1
1,pkg-047932,8.12.2
1,pkg-047933,9.13.3
1,pkg-047934,1.14.4
1,pkg-047935,2.15.5
1,pkg-047936,3.16.6
1,pkg-047937,4.17.7
1,pkg-047938,5.18.8
1,pkg-047939,6.19.9
1,pkg-047940,7.0.0
1,pkg-047941,8.1.1
1,pkg-047942,9.2.2
1,pkg-047943,1.3.3
1,pkg-047944,2.4.4
1,pkg-047945,3.5.5
1,pkg-047946,4.6.6
1,pkg-047947,5.7.7
1,pkg-047948,6.8.8
1,pkg-047949,7.9.9
1,pkg-047950,8.10.0
1,pkg-047951,9.11.1
1,pkg-047952,1.12.2
1,pkg-047953,2.13.3
1,pkg-047954,3.14.4
1,pkg-047955,4.15.5
1,pkg-047956,5.16.6
1,pkg-047957,6.17.7
1,pkg-047958,7.18.8
1,pkg-047959,8.19.9
1,pkg-047960,9.0.0
1,pkg-047961,1.1.1
1,pkg-047962,2.2.2
1,pkg-047963,3.3.3
1,pkg-047964,4.4.4
1,pkg-047965,5.5.5
1,pkg-047966,6.6.6
1,pkg-047967,7.7.7
1,pkg-047968,8.8.8
1,pkg-047969,9.9.9
1,pkg-047970,1.10.0
1,pkg-047971,2.11.1
1,pkg-047972,3.12.2
1,pkg-047973,4.13.3
1,pkg-047974,5.14.4
1,pkg-047975,6.15.5
1,pkg-047976,7.16.6
1,pkg-047977,8.17.7
1,pkg-047978,9.18.8
1,pkg-047979,1.19.9
1,pkg-047980,2.0.0
1,pkg-047981,3.1.1
1,pkg-047982,4.2.2
1,pkg-047983,5.3.3
1,pkg-047984,6.4.4
1,pkg-047985,7.5.5
1,pkg-047986,8.6.6
1,pkg-047987,9.7.7
1,pkg-047988,1.8.8
1,pkg-047989,2.9.9
1,pkg-047990,3.10.0
1,pkg-047991,4.11.1
1,pkg-047992,5.12.2
1,pkg-047993,6.13.3
1,pkg-047994,7.14.4
1,pkg-047995,8.15.5
1,pkg-047996,9.16.6
1,pkg-047997,1.17.7
1,pkg-047998,2.18.8
1,pkg-047999,3.19.9
1,pkg-048000,4.0.0
1,pkg-048001,5.1.1
1,pkg-048002,6.2.2
1,pkg-048003,7.3.3
1,pkg-048004,8.4.4
1,pkg-048005,9.5.5
1,pkg-048006,1.6.6
1,pkg-048007,2.7.7
1,pkg-048008,3.8.8
1,pkg-048009,4.9.9
1,pkg-048010,5.10.0
1,pkg-048011,6.11.1
1,pkg-048012,7.12.2
1,pkg-048013,8.13.3
1,pkg-048014,9.14.4
1,pkg-048015,1.15.5
1,pkg-048016,2.16.6
1,pkg-048017,3.17.7
1,pkg-048018,4.18.8
1,pkg-048019,5.19.9
1,pkg-048020,6.0.0
1,pkg-048021,7.1.1
1,pkg-048022,8.2.2
1,pkg-048023,9.3.3
1,pkg-048024,1.4.4
1,pkg-048025,2.5.5
1,pkg-048026,3.6.6
1,pkg-048027,4.7.7
1,pkg-048028,5.8.8
1,pkg-048029,6.9.9
1,pkg-048030,7.10.0
1,pkg-048031,8.11.1
1,pkg-048032,9.12.2
1,pkg-048033,1.13.3
1,pkg-048034,2.14.4
1,pkg-048035,3.15.5
1,pkg-048036,4.16.6
1,pkg-048037,5.17.7
1,pkg-048038,6.18.8
1,pkg-048039,7.19.9
1,pkg-048040,8.0.0
1,pkg-048041,9.1.1
1,pkg-048042,1.2.2
1,pkg-048043,2.3.3
1,pkg-048044,3.4.4
1,pkg-048045,4.5.5
1,pkg-048046,5.6.6
1,pkg-048047,6.7.7
1,pkg-048048,7.8.8
1,pkg-048049,8.9.9
1,pkg-048050,9.10.0
1,pkg-048051,1.11.1
1,pkg-048052,2.12.2
1,pkg-048053,3.13.3
1,pkg-048054,4.14.4
1,pkg-048055,5.15.5
1,pkg-048056,6.16.6
1,pkg-048057,7.17.7
1,pkg-048058,8.18.8
1,pkg-048059,9.19.9
1,pkg-048060,1.0.0
1,pkg-048061,2.1.1
1,pkg-048062,3.2.2
1,pkg-048063,4.3.3
1,pkg-048064,5.4.4
1,pkg-048065,6.5.5
1,pkg-048066,7.6.6
1,pkg-048067,8.7.7
1,pkg-048068,9.8.8
1,pkg-048069,1.9.9
1,pkg-048070,2.10.0
1,pkg-048071,3.11.1
1,pkg-048072,4.12.2
1,pkg-048073,5.13.3
1,pkg-048074,6.14.4
1,pkg-048075,7.15.5
1,pkg-048076,8.16.6
1,pkg-048077,9.17.7
1,pkg-048078,1.18.8
1,pkg-048079,2.19.9
1,pkg-048080,3.0.0
1,pkg-048081,4.1.1
1,pkg-048082,5.2.2
1,pkg-048083,6.3.3
1,pkg-048084,7.4.4
1,pkg-048085,8.5.5
1,pkg-048086,9.6.6
1,pkg-048087,1.7.7
1,pkg-048088,2.8.8
1,pkg-048089,3.9.9
1,pkg-048090,4.10.0
1,pkg-048091,5.11.1
1,pkg-048092,6.12.2
1,pkg-048093,7.13.3
1,pkg-048094,8.14.4
1,pkg-048095,9.15.5
1,pkg-048096,1.16.6
1,pkg-048097,2.17.7
1,pkg-048098,3.18.8
1,pkg-048099,4.19.9
1,pkg-048100,5.0.0
1,pkg-048101,6.1.1
1,pkg-048102,7.2.2
1,pkg-048103,8.3.3
1,pkg-048104,9.4.4
1,pkg-048105,1.5.5
1,pkg-048106,2.6.6
1,pkg-048107,3.7.7
1,pkg-048108,4.8.8
1,pkg-048109,5.9.9
1,pkg-048110,6.10.0
1,pkg-048111,7.11.1
1,pkg-048112,8.12.2
1,pkg-048113,9.13.3
1,pkg-048114,1.14.4
1,pkg-048115,2.15.5
1,pkg-048116,3.16.6
1,pkg-048117,4.17.7
1,pkg-048118,5.18.8
1,pkg-048119,6.19.9
1,pkg-048120,7.0.0
1,pkg-048121,8.1.1
1,pkg-048122,9.2.2
1,pkg-048123,1.3.3
1,pkg-048124,2.4.4
1,pkg-048125,3.5.5
1,pkg-048126,4.6.6
1,pkg-048127,5.7.7
1,pkg-048128,6.8.8
1,pkg-048129,7.9.9
1,pkg-048130,8.10.0
1,pkg-048131,9.11.1
1,pkg-048132,1.12.2
1,pkg-048133,2.13.3
1,pkg-048134,3.14.4
1,pkg-048135,4.15.5
1,pkg-048136,5.16.6
1,pkg-048137,6.17.7
1,pkg-048138,7.18.8
1,pkg-048139,8.19.9
1,pkg-048140,9.0.0
1,pkg-048141,1.1.1
1,pkg-048142,2.2.2
1,pkg-048143,3.3.3
1,pkg-048144,4.4.4
1,pkg-048145,5.5.5
1,pkg-048146,6.6.6
1,pkg-048147,7.7.7
1,pkg-048148,8.8.8
1,pkg-048149,9.9.9
1,pkg-048150,1.10.0
1,pkg-048151,2.11.1
1,pkg-048152,3.12.2
1,pkg-048153,4.13.3
1,pkg-048154,5.14.4
1,pkg-048155,6.15.5
1,pkg-048156,7.16.6
1,pkg-048157,8.17.7
1,pkg-048158,9.18.8
1,pkg-048159,1.19.9
1,pkg-048160,2.0.0
1,pkg-048161,3.1.1
1,pkg-048162,4.2.2
1,pkg-048163,5.3.3
1,pkg-048164,6.4.4
1,pkg-048165,7.5.5
1,pkg-048166,8.6.6
1,pkg-048167,9.7.7
1,pkg-048168,1.8.8
1,pkg-048169,2.9.9
1,pkg-048170,3.10.0
1,pkg-048171,4.11.1
1,pkg-048172,5.12.2
1,pkg-048173,6.13.3
1,pkg-048174,7.14.4
1,pkg-048175,8.15.5
1,pkg-048176,9.16.6
1,pkg-048177,1.17.7
1,pkg-048178,2.18.8
1,pkg-048179,3.19.9
1,pkg-048180,4.0.0
1,pkg-048181,5.1.1
1,pkg-048182,6.2.2
1,pkg-048183,7.3.3
1,pkg-048184,8.4.4
1,pkg-048185,9.5.5
1,pkg-048186,1.6.6
1,pkg-048187,2.7.7
1,pkg-048188,3.8.8
1,pkg-048189,4.9.9
1,pkg-048190,5.10.0
1,pkg-048191,6.11.1
1,pkg-048192,7.12.2
1,pkg-048193,8.13.3
1,pkg-048194,9.14.4
1,pkg-048195,1.15.5
1,pkg-048196,2.16.6
1,pkg-048197,3.17.7
1,pkg-048198,4.18.8
1,pkg-048199,5.19.9
1,pkg-048200,6.0.0
1,pkg-048201,7.1.1
1,pkg-048202,8.2.2
1,pkg-048203,9.3.3
1,pkg-048204,1.4.4
1,pkg-048205,2.5.5
1,pkg-048206,3.6.6
1,pkg-048207,4.7.7
1,pkg-048208,5.8.8
1,pkg-048209,6.9.9
1,pkg-048210,7.10.0
1,pkg-048211,8.11.1
1,pkg-048212,9.12.2
1,pkg-048213,1.13.3
1,pkg-048214,2.14.4
1,pkg-048215,3.15.5
1,pkg-048216,4.16.6
1,pkg-048217,5.17.7
1,pkg-048218,6.18.8
1,pkg-048219,7.19.9
1,pkg-048220,8.0.0
1,pkg-048221,9.1.1
1,pkg-048222,1.2.2
1,pkg-048223,2.3.3
1,pkg-048224,3.4.4
1,pkg-048225,4.5.5
1,pkg-048226,5.6.6
1,pkg-048227,6.7.7
1,pkg-048228,7.8.8
1,pkg-048229,8.9.9
1,pkg-048230,9.10.0
1,pkg-048231,1.11.1
1,pkg-048232,2.12.2
1,pkg-048233,3.13.3
1,pkg-048234,4.14.4
1,pkg-048235,5.15.5
1,pkg-048236,6.16.6
1,pkg-048237,7.17.7
1,pkg-048238,8.18.8
1,pkg-048239,9.19.9
1,pkg-048240,1.0.0
1,pkg-048241,2.1.1
1,pkg-048242,3.2.2
1,pkg-048243,4.3.3
1,pkg-048244,5.4.4
1,pkg-048245,6.5.5
1,pkg-048246,7.6.6
1,pkg-048247,8.7.7
1,pkg-048248,9.8.8
1,pkg-048249,1.9.9
1,pkg-048250,2.10.0
1,pkg-048251,3.11.1
1,pkg-048252,4.12.2
1,pkg-048253,5.13.3
1,pkg-048254,6.14.4
1,pkg-048255,7.15.5
1,pkg-048256,8.16.6
1,pkg-048257,9.17.7
1,pkg-048258,1.18.8
1,pkg-048259,2.19.9
1,pkg-048260,3.0.0
1,pkg-048261,4.1.1
1,pkg-048262,5.2.2
1,pkg-048263,6.3.3
1,pkg-048264,7.4.4
1,pkg-048265,8.5.5
1,pkg-048266,9.6.6
1,pkg-048267,1.7.7
1,pkg-048268,2.8.8
1,pkg-048269,3.9.9
1,pkg-048270,4.10.0
1,pkg-048271,5.11.1
1,pkg-048272,6.12.2
1,pkg-048273,7.13.3
1,pkg-048274,8.14.4
1,pkg-048275,9.15.5
1,pkg-048276,1.16.6
1,pkg-048277,2.17.7
1,pkg-048278,3.18.8
1,pkg-048279,4.19.9
1,pkg-048280,5.0.0
1,pkg-048281,6.1.1
1,pkg-048282,7.2.2
1,pkg-048283,8.3.3
1,pkg-048284,9.4.4
1,pkg-048285,1.5.5
1,pkg-048286,2.6.6
1,pkg-048287,3.7.7
1,pkg-048288,4.8.8
1,pkg-048289,5.9.9
1,pkg-048290,6.10.0
1,pkg-048291,7.11.1
1,pkg-048292,8.12.2
1,pkg-048293,9.13.3
1,pkg-048294,1.14.4
1,pkg-048295,2.15.5
1,pkg-048296,3.16.6
1,pkg-048297,4.17.7
1,pkg-048298,5.18.8
1,pkg-048299,6.19.9
1,pkg-048300,7.0.0
1,pkg-048301,8.1.1
1,pkg-048302,9.2.2
1,pkg-048303,1.3.3
1,pkg-048304,2.4.4
1,pkg-048305,3.5.5
1,pkg-048306,4.6.6
1,pkg-048307,5.7.7
1,pkg-048308,6.8.8
1,pkg-048309,7.9.9
1,pkg-048310,8.10.0
1,pkg-048311,9.11.1
1,pkg-048312,1.12.2
1,pkg-048313,2.13.3
1,pkg-048314,3.14.4
1,pkg-048315,4.15.5
1,pkg-048316,5.16.6
1,pkg-048317,6.17.7
1,pkg-048318,7.18.8
1,pkg-048319,8.19.9
1,pkg-048320,9.0.0
1,pkg-048321,1.1.1
1,pkg-048322,2.2.2
1,pkg-048323,3.3.3
1,pkg-048324,4.4.4
1,pkg-048325,5.5.5
1,pkg-048326,6.6.6
1,pkg-048327,7.7.7
1,pkg-048328,8.8.8
1,pkg-048329,9.9.9
1,pkg-048330,1.10.0
1,pkg-048331,2.11.1
1,pkg-048332,3.12.2
1,pkg-048333,4.13.3
1,pkg-048334,5.14.4
1,pkg-048335,6.15.5
1,pkg-048336,7.16.6
1,pkg-048337,8.17.7
1,pkg-048338,9.18.8
1,pkg-048339,1.19.9
1,pkg-048340,2.0.0
1,pkg-048341,3.1.1
1,pkg-048342,4.2.2
1,pkg-048343,5.3.3
1,pkg-048344,6.4.4
1,pkg-048345,7.5.5
1,pkg-048346,8.6.6
1,pkg-048347,9.7.7
1,pkg-048348,1.8.8
1,pkg-048349,2.9.9
1,pkg-048350,3.10.0
1,pkg-048351,4.11.1
1,pkg-048352,5.12.2
1,pkg-048353,6.13.3
1,pkg-048354,7.14.4
1,pkg-048355,8.15.5
1,pkg-048356,9.16.6
1,pkg-048357,1.17.7
1,pkg-048358,2.18.8
1,pkg-048359,3.19.9
1,pkg-048360,4.0.0
1,pkg-048361,5.1.1
1,pkg-048362,6.2.2
1,pkg-048363,7.3.3
1,pkg-048364,8.4.4
1,pkg-048365,9.5.5
1,pkg-048366,1.6.6
1,pkg-048367,2.7.7
1,pkg-048368,3.8.8
1,pkg-048369,4.9.9
1,pkg-048370,5.10.0
1,pkg-048371,6.11.1
1,pkg-048372,7.12.2
1,pkg-048373,8.13.3
1,pkg-048374,9.14.4
1,pkg-048375,1.15.5
1,pkg-048376,2.16.6
1,pkg-048377,3.17.7
1,pkg-048378,4.18.8
1,pkg-048379,5.19.9
1,pkg-048380,6.0.0
1,pkg-048381,7.1.1
1,pkg-048382,8.2.2
1,pkg-048383,9.3.3
1,pkg-048384,1.4.4
1,pkg-048385,2.5.5
1,pkg-048386,3.6.6
1,pkg-048387,4.7.7
1,pkg-048388,5.8.8
1,pkg-048389,6.9.9
1,pkg-048390,7.10.0
1,pkg-048391,8.11.1
1,pkg-048392,9.12.2
1,pkg-048393,1.13.3
1,pkg-048394,2.14.4
1,pkg-048395,3.15.5
1,pkg-048396,4.16.6
1,pkg-048397,5.17.7
1,pkg-048398,6.18.8
1,pkg-048399,7.19.9
1,pkg-048400,8.0.0
1,pkg-048401,9.1.1
1,pkg-048402,1.2.2
1,pkg-048403,2.3.3
1,pkg-048404,3.4.4
1,pkg-048405,4.5.5
1,pkg-048406,5.6.6
1,pkg-048407,6.7.7
1,pkg-048408,7.8.8
1,pkg-048409,8.9.9
1,pkg-048410,9.10.0
1,pkg-048411,1.11.1
1,pkg-048412,2.12.2
1,pkg-048413,3.13.3
1,pkg-048414,4.14.4
1,pkg-048415,5.15.5
1,pkg-048416,6.16.6
1,pkg-048417,7.17.7
1,pkg-048418,8.18.8
1,pkg-048419,9.19.9
1,pkg-048420,1.0.0
1,pkg-048421,2.1.1
1,pkg-048422,3.2.2
1,pkg-048423,4.3.3
1,pkg-048424,5.4.4
1,pkg-048425,6.5.5
1,pkg-048426,7.6.6
1,pkg-048427,8.7.7
1,pkg-048428,9.8.8
1,pkg-048429,1.9.9
1,pkg-048430,2.10.0
1,pkg-048431,3.11.1
1,pkg-048432,4.12.2
1,pkg-048433,5.13.3
1,pkg-048434,6.14.4
1,pkg-048435,7.15.5
1,pkg-048436,8.16.6
1,pkg-048437,9.17.7
1,pkg-048438,1.18.8
1,pkg-048439,2.19.9
1,pkg-048440,3.0.0
1,pkg-048441,4.1.1
1,pkg-048442,5.2.2
1,pkg-048443,6.3.3
1,pkg-048444,7.4.4
1,pkg-048445,8.5.5
1,pkg-048446,9.6.6
1,pkg-048447,1.7.7
1,pkg-048448,2.8.8
1,pkg-048449,3.9.9
1,pkg-048450,4.10.0
1,pkg-048451,5.11.1
1,pkg-048452,6.12.2
1,pkg-048453,7.13.3
1,pkg-048454,8.14.4
1,pkg-048455,9.15.5
1,pkg-048456,1.16.6
1,pkg-048457,2.17.7
1,pkg-048458,3.18.8
1,pkg-048459,4.19.9
1,pkg-048460,5.0.0
1,pkg-048461,6.1.1
1,pkg-048462,7.2.2
1,pkg-048463,8.3.3
1,pkg-048464,9.4.4
1,pkg-048465,1.5.5
1,pkg-048466,2.6.6
1,pkg-048467,3.7.7
1,pkg-048468,4.8.8
1,pkg-048469,5.9.9
1,pkg-048470,6.10.0
1,pkg-048471,7.11.1
1,pkg-048472,8.12.2
1,pkg-048473,9.13.3
1,pkg-048474,1.14.4
1,pkg-048475,2.15.5
1,pkg-048476,3.16.6
1,pkg-048477,4.17.7
1,pkg-048478,5.18.8
1,pkg-048479,6.19.9
1,pkg-048480,7.0.0
1,pkg-048481,8.1.1
1,pkg-048482,9.2.2
1,pkg-048483,1.3.3
1,pkg-048484,2.4.4
1,pkg-048485,3.5.5
1,pkg-048486,4.6.6
1,pkg-048487,5.7.7
1,pkg-048488,6.8.8
1,pkg-048489,7.9.9
1,pkg-048490,8.10.0
1,pkg-048491,9.11.1
1,pkg-048492,1.12.2
1,pkg-048493,2.13.3
1,pkg-048494,3.14.4
1,pkg-048495,4.15.5
1,pkg-048496,5.16.6
1,pkg-048497,6.17.7
1,pkg-048498,7.18.8
1,pkg-048499,8.19.9
1,pkg-048500,9.0.0
1,pkg-048501,1.1.1
1,pkg-048502,2.2.2
1,pkg-048503,3.3.3
1,pkg-048504,4.4.4
1,pkg-048505,5.5.5
1,pkg-048506,6.6.6
1,pkg-048507,7.7.7
1,pkg-048508,8.8.8
1,pkg-048509,9.9.9
1,pkg-048510,1.10.0
1,pkg-048511,2.11.1
1,pkg-048512,3.12.2
1,pkg-048513,4.13.3
1,pkg-048514,5.14.4
1,pkg-048515,6.15.5
1,pkg-048516,7.16.6
1,pkg-048517,8.17.7
1,pkg-048518,9.18.8
1,pkg-048519,1.19.9
1,pkg-048520,2.0.0
1,pkg-048521,3.1.1
1,pkg-048522,4.2.2
1,pkg-048523,5.3.3
1,pkg-048524,6.4.4
1,pkg-048525,7.5.5
1,pkg-048526,8.6.6
1,pkg-048527,9.7.7
1,pkg-048528,1.8.8
1,pkg-048529,2.9.9
1,pkg-048530,3.10.0
1,pkg-048531,4.11.1
1,pkg-048532,5.12.2
1,pkg-048533,6.13.3
1,pkg-048534,7.14.4
1,pkg-048535,8.15.5
1,pkg-048536,9.16.6
1,pkg-048537,1.17.7
1,pkg-048538,2.18.8
1,pkg-048539,3.19.9
1,pkg-048540,4.0.0
1,pkg-048541,5.1.1
1,pkg-048542,6.2.2
1,pkg-048543,7.3.3
1,pkg-048544,8.4.4
1,pkg-048545,9.5.5
1,pkg-048546,1.6.6
1,pkg-048547,2.7.7
1,pkg-048548,3.8.8
1,pkg-048549,4.9.9
1,pkg-048550,5.10.0
1,pkg-048551,6.11.1
1,pkg-048552,7.12.2
1,pkg-048553,8.13.3
1,pkg-048554,9.14.4
1,pkg-048555,1.15.5
1,pkg-048556,2.16.6
1,pkg-048557,3.17.7
1,pkg-048558,4.18.8
1,pkg-048559,5.19.9
1,pkg-048560,6.0.0
1,pkg-048561,7.1.1
1,pkg-048562,8.2.2
1,pkg-048563,9.3.3
1,pkg-048564,1.4.4
1,pkg-048565,2.5.5
1,pkg-048566,3.6.6
1,pkg-048567,4.7.7
1,pkg-048568,5.8.8
1,pkg-048569,6.9.9
1,pkg-048570,7.10.0
1,pkg-048571,8.11.1
1,pkg-048572,9.12.2
1,pkg-048573,1.13.3
1,pkg-048574,2.14.4
1,pkg-048575,3.15.5
1,pkg-048576,4.16.6
1,pkg-048577,5.17.7
1,pkg-048578,6.18.8
1,pkg-048579,7.19.9
1,pkg-048580,8.0.0
1,pkg-048581,9.1.1
1,pkg-048582,1.2.2
1,pkg-048583,2.3.3
1,pkg-048584,3.4.4
1,pkg-048585,4.5.5
1,pkg-048586,5.6.6
1,pkg-048587,6.7.7
1,pkg-048588,7.8.8
1,pkg-048589,8.9.9
1,pkg-048590,9.10.0
1,pkg-048591,1.11.1
1,pkg-048592,2.12.2
1,pkg-048593,3.13.3
1,pkg-048594,4.14.4
1,pkg-048595,5.15.5
1,pkg-048596,6.16.6
1,pkg-048597,7.17.7
1,pkg-048598,8.18.8
1,pkg-048599,9.19.9
1,pkg-048600,1.0.0
1,pkg-048601,2.1.1
1,pkg-048602,3.2.2
1,pkg-048603,4.3.3
1,pkg-048604,5.4.4
1,pkg-048605,6.5.5
1,pkg-048606,7.6.6
1,pkg-048607,8.7.7
1,pkg-048608,9.8.8
1,pkg-048609,1.9.9
1,pkg-048610,2.10.0
1,pkg-048611,3.11.1
1,pkg-048612,4.12.2
1,pkg-048613,5.13.3
1,pkg-048614,6.14.4
1,pkg-048615,7.15.5
1,pkg-048616,8.16.6
1,pkg-048617,9.17.7
1,pkg-048618,1.18.8
1,pkg-048619,2.19.9
1,pkg-048620,3.0.0
1,pkg-048621,4.1.1
1,pkg-048622,5.2.2
1,pkg-048623,6.3.3
1,pkg-048624,7.4.4
1,pkg-048625,8.5.5
1,pkg-048626,9.6.6
1,pkg-048627,1.7.7
1,pkg-048628,2.8.8
1,pkg-048629,3.9.9
1,pkg-048630,4.10.0
1,pkg-048631,5.11.1
1,pkg-048632,6.12.2
1,pkg-048633,7.13.3
1,pkg-048634,8.14.4
1,pkg-048635,9.15.5
1,pkg-048636,1.16.6
1,pkg-048637,2.17.7
1,pkg-048638,3.18.8
1,pkg-048639,4.19.9
1,pkg-048640,5.0.0
1,pkg-048641,6.1.1
1,pkg-048642,7.2.2
1,pkg-048643,8.3.3
1,pkg-048644,9.4.4
1,pkg-048645,1.5.5
1,pkg-048646,2.6.6
1,pkg-048647,3.7.7
1,pkg-048648,4.8.8
1,pkg-048649,5.9.9
1,pkg-048650,6.10.0
1,pkg-048651,7.11.1
1,pkg-048652,8.12.2
1,pkg-048653,9.13.3
1,pkg-048654,1.14.4
1,pkg-048655,2.15.5
1,pkg-048656,3.16.6
1,pkg-048657,4.17.7
1,pkg-048658,5.18.8
1,pkg-048659,6.19.9
1,pkg-048660,7.0.0
1,pkg-048661,8.1.1
1,pkg-048662,9.2.2
1,pkg-048663,1.3.3
1,pkg-048664,2.4.4
1,pkg-048665,3.5.5
1,pkg-048666,4.6.6
1,pkg-048667,5.7.7
1,pkg-048668,6.8.8
1,pkg-048669,7.9.9
1,pkg-048670,8.10.0
1,pkg-048671,9.11.1
1,pkg-048672,1.12.2
1,pkg-048673,2.13.3
1,pkg-048674,3.14.4
1,pkg-048675,4.15.5
1,pkg-048676,5.16.6
1,pkg-048677,6.17.7
1,pkg-048678,7.18.8
1,pkg-048679,8.19.9
1,pkg-048680,9.0.0
1,pkg-048681,1.1.1
1,pkg-048682,2.2.2
1,pkg-048683,3.3.3
1,pkg-048684,4.4.4
1,pkg-048685,5.5.5
1,pkg-048686,6.6.6
1,pkg-048687,7.7.7
1,pkg-048688,8.8.8
1,pkg-048689,9.9.9
1,pkg-048690,1.10.0
1,pkg-048691,2.11.1
1,pkg-048692,3.12.2
1,pkg-048693,4.13.3
1,pkg-048694,5.14.4
1,pkg-048695,6.15.5
1,pkg-048696,7.16.6
1,pkg-048697,8.17.7
1,pkg-048698,9.18.8
1,pkg-048699,1.19.9
1,pkg-048700,2.0.0
1,pkg-048701,3.1.1
1,pkg-048702,4.2.2
1,pkg-048703,5.3.3
1,pkg-048704,6.4.4
1,pkg-048705,7.5.5
1,pkg-048706,8.6.6
1,pkg-048707,9.7.7
1,pkg-048708,1.8.8
1,pkg-048709,2.9.9
1,pkg-048710,3.10.0
1,pkg-048711,4.11.1
1,pkg-048712,5.12.2
1,pkg-048713,6.13.3
1,pkg-048714,7.14.4
1,pkg-048715,8.15.5
1,pkg-048716,9.16.6
1,pkg-048717,1.17.7
1,pkg-048718,2.18.8
1,pkg-048719,3.19.9
1,pkg-048720,4.0.0
1,pkg-048721,5.1.1
1,pkg-048722,6.2.2
1,pkg-048723,7.3.3
1,pkg-048724,8.4.4
1,pkg-048725,9.5.5
1,pkg-048726,1.6.6
1,pkg-048727,2.7.7
1,pkg-048728,3.8.8
1,pkg-048729,4.9.9
1,pkg-048730,5.10.0
1,pkg-048731,6.11.1
1,pkg-048732,7.12.2
1,pkg-048733,8.13.3
1,pkg-048734,9.14.4
1,pkg-048735,1.15.5
1,pkg-048736,2.16.6
1,pkg-048737,3.17.7
1,pkg-048738,4.18.8
1,pkg-048739,5.19.9
1,pkg-048740,6.0.0
1,pkg-048741,7.1.1
1,pkg-048742,8.2.2
1,pkg-048743,9.3.3
1,pkg-048744,1.4.4
1,pkg-048745,2.5.5
1,pkg-048746,3.6.6
1,pkg-048747,4.7.7
1,pkg-048748,5.8.8
1,pkg-048749,6.9.9
1,pkg-048750,7.10.0
1,pkg-048751,8.11.1
1,pkg-048752,9.12.2
1,pkg-048753,1.13.3
1,pkg-048754,2.14.4
1,pkg-048755,3.15.5
1,pkg-048756,4.16.6
1,pkg-048757,5.17.7
1,pkg-048758,6.18.8
1,pkg-048759,7.19.9
1,pkg-048760,8.0.0
1,pkg-048761,9.1.1
1,pkg-048762,1.2.2
1,pkg-048763,2.3.3
1,pkg-048764,3.4.4
1,pkg-048765,4.5.5
1,pkg-048766,5.6.6
1,pkg-048767,6.7.7
1,pkg-048768,7.8.8
1,pkg-048769,8.9.9
1,pkg-048770,9.10.0
1,pkg-048771,1.11.1
1,pkg-048772,2.12.2
1,pkg-048773,3.13.3
1,pkg-048774,4.14.4
1,pkg-048775,5.15.5
1,pkg-048776,6.16.6
1,pkg-048777,7.17.7
1,pkg-048778,8.18.8
1,pkg-048779,9.19.9
1,pkg-048780,1.0.0
1,pkg-048781,2.1.1
1,pkg-048782,3.2.2
1,pkg-048783,4.3.3
1,pkg-048784,5.4.4
1,pkg-048785,6.5.5
1,pkg-048786,7.6.6
1,pkg-048787,8.7.7
1,pkg-048788,9.8.8
1,pkg-048789,1.9.9
1,pkg-048790,2.10.0
1,pkg-048791,3.11.1
1,pkg-048792,4.12.2
1,pkg-048793,5.13.3
1,pkg-048794,6.14.4
1,pkg-048795,7.15.5
1,pkg-048796,8.16.6
1,pkg-048797,9.17.7
1,pkg-048798,1.18.8
1,pkg-048799,2.19.9
1,pkg-048800,3.0.0
1,pkg-048801,4.1.1
1,pkg-048802,5.2.2
1,pkg-048803,6.3.3
1,pkg-048804,7.4.4
1,pkg-048805,8.5.5
1,pkg-048806,9.6.6
1,pkg-048807,1.7.7
1,pkg-048808,2.8.8
1,pkg-048809,3.9.9
1,pkg-048810,4.10.0
1,pkg-048811,5.11.1
1,pkg-048812,6.12.2
1,pkg-048813,7.13.3
1,pkg-048814,8.14.4
1,pkg-048815,9.15.5
1,pkg-048816,1.16.6
1,pkg-048817,2.17.7
1,pkg-048818,3.18.8
1,pkg-048819,4.19.9
1,pkg-048820,5.0.0
1,pkg-048821,6.1.1
1,pkg-048822,7.2.2
1,pkg-048823,8.3.3
1,pkg-048824,9.4.4
1,pkg-048825,1.5.5
1,pkg-048826,2.6.6
1,pkg-048827,3.7.7
1,pkg-048828,4.8.8
1,pkg-048829,5.9.9
1,pkg-048830,6.10.0
1,pkg-048831,7.11.1
1,pkg-048832,8.12.2
1,pkg-048833,9.13.3
1,pkg-048834,1.14.4
1,pkg-048835,2.15.5
1,pkg-048836,3.16.6
1,pkg-048837,4.17.7
1,pkg-048838,5.18.8
1,pkg-048839,6.19.9
1,pkg-048840,7.0.0
1,pkg-048841,8.1.1
1,pkg-048842,9.2.2
1,pkg-048843,1.3.3
1,pkg-048844,2.4.4
1,pkg-048845,3.5.5
1,pkg-048846,4.6.6
1,pkg-048847,5.7.7
1,pkg-048848,6.8.8
1,pkg-048849,7.9.9
1,pkg-048850,8.10.0
1,pkg-048851,9.11.1
1,pkg-048852,1.12.2
1,pkg-048853,2.13.3
1,pkg-048854,3.14.4
1,pkg-048855,4.15.5
1,pkg-048856,5.16.6
1,pkg-048857,6.17.7
1,pkg-048858,7.18.8
1,pkg-048859,8.19.9
1,pkg-048860,9.0.0
1,pkg-048861,1.1.1
1,pkg-048862,2.2.2
1,pkg-048863,3.3.3
1,pkg-048864,4.4.4
1,pkg-048865,5.5.5
1,pkg-048866,6.6.6
1,pkg-048867,7.7.7
1,pkg-048868,8.8.8
1,pkg-048869,9.9.9
1,pkg-048870,1.10.0
1,pkg-048871,2.11.1
1,pkg-048872,3.12.2
1,pkg-048873,4.13.3
1,pkg-048874,5.14.4
1,pkg-048875,6.15.5
1,pkg-048876,7.16.6
1,pkg-048877,8.17.7
1,pkg-048878,9.18.8
1,pkg-048879,1.19.9
1,pkg-048880,2.0.0
1,pkg-048881,3.1.1
1,pkg-048882,4.2.2
1,pkg-048883,5.3.3
1,pkg-048884,6.4.4
1,pkg-048885,7.5.5
1,pkg-048886,8.6.6
1,pkg-048887,9.7.7
1,pkg-048888,1.8.8
1,pkg-048889,2.9.9
1,pkg-048890,3.10.0
1,pkg-048891,4.11.1
1,pkg-048892,5.12.2
1,pkg-048893,6.13.3
1,pkg-048894,7.14.4
1,pkg-048895,8.15.5
1,pkg-048896,9.16.6
1,pkg-048897,1.17.7
1,pkg-048898,2.18.8
1,pkg-048899,3.19.9
1,pkg-048900,4.0.0
1,pkg-048901,5.1.1
1,pkg-048902,6.2.2
1,pkg-048903,7.3.3
1,pkg-048904,8.4.4
1,pkg-048905,9.5.5
1,pkg-048906,1.6.6
1,pkg-048907,2.7.7
1,pkg-048908,3.8.8
1,pkg-048909,4.9.9
1,pkg-048910,5.10.0
1,pkg-048911,6.11.1
1,pkg-048912,7.12.2
1,pkg-048913,8.13.3
1,pkg-048914,9.14.4
1,pkg-048915,1.15.5
1,pkg-048916,2.16.6
1,pkg-048917,3.17.7
1,pkg-048918,4.18.8
1,pkg-048919,5.19.9
1,pkg-048920,6.0.0
1,pkg-048921,7.1.1
1,pkg-048922,8.2.2
1,pkg-048923,9.3.3
1,pkg-048924,1.4.4
1,pkg-048925,2.5.5
1,pkg-048926,3.6.6
1,pkg-048927,4.7.7
1,pkg-048928,5.8.8
1,pkg-048929,6.9.9
1,pkg-048930,7.10.0
1,pkg-048931,8.11.1
1,pkg-048932,9.12.2
1,pkg-048933,1.13.3
1,pkg-048934,2.14.4
1,pkg-048935,3.15.5
1,pkg-048936,4.16.6
1,pkg-048937,5.17.7
1,pkg-048938,6.18.8
1,pkg-048939,7.19.9
1,pkg-048940,8.0.0
1,pkg-048941,9.1.1
1,pkg-048942,1.2.2
1,pkg-048943,2.3.3
1,pkg-048944,3.4.4
1,pkg-048945,4.5.5
1,pkg-048946,5.6.6
1,pkg-048947,6.7.7
1,pkg-048948,7.8.8
1,pkg-048949,8.9.9
1,pkg-048950,9.10.0
1,pkg-048951,1.11.1
1,pkg-048952,2.12.2
1,pkg-048953,3.13.3
1,pkg-048954,4.14.4
1,pkg-048955,5.15.5
1,pkg-048956,6.16.6
1,pkg-048957,7.17.7
1,pkg-048958,8.18.8
1,pkg-048959,9.19.9
1,pkg-048960,1.0.0
1,pkg-048961,2.1.1
1,pkg-048962,3.2.2
1,pkg-048963,4.3.3
1,pkg-048964,5.4.4
1,pkg-048965,6.5.5
1,pkg-048966,7.6.6
1,pkg-048967,8.7.7
1,pkg-048968,9.8.8
1,pkg-048969,1.9.9
1,pkg-048970,2.10.0
1,pkg-048971,3.11.1
1,pkg-048972,4.12.2
1,pkg-048973,5.13.3
1,pkg-048974,6.14.4
1,pkg-048975,7.15.5
1,pkg-048976,8.16.6
1,pkg-048977,9.17.7
1,pkg-048978,1.18.8
1,pkg-048979,2.19.9
1,pkg-048980,3.0.0
1,pkg-048981,4.1.1
1,pkg-048982,5.2.2
1,pkg-048983,6.3.3
1,pkg-048984,7.4.4
1,pkg-048985,8.5.5
1,pkg-048986,9.6.6
1,pkg-048987,1.7.7
1,pkg-048988,2.8.8
1,pkg-048989,3.9.9
1,pkg-048990,4.10.0
1,pkg-048991,5.11.1
1,pkg-048992,6.12.2
1,pkg-048993,7.13.3
1,pkg-048994,8.14.4
1,pkg-048995,9.15.5
1,pkg-048996,1.16.6
1,pkg-048997,2.17.7
1,pkg-048998,3.18.8
1,pkg-048999,4.19.9
1,pkg-049000,5.0.0
1,pkg-049001,6.1.1
1,pkg-049002,7.2.2
1,pkg-049003,8.3.3
1,pkg-049004,9.4.4
1,pkg-049005,1.5.5
1,pkg-049006,2.6.6
1,pkg-049007,3.7.7
1,pkg-049008,4.8.8
1,pkg-049009,5.9.9
1,pkg-049010,6.10.0
1,pkg-049011,7.11.1
1,pkg-049012,8.12.2
1,pkg-049013,9.13.3
1,pkg-049014,1.14.4
1,pkg-049015,2.15.5
1,pkg-049016,3.16.6
1,pkg-049017,4.17.7
1,pkg-049018,5.18.8
1,pkg-049019,6.19.9
1,pkg-049020,7.0.0
1,pkg-049021,8.1.1
1,pkg-049022,9.2.2
1,pkg-049023,1.3.3
1,pkg-049024,2.4.4
1,pkg-049025,3.5.5
1,pkg-049026,4.6.6
1,pkg-049027,5.7.7
1,pkg-049028,6.8.8
1,pkg-049029,7.9.9
1,pkg-049030,8.10.0
1,pkg-049031,9.11.1
1,pkg-049032,1.12.2
1,pkg-049033,2.13.3
1,pkg-049034,3.14.4
1,pkg-049035,4.15.5
1,pkg-049036,5.16.6
1,pkg-049037,6.17.7
1,pkg-049038,7.18.8
1,pkg-049039,8.19.9
1,pkg-049040,9.0.0
1,pkg-049041,1.1.1
1,pkg-049042,2.2.2
1,pkg-049043,3.3.3
1,pkg-049044,4.4.4
1,pkg-049045,5.5.5
1,pkg-049046,6.6.6
1,pkg-049047,7.7.7
1,pkg-049048,8.8.8
1,pkg-049049,9.9.9
1,pkg-049050,1.10.0
1,pkg-049051,2.11.1
1,pkg-049052,3.12.2
1,pkg-049053,4.13.3
1,pkg-049054,5.14.4
1,pkg-049055,6.15.5
1,pkg-049056,7.16.6
1,pkg-049057,8.17.7
1,pkg-049058,9.18.8
1,pkg-049059,1.19.9
1,pkg-049060,2.0.0
1,pkg-049061,3.1.1
1,pkg-049062,4.2.2
1,pkg-049063,5.3.3
1,pkg-049064,6.4.4
1,pkg-049065,7.5.5
1,pkg-049066,8.6.6
1,pkg-049067,9.7.7
1,pkg-049068,1.8.8
1,pkg-049069,2.9.9
1,pkg-049070,3.10.0
1,pkg-049071,4.11.1
1,pkg-049072,5.12.2
1,pkg-049073,6.13.3
1,pkg-049074,7.14.4
1,pkg-049075,8.15.5
1,pkg-049076,9.16.6
1,pkg-049077,1.17.7
1,pkg-049078,2.18.8
1,pkg-049079,3.19.9
1,pkg-049080,4.0.0
1,pkg-049081,5.1.1
1,pkg-049082,6.2.2
1,pkg-049083,7.3.3
1,pkg-049084,8.4.4
1,pkg-049085,9.5.5
1,pkg-049086,1.6.6
1,pkg-049087,2.7.7
1,pkg-049088,3.8.8
1,pkg-049089,4.9.9
1,pkg-049090,5.10.0
1,pkg-049091,6.11.1
1,pkg-049092,7.12.2
1,pkg-049093,8.13.3
1,pkg-049094,9.14.4
1,pkg-049095,1.15.5
1,pkg-049096,2.16.6
1,pkg-049097,3.17.7
1,pkg-049098,4.18.8
1,pkg-049099,5.19.9
1,pkg-049100,6.0.0
1,pkg-049101,7.1.1
1,pkg-049102,8.2.2
1,pkg-049103,9.3.3
1,pkg-049104,1.4.4
1,pkg-049105,2.5.5
1,pkg-049106,3.6.6
1,pkg-049107,4.7.7
1,pkg-049108,5.8.8
1,pkg-049109,6.9.9
1,pkg-049110,7.10.0
1,pkg-049111,8.11.1
1,pkg-049112,9.12.2
1,pkg-049113,1.13.3
1,pkg-049114,2.14.4
1,pkg-049115,3.15.5
1,pkg-049116,4.16.6
1,pkg-049117,5.17.7
1,pkg-049118,6.18.8
1,pkg-049119,7.19.9
1,pkg-049120,8.0.0
1,pkg-049121,9.1.1
1,pkg-049122,1.2.2
1,pkg-049123,2.3.3
1,pkg-049124,3.4.4
1,pkg-049125,4.5.5
1,pkg-049126,5.6.6
1,pkg-049127,6.7.7
1,pkg-049128,7.8.8
1,pkg-049129,8.9.9
1,pkg-049130,9.10.0
1,pkg-049131,1.11.1
1,pkg-049132,2.12.2
1,pkg-049133,3.13.3
1,pkg-049134,4.14.4
1,pkg-049135,5.15.5
1,pkg-049136,6.16.6
1,pkg-049137,7.17.7
1,pkg-049138,8.18.8
1,pkg-049139,9.19.9
1,pkg-049140,1.0.0
1,pkg-049141,2.1.1
1,pkg-049142,3.2.2
1,pkg-049143,4.3.3
1,pkg-049144,5.4.4
1,pkg-049145,6.5.5
1,pkg-049146,7.6.6
1,pkg-049147,8.7.7
1,pkg-049148,9.8.8
1,pkg-049149,1.9.9
1,pkg-049150,2.10.0
1,pkg-049151,3.11.1
1,pkg-049152,4.12.2
1,pkg-049153,5.13.3
1,pkg-049154,6.14.4
1,pkg-049155,7.15.5
1,pkg-049156,8.16.6
1,pkg-049157,9.17.7
1,pkg-049158,1.18.8
1,pkg-049159,2.19.9
1,pkg-049160,3.0.0
1,pkg-049161,4.1.1
1,pkg-049162,5.2.2
1,pkg-049163,6.3.3
1,pkg-049164,7.4.4
1,pkg-049165,8.5.5
1,pkg-049166,9.6.6
1,pkg-049167,1.7.7
1,pkg-049168,2.8.8
1,pkg-049169,3.9.9
1,pkg-049170,4.10.0
1,pkg-049171,5.11.1
1,pkg-049172,6.12.2
1,pkg-049173,7.13.3
1,pkg-049174,8.14.4
1,pkg-049175,9.15.5
1,pkg-049176,1.16.6
1,pkg-049177,2.17.7
1,pkg-049178,3.18.8
1,pkg-049179,4.19.9
1,pkg-049180,5.0.0
1,pkg-049181,6.1.1
1,pkg-049182,7.2.2
1,pkg-049183,8.3.3
1,pkg-049184,9.4.4
1,pkg-049185,1.5.5
1,pkg-049186,2.6.6
1,pkg-049187,3.7.7
1,pkg-049188,4.8.8
1,pkg-049189,5.9.9
1,pkg-049190,6.10.0
1,pkg-049191,7.11.1
1,pkg-049192,8.12.2
1,pkg-049193,9.13.3
1,pkg-049194,1.14.4
1,pkg-049195,2.15.5
1,pkg-049196,3.16.6
1,pkg-049197,4.17.7
1,pkg-049198,5.18.8
1,pkg-049199,6.19.9
1,pkg-049200,7.0.0
1,pkg-049201,8.1.1
1,pkg-049202,9.2.2
1,pkg-049203,1.3.3
1,pkg-049204,2.4.4
1,pkg-049205,3.5.5
1,pkg-049206,4.6.6
1,pkg-049207,5.7.7
1,pkg-049208,6.8.8
1,pkg-049209,7.9.9
1,pkg-049210,8.10.0
1,pkg-049211,9.11.1
1,pkg-049212,1.12.2
1,pkg-049213,2.13.3
1,pkg-049214,3.14.4
1,pkg-049215,4.15.5
1,pkg-049216,5.16.6
1,pkg-049217,6.17.7
1,pkg-049218,7.18.8
1,pkg-049219,8.19.9
1,pkg-049220,9.0.0
1,pkg-049221,1.1.1
1,pkg-049222,2.2.2
1,pkg-049223,3.3.3
1,pkg-049224,4.4.4
1,pkg-049225,5.5.5
1,pkg-049226,6.6.6
1,pkg-049227,7.7.7
1,pkg-049228,8.8.8
1,pkg-049229,9.9.9
1,pkg-049230,1.10.0
1,pkg-049231,2.11.1
1,pkg-049232,3.12.2
1,pkg-049233,4.13.3
1,pkg-049234,5.14.4
1,pkg-049235,6.15.5
1,pkg-049236,7.16.6
1,pkg-049237,8.17.7
1,pkg-049238,9.18.8
1,pkg-049239,1.19.9
1,pkg-049240,2.0.0
1,pkg-049241,3.1.1
1,pkg-049242,4.2.2
1,pkg-049243,5.3.3
1,pkg-049244,6.4.4
1,pkg-049245,7.5.5
1,pkg-049246,8.6.6
1,pkg-049247,9.7.7
1,pkg-049248,1.8.8
1,pkg-049249,2.9.9
1,pkg-049250,3.10.0
1,pkg-049251,4.11.1
1,pkg-049252,5.12.2
1,pkg-049253,6.13.3
1,pkg-049254,7.14.4
1,pkg-049255,8.15.5
1,pkg-049256,9.16.6
1,pkg-049257,1.17.7
1,pkg-049258,2.18.8
1,pkg-049259,3.19.9
1,pkg-049260,4.0.0
1,pkg-049261,5.1.1
1,pkg-049262,6.2.2
1,pkg-049263,7.3.3
1,pkg-049264,8.4.4
1,pkg-049265,9.5.5
1,pkg-049266,1.6.6
1,pkg-049267,2.7.7
1,pkg-049268,3.8.8
1,pkg-049269,4.9.9
1,pkg-049270,5.10.0
1,pkg-049271,6.11.1
1,pkg-049272,7.12.2
1,pkg-049273,8.13.3
1,pkg-049274,9.14.4
1,pkg-049275,1.15.5
1,pkg-049276,2.16.6
1,pkg-049277,3.17.7
1,pkg-049278,4.18.8
1,pkg-049279,5.19.9
1,pkg-049280,6.0.0
1,pkg-049281,7.1.1
1,pkg-049282,8.2.2
1,pkg-049283,9.3.3
1,pkg-049284,1.4.4
1,pkg-049285,2.5.5
1,pkg-049286,3.6.6
1,pkg-049287,4.7.7
1,pkg-049288,5.8.8
1,pkg-049289,6.9.9
1,pkg-049290,7.10.0
1,pkg-049291,8.11.1
1,pkg-049292,9.12.2
1,pkg-049293,1.13.3
1,pkg-049294,2.14.4
1,pkg-049295,3.15.5
1,pkg-049296,4.16.6
1,pkg-049297,5.17.7
1,pkg-049298,6.18.8
1,pkg-049299,7.19.9
1,pkg-049300,8.0.0
1,pkg-049301,9.1.1
1,pkg-049302,1.2.2
1,pkg-049303,2.3.3
1,pkg-049304,3.4.4
1,pkg-049305,4.5.5
1,pkg-049306,5.6.6
1,pkg-049307,6.7.7
1,pkg-049308,7.8.8
1,pkg-049309,8.9.9
1,pkg-049310,9.10.0
1,pkg-049311,1.11.1
1,pkg-049312,2.12.2
1,pkg-049313,3.13.3
1,pkg-049314,4.14.4
1,pkg-049315,5.15.5
1,pkg-049316,6.16.6
1,pkg-049317,7.17.7
1,pkg-049318,8.18.8
1,pkg-049319,9.19.9
1,pkg-049320,1.0.0
1,pkg-049321,2.1.1
1,pkg-049322,3.2.2
1,pkg-049323,4.3.3
1,pkg-049324,5.4.4
1,pkg-049325,6.5.5
1,pkg-049326,7.6.6
1,pkg-049327,8.7.7
1,pkg-049328,9.8.8
1,pkg-049329,1.9.9
1,pkg-049330,2.10.0
1,pkg-049331,3.11.1
1,pkg-049332,4.12.2
1,pkg-049333,5.13.3
1,pkg-049334,6.14.4
1,pkg-049335,7.15.5
1,pkg-049336,8.16.6
1,pkg-049337,9.17.7
1,pkg-049338,1.18.8
1,pkg-049339,2.19.9
1,pkg-049340,3.0.0
1,pkg-049341,4.1.1
1,pkg-049342,5.2.2
1,pkg-049343,6.3.3
1,pkg-049344,7.4.4
1,pkg-049345,8.5.5
1,pkg-049346,9.6.6
1,pkg-049347,1.7.7
1,pkg-049348,2.8.8
1,pkg-049349,3.9.9
1,pkg-049350,4.10.0
1,pkg-049351,5.11.1
1,pkg-049352,6.12.2
1,pkg-049353,7.13.3
1,pkg-049354,8.14.4
1,pkg-049355,9.15.5
1,pkg-049356,1.16.6
1,pkg-049357,2.17.7
1,pkg-049358,3.18.8
1,pkg-049359,4.19.9
1,pkg-049360,5.0.0
1,pkg-049361,6.1.1
1,pkg-049362,7.2.2
1,pkg-049363,8.3.3
1,pkg-049364,9.4.4
1,pkg-049365,1.5.5
1,pkg-049366,2.6.6
1,pkg-049367,3.7.7
1,pkg-049368,4.8.8
1,pkg-049369,5.9.9
1,pkg-049370,6.10.0
1,pkg-049371,7.11.1
1,pkg-049372,8.12.2
1,pkg-049373,9.13.3
1,pkg-049374,1.14.4
1,pkg-049375,2.15.5
1,pkg-049376,3.16.6
1,pkg-049377,4.17.7
1,pkg-049378,5.18.8
1,pkg-049379,6.19.9
1,pkg-049380,7.0.0
1,pkg-049381,8.1.1
1,pkg-049382,9.2.2
1,pkg-049383,1.3.3
1,pkg-049384,2.4.4
1,pkg-049385,3.5.5
1,pkg-049386,4.6.6
1,pkg-049387,5.7.7
1,pkg-049388,6.8.8
1,pkg-049389,7.9.9
1,pkg-049390,8.10.0
1,pkg-049391,9.11.1
1,pkg-049392,1.12.2
1,pkg-049393,2.13.3
1,pkg-049394,3.14.4
1,pkg-049395,4.15.5
1,pkg-049396,5.16.6
1,pkg-049397,6.17.7
1,pkg-049398,7.18.8
1,pkg-049399,8.19.9
1,pkg-049400,9.0.0
1,pkg-049401,1.1.1
1,pkg-049402,2.2.2
1,pkg-049403,3.3.3
1,pkg-049404,4.4.4
1,pkg-049405,5.5.5
1,pkg-049406,6.6.6
1,pkg-049407,7.7.7
1,pkg-049408,8.8.8
1,pkg-049409,9.9.9
1,pkg-049410,1.10.0
1,pkg-049411,2.11.1
1,pkg-049412,3.12.2
1,pkg-049413,4.13.3
1,pkg-049414,5.14.4
1,pkg-049415,6.15.5
1,pkg-049416,7.16.6
1,pkg-049417,8.17.7
1,pkg-049418,9.18.8
1,pkg-049419,1.19.9
1,pkg-049420,2.0.0
1,pkg-049421,3.1.1
1,pkg-049422,4.2.2
1,pkg-049423,5.3.3
1,pkg-049424,6.4.4
1,pkg-049425,7.5.5
1,pkg-049426,8.6.6
1,pkg-049427,9.7.7
1,pkg-049428,1.8.8
1,pkg-049429,2.9.9
1,pkg-049430,3.10.0
1,pkg-049431,4.11.1
1,pkg-049432,5.12.2
1,pkg-049433,6.13.3
1,pkg-049434,7.14.4
1,pkg-049435,8.15.5
1,pkg-049436,9.16.6
1,pkg-049437,1.17.7
1,pkg-049438,2.18.8
1,pkg-049439,3.19.9
1,pkg-049440,4.0.0
1,pkg-049441,5.1.1
1,pkg-049442,6.2.2
1,pkg-049443,7.3.3
1,pkg-049444,8.4.4
1,pkg-049445,9.5.5
1,pkg-049446,1.6.6
1,pkg-049447,2.7.7
1,pkg-049448,3.8.8
1,pkg-049449,4.9.9
1,pkg-049450,5.10.0
1,pkg-049451,6.11.1
1,pkg-049452,7.12.2
1,pkg-049453,8.13.3
1,pkg-049454,9.14.4
1,pkg-049455,1.15.5
1,pkg-049456,2.16.6
1,pkg-049457,3.17.7
1,pkg-049458,4.18.8
1,pkg-049459,5.19.9
1,pkg-049460,6.0.0
1,pkg-049461,7.1.1
1,pkg-049462,8.2.2
1,pkg-049463,9.3.3
1,pkg-049464,1.4.4
1,pkg-049465,2.5.5
1,pkg-049466,3.6.6
1,pkg-049467,4.7.7
1,pkg-049468,5.8.8
1,pkg-049469,6.9.9
1,pkg-049470,7.10.0
1,pkg-049471,8.11.1
1,pkg-049472,9.12.2
1,pkg-049473,1.13.3
1,pkg-049474,2.14.4
1,pkg-049475,3.15.5
1,pkg-049476,4.16.6
1,pkg-049477,5.17.7
1,pkg-049478,6.18.8
1,pkg-049479,7.19.9
1,pkg-049480,8.0.0
1,pkg-049481,9.1.1
1,pkg-049482,1.2.2
1,pkg-049483,2.3.3
1,pkg-049484,3.4.4
1,pkg-049485,4.5.5
1,pkg-049486,5.6.6
1,pkg-049487,6.7.7
1,pkg-049488,7.8.8
1,pkg-049489,8.9.9
1,pkg-049490,9.10.0
1,pkg-049491,1.11.1
1,pkg-049492,2.12.2
1,pkg-049493,3.13.3
1,pkg-049494,4.14.4
1,pkg-049495,5.15.5
1,pkg-049496,6.16.6
1,pkg-049497,7.17.7
1,pkg-049498,8.18.8
1,pkg-049499,9.19.9
1,pkg-049500,1.0.0
1,pkg-049501,2.1.1
1,pkg-049502,3.2.2
1,pkg-049503,4.3.3
1,pkg-049504,5.4.4
1,pkg-049505,6.5.5
1,pkg-049506,7.6.6
1,pkg-049507,8.7.7
1,pkg-049508,9.8.8
1,pkg-049509,1.9.9
1,pkg-049510,2.10.0
1,pkg-049511,3.11.1
1,pkg-049512,4.12.2
1,pkg-049513,5.13.3
1,pkg-049514,6.14.4
1,pkg-049515,7.15.5
1,pkg-049516,8.16.6
1,pkg-049517,9.17.7
1,pkg-049518,1.18.8
1,pkg-049519,2.19.9
1,pkg-049520,3.0.0
1,pkg-049521,4.1.1
1,pkg-049522,5.2.2
1,pkg-049523,6.3.3
1,pkg-049524,7.4.4
1,pkg-049525,8.5.5
1,pkg-049526,9.6.6
1,pkg-049527,1.7.7
1,pkg-049528,2.8.8
1,pkg-049529,3.9.9
1,pkg-049530,4.10.0
1,pkg-049531,5.11.1
1,pkg-049532,6.12.2
1,pkg-049533,7.13.3
1,pkg-049534,8.14.4
1,pkg-049535,9.15.5
1,pkg-049536,1.16.6
1,pkg-049537,2.17.7
1,pkg-049538,3.18.8
1,pkg-049539,4.19.9
1,pkg-049540,5.0.0
1,pkg-049541,6.1.1
1,pkg-049542,7.2.2
1,pkg-049543,8.3.3
1,pkg-049544,9.4.4
1,pkg-049545,1.5.5
1,pkg-049546,2.6.6
1,pkg-049547,3.7.7
1,pkg-049548,4.8.8
1,pkg-049549,5.9.9
1,pkg-049550,6.10.0
1,pkg-049551,7.11.1
1,pkg-049552,8.12.2
1,pkg-049553,9.13.3
1,pkg-049554,1.14.4
1,pkg-049555,2.15.5
1,pkg-049556,3.16.6
1,pkg-049557,4.17.7
1,pkg-049558,5.18.8
1,pkg-049559,6.19.9
1,pkg-049560,7.0.0
1,pkg-049561,8.1.1
1,pkg-049562,9.2.2
1,pkg-049563,1.3.3
1,pkg-049564,2.4.4
1,pkg-049565,3.5.5
1,pkg-049566,4.6.6
1,pkg-049567,5.7.7
1,pkg-049568,6.8.8
1,pkg-049569,7.9.9
1,pkg-049570,8.10.0
1,pkg-049571,9.11.1
1,pkg-049572,1.12.2
1,pkg-049573,2.13.3
1,pkg-049574,3.14.4
1,pkg-049575,4.15.5
1,pkg-049576,5.16.6
1,pkg-049577,6.17.7
1,pkg-049578,7.18.8
1,pkg-049579,8.19.9
1,pkg-049580,9.0.0
1,pkg-049581,1.1.1
1,pkg-049582,2.2.2
1,pkg-049583,3.3.3
1,pkg-049584,4.4.4
1,pkg-049585,5.5.5
1,pkg-049586,6.6.6
1,pkg-049587,7.7.7
1,pkg-049588,8.8.8
1,pkg-049589,9.9.9
1,pkg-049590,1.10.0
1,pkg-049591,2.11.1
1,pkg-049592,3.12.2
1,pkg-049593,4.13.3
1,pkg-049594,5.14.4
1,pkg-049595,6.15.5
1,pkg-049596,7.16.6
1,pkg-049597,8.17.7
1,pkg-049598,9.18.8
1,pkg-049599,1.19.9
1,pkg-049600,2.0.0
1,pkg-049601,3.1.1
1,pkg-049602,4.2.2
1,pkg-049603,5.3.3
1,pkg-049604,6.4.4
1,pkg-049605,7.5.5
1,pkg-049606,8.6.6
1,pkg-049607,9.7.7
1,pkg-049608,1.8.8
1,pkg-049609,2.9.9
1,pkg-049610,3.10.0
1,pkg-049611,4.11.1
1,pkg-049612,5.12.2
1,pkg-049613,6.13.3
1,pkg-049614,7.14.4
1,pkg-049615,8.15.5
1,pkg-049616,9.16.6
1,pkg-049617,1.17.7
1,pkg-049618,2.18.8
1,pkg-049619,3.19.9
1,pkg-049620,4.0.0
1,pkg-049621,5.1.1
1,pkg-049622,6.2.2
1,pkg-049623,7.3.3
1,pkg-049624,8.4.4
1,pkg-049625,9.5.5
1,pkg-049626,1.6.6
1,pkg-049627,2.7.7
1,pkg-049628,3.8.8
1,pkg-049629,4.9.9
1,pkg-049630,5.10.0
1,pkg-049631,6.11.1
1,pkg-049632,7.12.2
1,pkg-049633,8.13.3
1,pkg-049634,9.14.4
1,pkg-049635,1.15.5
1,pkg-049636,2.16.6
1,pkg-049637,3.17.7
1,pkg-049638,4.18.8
1,pkg-049639,5.19.9
1,pkg-049640,6.0.0
1,pkg-049641,7.1.1
1,pkg-049642,8.2.2
1,pkg-049643,9.3.3
1,pkg-049644,1.4.4
1,pkg-049645,2.5.5
1,pkg-049646,3.6.6
1,pkg-049647,4.7.7
1,pkg-049648,5.8.8
1,pkg-049649,6.9.9
1,pkg-049650,7.10.0
1,pkg-049651,8.11.1
1,pkg-049652,9.12.2
1,pkg-049653,1.13.3
1,pkg-049654,2.14.4
1,pkg-049655,3.15.5
1,pkg-049656,4.16.6
1,pkg-049657,5.17.7
1,pkg-049658,6.18.8
1,pkg-049659,7.19.9
1,pkg-049660,8.0.0
1,pkg-049661,9.1.1
1,pkg-049662,1.2.2
1,pkg-049663,2.3.3
1,pkg-049664,3.4.4
1,pkg-049665,4.5.5
1,pkg-049666,5.6.6
1,pkg-049667,6.7.7
1,pkg-049668,7.8.8
1,pkg-049669,8.9.9
1,pkg-049670,9.10.0
1,pkg-049671,1.11.1
1,pkg-049672,2.12.2
1,pkg-049673,3.13.3
1,pkg-049674,4.14.4
1,pkg-049675,5.15.5
1,pkg-049676,6.16.6
1,pkg-049677,7.17.7
1,pkg-049678,8.18.8
1,pkg-049679,9.19.9
1,pkg-049680,1.0.0
1,pkg-049681,2.1.1
1,pkg-049682,3.2.2
1,pkg-049683,4.3.3
1,pkg-049684,5.4.4
1,pkg-049685,6.5.5
1,pkg-049686,7.6.6
1,pkg-049687,8.7.7
1,pkg-049688,9.8.8
1,pkg-049689,1.9.9
1,pkg-049690,2.10.0
1,pkg-049691,3.11.1
1,pkg-049692,4.12.2
1,pkg-049693,5.13.3
1,pkg-049694,6.14.4
1,pkg-049695,7.15.5
1,pkg-049696,8.16.6
1,pkg-049697,9.17.7
1,pkg-049698,1.18.8
1,pkg-049699,2.19.9
1,pkg-049700,3.0.0
1,pkg-049701,4.1.1
1,pkg-049702,5.2.2
1,pkg-049703,6.3.3
1,pkg-049704,7.4.4
1,pkg-049705,8.5.5
1,pkg-049706,9.6.6
1,pkg-049707,1.7.7
1,pkg-049708,2.8.8
1,pkg-049709,3.9.9
1,pkg-049710,4.10.0
1,pkg-049711,5.11.1
1,pkg-049712,6.12.2
1,pkg-049713,7.13.3
1,pkg-049714,8.14.4
1,pkg-049715,9.15.5
1,pkg-049716,1.16.6
1,pkg-049717,2.17.7
1,pkg-049718,3.18.8
1,pkg-049719,4.19.9
1,pkg-049720,5.0.0
1,pkg-049721,6.1.1
1,pkg-049722,7.2.2
1,pkg-049723,8.3.3
1,pkg-049724,9.4.4
1,pkg-049725,1.5.5
1,pkg-049726,2.6.6
1,pkg-049727,3.7.7
1,pkg-049728,4.8.8
1,pkg-049729,5.9.9
1,pkg-049730,6.10.0
1,pkg-049731,7.11.1
1,pkg-049732,8.12.2
1,pkg-049733,9.13.3
1,pkg-049734,1.14.4
1,pkg-049735,2.15.5
1,pkg-049736,3.16.6
1,pkg-049737,4.17.7
1,pkg-049738,5.18.8
1,pkg-049739,6.19.9
1,pkg-049740,7.0.0
1,pkg-049741,8.1.1
1,pkg-049742,9.2.2
1,pkg-049743,1.3.3
1,pkg-049744,2.4.4
1,pkg-049745,3.5.5
1,pkg-049746,4.6.6
1,pkg-049747,5.7.7
1,pkg-049748,6.8.8
1,pkg-049749,7.9.9
1,pkg-049750,8.10.0
1,pkg-049751,9.11.1
1,pkg-049752,1.12.2
1,pkg-049753,2.13.3
1,pkg-049754,3.14.4
1,pkg-049755,4.15.5
1,pkg-049756,5.16.6
1,pkg-049757,6.17.7
1,pkg-049758,7.18.8
1,pkg-049759,8.19.9
1,pkg-049760,9.0.0
1,pkg-049761,1.1.1
1,pkg-049762,2.2.2
1,pkg-049763,3.3.3
1,pkg-049764,4.4.4
1,pkg-049765,5.5.5
1,pkg-049766,6.6.6
1,pkg-049767,7.7.7
1,pkg-049768,8.8.8
1,pkg-049769,9.9.9
1,pkg-049770,1.10.0
1,pkg-049771,2.11.1
1,pkg-049772,3.12.2
1,pkg-049773,4.13.3
1,pkg-049774,5.14.4
1,pkg-049775,6.15.5
1,pkg-049776,7.16.6
1,pkg-049777,8.17.7
1,pkg-049778,9.18.8
1,pkg-049779,1.19.9
1,pkg-049780,2.0.0
1,pkg-049781,3.1.1
1,pkg-049782,4.2.2
1,pkg-049783,5.3.3
1,pkg-049784,6.4.4
1,pkg-049785,7.5.5
1,pkg-049786,8.6.6
1,pkg-049787,9.7.7
1,pkg-049788,1.8.8
1,pkg-049789,2.9.9
1,pkg-049790,3.10.0
1,pkg-049791,4.11.1
1,pkg-049792,5.12.2
1,pkg-049793,6.13.3
1,pkg-049794,7.14.4
1,pkg-049795,8.15.5
1,pkg-049796,9.16.6
1,pkg-049797,1.17.7
1,pkg-049798,2.18.8
1,pkg-049799,3.19.9
1,pkg-049800,4.0.0
1,pkg-049801,5.1.1
1,pkg-049802,6.2.2
1,pkg-049803,7.3.3
1,pkg-049804,8.4.4
1,pkg-049805,9.5.5
1,pkg-049806,1.6.6
1,pkg-049807,2.7.7
1,pkg-049808,3.8.8
1,pkg-049809,4.9.9
1,pkg-049810,5.10.0
1,pkg-049811,6.11.1
1,pkg-049812,7.12.2
1,pkg-049813,8.13.3
1,pkg-049814,9.14.4
1,pkg-049815,1.15.5
1,pkg-049816,2.16.6
1,pkg-049817,3.17.7
1,pkg-049818,4.18.8
1,pkg-049819,5.19.9
1,pkg-049820,6.0.0
1,pkg-049821,7.1.1
1,pkg-049822,8.2.2
1,pkg-049823,9.3.3
1,pkg-049824,1.4.4
1,pkg-049825,2.5.5
1,pkg-049826,3.6.6
1,pkg-049827,4.7.7
1,pkg-049828,5.8.8
1,pkg-049829,6.9.9
1,pkg-049830,7.10.0
1,pkg-049831,8.11.1
1,pkg-049832,9.12.2
1,pkg-049833,1.13.3
1,pkg-049834,2.14.4
1,pkg-049835,3.15.5
1,pkg-049836,4.16.6
1,pkg-049837,5.17.7
1,pkg-049838,6.18.8
1,pkg-049839,7.19.9
1,pkg-049840,8.0.0
1,pkg-049841,9.1.1
1,pkg-049842,1.2.2
1,pkg-049843,2.3.3
1,pkg-049844,3.4.4
1,pkg-049845,4.5.5
1,pkg-049846,5.6.6
1,pkg-049847,6.7.7
1,pkg-049848,7.8.8
1,pkg-049849,8.9.9
1,pkg-049850,9.10.0
1,pkg-049851,1.11.1
1,pkg-049852,2.12.2
1,pkg-049853,3.13.3
1,pkg-049854,4.14.4
1,pkg-049855,5.15.5
1,pkg-049856,6.16.6
1,pkg-049857,7.17.7
1,pkg-049858,8.18.8
1,pkg-049859,9.19.9
1,pkg-049860,1.0.0
1,pkg-049861,2.1.1
1,pkg-049862,3.2.2
1,pkg-049863,4.3.3
1,pkg-049864,5.4.4
1,pkg-049865,6.5.5
1,pkg-049866,7.6.6
1,pkg-049867,8.7.7
1,pkg-049868,9.8.8
1,pkg-049869,1.9.9
1,pkg-049870,2.10.0
1,pkg-049871,3.11.1
1,pkg-049872,4.12.2
1,pkg-049873,5.13.3
1,pkg-049874,6.14.4
1,pkg-049875,7.15.5
1,pkg-049876,8.16.6
1,pkg-049877,9.17.7
1,pkg-049878,1.18.8
1,pkg-049879,2.19.9
1,pkg-049880,3.0.0
1,pkg-049881,4.1.1
1,pkg-049882,5.2.2
1,pkg-049883,6.3.3
1,pkg-049884,7.4.4
1,pkg-049885,8.5.5
1,pkg-049886,9.6.6
1,pkg-049887,1.7.7
1,pkg-049888,2.8.8
1,pkg-049889,3.9.9
1,pkg-049890,4.10.0
1,pkg-049891,5.11.1
1,pkg-049892,6.12.2
1,pkg-049893,7.13.3
1,pkg-049894,8.14.4
1,pkg-049895,9.15.5
1,pkg-049896,1.16.6
1,pkg-049897,2.17.7
1,pkg-049898,3.18.8
1,pkg-049899,4.19.9
1,pkg-049900,5.0.0
1,pkg-049901,6.1.1
1,pkg-049902,7.2.2
1,pkg-049903,8.3.3
1,pkg-049904,9.4.4
1,pkg-049905,1.5.5
1,pkg-049906,2.6.6
1,pkg-049907,3.7.7
1,pkg-049908,4.8.8
1,pkg-049909,5.9.9
1,pkg-049910,6.10.0
1,pkg-049911,7.11.1
1,pkg-049912,8.12.2
1,pkg-049913,9.13.3
1,pkg-049914,1.14.4
1,pkg-049915,2.15.5
1,pkg-049916,3.16.6
1,pkg-049917,4.17.7
1,pkg-049918,5.18.8
1,pkg-049919,6.19.9
1,pkg-049920,7.0.0
1,pkg-049921,8.1.1
1,pkg-049922,9.2.2
1,pkg-049923,1.3.3
1,pkg-049924,2.4.4
1,pkg-049925,3.5.5
1,pkg-049926,4.6.6
1,pkg-049927,5.7.7
1,pkg-049928,6.8.8
1,pkg-049929,7.9.9
1,pkg-049930,8.10.0
1,pkg-049931,9.11.1
1,pkg-049932,1.12.2
1,pkg-049933,2.13.3
1,pkg-049934,3.14.4
1,pkg-049935,4.15.5
1,pkg-049936,5.16.6
1,pkg-049937,6.17.7
1,pkg-049938,7.18.8
1,pkg-049939,8.19.9
1,pkg-049940,9.0.0
1,pkg-049941,1.1.1
1,pkg-049942,2.2.2
1,pkg-049943,3.3.3
1,pkg-049944,4.4.4
1,pkg-049945,5.5.5
1,pkg-049946,6.6.6
1,pkg-049947,7.7.7
1,pkg-049948,8.8.8
1,pkg-049949,9.9.9
1,pkg-049950,1.10.0
1,pkg-049951,2.11.1
1,pkg-049952,3.12.2
1,pkg-049953,4.13.3
1,pkg-049954,5.14.4
1,pkg-049955,6.15.5
1,pkg-049956,7.16.6
1,pkg-049957,8.17.7
1,pkg-049958,9.18.8
1,pkg-049959,1.19.9
1,pkg-049960,2.0.0
1,pkg-049961,3.1.1
1,pkg-049962,4.2.2
1,pkg-049963,5.3.3
1,pkg-049964,6.4.4
1,pkg-049965,7.5.5
1,pkg-049966,8.6.6
1,pkg-049967,9.7.7
1,pkg-049968,1.8.8
1,pkg-049969,2.9.9
1,pkg-049970,3.10.0
1,pkg-049971,4.11.1
1,pkg-049972,5.12.2
1,pkg-049973,6.13.3
1,pkg-049974,7.14.4
1,pkg-049975,8.15.5
1,pkg-049976,9.16.6
1,pkg-049977,1.17.7
1,pkg-049978,2.18.8
1,pkg-049979,3.19.9
1,pkg-049980,4.0.0
1,pkg-049981,5.1.1
1,pkg-049982,6.2.2
1,pkg-049983,7.3.3
1,pkg-049984,8.4.4
1,pkg-049985,9.5.5
1,pkg-049986,1.6.6
1,pkg-049987,2.7.7
1,pkg-049988,3.8.8
1,pkg-049989,4.9.9
1,pkg-049990,5.10.0
1,pkg-049991,6.11.1
1,pkg-049992,7.12.2
1,pkg-049993,8.13.3
1,pkg-049994,9.14.4
1,pkg-049995,1.15.5
1,pkg-049996,2.16.6
1,pkg-049997,3.17.7
1,pkg-049998,4.18.8
1,pkg-049999,5.19.9
1,pkg-050000,6.0.0
